company_id,yil,ciro_tl,net_kar_tl,toplam_borc_tl,ozkaynak_tl
F00001,2021,1382238.98,381428.34,754967.75,1120941.23
F00001,2022,1698022.6,64260.38,1563508.78,1023636.33
F00001,2023,1939809.22,22661.63,1202477.32,998563.19
F00001,2024,3030079.31,633093.07,369975.55,1361604.35
F00001,2025,3739210.0,208956.1,2397689.46,1062653.44
F00002,2021,279511.36,33126.27,230510.65,286427.26
F00002,2022,332140.07,54267.22,228581.24,285880.14
F00002,2023,406419.82,119291.25,308655.55,375444.9
F00002,2024,620670.08,123655.76,325777.95,313861.4
F00002,2025,422964.08,72725.75,295087.12,279046.04
F00003,2021,978497.94,272047.83,520227.32,728248.15
F00003,2022,1083187.33,216806.85,314004.56,623662.38
F00003,2023,840573.0,208704.74,634535.86,588230.61
F00003,2024,781630.23,206690.15,340941.22,635466.69
F00003,2025,859276.73,231088.85,731321.86,741905.92
F00004,2021,494288.04,56133.04,164775.43,209071.99
F00004,2022,509566.92,78791.8,219433.69,214207.63
F00004,2023,564695.32,52562.0,370994.92,200936.49
F00004,2024,602552.35,19187.06,392372.22,182616.84
F00004,2025,658805.83,85246.46,528455.58,239513.59
F00005,2021,379339.43,62275.08,55077.01,169963.05
F00005,2022,439450.16,80001.23,44518.15,176451.36
F00005,2023,352417.09,28698.38,256207.67,156579.46
F00005,2024,327946.49,95420.82,269821.09,168658.37
F00005,2025,651003.13,50304.82,298348.85,166105.28
F00006,2021,213841.7,51110.92,111266.72,173388.87
F00006,2022,260062.19,40509.28,56756.9,165299.12
F00006,2023,236309.57,61852.87,82774.62,205873.45
F00006,2024,231854.19,61240.83,79368.17,193332.32
F00006,2025,503939.97,21198.94,216528.17,159169.65
F00007,2021,745298.92,74336.02,215078.81,607393.18
F00007,2022,821640.73,36905.75,283962.01,555974.59
F00007,2023,571756.86,102902.19,273835.31,634857.22
F00007,2024,589890.58,68704.67,465432.98,575003.92
F00007,2025,545219.16,57049.84,400944.22,596891.03
F00008,2021,1485459.11,396355.76,1110221.71,858390.15
F00008,2022,1635414.29,346993.46,847120.58,816396.04
F00008,2023,1482439.36,150487.49,1114401.06,608213.38
F00008,2024,2281463.67,96374.41,473675.22,525430.01
F00008,2025,1989846.47,592119.26,789044.58,724205.95
F00009,2021,2140864.05,466231.13,440020.77,959608.43
F00009,2022,2009986.3,538152.94,555635.91,1156235.13
F00009,2023,1951656.93,398089.15,277500.61,1144714.8
F00009,2024,1663458.34,336640.0,671344.17,1059604.93
F00009,2025,2344270.43,451910.26,1539481.83,1101093.96
F00010,2021,4010190.89,620240.76,1938084.76,4217865.13
F00010,2022,4423333.26,1117660.4,895608.63,4645457.87
F00010,2023,3869455.99,58771.94,859907.15,4004238.84
F00010,2024,3038688.1,284135.9,1381644.23,4180920.32
F00010,2025,3305357.11,436066.26,1728174.69,4211795.87
F00011,2021,970850.29,146922.14,878378.73,498227.67
F00011,2022,877090.24,160796.2,238235.62,523723.94
F00011,2023,843323.65,39551.4,514221.65,456878.28
F00011,2024,1313858.56,333059.51,1135401.03,643832.77
F00011,2025,667862.76,40448.97,344271.36,460490.13
F00012,2021,790560.3,144880.54,553142.95,313191.77
F00012,2022,988937.9,202057.57,465918.28,432766.09
F00012,2023,1222047.63,40690.35,477549.81,262580.62
F00012,2024,1637427.1,265126.91,1328805.88,461472.88
F00012,2025,2018142.09,235471.93,1513399.93,336546.72
F00013,2021,686843.01,97101.7,505848.05,278987.25
F00013,2022,631088.15,49809.95,537341.8,237373.17
F00013,2023,597699.87,70647.6,519259.38,266886.52
F00013,2024,387794.07,99169.96,44197.81,265096.75
F00013,2025,554675.9,76087.96,394712.43,243469.54
F00014,2021,112678.0,7634.49,45857.81,88278.11
F00014,2022,109305.66,13975.0,58188.68,88892.22
F00014,2023,126664.84,34111.57,61415.82,110082.28
F00014,2024,125789.05,11452.35,40067.59,86486.56
F00014,2025,70520.33,15849.93,30051.09,93378.06
F00015,2021,685567.98,116753.25,213615.86,310903.97
F00015,2022,733775.28,91832.32,553681.5,301775.11
F00015,2023,688382.11,25380.91,230902.09,264776.93
F00015,2024,1282667.77,236427.7,186452.45,468687.6
F00015,2025,1356471.32,312119.83,714628.38,473369.04
F00016,2021,499636.52,143231.43,77937.9,412524.15
F00016,2022,420615.22,96982.75,357499.13,422041.24
F00016,2023,423878.52,60248.44,44324.66,409664.69
F00016,2024,433829.48,75285.82,370178.69,414933.5
F00016,2025,321371.44,12172.23,251183.31,365640.03
F00017,2021,870975.52,97357.45,234981.46,860602.12
F00017,2022,907722.26,164980.64,251511.3,880747.02
F00017,2023,1483051.97,140371.5,762709.32,936979.3
F00017,2024,1511872.06,378196.12,917327.09,1115574.66
F00017,2025,1227718.38,258262.22,499240.05,1008235.68
F00018,2021,1039931.09,102229.04,950512.32,1003235.76
F00018,2022,1231880.17,293025.42,912222.36,1128637.88
F00018,2023,1485217.51,72377.77,560097.06,964675.17
F00018,2024,1189617.91,232023.34,663612.75,1050440.76
F00018,2025,1778031.11,141436.66,1121470.54,1048765.27
F00019,2021,622760.75,98260.88,267042.68,303056.96
F00019,2022,767390.95,86520.17,519851.41,301756.44
F00019,2023,745930.11,105794.88,434609.43,276404.44
F00019,2024,1440444.12,115306.66,514257.11,286500.96
F00019,2025,1479860.55,439195.74,697358.05,460221.79
F00020,2021,4817116.83,278703.19,4002446.06,1742394.16
F00020,2022,4930356.54,415669.17,1752620.42,1829125.76
F00020,2023,4715661.76,754386.49,1906125.31,2139609.59
F00020,2024,4645375.23,580742.83,3333358.02,1730420.19
F00020,2025,10012957.57,2638843.6,6592980.77,3183638.06
F00021,2021,325790.99,87998.34,283740.23,206244.65
F00021,2022,375490.42,19477.99,328658.23,156238.25
F00021,2023,253436.66,8679.96,54169.52,147989.58
F00021,2024,451327.08,71185.9,115444.91,182195.64
F00021,2025,578233.47,5821.32,425310.83,147608.32
F00022,2021,313967.61,90623.82,136166.11,374596.15
F00022,2022,313017.98,91013.92,106948.45,424002.26
F00022,2023,257528.22,70522.52,83379.24,403517.21
F00022,2024,331139.87,42352.52,35927.33,368210.9
F00022,2025,226333.77,44782.73,141518.64,382350.94
F00023,2021,507070.71,101675.71,150671.28,488601.37
F00023,2022,518802.86,67435.58,129894.05,435515.23
F00023,2023,606611.69,170106.04,498361.59,536856.93
F00023,2024,592204.19,71112.69,249523.17,452558.87
F00023,2025,974736.44,259932.23,816223.41,503560.51
F00024,2021,1741415.41,462744.32,641652.83,1781589.28
F00024,2022,1765476.22,362027.78,580847.26,1569930.46
F00024,2023,2404469.7,448360.59,1701550.26,1706589.63
F00024,2024,2127953.7,380845.37,1410616.62,1627904.38
F00024,2025,3873985.66,149956.73,2611708.88,1519913.18
F00025,2021,893868.7,201654.46,360825.83,500473.67
F00025,2022,776656.81,157898.94,360193.53,449831.57
F00025,2023,617577.39,46715.48,282718.5,412013.78
F00025,2024,1020553.81,81368.98,468508.07,436295.94
F00025,2025,417957.62,43838.57,195315.03,404071.3
F00026,2021,1255996.61,301705.68,721142.56,630335.29
F00026,2022,1312157.67,242895.59,457600.85,567357.98
F00026,2023,1593043.17,229105.21,197476.32,519087.92
F00026,2024,1614647.02,101788.36,218271.62,509250.13
F00026,2025,2366812.7,707096.1,758883.29,1110033.42
F00027,2021,1730354.74,445617.87,231849.55,1986938.09
F00027,2022,1987066.96,497505.97,1297665.73,2036011.53
F00027,2023,1854219.01,211305.8,470195.49,1827457.78
F00027,2024,2256998.92,387222.58,943428.03,2013475.19
F00027,2025,2768239.95,334820.33,2251798.53,2029776.52
F00028,2021,694287.13,180662.02,354313.7,418321.44
F00028,2022,802311.27,18066.52,593205.93,309193.68
F00028,2023,729033.22,153441.33,556891.39,424009.83
F00028,2024,904023.8,236104.46,378702.06,457432.83
F00028,2025,451379.68,88825.0,76710.18,384057.55
F00029,2021,313165.82,64651.3,67514.77,154379.44
F00029,2022,368768.2,108664.84,67354.38,160766.5
F00029,2023,411009.05,20421.25,288696.82,124351.9
F00029,2024,279612.19,24780.34,51591.75,124186.69
F00029,2025,344049.73,68609.51,125104.48,168245.46
F00030,2021,601132.91,97708.61,111160.9,544378.17
F00030,2022,743120.13,162704.23,572349.59,601617.58
F00030,2023,994296.39,68686.81,259710.59,517904.52
F00030,2024,639753.47,179445.89,425335.87,644219.09
F00030,2025,1623725.51,364151.98,424469.57,727759.24
F00031,2021,687868.42,43384.14,617475.05,540107.02
F00031,2022,698985.45,51889.14,224062.35,557910.06
F00031,2023,499564.51,33298.59,396054.24,529470.35
F00031,2024,831635.14,191344.1,513189.34,663687.01
F00031,2025,872835.73,12898.91,235809.65,520657.5
F00032,2021,604908.86,107954.18,445382.98,288579.63
F00032,2022,707698.05,39643.68,195072.55,214520.73
F00032,2023,567241.46,141497.51,278096.85,327989.84
F00032,2024,791089.71,48195.85,672226.27,207825.12
F00032,2025,523722.75,114467.1,310788.42,229731.86
F00033,2021,3445467.66,665394.91,1881831.35,1788556.32
F00033,2022,3706303.34,193840.43,688022.31,1322156.32
F00033,2023,2910537.36,770646.78,1583593.97,1601948.08
F00033,2024,2431580.44,665171.88,2147285.82,1715926.98
F00033,2025,1980127.18,85357.26,1699879.3,1252380.88
F00034,2021,827606.79,134566.26,782014.87,432730.86
F00034,2022,790747.02,91015.48,500252.24,399805.0
F00034,2023,665084.18,62281.11,266984.38,345094.93
F00034,2024,1064093.9,209774.53,800740.13,407544.01
F00034,2025,1517375.41,98698.83,553012.89,401530.92
F00035,2021,265475.76,54860.97,234354.05,248653.98
F00035,2022,297099.49,83256.34,188812.95,268769.19
F00035,2023,283223.97,58178.53,74806.66,283354.55
F00035,2024,472225.27,26631.49,87435.55,239893.36
F00035,2025,423070.04,11971.24,247011.09,233884.46
F00036,2021,223393.28,6051.84,195273.01,76732.54
F00036,2022,216712.52,29521.16,55464.29,94446.7
F00036,2023,223024.03,46364.63,78625.92,90155.74
F00036,2024,291103.7,21829.15,205973.13,81172.84
F00036,2025,216770.58,54067.79,136429.77,114020.79
F00037,2021,940166.06,41413.33,777431.61,328899.02
F00037,2022,808391.71,129802.39,419726.17,416864.03
F00037,2023,1039582.33,291264.69,690563.45,418314.65
F00037,2024,604812.95,113940.71,97913.7,403583.42
F00037,2025,850842.96,115407.44,477741.19,416899.0
F00038,2021,2033605.86,527460.59,1166259.95,942214.05
F00038,2022,2152432.08,586852.44,966172.17,1064831.36
F00038,2023,2823872.33,235234.2,1336379.79,744934.01
F00038,2024,3112130.42,84022.24,423475.15,677701.76
F00038,2025,2865890.97,775229.05,1283163.86,1201904.36
F00039,2021,416003.49,97777.16,155244.7,237581.61
F00039,2022,430621.8,123450.47,162946.17,258033.24
F00039,2023,385977.98,30526.94,263287.98,212120.68
F00039,2024,242452.98,10840.94,104574.56,190216.5
F00039,2025,380608.58,49813.75,76413.3,235294.27
F00040,2021,1056109.97,254777.67,910631.08,657621.28
F00040,2022,1121894.81,138289.18,866480.16,558987.96
F00040,2023,906343.81,94946.18,500207.07,548671.27
F00040,2024,1452677.64,295880.2,302619.31,644614.09
F00040,2025,1522852.99,381265.82,943491.83,790685.97
F00041,2021,929312.38,269290.54,126568.97,959048.04
F00041,2022,1157470.55,87986.01,379429.96,790031.26
F00041,2023,1204559.31,350642.29,954967.37,924086.65
F00041,2024,1055239.74,206495.52,810117.83,859580.94
F00041,2025,1082344.86,152093.54,549866.32,906583.38
F00042,2021,289482.38,71888.47,124738.35,222548.36
F00042,2022,306325.25,63811.87,220521.71,253077.73
F00042,2023,335191.2,51302.92,297181.89,230508.58
F00042,2024,166985.38,8558.75,79309.94,195044.09
F00042,2025,327486.16,40990.51,263854.54,227597.47
F00043,2021,384708.88,53656.27,59976.06,254072.91
F00043,2022,339331.63,45761.2,57214.64,251535.43
F00043,2023,384904.9,101131.49,114939.32,325686.86
F00043,2024,439996.8,94191.52,352826.44,275913.57
F00043,2025,405693.97,79849.33,284683.38,275878.32
F00044,2021,222000.93,33259.77,149413.43,170626.63
F00044,2022,258994.51,35273.26,66561.59,183399.16
F00044,2023,308616.77,9290.78,171346.14,158005.33
F00044,2024,371356.85,105938.61,308138.43,202713.64
F00044,2025,177131.51,41354.9,100803.41,164614.95
F00045,2021,68337.44,4345.41,20913.84,87359.37
F00045,2022,65569.65,9784.09,25750.74,90463.73
F00045,2023,78755.76,4889.75,14502.94,88460.98
F00045,2024,67350.95,16199.96,20568.18,95271.48
F00045,2025,94550.52,5292.64,76934.79,88963.18
F00046,2021,674702.62,51664.03,76304.86,475322.13
F00046,2022,835693.04,109133.8,585816.94,524594.2
F00046,2023,868814.47,62716.41,637564.54,491592.84
F00046,2024,1347108.1,204329.24,168651.3,496591.21
F00046,2025,1724839.75,354521.66,693431.4,655530.87
F00047,2021,149404.88,34056.0,103754.07,124681.61
F00047,2022,161533.97,33740.6,128939.58,118080.0
F00047,2023,160326.75,19305.93,134075.7,111101.62
F00047,2024,221533.37,38119.86,60931.89,113187.9
F00047,2025,129242.01,38000.87,70090.76,113332.17
F00048,2021,248636.8,41296.41,101626.47,110082.36
F00048,2022,300343.68,58823.21,121487.81,123447.25
F00048,2023,353230.0,32074.87,325453.05,106375.85
F00048,2024,346384.3,27518.75,172091.06,102485.4
F00048,2025,691793.25,153589.85,217354.03,171839.39
F00049,2021,170989.67,33390.79,87205.84,205886.17
F00049,2022,165921.15,15403.57,93425.26,193422.38
F00049,2023,232241.82,23884.57,44209.05,202319.89
F00049,2024,247567.94,22735.0,82672.22,192414.6
F00049,2025,349984.33,63939.0,211775.37,225939.82
F00050,2021,1564743.6,440296.08,757537.41,1067591.17
F00050,2022,1415818.39,114559.63,466932.78,760502.32
F00050,2023,1306959.17,262096.45,859957.81,830172.23
F00050,2024,1100375.0,312213.99,256730.1,919924.38
F00050,2025,2007636.31,507380.45,1115348.33,821820.47
F00051,2021,37513.53,10790.76,27196.73,28431.63
F00051,2022,41810.49,5220.8,15539.32,27874.93
F00051,2023,34398.5,8203.22,5138.99,28381.82
F00051,2024,28831.67,5262.93,3109.29,25813.91
F00051,2025,69434.08,5363.27,20061.65,27969.36
F00052,2021,202969.71,8963.63,140246.85,85378.33
F00052,2022,199958.95,22725.11,101377.34,96521.75
F00052,2023,217770.44,63435.81,131842.47,124916.06
F00052,2024,118674.25,21965.8,97197.92,99168.27
F00052,2025,247335.55,63710.69,98878.81,105173.02
F00053,2021,772190.75,39395.96,149586.77,316831.12
F00053,2022,960542.83,53541.0,485810.61,333726.69
F00053,2023,998013.99,124693.83,326992.41,374195.62
F00053,2024,1195750.9,280098.83,1161064.46,441051.95
F00053,2025,1289354.79,176429.27,642206.01,384306.11
F00054,2021,753043.34,178628.95,150113.33,492998.59
F00054,2022,755789.4,191009.08,649613.61,409869.52
F00054,2023,562596.41,147785.24,383849.69,427079.73
F00054,2024,401888.85,117719.68,211444.81,412691.82
F00054,2025,882737.22,146608.16,566032.63,442961.66
F00055,2021,853477.4,101298.56,610199.7,391464.35
F00055,2022,862043.1,162728.99,228064.24,424376.72
F00055,2023,742749.15,135699.77,306287.12,440965.61
F00055,2024,600741.51,82451.72,70573.23,387204.56
F00055,2025,895957.92,96456.89,642413.03,378952.49
F00056,2021,1251691.82,276050.2,869899.41,755195.72
F00056,2022,1375678.44,33524.86,1137505.55,579987.77
F00056,2023,1599083.58,411180.12,214961.81,832811.02
F00056,2024,1925923.81,195045.61,662737.2,705829.66
F00056,2025,730791.06,122938.43,211786.57,597122.7
F00057,2021,364034.99,103909.5,168189.05,332727.14
F00057,2022,452940.03,21369.66,49512.26,256526.29
F00057,2023,378861.42,66805.96,252295.92,274043.82
F00057,2024,681631.59,50718.34,320573.24,282792.81
F00057,2025,573594.54,73979.69,488209.02,279401.14
F00058,2021,1067677.85,119542.67,129190.58,448407.91
F00058,2022,881056.9,163071.36,579178.51,566112.91
F00058,2023,815670.89,205493.05,387436.44,486147.91
F00058,2024,557363.35,73622.94,492722.47,469953.84
F00058,2025,501993.57,124849.05,272174.12,473093.19
F00059,2021,86423.35,19040.97,70970.29,44558.83
F00059,2022,98355.76,18427.65,63102.2,39737.13
F00059,2023,108340.67,8640.96,18646.75,35729.87
F00059,2024,96529.49,11730.04,58882.32,41034.45
F00059,2025,132625.24,21005.89,74254.8,38454.17
F00060,2021,128572.93,8164.51,96618.76,108102.22
F00060,2022,126517.04,20935.97,14951.72,117917.0
F00060,2023,109297.01,27246.74,72229.96,111301.62
F00060,2024,158256.31,17606.58,127187.75,108993.42
F00060,2025,84546.62,6364.65,30880.44,108735.12
F00061,2021,348888.49,65328.24,281082.54,315914.6
F00061,2022,393935.78,93255.75,330197.26,337173.59
F00061,2023,317527.09,93875.41,35797.37,300024.43
F00061,2024,596445.87,119082.78,201948.24,338943.77
F00061,2025,416220.02,97071.62,72198.53,304999.22
F00062,2021,139963.15,23815.25,70372.53,80507.46
F00062,2022,143275.98,22844.65,55953.62,76102.18
F00062,2023,137412.27,18587.73,62923.31,70344.44
F00062,2024,197315.9,36336.66,56050.0,83295.89
F00062,2025,248590.06,26325.84,86183.83,83532.3
F00063,2021,726181.62,14594.89,116715.19,432558.19
F00063,2022,906113.83,99417.98,654291.58,483554.43
F00063,2023,788280.62,157521.39,483887.32,539407.79
F00063,2024,925504.44,212087.25,452903.47,592689.43
F00063,2025,1958393.72,540094.13,1646021.96,933664.9
F00064,2021,81178.6,11767.67,48107.84,106503.61
F00064,2022,80351.27,21952.19,21429.97,116787.83
F00064,2023,77009.9,5212.12,32559.07,101902.86
F00064,2024,127438.96,30585.24,32075.8,129099.82
F00064,2025,103982.34,25647.68,24190.85,121991.12
F00065,2021,865055.08,151995.89,771184.34,433099.47
F00065,2022,829202.97,208571.02,374604.7,445867.96
F00065,2023,688415.53,154506.32,224750.56,508765.13
F00065,2024,462188.62,74356.34,278883.06,414221.38
F00065,2025,959613.79,83418.93,829492.45,426673.8
F00066,2021,1416579.02,235329.46,454911.17,590674.12
F00066,2022,1440040.17,294660.82,758222.69,607926.89
F00066,2023,1601879.13,69605.55,680431.9,500181.33
F00066,2024,1470187.94,80083.43,1254597.14,542182.77
F00066,2025,1386262.94,265335.24,1219838.0,608202.66
F00067,2021,123708.74,22707.34,104794.36,114000.17
F00067,2022,132759.42,36358.0,34251.48,132121.14
F00067,2023,117284.32,13291.97,103060.67,110011.63
F00067,2024,90434.16,10918.78,73904.71,114905.74
F00067,2025,115517.68,10542.96,30782.93,108797.79
F00068,2021,3978458.13,519627.79,1915704.97,2043754.18
F00068,2022,4960132.7,774379.73,578244.91,2366774.5
F00068,2023,5415979.03,463011.32,4890394.78,1932557.68
F00068,2024,5776617.79,700730.35,2391197.57,2326114.53
F00068,2025,7997308.62,676939.2,6566161.42,2026266.85
F00069,2021,3850426.77,628425.87,1938118.83,1600400.17
F00069,2022,4723803.94,711514.97,2718774.86,1642623.28
F00069,2023,5107579.8,1472225.46,4283047.94,2700276.94
F00069,2024,4201157.37,561845.2,2445742.82,1853220.81
F00069,2025,7938193.08,173782.13,3021852.14,1435979.86
F00070,2021,1202829.7,271673.78,963852.42,737035.65
F00070,2022,1238500.13,60196.35,277927.13,534858.89
F00070,2023,1387357.7,60725.86,983442.8,547193.4
F00070,2024,1260798.22,116279.1,788835.05,627473.45
F00070,2025,2480130.91,653279.61,1828297.48,825910.22
F00071,2021,198472.97,31811.34,32401.65,75628.89
F00071,2022,183425.08,32073.47,85928.81,87781.28
F00071,2023,170405.84,6220.99,37180.06,61510.64
F00071,2024,182244.5,40226.04,68855.77,95863.09
F00071,2025,152714.0,31504.13,110163.21,69433.52
F00072,2021,2412300.67,681511.78,1981334.52,1266388.69
F00072,2022,2293709.7,543623.71,933243.75,1389880.18
F00072,2023,2090583.48,189272.2,1734152.92,1135503.71
F00072,2024,1250334.63,62135.73,1104079.55,1076428.15
F00072,2025,1825188.35,473885.13,876854.72,1281731.24
F00073,2021,621922.33,79220.12,233904.27,228540.57
F00073,2022,690399.43,108903.62,571827.72,214421.21
F00073,2023,453584.25,16118.91,92070.75,191612.17
F00073,2024,536361.38,99822.47,336500.37,259254.19
F00073,2025,902804.39,205904.46,594464.46,289571.87
F00074,2021,844882.9,210024.1,311894.42,476844.62
F00074,2022,740924.4,80192.11,368055.79,337851.86
F00074,2023,719715.67,40751.93,641578.1,331377.35
F00074,2024,471681.74,124310.51,344572.34,402985.81
F00074,2025,535968.76,102067.96,401397.82,368763.89
F00075,2021,2151172.47,364427.37,1153638.14,1019362.91
F00075,2022,2112291.94,357995.52,660232.54,1111726.51
F00075,2023,2691198.02,409957.75,343675.49,928619.56
F00075,2024,2886182.97,113636.58,661033.12,849817.1
F00075,2025,2455765.38,528117.77,1102327.07,1166108.33
F00076,2021,1251117.0,46771.15,769472.8,1196625.37
F00076,2022,1289930.76,17106.98,337405.66,1172183.13
F00076,2023,1030565.86,38023.38,486515.03,1197984.13
F00076,2024,852687.06,129429.78,189444.96,1241694.99
F00076,2025,812990.31,110696.07,647756.1,1271377.67
F00077,2021,1217577.16,322708.44,692491.87,1012347.48
F00077,2022,1272282.62,373664.22,388507.22,1042366.72
F00077,2023,1272105.86,279282.38,847652.44,938975.85
F00077,2024,1155972.29,217592.77,1040161.4,882361.25
F00077,2025,1439746.13,363437.71,456845.71,1032573.6
F00078,2021,1660700.13,303746.34,214116.0,579470.69
F00078,2022,1938300.83,299961.77,264952.02,637852.8
F00078,2023,1779001.84,129296.27,859809.58,598032.62
F00078,2024,2321440.81,656322.07,2193638.63,768057.82
F00078,2025,1732835.42,113323.4,471368.74,553620.1
F00079,2021,708302.75,84759.81,531297.59,275291.02
F00079,2022,784227.98,18335.44,683572.54,237933.6
F00079,2023,658951.21,68405.08,207501.51,278477.93
F00079,2024,799545.65,78953.24,314907.49,301602.84
F00079,2025,644541.09,181017.2,467266.04,331057.56
F00080,2021,238436.41,27456.48,27556.75,137035.51
F00080,2022,269265.85,46082.14,200990.83,146632.51
F00080,2023,408464.96,31408.05,278929.79,138276.65
F00080,2024,350020.99,99824.5,40181.26,149126.31
F00080,2025,681927.8,142864.29,450404.85,218205.31
F00081,2021,190298.08,9851.9,158968.35,88602.84
F00081,2022,224511.31,63582.8,40482.31,125160.14
F00081,2023,262531.28,55572.56,141358.58,98261.65
F00081,2024,342664.46,29210.55,133342.84,110065.62
F00081,2025,153912.74,26169.9,22637.64,95189.58
F00082,2021,1028390.57,185508.95,370106.09,877497.0
F00082,2022,1087331.73,26688.25,583729.92,760701.71
F00082,2023,961542.69,242415.35,426798.36,882423.0
F00082,2024,963437.67,101432.83,409223.86,836814.25
F00082,2025,1780761.67,273273.55,973640.72,898593.53
F00083,2021,622150.8,115207.31,137540.31,446607.3
F00083,2022,674734.11,35288.05,269611.86,386715.64
F00083,2023,1087575.77,91434.67,650942.85,390498.9
F00083,2024,1386206.53,114330.62,458053.41,425268.22
F00083,2025,746150.95,86165.44,149388.18,418621.42
F00084,2021,523210.59,42845.98,260238.1,240622.43
F00084,2022,581368.86,61729.1,129280.3,240216.22
F00084,2023,648988.03,84050.68,348123.12,281635.01
F00084,2024,332058.05,98497.39,270380.4,232425.03
F00084,2025,433684.09,17899.38,283161.91,213709.71
F00085,2021,9347210.26,1155385.69,3220789.37,4621424.48
F00085,2022,8871546.45,2483994.3,2316925.53,5086883.02
F00085,2023,11830145.86,2171857.75,2032928.24,4581772.95
F00085,2024,9800992.54,2452760.31,1481554.2,5594682.44
F00085,2025,13092548.01,809416.59,10148653.62,4089252.59
F00086,2021,342361.51,64210.77,48719.13,146025.7
F00086,2022,321313.41,9939.82,249133.82,129053.0
F00086,2023,339709.49,95021.42,151156.12,191454.72
F00086,2024,535567.83,152938.32,232594.97,273476.57
F00086,2025,288291.2,54174.58,92265.94,144351.26
F00087,2021,202934.03,39909.24,154676.11,80715.76
F00087,2022,201980.22,9324.62,152245.69,74062.0
F00087,2023,263013.02,57366.82,222990.14,103168.72
F00087,2024,225280.92,44524.32,25563.26,87516.66
F00087,2025,209204.46,54820.8,26299.51,91359.3
F00088,2021,262558.45,63887.58,113627.38,288492.06
F00088,2022,230635.61,60068.44,196561.29,282891.21
F00088,2023,264821.63,27954.08,86839.62,262563.68
F00088,2024,234031.08,47156.91,148987.29,283469.34
F00088,2025,165476.44,48951.85,62793.14,261910.55
F00089,2021,62401.97,2385.7,38829.15,52724.6
F00089,2022,54168.91,14679.07,39585.68,59551.71
F00089,2023,48191.81,3317.69,16487.23,53035.66
F00089,2024,96763.94,28608.88,65514.95,78728.45
F00089,2025,38159.8,2194.13,16522.94,53149.97
F00090,2021,875481.79,101918.95,704150.46,598058.14
F00090,2022,965738.01,210897.43,380154.69,690742.87
F00090,2023,1427694.18,217178.26,651855.57,722172.99
F00090,2024,1205095.56,119388.97,240314.99,581615.25
F00090,2025,1931288.35,519187.97,467302.65,919006.8
F00091,2021,57617.63,7089.9,32996.5,33067.16
F00091,2022,63679.02,18871.92,34759.59,35625.32
F00091,2023,55560.79,7907.75,35245.57,33555.93
F00091,2024,65117.41,10454.84,46054.92,32319.05
F00091,2025,70049.92,20735.01,24889.68,42819.44
F00092,2021,73749.95,7972.68,53527.87,78235.13
F00092,2022,85923.36,22243.55,39510.04,88573.27
F00092,2023,98929.87,21146.97,9982.26,93372.33
F00092,2024,54474.48,14018.32,23840.05,81680.39
F00092,2025,127423.89,22249.61,68546.83,82393.94
F00093,2021,494660.58,17308.37,81790.86,225094.96
F00093,2022,560469.1,140017.9,162364.61,295517.35
F00093,2023,445428.69,38961.97,165041.44,250265.03
F00093,2024,691646.75,34100.7,104391.23,226128.15
F00093,2025,341291.05,38173.37,37381.3,244690.18
F00094,2021,162446.92,23084.22,45318.4,82842.91
F00094,2022,172766.62,17657.36,59253.43,86602.92
F00094,2023,218746.64,47099.16,129475.24,96975.29
F00094,2024,150309.45,9968.52,144994.47,78279.89
F00094,2025,327324.79,36723.46,195342.61,94701.61
F00095,2021,793246.24,113301.92,402619.84,641391.59
F00095,2022,673891.24,135332.97,291426.84,610504.19
F00095,2023,897770.34,98015.69,155754.07,630544.85
F00095,2024,693605.23,106327.37,618576.99,630144.75
F00095,2025,1004954.68,44425.32,182032.37,565822.01
F00096,2021,1033182.76,82139.75,473022.44,590835.3
F00096,2022,1224990.09,259857.89,287843.82,714065.83
F00096,2023,1421925.51,200446.29,384692.9,622026.65
F00096,2024,1708624.69,52054.51,1462358.02,557623.81
F00096,2025,2411157.87,703464.14,1902214.76,968579.83
F00097,2021,541823.52,72282.35,158312.34,225452.26
F00097,2022,450608.28,81635.08,164023.59,241220.2
F00097,2023,559176.06,13958.67,168404.88,191414.03
F00097,2024,382164.18,99288.09,293269.8,250801.17
F00097,2025,455307.31,117391.19,318572.63,301406.04
F00098,2021,134416.06,38980.34,116674.53,94735.08
F00098,2022,144745.38,28676.24,73270.47,86640.54
F00098,2023,217772.73,60291.73,136164.42,102140.11
F00098,2024,231995.59,36565.09,106846.6,80163.1
F00098,2025,245010.95,60492.36,33245.34,97910.54
F00099,2021,682505.41,121134.46,603412.77,824036.38
F00099,2022,700467.63,78092.61,159099.68,840938.34
F00099,2023,673958.43,160149.21,549941.21,857691.56
F00099,2024,744114.67,187898.4,243407.49,881779.67
F00099,2025,722371.89,87046.72,501379.69,844088.65
F00100,2021,326278.09,56178.01,277058.26,169405.03
F00100,2022,396770.41,55348.5,320285.52,167257.09
F00100,2023,462193.36,78310.22,363109.23,211269.54
F00100,2024,382524.21,63952.35,63118.54,158765.61
F00100,2025,822884.39,121612.55,342396.28,226914.27
F00101,2021,796570.29,107324.2,199630.4,387125.27
F00101,2022,749240.38,44073.69,96993.33,383402.13
F00101,2023,847312.53,244615.42,492823.35,490804.71
F00101,2024,1052748.86,48409.98,346559.16,385568.6
F00101,2025,616664.96,133953.24,156701.15,448278.47
F00102,2021,631124.41,49394.58,495025.01,439307.47
F00102,2022,673366.2,29523.64,89988.7,444197.31
F00102,2023,587395.27,66080.2,395859.79,481558.16
F00102,2024,717127.01,44817.06,97711.72,445558.46
F00102,2025,690462.37,103073.62,334924.23,519682.1
F00103,2021,575029.93,100811.54,320249.1,604140.76
F00103,2022,531396.43,153519.11,111595.31,682293.36
F00103,2023,655881.97,36976.16,197532.96,587887.94
F00103,2024,591968.08,163719.4,441237.97,672682.3
F00103,2025,932789.88,249196.23,192744.52,703743.25
F00104,2021,2936651.58,807070.37,862756.13,2538593.58
F00104,2022,3241579.85,562196.52,2209113.86,2619048.95
F00104,2023,3703099.27,498117.83,2865654.89,2449912.22
F00104,2024,2556300.63,614410.74,327947.01,2515633.13
F00104,2025,3686014.13,1004009.87,2595029.41,2851969.95
F00105,2021,150350.04,34332.94,157243.08,121241.01
F00105,2022,180252.09,1961.1,144719.73,108179.33
F00105,2023,230570.56,47645.79,87532.66,142354.79
F00105,2024,281158.11,30684.26,292498.35,120670.03
F00105,2025,327796.31,7331.55,170811.46,113813.48
F00106,2021,826968.89,232774.51,427596.91,770484.45
F00106,2022,855771.27,247259.08,89066.47,779442.35
F00106,2023,1106794.34,40587.42,413769.59,645359.17
F00106,2024,877601.1,100230.15,729082.92,669441.88
F00106,2025,1264259.97,157667.93,458726.18,706196.23
F00107,2021,1492103.28,62272.85,845265.14,989646.77
F00107,2022,1400844.7,46750.69,1160260.0,988337.37
F00107,2023,1912680.18,57250.1,687909.8,1015795.48
F00107,2024,1619402.28,332991.37,360590.08,1155951.85
F00107,2025,2502553.97,182312.19,912280.08,1095114.74
F00108,2021,1258573.93,173630.67,338958.03,748559.21
F00108,2022,1336051.74,128275.03,744375.85,757943.79
F00108,2023,1601488.5,219868.78,1553329.3,765987.59
F00108,2024,2000942.22,441518.42,1156238.91,937130.41
F00108,2025,1274186.0,26037.09,445487.76,683882.29
F00109,2021,2266084.51,332979.97,1884458.95,1017373.78
F00109,2022,2302454.8,467941.46,1649644.66,912877.64
F00109,2023,2211881.18,643659.77,764199.41,999223.56
F00109,2024,2972763.58,368881.6,1887135.57,1093178.83
F00109,2025,2662554.38,706176.62,1581638.95,1458124.32
F00110,2021,25529.27,4859.22,22049.84,21194.84
F00110,2022,24488.43,746.6,16734.81,18927.75
F00110,2023,26315.35,1056.63,8390.39,19239.09
F00110,2024,25194.68,537.65,18029.49,18899.73
F00110,2025,45412.57,1971.68,39531.61,20201.15
F00111,2021,313845.92,23123.21,222108.8,123007.34
F00111,2022,286644.69,30548.39,177180.41,127726.83
F00111,2023,243480.03,16714.74,87930.7,114540.84
F00111,2024,372099.39,65766.51,259287.05,165468.03
F00111,2025,278383.19,25176.41,97887.78,123943.15
F00112,2021,1111448.51,167909.29,383057.69,728541.65
F00112,2022,1192447.21,130403.79,809662.22,680913.44
F00112,2023,986198.02,269663.6,444081.47,748690.07
F00112,2024,1022321.79,99187.74,178953.4,645813.35
F00112,2025,1640536.79,377480.07,611329.18,887639.99
F00113,2021,554312.29,15809.02,372647.85,197399.82
F00113,2022,623545.71,71038.58,146483.45,258089.43
F00113,2023,808635.97,224153.17,671619.46,322630.05
F00113,2024,773191.87,62419.56,475666.21,229778.69
F00113,2025,698398.96,108439.84,393438.72,272360.28
F00114,2021,1097403.7,147788.9,392193.86,511646.2
F00114,2022,1220948.99,340449.86,200649.31,611999.34
F00114,2023,1072953.03,200908.66,460075.32,527631.98
F00114,2024,1112118.7,323315.85,457339.61,728170.13
F00114,2025,1143532.42,127918.42,220578.8,490400.82
F00115,2021,258406.69,56786.48,32181.23,169180.58
F00115,2022,253334.34,60433.47,188411.38,140223.12
F00115,2023,245821.03,55661.09,76297.46,137577.9
F00115,2024,414278.74,24044.47,178800.4,135142.18
F00115,2025,310796.13,51614.4,224801.0,153562.64
F00116,2021,895318.5,256466.54,732413.9,884439.04
F00116,2022,825326.17,204342.53,287531.89,820635.48
F00116,2023,890790.3,94769.15,407834.95,736779.3
F00116,2024,980928.18,40104.5,815712.41,711056.79
F00116,2025,412987.41,115421.25,174365.17,777376.89
F00117,2021,279217.25,77819.53,257705.96,171674.16
F00117,2022,264460.73,14830.96,246492.09,142731.97
F00117,2023,385145.86,17729.67,219409.86,144067.07
F00117,2024,295480.15,65030.41,190841.62,183252.51
F00117,2025,342317.02,60904.53,325107.21,170678.07
F00118,2021,646364.17,185792.23,239422.43,296704.52
F00118,2022,769292.02,137898.32,645039.83,292009.33
F00118,2023,779950.81,54876.14,293822.66,205525.05
F00118,2024,739953.33,214018.67,623387.19,344805.02
F00118,2025,1192727.2,124790.86,817216.75,273486.08
F00119,2021,2280573.95,181858.82,592045.82,854091.22
F00119,2022,2588738.54,174378.84,308591.22,821309.27
F00119,2023,2334752.46,669599.49,720270.43,1063719.02
F00119,2024,1949242.07,368281.0,1462728.05,915184.95
F00119,2025,2871210.1,413104.38,2165866.52,979634.29
F00120,2021,396604.72,49963.85,69243.81,298108.27
F00120,2022,419045.71,102641.56,87579.69,332185.36
F00120,2023,482654.57,42839.09,322228.74,298537.19
F00120,2024,861180.54,76990.41,198714.49,312362.05
F00120,2025,443027.59,42131.56,128047.93,297346.85
F00121,2021,2831330.29,466770.96,719554.21,1740501.71
F00121,2022,3006714.96,536707.17,1420881.12,1655938.95
F00121,2023,2731833.03,620205.42,526169.3,1756056.95
F00121,2024,2517720.31,508058.25,681617.79,1929951.67
F00121,2025,6103566.56,1317654.58,2932080.69,2737129.65
F00122,2021,345623.8,12594.22,119088.31,160194.87
F00122,2022,353151.06,49454.11,185129.69,181201.63
F00122,2023,392167.29,39755.25,146044.0,184767.35
F00122,2024,603652.28,108337.29,153765.33,253812.99
F00122,2025,372140.46,25211.85,286303.91,173674.31
F00123,2021,508152.08,110859.97,300646.41,236691.82
F00123,2022,581853.12,15405.71,419981.59,212480.48
F00123,2023,426989.92,65803.58,338081.5,250916.05
F00123,2024,541372.66,29318.37,204935.39,229738.98
F00123,2025,497905.76,145051.96,368648.37,335943.17
F00124,2021,1181748.26,61761.79,1039390.24,594133.81
F00124,2022,1260501.24,87709.29,662370.13,615330.64
F00124,2023,1327346.58,265571.84,336695.89,652719.98
F00124,2024,1452685.3,281591.97,1171390.81,689087.73
F00124,2025,1096463.16,30984.13,597608.57,577477.61
F00125,2021,1515143.22,77351.22,265406.45,529502.24
F00125,2022,1827933.25,350846.13,1538003.34,627648.51
F00125,2023,1716154.08,310267.07,1114761.64,620444.14
F00125,2024,1366797.69,36325.92,1119415.07,503468.53
F00125,2025,2286215.42,372887.09,1818411.04,752648.0
F00126,2021,870585.06,191585.22,434392.56,458777.94
F00126,2022,1029209.34,50634.9,840193.82,315616.53
F00126,2023,1134496.34,125003.51,214251.41,365430.99
F00126,2024,1013390.49,63410.14,865666.07,312498.53
F00126,2025,1849703.4,225234.49,1309700.69,464462.39
F00127,2021,613700.39,25824.32,317564.65,468099.31
F00127,2022,601740.5,87395.29,440134.14,517696.03
F00127,2023,513872.88,112682.45,91595.51,540043.87
F00127,2024,781434.33,216650.74,239076.76,575925.97
F00127,2025,634201.92,97468.98,562194.78,524081.6
F00128,2021,4042231.81,855977.11,2945802.8,4128955.22
F00128,2022,4018134.58,605263.0,1271092.43,3974419.53
F00128,2023,4717565.28,270452.22,611698.77,3851820.99
F00128,2024,4499140.93,420910.04,2947285.63,4040914.3
F00128,2025,2314212.86,442606.57,1679358.46,4051192.83
F00129,2021,263223.61,16253.95,180135.53,181162.11
F00129,2022,291995.48,45957.25,89660.54,216278.32
F00129,2023,245896.08,41583.79,139235.86,210206.77
F00129,2024,238183.24,30828.32,25068.26,200758.98
F00129,2025,255511.65,25076.86,148580.59,182162.3
F00130,2021,73924.8,12225.32,61416.92,61170.75
F00130,2022,62213.77,2145.81,42251.45,58917.43
F00130,2023,91798.74,2233.39,16355.76,58014.57
F00130,2024,53208.7,3769.47,20455.55,59793.35
F00130,2025,106737.33,11603.98,16259.54,64198.39
F00131,2021,1018172.6,305078.83,764160.36,1335111.98
F00131,2022,1205250.74,260609.13,919629.08,1238581.16
F00131,2023,1310531.4,82633.39,1158802.0,1070138.17
F00131,2024,1451339.16,137060.1,479215.75,1115355.29
F00131,2025,820705.41,36343.71,659411.01,1063096.13
F00132,2021,249459.13,74264.64,117303.0,181372.66
F00132,2022,253474.57,30965.87,39685.48,129861.71
F00132,2023,266045.46,76117.51,97039.71,156051.52
F00132,2024,234908.62,46637.57,108831.76,146206.01
F00132,2025,142294.82,35497.85,108999.09,136431.19
F00133,2021,3360866.61,782553.49,1722171.35,2342147.49
F00133,2022,3446387.3,889452.91,776039.11,2416651.36
F00133,2023,3337157.21,175757.87,423021.73,2085644.89
F00133,2024,5379580.15,797090.96,3631250.0,2671731.43
F00133,2025,2832805.62,599488.04,534663.02,2327225.74
F00134,2021,190257.63,8083.61,50243.22,160969.12
F00134,2022,229508.53,43168.45,187892.78,180706.15
F00134,2023,218459.75,5776.97,99002.71,157191.32
F00134,2024,268098.21,34374.84,136628.75,180211.7
F00134,2025,408621.43,108469.91,143797.14,244005.85
F00135,2021,550290.67,21587.79,434515.09,231905.13
F00135,2022,448393.19,58302.12,49211.38,259766.59
F00135,2023,563948.99,90667.09,58112.3,284802.24
F00135,2024,617026.9,83889.19,411777.84,245765.05
F00135,2025,567137.16,72608.29,206900.59,271909.53
F00136,2021,764965.24,166041.76,683195.21,400955.88
F00136,2022,721888.23,34851.69,172058.93,321103.25
F00136,2023,779196.97,23465.42,313610.31,319484.26
F00136,2024,1033165.96,297517.65,420965.27,471285.59
F00136,2025,1710319.1,124271.72,1343153.64,365358.19
F00137,2021,180563.37,15542.5,150283.91,121103.44
F00137,2022,164573.62,11041.76,106567.44,114365.61
F00137,2023,215550.96,9281.04,127144.02,110778.47
F00137,2024,200246.42,6237.94,165552.87,109698.46
F00137,2025,282399.48,61635.53,117679.41,145662.51
F00138,2021,241866.23,15240.46,126920.42,127936.8
F00138,2022,206068.62,54531.2,48550.8,171332.63
F00138,2023,205455.71,55250.38,62416.67,174816.9
F00138,2024,194793.2,30314.18,101392.96,132982.33
F00138,2025,315507.45,87188.59,208244.61,151201.65
F00139,2021,2828536.93,583500.9,1530459.71,1658455.13
F00139,2022,3650940.9,370827.32,1458313.61,1609675.7
F00139,2023,3271817.9,261007.72,1464764.74,1554533.11
F00139,2024,5869292.45,1513919.28,1825751.38,2235437.32
F00139,2025,3874940.61,527329.62,2250661.95,1594306.73
F00140,2021,386358.01,99319.76,121725.49,378433.06
F00140,2022,409157.06,94509.79,281050.93,356790.43
F00140,2023,401249.76,27878.28,253009.67,336901.88
F00140,2024,301578.78,20069.83,145126.86,334214.98
F00140,2025,568603.51,64559.61,457235.41,345083.43
F00141,2021,161096.95,38149.03,88313.21,123621.79
F00141,2022,159981.51,15421.61,72454.92,103562.32
F00141,2023,139213.24,14985.35,42788.94,107057.95
F00141,2024,189352.99,25208.21,172875.37,104384.33
F00141,2025,194611.36,35610.49,186897.97,124311.32
F00142,2021,1975796.97,576595.58,1206872.68,1017072.99
F00142,2022,1811181.0,220296.22,1381840.71,781021.89
F00142,2023,2384936.6,692595.26,419951.73,1308535.97
F00142,2024,1808183.92,66918.43,848621.21,757876.71
F00142,2025,1267528.31,161475.64,1135165.91,785369.07
F00143,2021,98143.9,15926.01,51954.88,135770.48
F00143,2022,101100.71,16815.27,79510.51,132638.78
F00143,2023,96027.67,27911.28,20204.17,147088.85
F00143,2024,67016.73,13823.65,42246.87,131961.34
F00143,2025,42521.73,3639.26,25248.47,125351.23
F00144,2021,446250.17,133322.91,58827.99,250942.95
F00144,2022,516126.56,27570.37,256905.65,210449.41
F00144,2023,378986.39,86516.32,313413.51,256236.38
F00144,2024,625165.95,98844.23,367321.16,270567.49
F00144,2025,276388.02,48457.68,218689.05,229828.35
F00145,2021,90196.86,14042.57,18785.83,59387.41
F00145,2022,82723.23,13624.67,22169.33,50303.88
F00145,2023,109617.64,2647.18,76697.71,46924.78
F00145,2024,105888.37,30290.55,55626.99,56856.04
F00145,2025,155183.1,44090.97,16680.44,85478.03
F00146,2021,683068.08,63064.1,363202.86,265037.17
F00146,2022,621085.15,185747.68,71919.49,333382.6
F00146,2023,708068.54,55673.47,587140.08,229843.41
F00146,2024,712214.86,48724.42,547707.67,232867.89
F00146,2025,630809.38,91821.69,364600.72,249888.13
F00147,2021,914448.1,160744.35,400239.72,478257.99
F00147,2022,1055781.0,175961.92,656722.23,430928.09
F00147,2023,959446.85,223380.81,118585.85,520837.44
F00147,2024,1787570.41,381594.44,1508471.12,622257.61
F00147,2025,997945.32,296068.32,677590.04,578945.96
F00148,2021,186917.23,47846.08,143618.8,151747.6
F00148,2022,187108.16,29991.51,89376.27,146768.36
F00148,2023,162539.49,15395.2,52100.65,142917.5
F00148,2024,255976.1,16799.8,59827.02,144465.67
F00148,2025,216310.55,47814.22,89371.55,155613.09
F00149,2021,236015.23,23037.3,114882.84,127253.66
F00149,2022,270970.7,44983.01,212825.51,124200.46
F00149,2023,248596.1,20108.47,197996.02,111949.03
F00149,2024,416220.1,75398.57,275946.21,134635.24
F00149,2025,615620.45,32776.57,261502.04,135221.96
F00150,2021,232237.24,6149.64,63579.63,74338.23
F00150,2022,229745.51,37477.49,40008.14,87139.7
F00150,2023,324154.4,30326.53,259307.46,101920.54
F00150,2024,234592.45,25194.78,57995.38,89494.18
F00150,2025,191470.44,48840.15,34226.28,106678.49
F00151,2021,728072.58,78355.85,361625.89,289908.97
F00151,2022,620074.92,181827.23,252057.04,341642.39
F00151,2023,561425.46,141950.03,417627.7,277714.92
F00151,2024,594329.61,19461.49,350751.86,229011.09
F00151,2025,498952.38,76984.4,343002.64,283812.68
F00152,2021,382658.82,113257.5,263088.97,204517.94
F00152,2022,474032.35,71086.75,228870.76,209574.77
F00152,2023,549020.41,56440.71,357917.81,187087.45
F00152,2024,753540.99,38144.55,273930.2,182722.38
F00152,2025,912930.37,115840.46,497057.13,239027.03
F00153,2021,871122.31,121494.26,172483.26,774223.03
F00153,2022,768486.39,42163.91,388682.08,732062.88
F00153,2023,649230.74,49511.77,548003.35,744688.57
F00153,2024,724850.57,47967.06,181478.73,720566.78
F00153,2025,635471.64,158340.69,195298.51,814724.24
F00154,2021,481042.07,5242.69,205051.98,257911.4
F00154,2022,497795.8,63616.45,475858.29,306903.88
F00154,2023,549042.39,91178.77,265945.88,288052.29
F00154,2024,964290.41,176650.58,525488.57,343456.67
F00154,2025,564586.78,21120.64,80684.97,266695.32
F00155,2021,257210.72,34452.44,248915.8,121382.96
F00155,2022,293332.79,28722.93,99868.58,107156.63
F00155,2023,309553.59,53317.58,132449.84,144027.85
F00155,2024,160353.75,23252.78,124701.69,111717.91
F00155,2025,218985.25,31099.95,24705.65,113732.71
F00156,2021,467650.47,32248.8,315408.36,220045.65
F00156,2022,521786.66,102853.74,345740.53,297485.75
F00156,2023,585627.97,25060.23,333360.56,218083.49
F00156,2024,561092.34,48576.58,430893.56,238205.65
F00156,2025,1080376.77,232092.18,559159.99,313654.97
F00157,2021,2482182.46,262718.99,1539476.76,1554486.6
F00157,2022,2620620.04,572607.56,684963.69,1909405.76
F00157,2023,2274146.91,319703.79,591503.72,1671357.35
F00157,2024,1874912.85,474867.54,767257.19,1843188.61
F00157,2025,1637824.14,437679.94,205249.1,1696851.93
F00158,2021,132500.96,32548.26,61843.72,117094.35
F00158,2022,113306.03,11889.87,44967.35,95965.01
F00158,2023,166069.93,31815.75,46029.73,103933.48
F00158,2024,194011.04,42916.87,171710.29,122347.74
F00158,2025,97500.75,7653.86,13634.46,90089.2
F00159,2021,696805.76,110959.65,435594.06,482233.78
F00159,2022,817851.07,70680.3,531798.02,435447.46
F00159,2023,585100.54,165898.96,282104.92,522199.85
F00159,2024,868181.8,28822.6,352433.17,416138.82
F00159,2025,1207588.27,225647.81,582292.45,608307.1
F00160,2021,392620.26,55007.57,73557.24,219918.02
F00160,2022,480266.15,128617.27,258620.69,254214.47
F00160,2023,595974.38,132964.39,262837.91,267956.24
F00160,2024,571143.71,18613.8,496053.08,178422.95
F00160,2025,509379.81,151739.28,221217.68,287628.49
F00161,2021,428567.42,107775.46,218099.09,290249.49
F00161,2022,378152.86,99632.38,279408.87,296544.92
F00161,2023,324691.29,59155.72,53750.98,233966.19
F00161,2024,451552.98,89292.16,263595.77,292719.21
F00161,2025,436435.76,75517.96,171739.33,239517.9
F00162,2021,2439063.02,616224.32,847093.14,1313729.41
F00162,2022,2579625.24,10488.05,2085681.27,862566.15
F00162,2023,1899738.27,465518.92,431394.24,1183006.9
F00162,2024,2998419.92,271023.04,2620060.66,1036049.08
F00162,2025,1919143.11,37431.58,1534421.36,881613.2
F00163,2021,629013.44,158882.11,322062.85,488990.92
F00163,2022,639981.29,177059.66,69469.27,511071.53
F00163,2023,544654.61,135772.64,482358.06,486392.46
F00163,2024,570128.1,58956.95,127719.39,427847.69
F00163,2025,898124.38,106369.59,569994.71,454813.65
F00164,2021,1952001.22,431073.44,892998.26,1012373.58
F00164,2022,1894344.45,151022.16,810282.36,855088.27
F00164,2023,1691365.28,282473.68,1199455.82,924095.62
F00164,2024,2268367.44,234826.29,932708.36,879976.67
F00164,2025,1337073.75,183130.61,889911.95,880907.52
F00165,2021,126722.16,35082.09,61542.95,95412.41
F00165,2022,132481.29,2744.32,23139.68,83484.49
F00165,2023,135885.01,6674.93,33477.15,87183.78
F00165,2024,180704.55,6527.06,144787.65,83316.52
F00165,2025,84790.36,2910.19,26445.55,82527.2
F00166,2021,138302.82,4246.44,112561.3,150491.88
F00166,2022,154360.52,28449.4,31793.22,173530.53
F00166,2023,166788.78,30170.46,25814.29,170817.61
F00166,2024,161572.74,36994.53,129484.82,163567.75
F00166,2025,193661.57,14948.41,150912.68,160765.39
F00167,2021,705446.33,202445.59,236462.45,291665.07
F00167,2022,769411.17,131798.61,298098.41,273977.01
F00167,2023,514202.1,60726.82,77867.72,262504.4
F00167,2024,792176.23,96420.39,663359.91,265851.66
F00167,2025,335058.27,29526.22,281031.72,238248.79
F00168,2021,264098.19,44149.21,72035.56,115408.06
F00168,2022,246489.3,61139.85,198751.77,110875.86
F00168,2023,241541.2,5133.81,135459.88,91220.8
F00168,2024,393904.87,60342.48,109279.28,123523.04
F00168,2025,409012.11,22787.88,130296.15,98590.69
F00169,2021,388148.26,19377.01,342504.38,245442.28
F00169,2022,472028.92,103564.03,355030.08,310670.59
F00169,2023,391238.09,82490.97,192058.99,300877.35
F00169,2024,648634.61,79454.39,439294.99,268928.78
F00169,2025,672605.64,87846.1,187210.85,315200.64
F00170,2021,360031.77,10360.89,84364.75,171864.63
F00170,2022,354309.65,83167.03,126596.01,217259.32
F00170,2023,538168.25,85749.97,324970.07,245986.65
F00170,2024,627625.54,173188.91,166500.95,221385.18
F00170,2025,356126.29,69487.6,267278.3,197527.24
F00171,2021,211437.92,10568.23,187457.01,121370.11
F00171,2022,216497.32,23614.4,137351.31,129472.06
F00171,2023,252822.61,41069.52,226824.04,127456.33
F00171,2024,214863.85,40573.42,153894.76,131318.6
F00171,2025,213671.09,22344.77,124474.84,128956.73
F00172,2021,1332075.47,73371.93,914335.41,703903.74
F00172,2022,1533729.98,440992.21,628670.84,934141.37
F00172,2023,1989125.18,496278.62,1222980.21,890398.66
F00172,2024,2602480.08,394902.56,1734737.78,971877.25
F00172,2025,1660328.48,79138.94,999183.91,726692.68
F00173,2021,1019462.3,194781.13,788352.26,521410.85
F00173,2022,1216558.92,227601.18,320766.17,623551.31
F00173,2023,1595198.94,269819.8,346780.16,596631.33
F00173,2024,2219073.09,596696.04,507218.01,1050454.89
F00173,2025,2620559.8,267307.45,578584.5,583064.07
F00174,2021,313154.63,87251.72,112634.38,322158.43
F00174,2022,367286.84,41120.22,66813.0,281163.93
F00174,2023,375071.33,57580.47,343201.87,261048.09
F00174,2024,417738.71,29430.35,68103.34,259604.77
F00174,2025,710481.9,165329.07,402799.92,379359.03
F00175,2021,174967.45,41777.65,152019.83,130836.94
F00175,2022,169270.26,31335.45,82691.0,111361.32
F00175,2023,201152.54,58014.01,174693.98,123985.97
F00175,2024,257696.3,42461.13,200680.99,131655.29
F00175,2025,152631.97,17203.0,96586.37,105265.58
F00176,2021,1138483.42,155422.97,157563.99,698773.62
F00176,2022,1188971.34,197174.02,195454.14,696675.39
F00176,2023,831628.51,82861.12,144554.93,613481.8
F00176,2024,1042663.82,108920.86,241770.43,592193.78
F00176,2025,828371.04,144780.06,275571.9,602313.66
F00177,2021,1029517.54,31162.59,461982.95,630302.05
F00177,2022,1195889.32,220822.8,711132.49,826213.69
F00177,2023,1253098.6,201136.11,902397.93,780486.43
F00177,2024,1401796.03,395135.88,1240070.25,836599.33
F00177,2025,1244295.86,31315.05,992584.98,630326.62
F00178,2021,237295.86,54482.9,209707.06,183283.13
F00178,2022,281479.73,28244.97,198280.17,171698.03
F00178,2023,291150.59,25928.16,214709.32,170318.23
F00178,2024,381399.7,19095.76,67137.97,152777.44
F00178,2025,242031.19,62795.56,41148.94,169589.81
F00179,2021,431978.43,25896.11,92490.09,137334.83
F00179,2022,383836.13,104589.31,366741.21,218032.36
F00179,2023,527034.11,24649.16,129660.31,144752.43
F00179,2024,513226.67,15850.34,155509.53,133162.05
F00179,2025,322096.57,70147.16,220344.94,152907.29
F00180,2021,787854.19,171788.11,757350.15,530576.05
F00180,2022,899109.38,45250.94,109954.1,397155.6
F00180,2023,763335.37,115514.02,466838.25,427234.95
F00180,2024,696633.97,40451.06,361366.52,423626.44
F00180,2025,809923.23,88106.44,662405.1,463639.37
F00181,2021,169695.49,19228.54,87879.16,118126.66
F00181,2022,140238.3,26719.25,48819.58,128467.18
F00181,2023,188206.52,33824.45,113756.48,115571.94
F00181,2024,175580.24,47895.23,117852.09,137903.15
F00181,2025,116573.8,22867.68,20059.23,116322.99
F00182,2021,682590.1,79054.81,359424.27,243534.86
F00182,2022,640450.08,73979.5,483583.99,270142.44
F00182,2023,549600.54,150225.11,486444.01,311583.44
F00182,2024,1132333.2,194040.6,529952.0,305118.21
F00182,2025,531241.16,98801.71,64097.61,265010.35
F00183,2021,644150.98,17615.49,130879.94,220438.02
F00183,2022,706161.38,161953.41,545998.07,320368.6
F00183,2023,585136.51,33707.97,349677.65,233266.83
F00183,2024,653303.72,145734.75,224663.54,261339.84
F00183,2025,474908.4,105528.91,69793.11,248441.74
F00184,2021,1468268.39,225940.24,743417.49,1159543.38
F00184,2022,1657432.45,71667.81,998571.72,982631.77
F00184,2023,1651406.73,172186.51,792836.27,1062057.58
F00184,2024,2218807.15,488126.02,1835358.28,1247455.48
F00184,2025,2440501.26,60882.42,1777622.52,1000772.65
F00185,2021,1489639.34,82575.44,181325.28,525720.81
F00185,2022,1517363.83,151821.1,167014.68,593173.77
F00185,2023,1548672.83,422152.5,1369436.6,666756.26
F00185,2024,1582923.33,383110.11,996597.38,802181.46
F00185,2025,2828879.88,602326.52,1470006.82,937741.8
F00186,2021,129502.58,35316.32,30387.63,80555.47
F00186,2022,142345.31,25683.44,66098.34,66200.58
F00186,2023,166384.07,34852.28,101403.16,67206.45
F00186,2024,214661.57,17420.22,120815.1,61536.76
F00186,2025,110215.49,29314.11,18047.74,60810.75
F00187,2021,214869.83,55532.38,186376.96,121558.3
F00187,2022,244949.55,2943.55,150591.75,80397.44
F00187,2023,316950.99,72151.85,171010.74,110710.36
F00187,2024,345389.94,97186.26,154086.77,132612.14
F00187,2025,321588.46,86126.5,253556.75,129321.24
F00188,2021,622481.76,113308.84,421282.71,281261.99
F00188,2022,774248.76,108364.38,467386.7,299860.24
F00188,2023,652662.98,89030.08,109871.83,250598.05
F00188,2024,722786.27,102070.93,560247.47,247761.69
F00188,2025,1369121.46,355891.47,344659.04,542850.48
F00189,2021,65914.31,14571.9,25754.66,85197.47
F00189,2022,63395.97,11929.97,38034.22,90597.07
F00189,2023,54652.46,8033.01,21702.6,82409.68
F00189,2024,80201.23,9818.19,8159.5,84434.15
F00189,2025,45991.5,3346.86,32588.22,81705.59
F00190,2021,223648.32,36528.57,47405.79,194540.52
F00190,2022,217021.38,53920.79,166159.43,209294.08
F00190,2023,287401.2,33666.81,131176.84,207073.42
F00190,2024,197203.0,49385.41,189014.4,216880.29
F00190,2025,129646.37,26332.74,32462.2,195255.18
F00191,2021,78588.99,5519.25,29699.85,86361.97
F00191,2022,66506.67,18261.12,36015.98,98910.91
F00191,2023,58140.46,10628.48,50950.79,91372.77
F00191,2024,55965.55,12320.88,48037.08,88289.86
F00191,2025,68432.17,13715.8,33670.75,89073.82
F00192,2021,112713.71,22522.97,33947.22,60990.12
F00192,2022,126303.11,7145.58,21404.38,47692.37
F00192,2023,121777.0,17349.27,82940.55,60322.88
F00192,2024,91741.16,7720.52,16078.29,50292.36
F00192,2025,144742.98,22309.11,109545.36,60378.73
F00193,2021,3416385.41,75054.75,763720.32,1538957.18
F00193,2022,3708088.12,830108.1,2245119.71,1760414.77
F00193,2023,5757573.28,1276487.42,1831058.3,2645789.11
F00193,2024,6599407.38,738591.55,1432643.97,2110693.27
F00193,2025,5456645.76,118470.21,3475881.36,1596074.08
F00194,2021,212501.67,28199.93,29954.0,91686.5
F00194,2022,216629.98,21681.95,121516.11,92176.11
F00194,2023,295183.85,45137.74,81063.91,90340.28
F00194,2024,195358.29,56934.8,56585.91,118793.76
F00194,2025,188070.08,52106.98,164877.97,128400.0
F00195,2021,607996.93,90603.8,149359.85,304965.19
F00195,2022,492502.99,13646.32,374682.68,247857.07
F00195,2023,518981.77,98253.94,409577.99,295139.26
F00195,2024,326261.64,78265.97,88891.85,316757.2
F00195,2025,813302.48,175538.23,83130.64,357460.58
F00196,2021,846298.66,212944.84,306289.21,463632.49
F00196,2022,819489.34,143217.37,599572.26,406088.23
F00196,2023,679396.53,124821.31,529308.51,363987.16
F00196,2024,947491.8,203076.48,139894.18,370997.28
F00196,2025,719860.37,144712.98,587775.07,385318.32
F00197,2021,114273.72,9656.04,83017.62,51103.87
F00197,2022,111358.95,2652.66,68385.15,47944.12
F00197,2023,158055.64,20289.64,75348.47,65903.87
F00197,2024,181783.69,11481.88,82119.02,56548.51
F00197,2025,213188.0,19418.05,36144.96,60050.24
F00198,2021,2150268.67,578136.15,1126719.7,1617154.66
F00198,2022,2530594.18,403025.68,1227160.36,1584980.68
F00198,2023,2816677.16,62757.75,1074737.42,1310158.76
F00198,2024,2112547.78,157855.88,1539887.82,1388650.95
F00198,2025,1980553.32,46518.28,1691567.78,1287098.34
F00199,2021,3179538.53,395007.63,2000571.46,1645999.17
F00199,2022,3732017.44,665551.63,2142589.17,1953632.97
F00199,2023,5050572.92,382263.68,2352501.17,1672967.64
F00199,2024,4436789.4,470569.28,2654344.37,1587972.87
F00199,2025,5313324.9,316135.96,4764025.01,1488246.09
F00200,2021,1249083.9,33156.7,643270.73,643986.04
F00200,2022,1351374.59,364852.96,887211.8,889486.11
F00200,2023,1539695.46,429812.78,451201.67,975172.12
F00200,2024,1226350.89,55149.85,630511.54,631357.82
F00200,2025,1778518.23,277858.06,629018.3,702106.36
F00201,2021,1421914.99,120187.19,409063.8,1158574.38
F00201,2022,1538457.56,193777.83,1108486.52,1149654.28
F00201,2023,990198.19,195753.68,660665.72,1216558.59
F00201,2024,1885033.68,233001.55,808731.42,1263731.53
F00201,2025,770354.73,55738.05,302552.49,1086548.43
F00202,2021,226787.52,56970.37,71404.06,215150.6
F00202,2022,236427.16,63751.07,167722.24,237461.39
F00202,2023,396476.29,111438.78,321680.05,241397.98
F00202,2024,322123.94,85157.0,286381.12,267245.0
F00202,2025,618700.83,169883.85,478453.54,309653.85
F00203,2021,424287.47,28442.78,356718.5,389047.49
F00203,2022,423626.85,42541.23,330408.73,387529.24
F00203,2023,476736.88,93596.68,209558.01,402857.6
F00203,2024,443121.95,117800.59,397457.86,456232.66
F00203,2025,704466.46,157249.17,489727.39,523020.84
F00204,2021,606174.24,119714.7,193033.83,496582.93
F00204,2022,619071.62,101583.15,86671.71,421505.97
F00204,2023,474424.77,77608.75,236168.59,402031.87
F00204,2024,759477.86,112413.35,87933.66,466317.19
F00204,2025,269348.43,26415.62,178091.56,403542.41
F00205,2021,86069.54,23403.75,69555.19,68731.6
F00205,2022,94702.28,19454.49,75939.92,57041.81
F00205,2023,100147.94,27789.8,78989.82,64254.67
F00205,2024,55105.43,5220.46,48605.12,54297.28
F00205,2025,56836.31,10969.42,15434.42,59557.24
F00206,2021,500462.84,67622.85,385485.09,511382.56
F00206,2022,548561.02,110883.8,130800.73,528782.47
F00206,2023,539098.15,63155.23,126894.58,516637.19
F00206,2024,897580.1,45217.26,152251.84,498337.02
F00206,2025,1298146.73,373243.74,1167372.42,650020.01
F00207,2021,571727.37,29699.08,179975.61,436571.35
F00207,2022,608857.18,47791.82,182757.55,455147.22
F00207,2023,476755.49,49017.21,398298.9,434440.66
F00207,2024,434949.57,62622.43,59640.43,443819.19
F00207,2025,436828.47,72186.22,130519.82,462502.27
F00208,2021,573994.57,91236.88,220416.37,303951.89
F00208,2022,660303.09,23759.82,469953.51,270614.34
F00208,2023,865516.52,81407.26,175142.36,325099.8
F00208,2024,658365.08,106924.37,223965.96,298427.42
F00208,2025,1153154.68,78378.25,329321.6,296719.69
F00209,2021,40290.56,2963.81,33770.67,22601.19
F00209,2022,40254.27,9038.1,7612.45,24898.95
F00209,2023,60413.31,17182.33,19758.71,31919.51
F00209,2024,77414.14,17805.64,55944.24,33162.39
F00209,2025,79150.35,4646.5,9587.68,23664.06
F00210,2021,522310.84,106756.96,85055.52,279803.99
F00210,2022,656652.69,108082.48,76589.5,225539.2
F00210,2023,736297.07,18309.23,567752.24,201101.68
F00210,2024,744450.12,17971.45,565765.92,194996.33
F00210,2025,1174429.0,210097.81,737969.54,391076.06
F00211,2021,3283230.29,111656.57,681502.24,2330220.91
F00211,2022,3243327.6,749095.24,1156841.84,2691860.82
F00211,2023,5264632.81,1479738.81,1238169.47,2894713.17
F00211,2024,4416620.16,1249921.33,3852775.16,3105287.53
F00211,2025,7289841.94,610162.97,4582832.83,2809806.62
F00212,2021,300299.9,46039.13,94431.04,126209.34
F00212,2022,266513.69,44208.7,200724.86,107046.23
F00212,2023,221145.93,7111.36,100859.95,96430.56
F00212,2024,378506.36,16979.84,51247.48,102189.54
F00212,2025,404134.89,100897.87,227354.49,145712.65
F00213,2021,2338669.97,701595.47,706397.61,1128736.41
F00213,2022,2044225.47,120774.15,1700462.93,938679.75
F00213,2023,2283711.49,537494.74,730278.64,1116459.01
F00213,2024,2663067.92,610354.91,2340068.51,1362009.97
F00213,2025,3563892.17,610958.04,2036630.9,1141822.62
F00214,2021,439564.56,91868.61,157161.42,271617.41
F00214,2022,467261.04,29222.11,164292.43,207253.23
F00214,2023,601246.2,133577.0,441654.45,299646.74
F00214,2024,693694.01,62490.04,187153.53,240643.56
F00214,2025,538680.85,122740.48,195948.71,230828.98
F00215,2021,392920.1,113387.36,108164.95,305143.25
F00215,2022,444861.29,92352.36,208613.03,246579.27
F00215,2023,506752.39,16281.22,168790.24,220809.94
F00215,2024,386738.5,115736.33,224224.09,274983.46
F00215,2025,610666.79,55171.34,523234.57,240473.88
F00216,2021,3324414.01,403597.76,2534631.01,1746623.54
F00216,2022,3885100.3,421665.24,2813157.66,2002286.94
F00216,2023,3494858.37,978694.72,2559051.96,2471118.08
F00216,2024,2612597.38,766122.03,545141.8,1984534.86
F00216,2025,5842577.08,1748736.99,4341258.64,3152022.15
F00217,2021,111366.09,3664.72,21860.07,38428.85
F00217,2022,117321.21,14010.46,72404.6,50909.79
F00217,2023,116389.63,21964.52,52220.87,46062.19
F00217,2024,76565.12,13420.87,23648.54,49878.69
F00217,2025,44467.13,6031.25,31895.67,42148.4
F00218,2021,151535.42,31503.46,106091.06,89590.71
F00218,2022,138685.57,4828.66,99968.19,63237.48
F00218,2023,148132.12,6933.42,20032.55,63880.64
F00218,2024,203723.26,14847.49,53339.39,64653.78
F00218,2025,236358.09,42986.49,50774.2,75175.51
F00219,2021,810061.44,235858.49,643789.67,537459.18
F00219,2022,854957.11,238134.11,733035.58,403664.14
F00219,2023,977921.66,158341.34,751111.47,423427.77
F00219,2024,971004.29,51869.07,845946.77,355720.77
F00219,2025,1014794.82,68288.95,776190.95,355970.82
F00220,2021,1294125.92,86037.47,323547.1,594602.32
F00220,2022,1222626.37,77487.1,837616.45,589768.66
F00220,2023,1008971.14,106146.47,488251.19,625281.69
F00220,2024,1312379.25,188415.29,774904.34,722913.17
F00220,2025,1699699.15,438981.98,967464.29,816021.73
F00221,2021,271464.92,22538.88,47437.08,184345.19
F00221,2022,255674.62,23299.95,212201.21,189378.14
F00221,2023,340034.49,97590.23,171045.86,238077.45
F00221,2024,229667.11,18587.33,74103.5,187797.13
F00221,2025,336266.75,7135.27,90712.7,175239.52
F00222,2021,641007.43,125073.95,392105.71,275736.86
F00222,2022,670225.25,197606.44,515373.31,311521.85
F00222,2023,627052.27,115950.08,559020.85,285873.31
F00222,2024,510322.77,41203.48,229438.48,223483.05
F00222,2025,323189.98,64795.12,143449.59,239223.86
F00223,2021,403033.78,112238.37,105151.29,404755.93
F00223,2022,446195.34,42802.69,232784.85,327703.65
F00223,2023,481132.26,127629.51,196332.16,354695.28
F00223,2024,476409.08,75759.24,393554.96,341980.27
F00223,2025,569296.95,89386.88,223661.92,378979.35
F00224,2021,132171.71,5759.92,46312.73,50799.16
F00224,2022,147328.05,15824.6,16194.27,54762.21
F00224,2023,141643.78,27565.95,31158.58,60406.52
F00224,2024,98607.91,21550.04,16461.94,62861.69
F00224,2025,183726.59,6764.58,74215.08,50798.55
F00225,2021,455045.29,37238.7,60790.93,203941.3
F00225,2022,439921.42,96416.08,252032.31,263169.96
F00225,2023,603649.21,133639.66,374365.25,241773.14
F00225,2024,379137.47,39994.98,254966.07,220087.9
F00225,2025,484202.79,19517.65,387623.93,203570.39
F00226,2021,1378455.99,55388.99,647457.62,432050.8
F00226,2022,1201267.7,289292.9,271837.49,598429.09
F00226,2023,1226280.87,341435.19,622923.6,659548.6
F00226,2024,1682043.9,110165.44,816741.84,460344.02
F00226,2025,1693965.2,501850.52,1027934.11,690241.38
F00227,2021,1701574.05,319217.15,589700.68,1151518.17
F00227,2022,1922935.07,230181.42,1582500.66,1031317.72
F00227,2023,1538250.06,201368.95,424955.21,998491.02
F00227,2024,1084080.7,72876.58,614222.63,866056.77
F00227,2025,2569716.47,139390.68,2010167.57,958581.19
F00228,2021,838051.81,183653.12,316500.08,419731.83
F00228,2022,873956.68,211194.09,220000.16,487953.62
F00228,2023,642288.47,165796.85,287723.7,385643.91
F00228,2024,1311972.65,147427.54,585422.68,374415.52
F00228,2025,800978.44,94380.52,700897.27,378145.48
F00229,2021,268057.55,62474.73,69294.82,141426.21
F00229,2022,237041.32,23236.76,201454.13,113787.65
F00229,2023,225668.15,56586.79,93046.84,139557.97
F00229,2024,217486.28,27302.94,137003.03,110475.0
F00229,2025,301851.31,14462.03,36524.53,110334.58
F00230,2021,558989.05,39554.69,297335.87,253182.19
F00230,2022,654201.09,26387.1,490390.0,255099.44
F00230,2023,598030.82,159564.41,315449.08,282825.01
F00230,2024,865612.12,201514.13,401193.97,382920.75
F00230,2025,816871.13,191068.3,657006.52,389568.44
F00231,2021,416420.67,81098.01,94981.08,241817.18
F00231,2022,443876.84,47117.21,150897.53,212257.52
F00231,2023,402541.13,50316.04,300326.19,210218.64
F00231,2024,650754.87,99385.3,356109.72,206268.78
F00231,2025,462998.53,45309.01,396482.84,202645.0
F00232,2021,765923.64,59281.54,461176.31,300162.67
F00232,2022,809220.82,185962.42,633571.76,391468.14
F00232,2023,940841.22,28083.62,723833.41,301551.22
F00232,2024,744068.6,218477.03,149140.13,456356.97
F00232,2025,1007525.25,269118.57,696417.17,394991.33
F00233,2021,3069604.28,42304.58,1482976.76,1306054.16
F00233,2022,3140696.74,474062.12,2652452.41,1740575.51
F00233,2023,4830217.27,691755.05,3047601.14,1773253.9
F00233,2024,4114602.73,1026070.22,677083.82,1905565.1
F00233,2025,3305101.56,144556.92,2532067.23,1390072.79
F00234,2021,139953.05,24774.61,87638.93,173120.0
F00234,2022,162230.76,27163.66,50263.57,168044.44
F00234,2023,206797.8,14559.34,25153.18,163156.87
F00234,2024,132916.26,18620.08,99051.06,163711.36
F00234,2025,172028.42,36133.72,59191.57,182831.15
F00235,2021,268060.51,18309.34,37435.32,96676.71
F00235,2022,305167.81,54353.77,62459.14,106431.34
F00235,2023,365337.28,74611.09,44494.77,133425.84
F00235,2024,334041.55,43609.11,304431.86,111018.62
F00235,2025,726834.95,194724.49,133935.57,244136.73
F00236,2021,2126524.64,165187.2,1839425.01,917757.26
F00236,2022,2275982.61,211138.07,1724733.42,935149.41
F00236,2023,2950764.87,215639.19,1859152.84,875218.29
F00236,2024,2528014.72,135247.15,870607.95,797213.83
F00236,2025,1946280.98,60598.59,1431010.99,779855.58
F00237,2021,8277826.59,2291013.05,7224863.38,11622562.82
F00237,2022,9431981.95,575281.27,3486537.93,10341889.42
F00237,2023,10324964.29,300874.04,2118571.16,10194596.58
F00237,2024,11521569.82,729244.75,8820468.94,10169412.85
F00237,2025,8992114.25,2242373.82,4220615.34,12038205.48
F00238,2021,567811.72,23087.52,355358.65,718308.2
F00238,2022,564490.23,124149.1,78631.07,778947.34
F00238,2023,606703.04,118831.08,115678.42,752816.71
F00238,2024,499281.2,17818.77,435956.5,703360.41
F00238,2025,458786.32,23462.96,59950.56,720506.31
F00239,2021,583941.4,130631.53,113858.26,433014.89
F00239,2022,703909.95,75699.99,577905.71,392352.23
F00239,2023,559252.97,108431.51,166231.53,356981.06
F00239,2024,841988.15,211520.79,158378.74,436171.37
F00239,2025,433493.47,104785.63,73012.96,415546.06
F00240,2021,158642.94,5637.77,39553.44,59848.15
F00240,2022,182595.73,46279.86,114052.71,79082.42
F00240,2023,161004.24,44755.73,70676.48,93924.62
F00240,2024,203633.06,17407.52,29444.36,64624.98
F00240,2025,179739.88,10462.02,157155.67,60128.22
F00241,2021,208586.33,34234.0,160044.22,83176.44
F00241,2022,235825.24,41185.49,98110.63,73258.05
F00241,2023,276873.37,23621.9,202710.7,77527.7
F00241,2024,254085.0,74616.96,207491.82,104907.54
F00241,2025,359709.95,88317.53,76821.3,91975.09
F00242,2021,749512.48,31905.72,170116.69,266873.71
F00242,2022,745705.35,135313.13,596100.0,377585.65
F00242,2023,932240.76,107878.89,762768.6,333000.9
F00242,2024,765407.57,78549.23,547964.94,311998.05
F00242,2025,811775.74,152632.51,386789.97,314813.04
F00243,2021,1328814.32,379739.24,1141219.22,836907.01
F00243,2022,1265052.0,367914.3,321547.4,946415.08
F00243,2023,949820.88,117890.09,96554.15,731243.49
F00243,2024,1444914.28,58718.42,714176.25,709666.32
F00243,2025,1631789.77,354398.93,1305084.08,922663.07
F00244,2021,454443.85,71937.98,236493.28,473342.19
F00244,2022,551538.67,123978.07,231728.64,470017.65
F00244,2023,502910.01,29662.21,387559.95,438366.36
F00244,2024,515538.19,84559.56,190295.98,491690.24
F00244,2025,538128.27,88046.83,339247.15,507443.06
F00245,2021,56277.89,10491.6,39111.53,62913.92
F00245,2022,50312.3,12074.75,16143.86,64095.82
F00245,2023,62256.16,6483.27,28200.92,57149.07
F00245,2024,44860.52,1970.84,35464.77,55049.88
F00245,2025,36598.75,2986.72,16149.54,56105.91
F00246,2021,424835.88,110851.71,46365.83,273988.74
F00246,2022,375737.88,85583.28,60359.74,265095.68
F00246,2023,415537.26,14759.89,156930.79,223706.95
F00246,2024,354799.49,25253.63,132027.21,231691.63
F00246,2025,641930.15,139154.92,562465.2,341810.69
F00247,2021,8667658.12,827661.13,3273865.52,3803595.5
F00247,2022,8293089.31,1800237.7,4339736.94,4403815.4
F00247,2023,9170872.8,1539419.15,6382385.53,4230726.11
F00247,2024,10840440.33,1123927.07,8382824.08,4025621.8
F00247,2025,18580970.82,3735420.19,5612270.47,6206847.54
F00248,2021,1789071.26,186990.82,994986.29,1466933.54
F00248,2022,2176790.29,171528.19,1928588.19,1505139.68
F00248,2023,2386133.15,131325.96,752485.82,1460502.2
F00248,2024,2034980.74,53091.39,643638.74,1447792.08
F00248,2025,3009937.55,700228.55,2500255.91,1841125.32
F00249,2021,875377.36,79350.76,327772.64,427917.31
F00249,2022,754710.92,46778.03,520799.82,414952.06
F00249,2023,679902.53,109706.54,82970.56,433117.45
F00249,2024,709248.3,31325.19,634228.44,398951.61
F00249,2025,816949.87,144416.39,93652.67,500218.23
F00250,2021,292124.56,11727.29,120245.48,118775.42
F00250,2022,359709.33,40992.85,280962.07,130412.64
F00250,2023,312288.58,59444.3,110408.53,166384.55
F00250,2024,380675.5,12554.23,135923.22,115850.42
F00250,2025,269702.42,64518.29,165051.35,139290.77
F00251,2021,101518.53,27355.75,58325.87,77047.27
F00251,2022,126906.94,13534.19,117452.19,61850.09
F00251,2023,118268.05,6740.49,95649.35,60632.53
F00251,2024,145940.06,41890.75,51123.33,72683.45
F00251,2025,98369.38,7347.96,21784.26,59515.98
F00252,2021,1175685.18,113884.55,967293.46,398274.08
F00252,2022,1315809.44,281549.14,947301.77,450916.64
F00252,2023,1186825.85,171213.51,888041.9,471124.99
F00252,2024,1707146.36,406981.13,1181169.38,500343.71
F00252,2025,1271620.91,181999.33,170386.79,405418.26
F00253,2021,1308707.47,157943.01,361951.45,495546.32
F00253,2022,1270790.66,360244.91,1059300.85,771982.59
F00253,2023,1254383.01,302824.33,597662.92,538871.35
F00253,2024,1172044.65,327438.39,779330.65,588267.47
F00253,2025,1312705.26,388835.09,682224.96,544380.52
F00254,2021,658274.15,134620.13,90087.26,290011.33
F00254,2022,616805.52,103333.36,212431.71,285684.73
F00254,2023,718821.06,44932.15,613210.94,243570.47
F00254,2024,616457.03,52448.64,277706.9,230977.97
F00254,2025,1195065.65,309776.2,576318.31,421092.48
F00255,2021,137706.55,15986.42,116012.81,153577.85
F00255,2022,173589.69,48696.68,85785.9,174590.33
F00255,2023,198788.64,53132.17,124328.66,162097.03
F00255,2024,144021.25,24280.63,83575.57,164296.29
F00255,2025,289722.22,38941.73,78703.6,156554.64
F00256,2021,1293851.22,346682.8,480935.7,821961.59
F00256,2022,1393837.29,283412.54,369890.89,805465.5
F00256,2023,1443611.41,106861.02,401614.6,594153.11
F00256,2024,790189.8,212851.96,218698.65,639382.09
F00256,2025,2088181.97,379663.23,1374651.5,884614.34
F00257,2021,300639.36,15910.41,190169.08,215104.96
F00257,2022,316787.48,74038.49,92292.96,256914.02
F00257,2023,328083.68,74581.17,87935.44,252424.25
F00257,2024,183258.07,16605.51,102966.25,216244.55
F00257,2025,393056.65,37294.27,86242.85,227469.26
F00258,2021,910705.98,152850.32,691150.44,635903.6
F00258,2022,1110700.35,323234.94,230687.11,814193.9
F00258,2023,934270.41,101412.16,634237.91,623605.19
F00258,2024,1670054.45,261776.39,1365486.04,729062.67
F00258,2025,1489618.03,234423.5,1235885.1,656489.99
F00259,2021,606436.96,19983.14,123579.91,242163.8
F00259,2022,582450.99,38215.55,418527.0,241880.85
F00259,2023,574633.27,167960.11,254918.13,359284.11
F00259,2024,446123.3,32652.05,63586.78,237155.93
F00259,2025,303823.93,67325.1,143916.73,251831.5
F00260,2021,3782652.89,495366.12,3501190.88,1499020.08
F00260,2022,4086287.13,278288.84,1279937.48,1250779.63
F00260,2023,5353359.46,477734.85,1296221.04,1252272.51
F00260,2024,8114947.3,474709.02,4629362.4,1445993.52
F00260,2025,9107879.27,1426031.77,3063552.02,1991825.9
F00261,2021,3169402.43,718940.5,2829834.86,1478152.56
F00261,2022,3515686.4,909634.24,2712534.87,1415990.77
F00261,2023,4336579.65,565954.76,3146918.42,1324045.13
F00261,2024,5167284.9,1380533.81,3593563.64,1543091.36
F00261,2025,4732639.53,693285.94,3381243.38,1509556.14
F00262,2021,343048.44,75955.65,143647.15,184080.56
F00262,2022,292484.35,46625.57,236297.3,164750.4
F00262,2023,351565.0,21923.39,147444.95,145132.61
F00262,2024,183893.74,52262.68,67201.93,149780.52
F00262,2025,279755.25,69576.06,246313.06,189224.68
F00263,2021,1152057.45,215354.72,631507.74,434409.87
F00263,2022,1348783.02,93464.61,740337.71,381084.59
F00263,2023,1477108.95,402348.73,1099833.34,581552.0
F00263,2024,2247351.93,70768.92,495415.77,404231.2
F00263,2025,3006136.48,343911.65,2514314.37,441266.92
F00264,2021,2683203.12,515617.84,1960190.36,1090088.51
F00264,2022,2676370.63,93412.76,1764502.32,867508.76
F00264,2023,2967530.75,127195.35,2053437.4,829137.1
F00264,2024,3756624.48,1107306.65,2867262.93,1373979.15
F00264,2025,3492570.61,314940.58,2128973.14,1027264.76
F00265,2021,5483448.89,1376455.14,2599343.76,2265633.8
F00265,2022,5797696.46,1212933.82,4564013.82,2363730.42
F00265,2023,4983074.61,809471.45,1197248.28,2066458.54
F00265,2024,7341880.07,1180404.62,1946138.25,2088302.58
F00265,2025,5642547.09,519472.99,2149539.89,1954143.85
F00266,2021,515548.3,113060.43,309239.05,373743.4
F00266,2022,528990.39,71800.67,439365.62,308038.69
F00266,2023,865760.93,112761.23,480022.57,385554.07
F00266,2024,611023.38,51790.63,498134.12,308910.18
F00266,2025,560932.44,81439.41,134979.59,332163.75
F00267,2021,62640.89,16969.12,11127.31,37616.16
F00267,2022,57809.87,12741.06,49147.48,30332.46
F00267,2023,77241.06,18377.71,24439.87,34478.92
F00267,2024,83263.33,2587.07,46588.83,23367.53
F00267,2025,67315.09,15592.4,20431.54,32611.48
F00268,2021,145327.11,19835.93,44967.56,97592.25
F00268,2022,158192.74,8192.29,101753.52,92742.84
F00268,2023,167816.35,6298.66,39094.57,93499.89
F00268,2024,193360.29,38165.35,64471.9,114363.26
F00268,2025,107273.88,27815.51,92519.77,105722.95
F00269,2021,193613.04,15877.58,63559.43,102166.59
F00269,2022,165822.1,31602.18,143921.6,108028.16
F00269,2023,127547.35,17838.45,79073.39,102762.0
F00269,2024,190871.42,53327.08,78200.96,114698.22
F00269,2025,111804.65,20448.0,60844.24,100771.8
F00270,2021,202358.17,50705.67,58265.73,229261.69
F00270,2022,194421.55,30631.49,75485.53,215074.44
F00270,2023,282855.23,30272.17,115356.0,210950.21
F00270,2024,297603.82,61599.24,239267.49,249438.65
F00270,2025,236351.59,17881.5,118347.53,199660.35
F00271,2021,2383920.13,201612.39,1165182.28,1459545.81
F00271,2022,2530546.69,549496.82,658393.36,1779524.45
F00271,2023,2828950.43,36432.5,352854.67,1317705.72
F00271,2024,2809845.31,362157.54,2028207.91,1436439.17
F00271,2025,1223365.21,325355.23,533841.93,1465515.47
F00272,2021,1886189.06,59999.14,947476.15,620491.93
F00272,2022,1658143.12,206436.14,181718.53,798757.93
F00272,2023,1744872.47,179444.48,870986.05,771090.75
F00272,2024,1713410.51,196433.2,1351315.55,774328.26
F00272,2025,773233.13,170633.8,229692.38,648915.29
F00273,2021,944960.48,257129.16,842694.05,524203.72
F00273,2022,967653.82,81146.97,698346.55,359996.01
F00273,2023,773364.45,76030.88,429753.94,359693.23
F00273,2024,989563.48,31889.3,595341.52,320720.47
F00273,2025,1410337.78,273342.88,497334.37,476626.88
F00274,2021,2561692.94,172491.81,1554446.38,1192111.01
F00274,2022,2345788.39,87537.21,1782535.91,1132909.85
F00274,2023,2691680.23,532074.6,429813.57,1312794.28
F00274,2024,1579714.99,236500.41,1019647.54,1211151.73
F00274,2025,2424874.95,650056.18,1875020.2,1287152.59
F00275,2021,834421.55,128120.72,604754.18,407571.5
F00275,2022,828566.25,215519.27,476973.1,521621.55
F00275,2023,921830.16,233937.89,579814.82,407166.01
F00275,2024,1217093.12,51095.21,703028.51,378915.61
F00275,2025,567244.85,133905.83,200696.06,444692.55
F00276,2021,960541.79,70138.72,111825.06,493385.05
F00276,2022,896572.61,236584.98,213055.42,608537.4
F00276,2023,938362.34,145311.62,640053.48,590143.94
F00276,2024,691192.04,191356.65,246260.47,586368.28
F00276,2025,604120.05,60126.8,329170.14,505324.28
F00277,2021,785442.48,162773.02,375486.73,495034.75
F00277,2022,817552.42,35637.22,117996.83,470668.24
F00277,2023,999242.1,143590.16,413179.04,587912.23
F00277,2024,560712.09,125084.45,534734.81,508222.7
F00277,2025,1236964.69,233419.74,1094107.66,626735.2
F00278,2021,264819.35,70853.08,178370.2,191583.9
F00278,2022,297274.82,13198.37,241405.81,139390.24
F00278,2023,365867.59,92629.4,250651.81,204898.81
F00278,2024,228600.84,10359.43,24466.73,134500.57
F00278,2025,183530.78,28164.6,78867.75,148974.34
F00279,2021,1329246.04,347563.7,634510.15,766034.37
F00279,2022,1550059.88,153939.84,480045.65,544458.63
F00279,2023,2098846.95,110947.0,535481.19,538835.46
F00279,2024,1852437.64,307088.29,970936.56,693571.88
F00279,2025,3350057.34,150447.41,2948423.1,582457.99
F00280,2021,117628.51,7540.27,98604.88,143442.32
F00280,2022,114647.52,23564.73,64538.51,150402.06
F00280,2023,157665.14,28817.63,140645.4,149651.36
F00280,2024,97976.1,15358.21,77856.15,147209.61
F00280,2025,195730.73,35402.46,153138.47,156292.86
F00281,2021,220161.91,36123.99,95542.16,136889.39
F00281,2022,234860.29,42651.81,247708.71,148018.48
F00281,2023,275097.14,32400.33,139535.14,122967.3
F00281,2024,133770.79,14058.52,85638.03,116563.87
F00281,2025,233908.23,56942.51,181147.45,137597.41
F00282,2021,481989.93,26299.75,105549.41,238293.5
F00282,2022,544653.1,129642.58,233989.39,292857.75
F00282,2023,383361.14,69547.52,185386.85,241844.97
F00282,2024,498829.94,136543.5,406032.67,322791.29
F00282,2025,291681.23,19959.15,113545.54,228825.8
F00283,2021,2932859.03,802287.58,1942172.92,2766336.41
F00283,2022,3139436.0,547143.0,2962164.54,2230650.81
F00283,2023,2918617.63,106726.52,1982615.32,2010244.55
F00283,2024,4204907.57,253939.28,1476254.41,2118452.35
F00283,2025,2757555.49,310674.6,1915098.81,2082315.51
F00284,2021,205831.91,29741.97,121677.69,96147.12
F00284,2022,249384.57,51886.1,38341.06,118236.68
F00284,2023,259471.63,5984.35,73961.51,81721.01
F00284,2024,258966.49,15221.48,111784.02,91062.67
F00284,2025,196351.63,36376.18,43979.22,113363.79
F00285,2021,145280.19,6103.6,87030.83,119448.24
F00285,2022,129537.69,32514.74,52338.29,137401.82
F00285,2023,138905.39,13984.34,32240.45,123580.0
F00285,2024,144561.7,22796.3,80333.87,121299.72
F00285,2025,259589.7,20739.73,117844.54,127675.03
F00286,2021,32475.44,6337.39,24430.68,39286.05
F00286,2022,30928.29,4760.8,20094.58,38080.8
F00286,2023,36711.33,7943.02,25900.03,41567.67
F00286,2024,49351.01,9319.78,37589.26,44048.09
F00286,2025,56394.55,4089.86,27582.1,38858.55
F00287,2021,777948.88,38526.75,357494.31,286585.14
F00287,2022,823022.7,33631.58,714095.36,294593.28
F00287,2023,616791.71,58565.07,398305.12,297635.63
F00287,2024,1134937.98,301590.51,497413.43,381885.3
F00287,2025,1302802.01,364905.0,631432.97,601049.61
F00288,2021,228089.36,42565.62,101012.9,188412.01
F00288,2022,198137.07,20504.19,178161.05,172802.34
F00288,2023,222637.01,8198.5,198789.77,159978.87
F00288,2024,155114.68,6794.75,120269.07,156687.41
F00288,2025,308267.31,60869.98,110257.58,187133.91
F00289,2021,362100.24,65475.72,155725.98,271037.87
F00289,2022,327727.8,11428.46,220084.6,226688.35
F00289,2023,384715.94,11379.78,38571.08,221625.02
F00289,2024,544106.91,50691.04,172527.81,253913.46
F00289,2025,463703.12,70672.01,267301.22,287963.94
F00290,2021,1102472.49,232548.61,604251.98,489225.89
F00290,2022,1233301.43,151477.47,737015.28,459339.69
F00290,2023,1325560.51,138745.42,610565.23,372338.83
F00290,2024,1549276.38,439936.29,550715.49,471331.57
F00290,2025,3176677.37,862503.27,2394811.58,1123924.43
F00291,2021,687715.67,155605.88,179241.3,441819.89
F00291,2022,612710.32,53608.48,379170.22,380608.22
F00291,2023,441830.41,99952.05,264161.16,424989.91
F00291,2024,747226.1,76016.23,451323.25,389809.54
F00291,2025,355798.08,44597.83,190213.22,358784.68
F00292,2021,928896.57,13000.61,290174.38,296424.03
F00292,2022,1178577.44,195001.91,964926.03,388404.74
F00292,2023,1445831.53,82346.85,819990.67,355909.62
F00292,2024,1924647.97,314539.98,1048741.24,544071.64
F00292,2025,1367808.54,28526.57,199130.32,307177.03
F00293,2021,64064.97,11802.87,51585.97,31549.65
F00293,2022,62922.82,7045.69,37091.49,28367.23
F00293,2023,63935.13,17888.02,38142.75,34112.25
F00293,2024,66058.79,15487.98,19786.99,36673.13
F00293,2025,70839.56,19083.94,9682.41,32216.51
F00294,2021,1436150.32,256380.79,226971.7,762364.98
F00294,2022,1708285.59,197591.28,1238293.57,763113.77
F00294,2023,1515139.77,266268.29,949125.18,858249.05
F00294,2024,1890336.29,484031.95,907039.33,1103011.08
F00294,2025,1978026.95,482781.57,851971.32,1078600.07
F00295,2021,101001.7,19545.39,13626.44,101261.09
F00295,2022,94441.8,23265.78,13100.76,96494.45
F00295,2023,140015.74,13195.31,52293.37,98980.69
F00295,2024,142080.79,24811.7,21975.11,106870.31
F00295,2025,115266.27,24806.21,38109.15,94311.22
F00296,2021,589147.07,174091.31,354847.19,307279.15
F00296,2022,587382.53,161430.0,183890.13,270917.75
F00296,2023,591036.12,159346.3,350887.37,272851.56
F00296,2024,764616.5,140240.92,153895.94,256200.72
F00296,2025,398016.3,20064.72,85594.25,227150.86
F00297,2021,590521.93,12171.3,91269.88,316897.33
F00297,2022,590325.82,125065.27,364222.65,383139.29
F00297,2023,778709.96,22945.63,587867.94,319186.46
F00297,2024,918753.98,263153.88,424757.05,497479.03
F00297,2025,1196891.05,56942.28,390721.0,359504.37
F00298,2021,432052.41,67639.26,181543.58,192848.4
F00298,2022,412896.61,104507.86,377892.86,261717.55
F00298,2023,375897.43,101879.62,224012.6,239866.85
F00298,2024,509811.6,138207.42,366581.15,262978.07
F00298,2025,217803.07,55738.99,156965.6,197047.76
F00299,2021,640115.32,77015.57,145376.11,254199.87
F00299,2022,729808.89,112405.81,582754.78,217112.14
F00299,2023,847649.41,105536.88,192796.17,219605.41
F00299,2024,1006720.54,147677.71,366648.03,318402.04
F00299,2025,912782.35,141833.37,227622.39,226556.64
F00300,2021,426431.69,70081.42,151504.49,269318.52
F00300,2022,435539.9,97840.15,396823.12,284761.04
F00300,2023,398875.1,40743.03,325764.61,252508.44
F00300,2024,547494.35,79116.19,434735.06,281603.67
F00300,2025,576831.63,61050.85,149047.95,237819.19
F00301,2021,434099.43,84977.06,95762.58,177735.54
F00301,2022,534395.52,110162.44,393705.4,215934.18
F00301,2023,627363.82,24802.0,511134.03,150783.01
F00301,2024,536198.48,19893.62,151046.02,142143.4
F00301,2025,1098339.47,265332.47,670956.47,295621.84
F00302,2021,1166907.94,241747.92,187173.61,705772.51
F00302,2022,1394040.65,336703.42,922653.66,580562.58
F00302,2023,1349385.73,152296.37,626357.92,549947.58
F00302,2024,2096816.49,99403.81,1482785.1,531670.03
F00302,2025,2557675.07,243535.12,2025792.59,595005.94
F00303,2021,277254.48,44537.02,86785.49,273724.31
F00303,2022,301784.9,11790.9,213896.95,254964.48
F00303,2023,406682.15,60940.49,117833.51,290792.37
F00303,2024,281070.11,52601.98,230157.35,290042.31
F00303,2025,392332.49,88901.36,140576.29,337557.57
F00304,2021,485170.18,142412.42,415179.45,332595.92
F00304,2022,547177.59,39896.47,382470.43,315675.95
F00304,2023,643993.32,112853.26,526155.21,387042.98
F00304,2024,579940.68,95262.58,283310.95,328283.71
F00304,2025,420161.89,95227.9,325744.39,345874.88
F00305,2021,5640497.19,1399477.86,3123571.12,3158780.56
F00305,2022,6856400.36,590514.76,4877226.8,2217446.4
F00305,2023,5806402.2,1277684.42,3265022.82,2488384.91
F00305,2024,9703279.12,1896984.34,1854463.38,3430367.06
F00305,2025,10685078.21,2448123.25,9455142.19,3247517.02
F00306,2021,1043485.94,47868.77,747324.5,415648.26
F00306,2022,1258517.34,59299.86,1004736.46,445035.59
F00306,2023,1161684.52,277207.26,675202.43,591409.57
F00306,2024,2239017.92,359965.18,827008.7,551732.59
F00306,2025,1142706.22,311703.97,690286.23,527643.19
F00307,2021,333007.43,56714.72,211221.2,145317.8
F00307,2022,406630.61,27199.7,257784.32,127152.9
F00307,2023,332823.09,28046.73,324466.88,118398.83
F00307,2024,463181.51,67158.18,397577.34,127593.38
F00307,2025,290046.07,81102.57,73492.24,171965.31
F00308,2021,493278.26,143201.34,59898.35,561241.48
F00308,2022,559273.19,145749.58,193147.01,563277.48
F00308,2023,493249.7,44002.1,144495.36,444531.77
F00308,2024,843926.09,246457.73,291819.62,577045.75
F00308,2025,774671.81,226275.7,331975.36,541473.14
F00309,2021,381931.69,82155.05,234487.3,479513.64
F00309,2022,341597.96,72035.3,175832.73,474270.89
F00309,2023,420796.13,11048.07,70630.9,446583.56
F00309,2024,245287.05,71553.66,54660.34,483228.73
F00309,2025,225725.98,20269.63,30089.11,450834.52
F00310,2021,1062030.45,230143.28,316915.82,605396.93
F00310,2022,989427.04,61429.29,297699.09,438242.36
F00310,2023,790162.48,119298.65,352256.79,440798.2
F00310,2024,972947.52,261882.35,823620.82,573578.54
F00310,2025,1236598.05,74297.19,191717.9,444337.32
F00311,2021,105535.99,17538.62,48603.8,127624.16
F00311,2022,90931.23,21054.44,30670.39,137370.68
F00311,2023,103859.0,21297.33,75877.78,134229.43
F00311,2024,87551.28,22697.33,25067.36,139979.41
F00311,2025,141473.41,14528.9,20281.45,127422.63
F00312,2021,532420.34,47795.42,289992.63,305983.94
F00312,2022,600442.49,78834.2,179530.89,329124.75
F00312,2023,784256.64,43948.62,96904.67,298131.32
F00312,2024,1058285.72,143570.87,250829.81,397002.11
F00312,2025,622283.83,178842.03,276551.88,331937.27
F00313,2021,862154.78,40081.77,572645.23,811574.88
F00313,2022,874216.76,184279.93,502038.39,920909.84
F00313,2023,970418.25,219250.52,384071.27,910488.11
F00313,2024,617473.96,33124.48,314373.36,803260.8
F00313,2025,678955.85,97864.54,570937.33,819947.66
F00314,2021,1993100.31,262741.79,827168.91,1352342.42
F00314,2022,2025651.87,518292.89,1739740.4,1391933.88
F00314,2023,2154514.51,609739.82,1798798.44,1728555.54
F00314,2024,1877769.65,499722.49,1344459.21,1391202.52
F00314,2025,2723145.85,119160.79,1558158.54,1257134.54
F00315,2021,145765.55,34513.78,117180.21,127393.73
F00315,2022,181703.24,13682.83,112214.3,109549.12
F00315,2023,214949.1,60654.83,56001.64,149126.77
F00315,2024,305015.9,25598.77,111625.51,126072.99
F00315,2025,412098.58,85326.62,102802.25,141028.58
F00316,2021,1260523.5,119694.79,660977.72,787365.14
F00316,2022,1162346.78,344388.85,553392.7,997665.13
F00316,2023,831860.83,197624.44,559382.66,770152.11
F00316,2024,1311010.27,239376.33,966022.77,834409.39
F00316,2025,538192.05,103269.29,197300.49,759720.08
F00317,2021,5914142.37,628743.64,900058.6,2582644.6
F00317,2022,6259318.77,521803.29,3300350.89,2683726.94
F00317,2023,9109940.56,1464320.47,5381344.97,3827653.21
F00317,2024,8507285.83,685851.16,3667154.41,2601060.99
F00317,2025,13208049.62,469766.92,5910676.43,2684403.0
F00318,2021,97296.45,28069.21,70366.25,70245.72
F00318,2022,100870.93,17700.89,22168.33,66147.32
F00318,2023,103825.0,5765.44,88528.6,52043.63
F00318,2024,187827.27,27481.04,162174.08,73617.55
F00318,2025,228194.68,9323.41,52092.23,55270.14
F00319,2021,2548426.33,207330.97,1265581.6,939860.94
F00319,2022,2142447.08,565116.29,1034294.67,1331551.42
F00319,2023,2328939.62,381196.98,910050.43,984741.72
F00319,2024,3331649.81,942173.49,1280679.5,1618576.74
F00319,2025,2098347.01,424119.21,2063956.33,1139559.43
F00320,2021,1020401.37,173671.56,787414.19,810665.52
F00320,2022,1127936.47,294762.84,624362.03,922187.35
F00320,2023,1445357.94,189913.28,502165.89,776561.02
F00320,2024,2021186.34,393833.66,593507.07,889722.85
F00320,2025,1512110.54,254670.75,267014.09,775317.87
F00321,2021,2699658.92,274078.7,1060505.04,1020989.65
F00321,2022,2914805.23,627601.24,2452850.15,1129872.23
F00321,2023,2103490.97,500867.5,1231163.39,1333487.06
F00321,2024,2137498.4,291293.15,460251.46,1092706.08
F00321,2025,1615577.03,232342.62,835932.95,967154.65
F00322,2021,4144838.05,587171.42,3089373.23,1949313.64
F00322,2022,4955017.58,127925.61,3713658.99,1677399.21
F00322,2023,5926192.13,1283852.81,5835273.18,2182875.64
F00322,2024,3273512.53,67359.1,1004548.93,1605124.96
F00322,2025,8884435.79,2453471.5,3082850.53,3339029.16
F00323,2021,1299307.76,328514.26,514564.68,717281.32
F00323,2022,1552033.89,331739.0,532934.96,628457.46
F00323,2023,2022183.34,91679.7,226205.43,502839.23
F00323,2024,1717735.96,42826.7,1469238.41,486161.52
F00323,2025,1266653.38,312178.41,566656.4,757703.81
F00324,2021,369309.19,58277.61,263530.42,395556.55
F00324,2022,446301.28,32220.3,153792.72,367699.89
F00324,2023,550107.38,159080.01,281415.0,500039.97
F00324,2024,706270.14,52825.4,82802.46,398495.7
F00324,2025,899474.1,102695.1,305039.66,415851.11
F00325,2021,596777.93,124548.27,411147.16,305934.9
F00325,2022,677549.81,123535.67,423961.75,248596.68
F00325,2023,601674.75,83955.11,161383.0,279450.8
F00325,2024,1065366.33,107826.38,876670.93,251709.23
F00325,2025,751031.78,172253.8,545182.19,323269.97
F00326,2021,949127.97,100801.06,496223.08,738704.83
F00326,2022,1006406.27,251728.39,509749.28,801510.54
F00326,2023,1063940.52,274768.32,490933.0,845201.49
F00326,2024,1225928.58,59096.89,646160.35,683167.96
F00326,2025,1203648.72,110219.66,967093.82,742530.49
F00327,2021,1456798.3,260789.1,1010608.39,612209.91
F00327,2022,1266694.53,227933.0,1182343.1,616084.77
F00327,2023,966787.19,280581.34,302056.55,746518.36
F00327,2024,1729850.94,248890.3,1152872.88,691289.46
F00327,2025,565142.42,105791.25,374633.85,576211.5
F00328,2021,685043.28,78030.92,523502.01,292451.2
F00328,2022,590276.88,149619.13,496860.8,296339.8
F00328,2023,740697.41,137358.11,328619.99,327731.26
F00328,2024,468820.0,124587.72,70487.78,290062.57
F00328,2025,423470.54,44442.04,81037.08,269452.38
F00329,2021,1691891.95,264450.21,1619970.63,772332.98
F00329,2022,1367685.51,170579.39,546102.85,776881.69
F00329,2023,1499043.01,242839.38,1287732.38,762822.47
F00329,2024,1446373.54,250973.01,1016680.68,741460.53
F00329,2025,1425155.43,222336.53,1377770.35,841694.98
F00330,2021,65631.3,10049.5,25291.72,59529.41
F00330,2022,66451.49,19564.16,45484.51,68100.17
F00330,2023,63418.67,7838.13,22005.23,57551.72
F00330,2024,93383.31,6858.94,56082.93,59687.49
F00330,2025,68867.55,19275.68,40212.34,63101.5
F00331,2021,595952.31,86530.78,449340.79,281931.17
F00331,2022,526581.84,114461.84,419529.5,272265.44
F00331,2023,617076.55,153444.56,334547.44,280013.88
F00331,2024,819186.83,199825.46,317749.6,278804.29
F00331,2025,695847.08,25222.94,165976.74,213473.27
F00332,2021,41261.3,11785.95,30069.97,27838.99
F00332,2022,41703.1,10265.41,34993.36,30157.07
F00332,2023,46195.72,1697.54,8509.37,22154.11
F00332,2024,64481.96,1300.13,30468.59,22389.44
F00332,2025,97345.42,28941.19,32236.19,31977.11
F00333,2021,712967.05,129900.58,364451.28,348661.47
F00333,2022,820823.55,226051.34,402299.15,339555.39
F00333,2023,932123.08,107989.0,632353.01,284310.16
F00333,2024,874715.02,56539.32,586647.85,297312.12
F00333,2025,655646.05,144024.33,297022.92,342205.0
F00334,2021,102593.82,12238.75,19326.47,81397.1
F00334,2022,106486.77,17527.99,93047.9,76261.02
F00334,2023,109312.26,8152.32,45815.28,75928.35
F00334,2024,151545.95,34361.1,44428.43,88264.65
F00334,2025,100417.55,27003.04,28622.14,93887.62
F00335,2021,106263.55,7990.26,44751.81,52289.01
F00335,2022,108224.01,10879.85,41745.48,50470.12
F00335,2023,89104.13,23929.3,45886.53,59594.08
F00335,2024,63071.77,3293.44,43969.54,47628.62
F00335,2025,173100.29,4959.04,32917.4,49233.73
F00336,2021,304146.77,69121.07,98463.54,168608.08
F00336,2022,319083.63,90387.9,232671.04,139030.94
F00336,2023,258628.87,54522.72,82219.48,129322.06
F00336,2024,343337.03,77376.12,254268.29,129323.83
F00336,2025,296337.74,17294.2,48432.77,114055.39
F00337,2021,1195996.64,132258.23,415611.67,619333.8
F00337,2022,1281609.09,45242.09,470235.13,585500.21
F00337,2023,1563294.48,426167.29,818168.24,679459.65
F00337,2024,1608680.18,353379.75,589121.19,824304.17
F00337,2025,1707276.27,320972.6,1079708.92,859445.22
F00338,2021,286055.07,12797.34,214978.39,101598.34
F00338,2022,342566.28,51168.73,189099.36,105207.79
F00338,2023,264404.1,21431.61,158165.64,107387.77
F00338,2024,541759.55,88464.68,101759.85,154881.57
F00338,2025,266286.71,30898.62,152957.8,114216.46
F00339,2021,227404.17,22418.04,120702.88,145336.64
F00339,2022,205642.41,11459.09,203487.37,136066.43
F00339,2023,237984.85,57614.21,181663.38,164784.86
F00339,2024,219979.26,49161.63,189062.92,150837.88
F00339,2025,316296.84,86301.74,114949.79,190023.12
F00340,2021,2729863.94,162346.79,1574939.55,950664.07
F00340,2022,2971674.01,329606.81,1915012.0,1141483.32
F00340,2023,3857629.45,266368.64,2261178.83,961463.57
F00340,2024,4096609.04,110654.99,1411090.49,955761.43
F00340,2025,4784961.06,579243.87,4009984.53,1241254.13
F00341,2021,503611.57,114098.65,444556.5,275601.81
F00341,2022,431081.43,70828.76,270891.6,268327.01
F00341,2023,394876.51,58748.01,342215.25,282413.51
F00341,2024,341278.15,37388.93,231226.13,253548.24
F00341,2025,220935.45,32907.63,156997.01,239728.18
F00342,2021,6152926.79,366783.03,1448168.21,3841136.63
F00342,2022,5735641.04,618715.79,2837390.18,3925861.19
F00342,2023,7275105.29,885016.6,2099699.82,3869953.32
F00342,2024,8256962.16,2122468.09,5674689.54,4909269.65
F00342,2025,3444781.65,284319.98,2837079.55,3645310.6
F00343,2021,638402.06,70945.7,289313.77,692439.6
F00343,2022,690022.44,98245.48,157219.08,729472.8
F00343,2023,852809.6,53466.18,713640.7,700419.39
F00343,2024,1025964.59,216226.55,395751.18,814308.78
F00343,2025,1343987.48,342501.84,1207383.88,779198.44
F00344,2021,942988.68,141963.02,137985.74,528163.71
F00344,2022,1133896.05,173691.85,302386.4,460956.04
F00344,2023,807159.99,103864.94,389526.73,448033.22
F00344,2024,1141106.01,63446.84,178668.58,429804.17
F00344,2025,1475198.37,41611.11,1020473.96,415054.29
F00345,2021,924844.4,254381.26,517785.57,538573.88
F00345,2022,1138296.44,208591.68,407459.47,476343.61
F00345,2023,1229380.79,233878.25,945877.54,444055.43
F00345,2024,1690602.61,93724.71,1009995.64,382662.36
F00345,2025,1081213.05,118024.88,970951.83,424412.4
F00346,2021,1725982.26,183315.58,417414.2,855626.93
F00346,2022,1722830.87,323990.41,470045.61,893240.3
F00346,2023,2073708.52,446307.35,1371696.13,1014576.88
F00346,2024,1745180.62,370702.23,1377058.29,801113.09
F00346,2025,2589603.82,474334.93,1745790.27,997617.68
F00347,2021,596092.5,152384.04,260056.22,727224.08
F00347,2022,663603.12,93418.46,343181.8,630361.85
F00347,2023,908046.74,144915.68,510893.7,645540.07
F00347,2024,1319608.7,355027.66,860669.1,907417.64
F00347,2025,726045.28,211968.51,266112.29,761548.41
F00348,2021,430487.25,5918.11,182662.49,162402.57
F00348,2022,468801.81,108216.21,186996.64,204351.16
F00348,2023,450071.85,85554.21,105690.45,213040.39
F00348,2024,423275.71,72476.75,396066.18,197239.25
F00348,2025,475276.12,98165.87,376259.05,208293.88
F00349,2021,112649.96,17807.55,18314.35,68887.04
F00349,2022,116921.5,18964.33,95563.1,71770.37
F00349,2023,133650.59,27761.7,51442.68,77544.83
F00349,2024,217340.26,61979.94,140758.62,118481.89
F00349,2025,165034.3,18111.56,101340.53,71101.61
F00350,2021,505455.06,43406.62,265993.56,468526.73
F00350,2022,462066.54,34512.58,160505.05,444918.62
F00350,2023,492641.84,17398.75,212582.46,443130.17
F00350,2024,450679.27,77479.99,122352.32,477791.31
F00350,2025,458971.53,41968.19,97240.22,461016.74
F00351,2021,946947.37,95634.32,447035.83,416916.55
F00351,2022,1057680.61,24465.5,289073.04,388481.69
F00351,2023,1010779.89,176463.46,823311.06,531298.52
F00351,2024,815286.01,162776.55,637178.14,470669.67
F00351,2025,790749.17,24189.6,216373.06,383501.95
F00352,2021,5690091.25,1297348.06,1329192.08,3979946.9
F00352,2022,6240105.27,484549.76,4114789.71,3098996.97
F00352,2023,7935188.4,1961699.94,3018226.16,4469162.16
F00352,2024,4569089.67,1152590.62,3661029.31,3523626.73
F00352,2025,7944366.37,473090.37,6979607.15,3121541.43
F00353,2021,201498.72,25700.51,116612.9,195800.57
F00353,2022,233240.7,12070.26,81447.63,186329.63
F00353,2023,227943.17,45760.61,29169.71,210945.7
F00353,2024,397668.79,30560.14,128708.84,202504.66
F00353,2025,246591.03,19475.31,212645.43,188417.61
F00354,2021,342241.54,43392.09,113644.15,438780.2
F00354,2022,345220.72,19017.52,159171.34,435382.32
F00354,2023,278979.95,53433.86,101753.8,477911.65
F00354,2024,216506.4,50472.5,33537.53,470102.68
F00354,2025,308642.26,23779.18,201766.63,447248.92
F00355,2021,386513.03,52618.86,253447.49,484250.85
F00355,2022,385823.5,15000.54,322947.3,452167.57
F00355,2023,347368.29,54550.8,134196.56,465526.08
F00355,2024,347980.39,9327.62,54900.53,455399.08
F00355,2025,234547.34,32484.2,96076.35,464949.77
F00356,2021,5353711.78,646063.75,2918474.25,1928134.57
F00356,2022,5543509.97,462587.17,2304034.66,1937900.11
F00356,2023,9311047.64,2571111.73,2935308.15,4012914.56
F00356,2024,8091519.46,1103770.74,1122340.19,2741713.18
F00356,2025,6866158.28,1649645.98,1547885.94,2768911.7
F00357,2021,270633.5,50127.26,239598.35,105472.12
F00357,2022,268089.36,30180.68,199827.54,114864.5
F00357,2023,200965.82,34300.1,32757.36,115218.72
F00357,2024,173649.31,49740.78,59878.19,137656.91
F00357,2025,331973.25,99217.75,108814.99,121026.52
F00358,2021,707006.8,52919.33,585396.03,472790.72
F00358,2022,853362.36,82138.48,452456.72,522894.54
F00358,2023,1074070.67,52275.88,281172.22,466654.64
F00358,2024,1279178.18,241232.94,943976.45,631733.43
F00358,2025,1356542.83,396983.21,602258.48,800635.82
F00359,2021,574019.71,152796.96,128922.79,393742.77
F00359,2022,554391.67,113245.2,462621.49,349910.66
F00359,2023,857986.06,183062.82,522771.87,362070.17
F00359,2024,544859.19,12316.71,131303.28,275727.02
F00359,2025,1198283.57,90319.0,1057202.32,302038.56
F00360,2021,2176460.54,629762.84,493429.37,2563663.62
F00360,2022,2366307.91,650469.32,2000318.04,2375822.61
F00360,2023,2892577.33,120225.09,1423309.36,2135418.22
F00360,2024,1987052.69,146908.85,511210.76,2172730.17
F00360,2025,2714761.23,625235.04,2406466.8,2622657.18
F00361,2021,712381.46,37623.29,221975.5,870361.52
F00361,2022,669502.87,155132.06,423705.13,896808.21
F00361,2023,936278.14,252064.65,830154.7,1062725.05
F00361,2024,1032491.55,192021.9,527513.69,951727.09
F00361,2025,1362580.43,395487.25,552345.39,1219514.87
F00362,2021,211874.99,9738.78,71109.0,127263.24
F00362,2022,203050.01,14556.56,65112.15,122992.28
F00362,2023,264482.11,46014.23,109125.09,145532.42
F00362,2024,250247.31,56667.46,72526.58,154058.57
F00362,2025,129544.39,15545.61,98230.31,130461.02
F00363,2021,2095404.05,93331.27,1145033.64,1062355.43
F00363,2022,2106040.7,242817.51,1195100.45,1118457.72
F00363,2023,2266289.73,250808.51,766286.46,1178338.62
F00363,2024,2054593.17,575140.58,843609.0,1480959.75
F00363,2025,1941874.32,172320.07,1234243.41,1126581.53
F00364,2021,7782062.0,1119228.88,2507512.99,3330216.26
F00364,2022,9871283.75,910369.88,1997016.49,2995024.36
F00364,2023,9003554.83,2225077.83,6368838.75,4435868.43
F00364,2024,8562243.25,2175552.17,2357935.54,4392578.68
F00364,2025,16604870.6,1827853.72,8369210.79,3509717.37
F00365,2021,698068.38,104854.08,251075.79,518748.86
F00365,2022,609427.84,88453.96,181346.08,514421.21
F00365,2023,573534.91,90804.51,476382.62,510015.24
F00365,2024,561665.48,147219.35,554923.81,485830.38
F00365,2025,787394.41,13611.59,320861.24,445650.16
F00366,2021,797036.5,115516.93,585571.03,648318.89
F00366,2022,789804.85,65575.95,172098.38,575579.11
F00366,2023,626959.92,61637.98,559377.15,597665.35
F00366,2024,682115.33,154443.57,235179.35,618211.1
F00366,2025,469695.95,119614.48,137768.34,577382.48
F00367,2021,277561.7,9792.87,116966.08,305234.88
F00367,2022,269774.32,69431.77,176239.76,331504.11
F00367,2023,388842.79,39821.23,271338.36,330447.38
F00367,2024,437654.15,64289.7,281232.02,342217.57
F00367,2025,292798.08,69999.2,124217.29,320932.83
F00368,2021,173410.81,31415.25,130487.87,72334.86
F00368,2022,159287.21,23483.29,89121.89,73697.01
F00368,2023,202144.75,20671.69,20948.44,60403.81
F00368,2024,252201.54,57003.24,82187.52,100491.28
F00368,2025,183490.37,31230.42,35441.49,65322.78
F00369,2021,1074470.71,90131.65,991107.97,480140.08
F00369,2022,1140665.91,216293.77,1056154.33,566382.62
F00369,2023,1226355.5,325108.22,177589.99,593293.72
F00369,2024,1246685.42,218931.47,1107666.87,499643.1
F00369,2025,472193.32,36283.26,312133.09,420046.68
F00370,2021,2035080.32,116747.08,826683.95,746117.51
F00370,2022,2120624.85,462351.75,1049638.67,900793.0
F00370,2023,2129888.89,334285.21,1171040.18,797692.35
F00370,2024,2266676.92,643243.96,304240.03,1014723.99
F00370,2025,2275251.71,78847.34,637739.05,687564.48
F00371,2021,2053739.34,183268.12,1120682.01,1148205.61
F00371,2022,1972507.44,570304.74,756360.67,1402031.71
F00371,2023,2337879.36,220041.67,1911344.96,1173567.69
F00371,2024,1933971.82,569258.16,1470626.21,1402764.01
F00371,2025,1026560.62,214649.69,338282.45,1265401.64
F00372,2021,255195.25,21673.56,233917.58,230004.25
F00372,2022,260463.0,49101.6,35625.73,266313.48
F00372,2023,320785.39,46237.02,146899.29,266344.68
F00372,2024,250509.1,49683.06,233242.4,240645.09
F00372,2025,444300.49,40406.14,394197.44,238175.99
F00373,2021,6253449.29,1727506.46,881367.12,3513232.97
F00373,2022,6212166.13,984049.63,1158887.43,2485945.8
F00373,2023,4771543.67,1068613.75,2836600.82,2740607.33
F00373,2024,4719809.12,764025.73,2931676.48,2124254.1
F00373,2025,6931772.62,455120.62,3693506.95,2024677.62
F00374,2021,982209.5,209089.72,342669.05,657450.89
F00374,2022,907661.56,71631.67,553428.62,493747.22
F00374,2023,684298.59,52439.28,485854.01,478345.35
F00374,2024,651884.04,55705.81,578159.04,506012.73
F00374,2025,993215.65,43384.39,325961.99,469712.43
F00375,2021,162162.26,46362.23,81335.19,113773.26
F00375,2022,204229.15,39961.04,169419.53,110811.93
F00375,2023,250509.07,47140.19,78805.43,128517.35
F00375,2024,258623.2,52327.99,160109.8,137222.58
F00375,2025,194007.29,25858.02,129710.96,106431.48
F00376,2021,45703.27,13178.02,30069.73,29022.04
F00376,2022,50185.89,7427.74,15662.64,21558.23
F00376,2023,58308.93,15025.12,23114.44,25394.74
F00376,2024,52984.22,8716.5,40847.75,21809.95
F00376,2025,87696.84,20067.32,18737.9,36987.99
F00377,2021,155632.93,39005.17,126099.58,80470.06
F00377,2022,161739.09,39500.78,88411.8,99088.28
F00377,2023,122170.07,33866.61,66225.17,76257.02
F00377,2024,163078.17,21945.44,61496.79,79435.4
F00377,2025,88651.8,3832.4,33466.98,65208.18
F00378,2021,1531739.72,332778.11,267000.94,1227464.51
F00378,2022,1664062.11,331943.3,1472585.49,1178821.61
F00378,2023,2180668.12,380994.99,802155.24,1191084.02
F00378,2024,2304610.69,476063.71,1729230.08,1488076.46
F00378,2025,1684126.56,444562.75,593510.18,1301252.83
F00379,2021,365803.4,10784.1,145806.3,232374.47
F00379,2022,418673.01,64310.96,290242.62,285797.73
F00379,2023,493307.98,108049.22,175162.44,311967.36
F00379,2024,620468.72,101621.39,162698.85,319601.22
F00379,2025,912166.21,237729.84,359312.09,388374.93
F00380,2021,212901.75,60621.44,101581.45,134359.85
F00380,2022,191358.74,32498.76,45370.19,120671.75
F00380,2023,223911.08,6126.54,144960.93,108084.88
F00380,2024,205421.64,38266.5,45790.56,120831.06
F00380,2025,151163.35,23269.19,96646.12,121650.41
F00381,2021,957793.58,162184.43,263303.42,434175.83
F00381,2022,903497.58,183177.68,244891.29,367732.15
F00381,2023,1151552.75,247454.22,1015951.36,409866.11
F00381,2024,635403.86,157998.27,272895.54,352020.67
F00381,2025,1003842.76,233758.75,771269.94,485028.51
F00382,2021,428565.78,57754.73,168454.61,307965.74
F00382,2022,515045.68,112213.57,189315.27,319105.36
F00382,2023,505110.14,139297.13,180237.22,351018.13
F00382,2024,485652.78,131912.88,251244.6,392266.36
F00382,2025,554684.94,129627.41,181953.62,389906.92
F00383,2021,877299.57,225270.09,130011.87,502177.41
F00383,2022,749593.31,97897.42,365541.52,473265.74
F00383,2023,804274.77,146923.58,419007.01,483040.13
F00383,2024,475150.34,51983.47,413240.27,425229.86
F00383,2025,659448.05,189383.4,535671.81,574264.82
F00384,2021,485776.7,142474.62,221348.75,254840.84
F00384,2022,509021.34,45689.46,375493.6,203634.73
F00384,2023,429662.64,35030.11,66351.29,183579.93
F00384,2024,255009.34,11146.91,221024.51,166169.18
F00384,2025,408205.63,85299.02,152680.1,214670.84
F00385,2021,112662.23,33207.0,65326.16,116403.51
F00385,2022,120172.54,15862.56,80091.75,105057.53
F00385,2023,90600.33,1896.49,40491.26,100073.57
F00385,2024,141589.83,41165.7,74733.76,117436.69
F00385,2025,83355.26,20343.89,10857.71,111062.81
F00386,2021,1863570.98,337540.44,1467511.16,856482.59
F00386,2022,2101724.61,504108.92,1703646.17,963668.04
F00386,2023,3181734.98,208293.27,1526005.23,806354.83
F00386,2024,2860405.8,765552.13,1615212.02,1329444.9
F00386,2025,4911512.87,633630.66,2182778.04,830416.22
F00387,2021,80509.32,7976.48,57070.37,54922.29
F00387,2022,96861.39,16755.72,44086.19,64307.82
F00387,2023,105621.11,6835.62,81348.06,54806.3
F00387,2024,90207.98,23324.88,31731.93,69902.41
F00387,2025,222484.55,64156.53,80045.41,106504.26
F00388,2021,264298.26,9925.05,117100.28,184513.05
F00388,2022,299313.52,15682.78,109115.2,191338.81
F00388,2023,358535.89,13026.35,81563.61,187102.52
F00388,2024,315809.99,43619.99,133372.67,194232.58
F00388,2025,706619.57,137688.96,349709.27,259869.68
F00389,2021,210296.71,43521.69,142911.21,114259.71
F00389,2022,195868.7,8919.52,81990.33,103133.88
F00389,2023,135928.64,8081.69,39561.35,107167.07
F00389,2024,128507.46,21245.18,59935.27,106522.15
F00389,2025,159897.33,17854.22,110922.14,111114.0
F00390,2021,122826.29,23036.26,26292.87,50086.8
F00390,2022,144834.74,21938.33,84114.2,58849.95
F00390,2023,135084.96,25344.46,79084.47,50342.06
F00390,2024,220554.05,44956.44,138287.92,85841.29
F00390,2025,185221.73,44413.66,50592.71,56225.59
F00391,2021,265637.72,26607.63,92258.45,111686.75
F00391,2022,258104.24,53282.33,126869.51,120208.96
F00391,2023,325797.03,91076.14,40438.87,145752.26
F00391,2024,192455.12,17659.03,73661.64,101049.94
F00391,2025,220129.03,52510.57,74782.67,129151.35
F00392,2021,1471664.87,119350.3,173569.78,530789.18
F00392,2022,1474721.93,194390.07,331590.08,586963.9
F00392,2023,1580496.27,248343.18,884510.29,659401.48
F00392,2024,1386127.9,391140.33,200219.28,822203.71
F00392,2025,1926542.64,165737.17,1624159.63,606543.38
F00393,2021,574643.21,13767.11,331181.99,221555.85
F00393,2022,576622.91,36745.61,186929.75,227374.85
F00393,2023,656705.53,41465.62,306074.59,251049.0
F00393,2024,965098.83,50032.65,595282.09,254792.86
F00393,2025,619710.24,163655.92,352195.2,265594.63
F00394,2021,714351.44,40132.72,437479.22,377361.53
F00394,2022,655694.14,120837.08,224566.16,420186.97
F00394,2023,675855.04,167446.51,209073.56,455420.54
F00394,2024,541833.21,38222.96,410357.18,367651.93
F00394,2025,538481.66,14299.65,410312.72,353643.81
F00395,2021,304996.68,64436.44,161427.47,249913.82
F00395,2022,317963.74,66421.98,92145.11,255315.06
F00395,2023,250399.86,17488.06,55040.52,212345.12
F00395,2024,250620.63,63247.29,132341.35,253427.93
F00395,2025,207777.94,51974.15,116614.32,241887.19
F00396,2021,4435526.09,1044402.98,469463.18,4560122.22
F00396,2022,4391574.45,443863.93,2676090.29,4158596.31
F00396,2023,4449264.42,616594.55,3510217.61,4324699.62
F00396,2024,2580528.25,315591.4,569335.2,4240855.92
F00396,2025,4290984.86,378593.04,2760882.97,4072839.02
F00397,2021,1415535.79,155340.06,1070015.37,764883.91
F00397,2022,1414472.66,74564.22,147325.24,724104.51
F00397,2023,1594661.28,178230.95,1431448.97,788119.75
F00397,2024,2595830.74,512165.71,1703964.05,901322.98
F00397,2025,1907982.4,106929.85,679233.16,728340.0
F00398,2021,254870.67,11833.07,148168.91,121682.55
F00398,2022,301542.18,78847.69,234708.73,151640.22
F00398,2023,232999.36,37399.8,146685.58,144553.1
F00398,2024,180232.06,39593.34,113272.83,151794.24
F00398,2025,353535.55,79741.09,178966.13,175326.18
F00399,2021,103700.93,20298.27,68309.17,104111.22
F00399,2022,124764.33,21219.24,72053.28,97687.11
F00399,2023,120103.62,33616.52,29052.14,103096.54
F00399,2024,138579.1,18175.69,112564.0,100343.13
F00399,2025,128045.33,31340.93,97772.5,98464.3
F00400,2021,1031684.87,106728.23,741418.44,572947.18
F00400,2022,1051914.92,103665.96,116003.54,583975.36
F00400,2023,736912.05,74582.59,214634.4,566020.55
F00400,2024,616878.95,96562.61,84228.87,615954.09
F00400,2025,482286.51,132503.82,318941.53,654627.67
F00401,2021,1034613.71,151167.08,135537.41,423726.9
F00401,2022,958128.47,121916.98,865335.7,382449.05
F00401,2023,1000697.97,171766.75,484289.0,451793.25
F00401,2024,1293006.05,65104.38,854091.78,363002.45
F00401,2025,737784.98,52827.46,218784.73,360017.12
F00402,2021,652787.01,63443.05,424133.89,328777.94
F00402,2022,700909.45,71483.36,621696.93,329299.38
F00402,2023,578588.09,142191.98,557025.56,420881.56
F00402,2024,924860.53,235614.08,432338.64,490393.18
F00402,2025,1388224.99,256945.85,1348982.73,403961.75
F00403,2021,14925460.61,1088701.04,12332002.29,8804109.22
F00403,2022,15940802.15,1685932.18,8779934.75,9508501.35
F00403,2023,19777301.28,1441544.09,16249307.23,9279730.91
F00403,2024,27149038.54,3681056.27,12958605.58,11701299.59
F00403,2025,30045175.68,1943928.26,15152600.01,9429078.97
F00404,2021,2769414.91,554524.99,807383.97,1400157.47
F00404,2022,2832543.69,519224.35,2265263.3,1580244.93
F00404,2023,3552270.43,920458.96,1570261.48,1733422.98
F00404,2024,3398887.95,824421.59,956649.02,1590183.11
F00404,2025,3049195.61,701722.5,2434683.12,1662550.25
F00405,2021,293948.38,77905.02,224257.24,353969.46
F00405,2022,285835.25,59370.37,123832.11,363255.11
F00405,2023,349129.11,6976.95,271571.31,314548.14
F00405,2024,237220.42,22602.48,230913.49,317507.87
F00405,2025,278018.03,66774.09,245551.63,358369.13
F00406,2021,1504927.98,423163.09,496753.61,647192.57
F00406,2022,1249122.93,314694.57,604793.22,741177.69
F00406,2023,1677847.27,237036.76,379531.14,558235.93
F00406,2024,1228727.74,105294.02,732480.05,548527.73
F00406,2025,619050.49,114380.28,334477.37,556202.14
F00407,2021,191071.36,28198.26,139330.22,249568.1
F00407,2022,190592.89,36248.7,70771.68,256338.85
F00407,2023,176029.98,34726.95,59327.54,260607.84
F00407,2024,156735.71,36596.02,121840.63,264544.44
F00407,2025,267668.87,36026.8,95264.57,267615.07
F00408,2021,2027550.72,251073.79,1566659.55,1472590.87
F00408,2022,2193247.05,47873.28,258719.09,1327851.4
F00408,2023,2998225.9,359967.15,1600086.66,1571046.45
F00408,2024,2261290.56,633326.25,723880.42,1641548.81
F00408,2025,2803850.85,531915.67,1449035.11,1534956.49
F00409,2021,1097807.14,215517.1,665435.54,957888.7
F00409,2022,1004049.96,50612.28,282459.55,895895.87
F00409,2023,1471271.96,142558.8,797030.48,968608.85
F00409,2024,1556454.17,145239.43,305324.43,890341.04
F00409,2025,783100.79,187326.38,208066.06,969509.01
F00410,2021,139729.96,37175.88,95505.83,87139.67
F00410,2022,161790.8,29994.84,122425.05,86722.39
F00410,2023,185786.72,52815.56,157810.82,93159.96
F00410,2024,139173.35,11194.44,73527.27,67000.92
F00410,2025,282612.79,48097.73,214858.07,103260.66
F00411,2021,49129.4,7222.39,8393.15,51063.1
F00411,2022,57122.79,1353.36,20348.49,46475.69
F00411,2023,53057.57,15630.51,22656.57,60618.72
F00411,2024,47345.07,7870.57,26422.98,49275.07
F00411,2025,54967.83,2463.65,18501.24,47757.53
F00412,2021,1698814.5,386049.52,365718.61,1580731.9
F00412,2022,2097226.04,369335.51,1635542.27,1800939.28
F00412,2023,1717113.86,83181.1,1235863.87,1510871.54
F00412,2024,2840376.76,741377.87,953658.46,1742687.58
F00412,2025,3677281.8,972040.37,3510616.96,1818648.67
F00413,2021,64313.09,13475.07,23513.48,36886.16
F00413,2022,79446.03,23163.38,48323.33,35760.41
F00413,2023,86557.18,7239.53,61457.36,29239.82
F00413,2024,62227.02,8479.42,45502.29,32819.19
F00413,2025,86696.9,20045.27,16910.92,42066.21
F00414,2021,798411.36,230068.57,767650.02,555204.32
F00414,2022,850544.26,137787.0,788945.73,416955.99
F00414,2023,1123300.7,320117.93,989209.21,583675.47
F00414,2024,1029876.92,94946.25,174598.12,397072.02
F00414,2025,1036354.81,121250.89,245825.95,424176.74
F00415,2021,111848.01,27237.88,30931.55,93968.08
F00415,2022,120115.46,10681.95,43642.64,81625.13
F00415,2023,124229.34,26242.96,93393.24,96840.24
F00415,2024,124559.9,14395.12,33277.48,86635.52
F00415,2025,122126.89,29570.91,114453.17,91963.27
F00416,2021,283099.92,40170.52,112472.98,149448.12
F00416,2022,288891.6,15167.52,192944.65,122185.76
F00416,2023,328875.91,85214.26,149483.46,183884.2
F00416,2024,494090.66,58933.25,441716.92,169373.02
F00416,2025,415085.19,102148.47,195534.44,202603.77
F00417,2021,2269695.97,245039.84,2184477.85,1281347.51
F00417,2022,2604696.22,543177.7,2268808.3,1410005.77
F00417,2023,2747620.72,84417.54,1809055.89,1181999.05
F00417,2024,3406623.11,630076.03,1908368.73,1698839.52
F00417,2025,2856799.14,129682.94,1868529.37,1219678.49
F00418,2021,249343.24,46596.71,97313.03,343535.09
F00418,2022,255347.31,62841.54,122000.18,340186.97
F00418,2023,332592.39,32892.9,171458.6,318333.11
F00418,2024,362614.65,43200.64,139559.3,325529.46
F00418,2025,196130.27,6095.72,129751.17,302021.3
F00419,2021,273351.61,46218.63,118697.72,252559.31
F00419,2022,303360.13,60869.06,101834.51,262209.07
F00419,2023,247200.16,59100.81,60502.59,240472.7
F00419,2024,148753.03,5414.55,66075.96,213073.58
F00419,2025,153396.07,32131.17,83041.75,236602.42
F00420,2021,663552.84,40328.32,257212.9,429641.56
F00420,2022,783256.99,129648.5,260469.37,536189.42
F00420,2023,1076130.46,242520.57,945953.48,579177.12
F00420,2024,709876.13,138480.94,92449.37,456841.06
F00420,2025,878507.92,137370.86,384288.74,462327.27
F00421,2021,981964.78,247212.53,577168.29,608307.92
F00421,2022,948078.58,46865.43,413112.18,554967.7
F00421,2023,742447.79,96887.95,630428.93,575281.95
F00421,2024,888208.92,120188.64,155053.68,642443.97
F00421,2025,941014.47,251978.3,346464.41,667969.68
F00422,2021,558535.96,116913.24,199772.01,421116.21
F00422,2022,582414.83,172441.69,228555.95,407701.97
F00422,2023,835341.0,138822.21,240294.42,459416.24
F00422,2024,600182.85,51827.73,371897.6,354701.36
F00422,2025,737584.76,41107.74,354089.3,345517.06
F00423,2021,361808.72,93499.68,59432.98,269474.46
F00423,2022,353850.43,86144.94,70867.22,240468.34
F00423,2023,317181.74,52520.31,87242.26,249521.69
F00423,2024,263515.09,67787.83,254896.94,247566.56
F00423,2025,229802.76,9542.34,70701.84,215030.87
F00424,2021,312278.93,11637.22,174687.24,283561.68
F00424,2022,387949.68,73958.23,266230.76,334022.36
F00424,2023,452053.23,92110.29,384724.6,342251.74
F00424,2024,323790.76,91087.03,223604.62,360044.73
F00424,2025,642067.25,142732.03,180243.15,377837.22
F00425,2021,1562226.29,344041.01,625439.07,1363490.51
F00425,2022,1572729.13,174854.84,1141611.57,1307316.63
F00425,2023,1199954.62,58659.64,677915.59,1228839.98
F00425,2024,2424170.32,409691.82,2019558.07,1401149.55
F00425,2025,1254745.58,350555.24,579020.37,1447617.78
F00426,2021,187736.02,9213.86,100353.96,58454.55
F00426,2022,217774.34,30321.02,153924.86,77687.12
F00426,2023,160233.05,40482.53,52716.64,74827.55
F00426,2024,290994.76,38554.76,48508.9,76631.08
F00426,2025,248335.62,57012.69,32747.3,86894.52
F00427,2021,220453.64,35247.74,105199.52,134167.92
F00427,2022,238679.89,52509.58,24356.4,126417.91
F00427,2023,247136.51,29814.46,66757.95,119324.1
F00427,2024,371621.48,43669.24,54902.8,144517.3
F00427,2025,437770.02,82660.47,388103.18,133178.52
F00428,2021,665477.15,169499.27,456076.34,391515.83
F00428,2022,736957.87,80271.52,663687.51,330633.34
F00428,2023,547644.99,104298.43,455901.84,339763.53
F00428,2024,875017.66,244828.06,767248.14,443831.36
F00428,2025,587424.68,7477.16,505021.6,299994.6
F00429,2021,412060.42,29086.7,278860.71,197691.92
F00429,2022,498609.66,48168.48,223751.47,211350.6
F00429,2023,500128.17,61123.95,259567.5,229848.66
F00429,2024,749372.55,99626.27,262624.57,263124.39
F00429,2025,472659.1,22720.59,294174.55,182895.89
F00430,2021,1152419.34,233525.22,1081391.7,549004.25
F00430,2022,1302107.06,271249.52,233373.44,544122.83
F00430,2023,1151848.43,103932.04,664468.36,415918.56
F00430,2024,723476.03,116502.04,153547.22,466036.14
F00430,2025,1888077.68,126460.19,461440.15,406884.68
F00431,2021,4074566.97,202385.27,913770.8,1957313.41
F00431,2022,4099744.96,265527.73,2335036.16,1961300.38
F00431,2023,5298388.18,299300.8,3230311.48,2023163.62
F00431,2024,4141555.48,237402.72,3704052.56,1936720.63
F00431,2025,10013039.24,2387435.07,7644219.47,2754311.96
F00432,2021,1307255.41,136162.33,503657.97,729748.93
F00432,2022,1234853.06,145861.38,1057427.89,730835.06
F00432,2023,1755134.87,230014.96,883074.15,737472.61
F00432,2024,1602247.2,153863.89,1185284.95,697692.85
F00432,2025,2407154.87,346708.65,462443.03,906787.56
F00433,2021,1576839.72,247362.19,314140.76,643660.35
F00433,2022,1359622.96,108483.28,349405.11,545565.44
F00433,2023,1282471.44,303539.59,819706.68,727287.17
F00433,2024,1067557.19,103726.66,404866.45,564871.29
F00433,2025,931679.81,94644.42,373582.84,570809.41
F00434,2021,100421.25,14590.98,44928.06,57841.78
F00434,2022,97409.5,21716.93,43185.47,58779.66
F00434,2023,103605.32,28469.67,84197.11,77236.49
F00434,2024,124416.6,5677.93,109129.05,56635.81
F00434,2025,44623.33,7918.37,7181.01,56803.92
F00435,2021,329013.64,74784.69,186172.46,194265.64
F00435,2022,386191.9,58359.83,321041.15,201633.41
F00435,2023,360383.49,73290.88,253068.51,204595.32
F00435,2024,567291.58,12328.99,209641.49,155662.49
F00435,2025,949890.07,99971.52,587928.96,188337.72
F00436,2021,218440.76,35121.15,179494.9,162179.42
F00436,2022,205912.92,53492.58,141719.27,201398.24
F00436,2023,282061.36,27494.15,33062.74,163934.46
F00436,2024,312874.01,36650.16,83750.45,171970.12
F00436,2025,139859.16,21562.87,114799.58,156060.57
F00437,2021,3413851.12,927787.5,2229983.6,1833988.6
F00437,2022,3739346.88,956748.01,1823837.64,1800317.48
F00437,2023,3911731.97,749471.42,1073017.86,1994822.98
F00437,2024,4250158.85,682274.87,1884467.2,1895741.81
F00437,2025,3783358.52,397219.69,1334264.66,1770050.7
F00438,2021,1002669.08,39390.27,764731.81,762711.81
F00438,2022,871012.79,94023.97,247558.35,820426.37
F00438,2023,1056528.2,149903.56,406960.15,829816.92
F00438,2024,1306372.09,186370.12,800819.56,846074.16
F00438,2025,1375274.69,66183.0,193695.01,753351.11
F00439,2021,1507147.87,376777.75,841152.82,773182.55
F00439,2022,1538182.15,48610.95,1086901.22,610157.13
F00439,2023,1235653.83,258258.46,228581.6,821057.14
F00439,2024,1861162.68,548325.56,894109.73,834135.66
F00439,2025,1697565.5,424350.37,246969.28,791792.97
F00440,2021,668642.92,146050.48,371995.76,469565.41
F00440,2022,772360.35,199855.17,250059.0,517884.27
F00440,2023,803428.05,26606.27,289015.09,431680.44
F00440,2024,682886.95,129918.36,167739.49,469963.75
F00440,2025,1450515.76,413775.8,969902.01,601265.11
F00441,2021,98416.66,20312.83,16087.78,129564.03
F00441,2022,101480.96,3947.51,53145.42,122189.4
F00441,2023,115246.84,16617.49,29053.58,132730.89
F00441,2024,95224.08,10020.21,39358.79,125404.96
F00441,2025,174790.21,17649.86,46041.45,130201.98
F00442,2021,534442.79,17869.52,459144.05,282542.75
F00442,2022,592498.9,32296.32,177552.79,296923.89
F00442,2023,651797.93,101551.07,257991.77,350421.15
F00442,2024,383272.84,97625.42,293631.8,305843.53
F00442,2025,739178.11,161629.89,359608.67,383677.03
F00443,2021,57548.33,7581.63,23519.07,25113.1
F00443,2022,58055.3,12969.88,24636.25,26838.08
F00443,2023,60857.23,16905.46,28694.04,26000.9
F00443,2024,73641.19,11712.54,21312.24,24209.94
F00443,2025,93646.18,15585.21,84196.41,26114.32
F00444,2021,1065455.24,202349.99,471304.2,545228.16
F00444,2022,1153720.21,75017.41,252647.89,464348.36
F00444,2023,1022194.18,215015.57,772430.11,647561.69
F00444,2024,796180.66,68859.78,466400.6,484746.44
F00444,2025,805465.49,219718.95,430605.79,593300.96
F00445,2021,1562150.87,33866.94,622659.56,473438.6
F00445,2022,1766720.92,398306.92,1480094.95,698212.9
F00445,2023,1532440.73,398960.89,949671.18,681298.14
F00445,2024,1832660.18,235587.17,508030.82,554083.64
F00445,2025,2663857.04,795250.91,2200058.18,799855.5
F00446,2021,2169088.31,143592.82,1232100.31,1153955.26
F00446,2022,1952860.65,469464.8,1061494.36,1460567.37
F00446,2023,1761034.7,364456.41,1190974.52,1377002.9
F00446,2024,1514657.59,292303.69,1205616.22,1318715.75
F00446,2025,1264131.41,242625.22,1110710.13,1241588.46
F00447,2021,311728.43,40730.51,74964.56,136736.29
F00447,2022,255254.89,21042.46,177632.7,127210.5
F00447,2023,269343.81,45853.39,35007.54,139252.5
F00447,2024,179844.97,44647.98,156409.98,135252.91
F00447,2025,242364.77,12461.94,104409.07,122026.7
F00448,2021,151797.6,30029.75,19825.46,138318.93
F00448,2022,165254.82,44206.22,19001.84,137819.3
F00448,2023,167414.78,12974.56,23267.51,132837.53
F00448,2024,166995.87,25871.54,50578.62,135377.23
F00448,2025,245939.75,11009.98,147655.25,128648.91
F00449,2021,424479.45,81910.65,319490.91,346906.84
F00449,2022,459210.79,36062.22,251393.29,335035.21
F00449,2023,601058.54,159144.73,228190.23,421770.53
F00449,2024,552940.53,87850.42,301699.94,394519.04
F00449,2025,602680.53,106662.38,533498.21,356130.42
F00450,2021,411353.52,63088.18,397162.69,167987.87
F00450,2022,420583.55,40090.79,312329.71,156411.39
F00450,2023,335145.49,65472.44,132507.51,192129.02
F00450,2024,237346.22,20311.61,136092.96,150103.79
F00450,2025,251084.37,65954.22,129050.29,188803.18
F00451,2021,218079.24,18889.51,147958.48,98547.75
F00451,2022,283332.29,11116.51,118168.87,98655.13
F00451,2023,349580.11,56419.23,258465.75,110422.47
F00451,2024,286556.2,78660.19,132778.24,162699.89
F00451,2025,439018.69,67743.49,172484.09,115409.44
F00452,2021,2161900.81,387087.77,910591.99,1133594.51
F00452,2022,2077038.48,476345.45,1018852.53,1070932.91
F00452,2023,2535736.0,610121.46,2133767.17,1236949.36
F00452,2024,2135618.57,464766.04,1717649.77,1016630.92
F00452,2025,2999494.56,798706.92,904006.38,1225975.66
F00453,2021,388623.33,92624.17,281023.45,202549.65
F00453,2022,424717.75,17638.7,106014.84,162482.85
F00453,2023,307252.68,31453.13,235291.17,169133.86
F00453,2024,345855.86,84016.99,119399.03,195376.79
F00453,2025,243315.96,51878.22,200931.66,178502.7
F00454,2021,1231148.35,105777.61,321810.67,886393.82
F00454,2022,1354112.31,45987.85,1100725.51,815799.18
F00454,2023,1246907.81,128633.25,1095651.71,845195.95
F00454,2024,1160439.17,188196.93,499679.71,915440.71
F00454,2025,1138994.84,32148.89,845812.81,825160.99
F00455,2021,206361.2,53621.47,178140.54,145473.5
F00455,2022,216067.08,7397.96,190111.94,114889.4
F00455,2023,236600.22,52530.38,100691.92,145166.64
F00455,2024,450088.42,14530.03,376684.06,113372.17
F00455,2025,466745.53,25429.77,171119.94,119642.66
F00456,2021,2449102.87,627700.8,1141356.1,1488374.68
F00456,2022,2669727.56,220847.12,2059296.46,1084004.29
F00456,2023,2813664.77,353985.99,1934939.21,1121560.14
F00456,2024,2070537.59,110500.19,1429540.75,967889.29
F00456,2025,1120264.69,155250.93,407343.32,970601.05
F00457,2021,535004.86,135936.52,447882.84,350746.14
F00457,2022,538495.23,111522.09,58041.16,310511.14
F00457,2023,763334.6,108282.5,498708.58,291172.1
F00457,2024,639997.89,56823.21,465036.69,268947.9
F00457,2025,1418809.43,128669.48,203797.55,258401.74
F00458,2021,376462.16,98586.12,329449.54,185973.95
F00458,2022,301590.36,10287.21,177032.18,137909.86
F00458,2023,402949.67,103675.71,298968.11,209409.88
F00458,2024,221308.98,19756.82,102599.72,149315.5
F00458,2025,449673.21,102128.22,176621.33,236496.85
F00459,2021,567101.27,99533.29,306995.0,308973.96
F00459,2022,559532.93,69308.95,149213.36,308751.67
F00459,2023,720387.52,170362.91,542047.41,355109.96
F00459,2024,1012050.69,18073.7,807602.04,270865.35
F00459,2025,1161791.25,14338.69,589502.97,271577.57
F00460,2021,128234.63,16592.55,44871.14,163247.67
F00460,2022,130286.42,23809.48,80657.55,175098.04
F00460,2023,114606.48,28654.25,67946.18,172175.16
F00460,2024,138927.41,34162.93,46251.54,177896.91
F00460,2025,129947.42,12759.52,48040.0,165508.25
F00461,2021,954569.15,67376.22,810898.17,733377.68
F00461,2022,1171622.54,278757.45,507559.66,767358.86
F00461,2023,992472.5,283931.31,608256.95,857548.23
F00461,2024,1843880.37,314119.5,1131857.42,848937.44
F00461,2025,2108678.83,85643.58,939174.74,697047.93
F00462,2021,925033.77,57437.39,763867.94,790212.03
F00462,2022,1111526.67,77989.55,794922.72,768693.24
F00462,2023,1143936.89,131929.31,1172363.41,844716.75
F00462,2024,1334670.52,174128.76,287632.96,849426.87
F00462,2025,916362.56,244892.97,393136.87,929178.47
F00463,2021,689240.02,197895.25,290957.53,322452.43
F00463,2022,752701.44,107976.75,93583.99,279898.43
F00463,2023,908803.43,162974.04,575984.3,289605.0
F00463,2024,746248.26,159544.27,135357.04,293727.77
F00463,2025,708085.08,132727.88,473825.65,285919.01
F00464,2021,108649.23,20690.23,36679.97,147435.75
F00464,2022,102696.28,12292.81,70515.14,143873.86
F00464,2023,111588.82,7146.26,95685.08,137752.65
F00464,2024,106593.64,10963.2,71058.04,141328.71
F00464,2025,219224.49,56786.11,105642.89,152558.01
F00465,2021,416730.97,52128.85,47119.35,481029.64
F00465,2022,387921.61,88188.34,47826.12,478402.29
F00465,2023,387312.74,40871.08,263145.64,458952.51
F00465,2024,492581.3,86168.93,387093.3,478201.77
F00465,2025,305255.99,43948.95,240515.04,474614.51
F00466,2021,392112.1,86394.69,79825.84,252865.9
F00466,2022,369187.16,97539.0,246069.18,280316.03
F00466,2023,345320.08,7583.22,215482.79,214787.06
F00466,2024,404724.24,58911.29,46955.22,258243.35
F00466,2025,609703.98,162038.64,449049.65,317995.87
F00467,2021,221398.45,49430.22,179111.31,172460.78
F00467,2022,263266.31,23711.07,57491.81,151672.8
F00467,2023,379372.76,88588.56,201584.27,186088.06
F00467,2024,448020.18,13757.97,95443.5,150899.32
F00467,2025,545562.0,37945.04,246789.42,158357.91
F00468,2021,168906.4,24457.48,43256.85,99589.58
F00468,2022,210863.87,34739.97,141969.19,118010.66
F00468,2023,256603.75,57862.77,116338.0,145898.47
F00468,2024,250883.27,70252.02,64122.59,124275.39
F00468,2025,430386.06,102105.25,342478.53,127747.76
F00469,2021,130824.41,32793.11,37138.66,123380.72
F00469,2022,132464.85,4678.72,51616.44,104369.6
F00469,2023,138320.09,40235.58,65598.79,116860.95
F00469,2024,218150.41,16916.52,27342.3,113688.15
F00469,2025,310718.46,54984.79,269630.21,122138.78
F00470,2021,148048.74,32219.94,60750.53,117325.91
F00470,2022,164157.7,6144.55,89717.84,93239.17
F00470,2023,129309.17,16809.62,44249.4,102364.02
F00470,2024,116030.67,6238.39,24921.89,92911.34
F00470,2025,139943.07,31649.4,17129.27,101328.34
F00471,2021,402926.39,78586.42,190222.07,167915.08
F00471,2022,444985.92,19745.45,367911.01,124225.44
F00471,2023,589670.64,164623.38,340828.53,267324.78
F00471,2024,713098.29,120299.87,617768.88,217001.14
F00471,2025,567787.28,108820.79,401936.77,152157.67
F00472,2021,779320.16,79503.22,298896.36,871005.67
F00472,2022,972321.8,24371.29,185280.6,815717.09
F00472,2023,1058870.9,37594.23,358182.38,814355.19
F00472,2024,912456.77,139823.11,635460.5,910739.44
F00472,2025,829913.01,65401.4,563051.86,839470.12
F00473,2021,66748.39,1788.23,15434.6,30167.25
F00473,2022,79555.4,8357.68,14555.38,36385.23
F00473,2023,74745.64,6071.48,66420.86,31361.07
F00473,2024,128497.4,15247.03,88656.52,42836.04
F00473,2025,107922.47,17981.9,72010.62,40869.66
F00474,2021,372498.89,100468.32,254744.44,416087.65
F00474,2022,338321.96,58932.3,287658.18,416785.42
F00474,2023,412141.9,76471.13,73688.13,413848.25
F00474,2024,316012.61,89682.08,176112.37,443510.53
F00474,2025,415499.92,103054.77,238639.64,429122.02
F00475,2021,371531.12,19635.56,182268.45,143634.4
F00475,2022,414516.57,82736.56,283613.19,178460.2
F00475,2023,327814.21,39413.79,73774.31,170844.34
F00475,2024,335063.23,98710.4,115378.75,218952.86
F00475,2025,559287.42,78855.9,187522.06,187894.56
F00476,2021,2230334.44,309761.43,1986517.88,948450.82
F00476,2022,2039539.11,540581.61,394879.82,1251048.99
F00476,2023,2693278.49,203505.97,1472686.91,886151.16
F00476,2024,1574272.75,182850.52,1296393.21,792101.92
F00476,2025,1748864.28,453169.16,592864.63,1110302.83
F00477,2021,289611.56,20661.23,231312.86,185549.8
F00477,2022,299316.37,77176.81,150546.23,199455.51
F00477,2023,432851.07,76227.47,345582.8,231422.27
F00477,2024,508603.79,26697.5,72544.6,192270.96
F00477,2025,310156.95,7132.64,224157.37,172866.5
F00478,2021,2785248.97,358071.71,2320245.63,1182843.01
F00478,2022,2827142.08,597423.58,914161.91,1174603.56
F00478,2023,2256822.0,253772.31,1178606.42,1056517.33
F00478,2024,1860996.28,349916.37,543206.75,1079051.09
F00478,2025,2637572.21,459258.49,929804.62,1214431.44
F00479,2021,139924.1,18600.36,16385.64,74856.5
F00479,2022,125274.69,28880.7,36464.54,80778.98
F00479,2023,113691.8,5964.35,40442.25,69872.72
F00479,2024,102835.39,2990.37,54337.46,68798.28
F00479,2025,165734.18,34234.06,145021.44,80543.68
F00480,2021,1367502.89,369158.84,742717.74,809459.5
F00480,2022,1290393.2,285839.85,1061525.71,768004.52
F00480,2023,1375159.28,144845.05,1115509.52,804076.59
F00480,2024,1824772.24,417700.19,583672.2,913103.27
F00480,2025,1206090.41,237841.35,834900.56,744403.8
F00481,2021,922583.74,76174.71,178679.83,1161087.73
F00481,2022,1026603.71,94609.08,267776.19,1153107.82
F00481,2023,1027234.5,27804.14,492411.96,1111427.32
F00481,2024,1356602.38,371161.46,724889.91,1340083.92
F00481,2025,1734069.76,363921.86,1367351.62,1356162.24
F00482,2021,353277.87,35581.73,154141.38,415222.03
F00482,2022,355113.78,43909.28,192066.04,403812.88
F00482,2023,389744.31,92934.83,173640.16,433448.81
F00482,2024,616668.94,59600.2,460934.83,422771.6
F00482,2025,293620.57,67719.76,223321.25,438728.8
F00483,2021,1308016.19,104951.8,171251.31,616097.49
F00483,2022,1218306.89,170049.53,1088899.81,642071.76
F00483,2023,1268777.36,166855.74,962347.57,710870.36
F00483,2024,1671905.38,256986.37,747637.04,768666.64
F00483,2025,2008631.8,292783.78,1173994.06,737370.3
F00484,2021,264340.78,34837.61,73667.4,134348.78
F00484,2022,270309.62,72321.11,221971.29,134747.68
F00484,2023,333207.32,5071.92,61211.17,112009.58
F00484,2024,414168.31,109700.61,342713.68,142637.39
F00484,2025,548507.8,149901.43,496175.0,245395.12
F00485,2021,175779.05,46081.99,69508.29,109049.53
F00485,2022,216688.27,32080.58,136982.55,102779.86
F00485,2023,268335.84,22140.03,236571.38,84840.09
F00485,2024,194672.11,7684.72,142845.75,81631.56
F00485,2025,449467.48,25364.94,68195.8,99902.58
F00486,2021,924747.72,18806.36,639879.78,333253.51
F00486,2022,792800.79,70013.46,225875.34,341424.4
F00486,2023,912072.51,74633.88,529355.54,387959.08
F00486,2024,1028853.77,266554.46,941837.15,425392.25
F00486,2025,1145497.89,286841.57,1112018.83,469650.93
F00487,2021,1310421.72,211863.48,287774.89,795126.61
F00487,2022,1544819.19,113920.58,687214.67,646995.53
F00487,2023,1067041.08,172209.93,686736.8,763083.15
F00487,2024,1610897.94,41999.85,797430.61,642870.99
F00487,2025,1114897.58,228437.01,720787.29,777367.36
F00488,2021,603383.16,173554.98,340678.45,426885.2
F00488,2022,550930.98,76565.8,311292.66,390078.66
F00488,2023,540654.05,88302.71,409261.9,390967.28
F00488,2024,533708.62,12433.08,130673.24,345628.12
F00488,2025,473242.35,31919.41,200288.49,351921.73
F00489,2021,486483.46,135470.01,326329.3,401401.13
F00489,2022,511425.26,68539.5,240783.24,418325.9
F00489,2023,676402.63,20161.62,530398.98,368289.62
F00489,2024,943399.39,53224.82,826210.31,373875.14
F00489,2025,1223076.92,342986.62,639048.76,559892.45
F00490,2021,938928.31,99783.64,108186.89,357148.57
F00490,2022,967788.18,129371.58,155422.18,329780.64
F00490,2023,809640.81,45776.94,311854.9,313578.95
F00490,2024,917653.52,91743.66,282252.27,317853.15
F00490,2025,897536.49,86348.44,746727.41,314914.18
F00491,2021,1837063.82,521277.1,1675690.07,1029030.18
F00491,2022,1649586.7,304038.88,1110273.66,725035.27
F00491,2023,1267754.24,66908.55,365158.25,668850.71
F00491,2024,1148002.69,304586.96,1035531.12,898366.54
F00491,2025,1618309.19,259949.85,965206.1,766993.83
F00492,2021,2305145.11,330974.34,1879110.12,945792.87
F00492,2022,2248037.91,244013.6,455944.57,977687.12
F00492,2023,3223425.67,567374.75,479026.8,1332970.97
F00492,2024,2164005.32,79352.55,338266.31,875064.89
F00492,2025,5514126.63,198759.52,4941642.94,992915.42
F00493,2021,396805.38,15528.76,336324.76,195348.78
F00493,2022,443516.07,51825.99,408820.17,204715.65
F00493,2023,375525.95,5598.54,224106.36,185752.96
F00493,2024,635819.13,33103.91,168750.37,196132.39
F00493,2025,702695.19,49204.77,216545.56,225924.92
F00494,2021,701680.51,108493.78,147097.71,388573.94
F00494,2022,696278.84,22022.78,216702.8,347991.09
F00494,2023,875616.75,195484.1,579057.3,421790.89
F00494,2024,630459.37,15021.99,249129.51,346928.72
F00494,2025,1202739.66,244013.45,463939.51,540004.01
F00495,2021,3190441.1,160040.81,992460.33,1358886.45
F00495,2022,3019113.2,311400.09,2713512.35,1589696.48
F00495,2023,2763607.68,125246.57,2234300.0,1410106.43
F00495,2024,3914167.65,258390.26,3336962.16,1533818.0
F00495,2025,2098929.22,188476.84,1752368.4,1389189.57
F00496,2021,890254.2,167442.32,357639.52,721576.98
F00496,2022,1118152.42,83144.93,335927.97,677516.18
F00496,2023,1050227.3,192941.08,110981.41,824098.26
F00496,2024,1655591.01,102570.95,1232823.6,729807.75
F00496,2025,1638270.37,50981.35,1096631.87,684184.2
F00497,2021,1053752.89,310472.11,651982.18,469560.32
F00497,2022,1148612.79,33379.57,490329.69,389705.89
F00497,2023,920715.98,235120.45,295844.01,479878.36
F00497,2024,1128906.92,87014.51,298227.0,391140.78
F00497,2025,692981.25,150355.73,224423.18,427920.06
F00498,2021,1273422.19,74662.77,633663.47,675624.05
F00498,2022,1575434.22,338385.09,1360210.5,740056.66
F00498,2023,1686607.34,385651.3,719096.91,855575.47
F00498,2024,2589457.18,456669.35,1704790.62,1059956.11
F00498,2025,2157675.1,400622.48,1895247.34,971003.33
F00499,2021,1218330.29,280348.81,965718.77,632271.15
F00499,2022,1161846.67,314417.7,302763.06,598662.0
F00499,2023,1110993.05,134640.1,422345.08,491857.16
F00499,2024,1251737.48,201111.47,473722.52,435670.72
F00499,2025,1325856.3,110282.01,1143434.12,404051.2
F00500,2021,3261474.22,666111.1,624724.27,1589675.57
F00500,2022,3612432.64,900056.13,424258.56,1931343.14
F00500,2023,3587457.55,263911.57,530478.2,1348145.77
F00500,2024,2932531.29,142718.07,445568.14,1235681.33
F00500,2025,3836770.99,555582.93,573308.2,1538877.28
F00501,2021,1040499.76,182872.4,274426.58,603528.46
F00501,2022,1286590.44,309629.87,777773.06,567888.29
F00501,2023,1541585.57,420082.49,1375337.75,736682.4
F00501,2024,937088.65,49728.55,606827.27,470221.32
F00501,2025,1223545.76,251679.72,1017419.75,618397.13
F00502,2021,410151.35,106047.98,73266.52,521163.52
F00502,2022,428320.95,90047.08,170875.61,515739.42
F00502,2023,475332.6,40549.72,362939.47,515603.02
F00502,2024,526947.67,72917.23,259948.37,520077.31
F00502,2025,236207.75,51561.75,152803.02,533861.76
F00503,2021,1058067.9,131503.5,107179.61,760008.34
F00503,2022,1067873.13,53216.03,141410.03,746451.14
F00503,2023,1581942.55,185752.36,771233.85,815181.7
F00503,2024,1532442.98,253607.3,1018047.16,895019.46
F00503,2025,1631744.08,52367.72,1254082.69,747296.23
F00504,2021,3788352.93,823336.44,2400140.34,2005354.57
F00504,2022,4119306.36,153393.8,1487232.25,1743038.56
F00504,2023,3804046.35,721840.62,1065669.55,2112729.66
F00504,2024,6128212.91,314470.87,1152920.46,1943950.0
F00504,2025,3628347.2,703022.76,3255492.65,1925163.57
F00505,2021,34229.53,10076.8,9521.6,46997.23
F00505,2022,31726.48,9039.95,4503.76,45969.94
F00505,2023,35984.63,3677.17,7390.99,42109.4
F00505,2024,38175.01,9075.53,20533.35,46941.62
F00505,2025,60705.13,8073.88,47893.47,46853.47
F00506,2021,169221.08,36642.2,123150.3,75035.93
F00506,2022,174870.88,20308.16,144308.47,61861.67
F00506,2023,218712.95,30003.01,44088.1,61580.65
F00506,2024,310938.09,12005.22,256024.38,57619.32
F00506,2025,201244.08,7283.38,162251.41,57049.15
F00507,2021,8809370.07,1221655.23,5123560.17,6188567.14
F00507,2022,10272795.61,2391654.48,4237936.79,7200305.06
F00507,2023,9066825.01,395619.03,6991561.33,5541649.83
F00507,2024,9494033.9,2568774.52,1713412.07,6945215.6
F00507,2025,9828679.04,2223384.1,2731628.89,6716828.91
F00508,2021,233715.29,7464.27,111654.36,105398.44
F00508,2022,208222.79,51904.5,75942.4,140977.76
F00508,2023,320524.87,69176.01,253339.94,167398.19
F00508,2024,231808.52,51249.01,123387.46,150056.76
F00508,2025,142140.72,22137.45,108391.16,118469.61
F00509,2021,259034.22,28239.64,99714.83,139584.16
F00509,2022,258000.81,6316.58,64456.46,123446.06
F00509,2023,256237.05,10860.56,160682.37,127609.25
F00509,2024,438230.67,21017.01,184615.19,135482.28
F00509,2025,511727.82,107753.7,218011.29,213026.23
F00510,2021,1433738.09,90391.62,177483.86,619042.52
F00510,2022,1239000.51,164110.36,683512.85,628470.96
F00510,2023,899514.39,221377.73,532493.44,669302.52
F00510,2024,1069066.37,291473.66,403788.44,728567.86
F00510,2025,604946.74,170186.76,298385.57,651635.72
F00511,2021,809552.61,45831.94,291587.05,566439.66
F00511,2022,893581.92,24418.32,318539.22,562084.98
F00511,2023,807298.71,182575.56,521053.32,655165.87
F00511,2024,662042.85,178735.48,525373.06,704832.94
F00511,2025,479308.76,54760.69,110270.7,582481.18
F00512,2021,3300922.8,228963.93,2453783.73,1149677.87
F00512,2022,3605334.7,123432.48,1799365.24,1055930.04
F00512,2023,3238423.48,274906.24,965409.28,1117097.25
F00512,2024,2597474.42,750035.47,1886201.7,1317191.73
F00512,2025,4085397.98,924634.08,3942987.8,1637083.09
F00513,2021,92312.41,11257.5,85836.53,108715.98
F00513,2022,111901.98,23188.11,81167.67,109831.12
F00513,2023,141688.13,33448.42,52264.09,133732.51
F00513,2024,97232.82,21465.63,59241.52,122438.05
F00513,2025,177957.61,46273.74,134246.46,128950.44
F00514,2021,623499.39,83527.57,420596.73,247050.96
F00514,2022,596665.84,151202.6,223403.86,275151.49
F00514,2023,657349.7,151272.81,607408.31,228037.1
F00514,2024,1118526.41,40235.8,796086.5,192190.23
F00514,2025,626180.02,9926.1,568093.26,188883.08
F00515,2021,461163.81,30640.4,164066.95,150690.44
F00515,2022,402011.41,116317.9,63586.42,168797.54
F00515,2023,411642.64,52213.38,142494.77,178015.55
F00515,2024,538466.37,140469.98,76214.3,205701.69
F00515,2025,462099.77,72975.4,226647.0,161834.5
F00516,2021,1616069.37,188108.74,279711.49,988875.94
F00516,2022,1852965.62,209104.47,869948.73,1012969.36
F00516,2023,2485264.74,603391.79,1860488.59,1509152.79
F00516,2024,2525601.8,570479.32,2305447.15,1297033.64
F00516,2025,4563027.06,366118.58,2393287.01,1192095.91
F00517,2021,3425244.54,461682.83,1951609.44,3099614.2
F00517,2022,3090858.2,863511.65,675094.67,3458837.57
F00517,2023,2713965.63,643030.91,824559.22,3205066.1
F00517,2024,3335296.16,814752.48,1533004.73,3356171.84
F00517,2025,5134405.2,1362222.94,3449152.11,3133794.36
F00518,2021,891106.71,233180.78,634146.47,405037.85
F00518,2022,1078712.82,89998.19,747300.74,397896.95
F00518,2023,824897.36,18819.42,649094.98,335708.74
F00518,2024,1382599.96,128592.85,1056068.88,384936.96
F00518,2025,1097563.49,83511.54,784963.26,378976.16
F00519,2021,95713.63,8239.41,41167.76,55449.31
F00519,2022,116205.35,8583.81,102853.59,54660.34
F00519,2023,157953.59,24204.85,29410.01,71911.4
F00519,2024,134924.52,7675.86,30525.53,57314.01
F00519,2025,146367.94,33363.45,20521.97,72454.21
F00520,2021,229801.39,37587.21,171573.65,159475.87
F00520,2022,216160.18,40437.97,186719.93,163131.7
F00520,2023,163371.36,24700.53,123627.69,145372.28
F00520,2024,224013.54,37631.74,94740.97,156277.17
F00520,2025,122092.4,21981.47,67577.14,143138.08
F00521,2021,513496.14,33718.44,374047.53,313266.57
F00521,2022,477496.66,78151.17,99641.26,344098.3
F00521,2023,519746.6,43200.64,79070.88,312275.75
F00521,2024,439911.33,63254.08,257735.77,323233.28
F00521,2025,506435.26,147346.43,318897.88,417777.81
F00522,2021,495309.33,86246.72,326108.24,227979.28
F00522,2022,633028.85,90122.8,444360.94,206067.17
F00522,2023,683661.22,63062.61,208930.25,197667.74
F00522,2024,911122.37,187086.2,403656.08,307846.86
F00522,2025,568950.26,154188.51,494249.57,260948.75
F00523,2021,773172.12,138667.94,288902.46,601749.83
F00523,2022,768212.08,92415.1,379898.13,599372.14
F00523,2023,835634.72,112453.41,162160.62,584645.73
F00523,2024,711674.14,200978.0,82500.98,712645.78
F00523,2025,777608.23,199946.25,354668.03,606010.95
F00524,2021,22363.93,734.52,16009.62,27355.74
F00524,2022,21753.48,3355.2,5504.03,29979.91
F00524,2023,19020.69,4161.87,10691.16,28624.61
F00524,2024,26577.39,946.61,17361.12,27839.61
F00524,2025,22668.6,4481.83,8226.03,30433.68
F00525,2021,644095.09,71787.95,438181.97,324159.99
F00525,2022,721846.81,38813.46,173025.97,316690.08
F00525,2023,860219.14,140694.47,647059.39,356221.34
F00525,2024,488550.42,138430.41,428891.13,350254.82
F00525,2025,1135448.97,240256.45,149959.7,405368.71
F00526,2021,495432.98,23796.73,108657.36,248272.96
F00526,2022,463711.98,11594.84,66924.5,236156.95
F00526,2023,386635.97,37354.47,73038.4,256485.61
F00526,2024,627887.15,108570.15,290953.19,299099.38
F00526,2025,358756.54,62677.19,168827.58,291447.73
F00527,2021,39525.21,5439.75,4445.47,40607.74
F00527,2022,39664.33,1550.81,16403.95,36096.43
F00527,2023,32148.7,5085.76,4675.6,39777.41
F00527,2024,49980.73,4670.83,44921.64,38666.24
F00527,2025,37658.74,5341.17,10172.35,38986.14
F00528,2021,218326.19,55930.02,148899.47,144115.73
F00528,2022,275017.05,70604.78,226216.78,147117.2
F00528,2023,206863.39,16733.67,29526.44,110705.61
F00528,2024,363471.02,32487.9,84062.26,127133.95
F00528,2025,513622.45,15371.14,235332.61,106394.38
F00529,2021,657896.08,92595.26,234949.51,657926.56
F00529,2022,632293.47,29099.75,509518.89,615950.45
F00529,2023,696385.05,208299.42,78293.25,721939.37
F00529,2024,618056.48,47996.05,282954.65,638568.95
F00529,2025,734105.67,199110.32,331920.49,790979.58
F00530,2021,819044.28,134145.59,560132.67,474230.34
F00530,2022,918267.76,39556.87,665628.46,466749.78
F00530,2023,661807.35,115134.54,103793.87,531513.42
F00530,2024,1265900.91,274231.69,668795.35,568940.9
F00530,2025,768157.04,127947.21,562784.1,481078.66
F00531,2021,119314.81,14297.47,30054.38,106143.93
F00531,2022,122674.87,21381.61,101183.91,115402.43
F00531,2023,97590.29,25713.6,79589.79,112333.94
F00531,2024,98229.88,7190.31,10558.12,101903.35
F00531,2025,137860.89,8598.08,111414.63,102857.9
F00532,2021,3214872.48,955011.55,747201.62,1811804.68
F00532,2022,2509610.81,385336.84,1082116.38,1189556.2
F00532,2023,3119075.82,330389.1,2124336.52,1316923.72
F00532,2024,2144832.39,46422.32,339662.07,1075786.46
F00532,2025,4222406.8,1001525.64,1361725.95,1745069.51
F00533,2021,938134.44,218123.52,750032.24,426509.52
F00533,2022,976369.76,195096.7,349014.0,429323.32
F00533,2023,948079.81,60095.36,670723.42,359380.87
F00533,2024,779632.99,47398.35,620703.25,351721.91
F00533,2025,1203617.9,236638.74,263927.1,446694.29
F00534,2021,1000342.1,295141.38,489292.23,523818.43
F00534,2022,1175636.42,271933.2,650155.35,595788.35
F00534,2023,1443053.01,324035.94,245702.46,525504.46
F00534,2024,1520545.87,438942.4,345300.07,816235.96
F00534,2025,1385034.8,222952.71,150699.72,537947.02
F00535,2021,3322598.71,96727.21,1045308.16,2047374.66
F00535,2022,3396745.88,617664.45,490650.6,2462695.43
F00535,2023,3103301.46,523908.99,1388465.82,2308590.06
F00535,2024,3531301.85,819728.46,1620766.0,2252172.79
F00535,2025,3071507.38,246465.3,2378133.97,2177081.87
F00536,2021,1614782.13,246946.76,311737.76,852420.4
F00536,2022,1836162.32,134394.29,1357384.35,728050.0
F00536,2023,2061883.86,602245.56,1069727.27,1110146.09
F00536,2024,1874796.23,44568.39,1649564.03,666066.55
F00536,2025,3290981.42,959648.64,2081881.98,1350952.52
F00537,2021,490366.94,24404.09,342889.38,177772.3
F00537,2022,507360.75,43435.94,491237.44,179114.19
F00537,2023,436110.8,31138.06,205006.27,186381.47
F00537,2024,344611.29,31509.45,242322.45,184756.28
F00537,2025,663947.98,28927.27,557574.42,173643.68
F00538,2021,306752.25,13404.5,184805.85,117894.37
F00538,2022,344273.75,46502.3,297812.86,126470.14
F00538,2023,384637.96,93900.25,118546.8,149135.31
F00538,2024,270095.13,22981.69,185472.14,119760.9
F00538,2025,269323.01,70615.86,127848.51,149068.5
F00539,2021,4930274.64,1328545.8,1543633.31,5213350.18
F00539,2022,6152945.86,1722403.75,5057083.18,4721272.84
F00539,2023,6831650.64,2007268.5,5756430.93,5229383.89
F00539,2024,8134492.25,2019841.48,2904048.98,5792786.44
F00539,2025,13189222.53,293131.51,9862156.91,4392013.6
F00540,2021,239014.17,63876.59,141280.35,131961.04
F00540,2022,228309.48,28878.15,205111.4,97382.42
F00540,2023,234280.93,7331.67,66396.19,74723.62
F00540,2024,168420.26,31813.58,53936.97,99393.49
F00540,2025,167970.76,22428.95,63633.59,91786.25
F00541,2021,3198562.82,64555.55,2814159.09,1349370.86
F00541,2022,3004780.03,142892.98,2003745.83,1441506.5
F00541,2023,2671601.07,71459.45,1420329.53,1359087.3
F00541,2024,1606849.56,206871.55,1147645.31,1431070.75
F00541,2025,2300526.91,436797.18,2013497.54,1582164.42
F00542,2021,689779.09,101157.21,70506.74,662094.24
F00542,2022,725455.53,25121.52,103629.44,614367.48
F00542,2023,418551.7,23761.75,65590.81,613583.88
F00542,2024,417352.62,18017.17,271524.28,617845.9
F00542,2025,726077.36,76877.32,505888.19,631687.58
F00543,2021,320037.87,94954.41,86056.87,226263.06
F00543,2022,376762.11,40395.92,236682.7,149507.43
F00543,2023,299300.24,52861.62,136319.15,179672.44
F00543,2024,339930.65,75793.96,55270.64,177728.47
F00543,2025,378201.81,85620.79,114686.85,173336.81
F00544,2021,62376.18,17604.73,27488.43,53208.65
F00544,2022,58618.06,2085.56,20332.98,38145.17
F00544,2023,60578.68,16992.04,33506.38,46358.4
F00544,2024,95263.5,9037.17,45238.46,43755.81
F00544,2025,88752.44,19898.53,18771.24,48712.36
F00545,2021,1018873.11,151576.22,200199.09,1011094.23
F00545,2022,895128.47,259478.04,376289.73,1113372.1
F00545,2023,870546.82,208648.79,363136.36,1039975.63
F00545,2024,783483.98,146046.32,137786.57,1094508.88
F00545,2025,1260626.75,242956.32,277739.58,1070648.78
F00546,2021,456083.19,105452.77,368361.42,508249.31
F00546,2022,464763.05,34181.88,141332.41,431847.46
F00546,2023,313455.24,9760.84,199409.43,410773.82
F00546,2024,518279.7,153191.12,207824.45,547682.77
F00546,2025,286905.62,32415.74,111343.18,424308.53
F00547,2021,4782050.81,1063863.85,2344295.9,2475631.12
F00547,2022,5484963.0,408366.28,3918873.91,1937711.42
F00547,2023,4963907.8,1218842.96,2430141.23,2856358.67
F00547,2024,7795785.71,1180979.1,5294710.83,2179554.0
F00547,2025,5828774.14,1184927.71,5221894.45,2781388.0
F00548,2021,455892.36,93460.14,320670.21,228368.18
F00548,2022,413843.15,95090.97,267197.69,247688.44
F00548,2023,369688.8,23536.06,308847.52,191902.14
F00548,2024,569166.64,128106.2,523216.29,235444.39
F00548,2025,335856.22,37350.73,144556.47,208528.08
F00549,2021,2252763.33,350706.82,1159828.75,1302774.77
F00549,2022,2395509.57,525718.02,265824.35,1443565.16
F00549,2023,2678143.21,598525.71,838377.6,1591648.12
F00549,2024,2572451.55,458010.0,1972850.7,1295376.13
F00549,2025,1632711.73,304994.12,571835.59,1240834.49
F00550,2021,48508.03,4777.62,24554.38,30830.76
F00550,2022,43895.35,1219.16,28142.94,29307.42
F00550,2023,34516.02,9093.86,6323.43,34050.42
F00550,2024,47022.63,3444.23,34982.99,31551.44
F00550,2025,18920.87,955.6,13081.8,28721.62
F00551,2021,1074301.37,247703.51,506343.49,522333.28
F00551,2022,996856.72,62888.09,572464.49,441434.2
F00551,2023,1155407.38,66838.4,411180.38,444397.06
F00551,2024,1561995.25,380898.27,980011.51,636631.14
F00551,2025,1321334.95,105275.45,1181941.88,499417.52
F00552,2021,256798.81,25324.62,130324.61,231776.22
F00552,2022,216477.83,49273.66,59621.73,248642.11
F00552,2023,240534.65,71149.27,172884.14,247556.6
F00552,2024,191305.5,47604.28,163912.42,253865.21
F00552,2025,134903.81,31678.81,83221.55,232562.82
F00553,2021,4958557.83,167883.99,3372253.3,2635572.12
F00553,2022,5618871.85,1579108.8,2820706.2,3628398.13
F00553,2023,6572435.57,1950459.5,5256644.83,4063802.09
F00553,2024,3952148.36,1008554.76,520158.15,3415558.9
F00553,2025,4373219.12,1256128.49,920082.38,3441099.45
F00554,2021,715128.76,43375.07,251416.92,361935.82
F00554,2022,707315.17,62435.26,312885.99,377127.99
F00554,2023,656040.74,56688.59,357376.35,384368.66
F00554,2024,439407.35,20561.72,331977.68,352463.5
F00554,2025,421344.91,95319.85,372557.09,426516.08
F00555,2021,2103818.65,455395.35,573419.07,1652723.65
F00555,2022,2222470.56,494677.51,2185069.93,1817190.97
F00555,2023,2063131.64,70795.52,1353943.83,1517840.48
F00555,2024,2311650.58,384884.82,1810753.39,1792686.79
F00555,2025,2052061.84,325345.77,1162561.77,1684120.04
F00556,2021,166038.8,27973.94,92262.71,164777.1
F00556,2022,193365.94,17618.0,101892.15,163424.05
F00556,2023,217350.97,18854.24,152726.38,167766.48
F00556,2024,208735.44,26507.19,150942.0,170588.92
F00556,2025,391424.34,23785.7,93594.27,164447.08
F00557,2021,674243.79,165622.87,259960.35,443169.4
F00557,2022,608215.71,106030.88,213499.43,370120.5
F00557,2023,591410.02,150691.21,500633.38,356894.82
F00557,2024,820987.02,179501.45,199389.26,432880.97
F00557,2025,372244.11,77072.25,269529.06,328958.42
F00558,2021,775193.87,195237.76,579041.32,426898.87
F00558,2022,782264.37,188061.71,325688.26,453229.28
F00558,2023,872016.76,206284.1,640683.73,368784.27
F00558,2024,594034.57,22073.43,508558.45,302429.98
F00558,2025,395679.62,102142.25,191785.99,328449.93
F00559,2021,373745.1,17910.79,171019.3,218231.14
F00559,2022,361962.38,11735.76,170385.14,220582.59
F00559,2023,412248.87,75298.15,260405.01,257751.71
F00559,2024,449005.35,71362.92,363030.84,258678.81
F00559,2025,337664.01,64791.1,281626.66,260711.91
F00560,2021,251644.45,67441.9,169339.49,330182.1
F00560,2022,235474.43,59143.67,69930.59,330579.07
F00560,2023,238586.9,61172.52,77547.07,321961.38
F00560,2024,277282.9,32874.16,131652.97,326400.54
F00560,2025,246465.39,9606.4,142475.33,298557.61
F00561,2021,109103.04,17162.67,24645.59,46982.87
F00561,2022,100430.82,6948.97,11278.78,44201.41
F00561,2023,123618.26,26499.0,105146.09,56587.36
F00561,2024,130458.61,29684.4,19498.99,68807.61
F00561,2025,160072.98,16284.56,114620.94,46551.02
F00562,2021,1970808.27,293217.69,624683.5,925971.34
F00562,2022,1934245.29,277738.55,405305.21,909658.89
F00562,2023,1777362.42,448400.25,212264.23,867837.37
F00562,2024,1757533.55,417859.54,636468.18,836365.91
F00562,2025,3735302.39,995946.49,2471168.13,1366908.07
F00563,2021,1669344.25,136273.98,786176.28,812649.59
F00563,2022,1604586.91,286473.88,1195270.82,964248.18
F00563,2023,1329832.8,96568.85,684711.15,799571.41
F00563,2024,1972989.33,328940.51,1390973.83,971471.4
F00563,2025,1224538.64,96819.93,225470.99,796604.45
F00564,2021,601244.92,128588.33,186373.9,774390.71
F00564,2022,553371.19,78508.09,291847.42,676738.11
F00564,2023,616840.89,96466.29,249903.03,683175.18
F00564,2024,436131.56,22876.54,104221.97,660152.7
F00564,2025,347936.65,17596.77,229636.93,665918.77
F00565,2021,6347804.88,1057908.16,4844252.85,2506114.59
F00565,2022,6461652.11,1338638.75,4349210.51,2460362.41
F00565,2023,9866236.92,707085.49,1783123.94,2203490.75
F00565,2024,7796305.0,1560905.79,4102313.21,2941730.05
F00565,2025,16369466.64,4258926.7,10772061.39,4856984.01
F00566,2021,1036807.35,302741.49,199984.3,541983.03
F00566,2022,1040210.66,287088.64,790550.32,647939.09
F00566,2023,1116725.89,318319.88,771725.69,515577.1
F00566,2024,1302459.73,232336.83,185914.83,486727.47
F00566,2025,983995.66,92347.9,203151.24,417949.04
F00567,2021,95539.12,3045.65,71447.76,95730.97
F00567,2022,93573.65,20337.83,51592.07,99452.17
F00567,2023,135554.17,10062.55,21425.68,102158.03
F00567,2024,77209.12,20075.81,12031.88,105915.26
F00567,2025,176185.08,42638.38,136466.67,111469.79
F00568,2021,181247.92,24346.53,53293.88,61502.55
F00568,2022,204809.32,38351.6,130992.91,68237.69
F00568,2023,244115.13,25842.5,82797.26,74028.97
F00568,2024,255634.83,65049.68,65395.49,84380.44
F00568,2025,211497.73,30113.58,181742.73,80088.81
F00569,2021,797352.19,173530.31,657199.92,649494.91
F00569,2022,984024.75,187690.39,577458.47,580432.05
F00569,2023,1334294.89,374938.32,1086735.5,608324.06
F00569,2024,815362.85,30019.16,647255.86,492880.29
F00569,2025,2154279.9,126413.3,1769926.85,566862.25
F00570,2021,1338748.19,282712.74,774125.6,651727.29
F00570,2022,1545464.42,101525.36,1493421.42,482840.01
F00570,2023,1547376.6,397310.87,541608.43,698731.07
F00570,2024,1274634.95,301933.94,506889.6,670766.2
F00570,2025,1316359.49,363338.75,783982.43,549418.11
F00571,2021,196673.77,53976.45,184322.66,156111.25
F00571,2022,217005.91,15651.31,181992.87,141854.37
F00571,2023,204136.42,12497.19,122700.54,143835.69
F00571,2024,127610.64,22206.15,30942.41,157049.96
F00571,2025,215701.95,59629.05,114226.21,179783.26
F00572,2021,148892.8,27663.35,89401.68,156068.02
F00572,2022,157403.86,10040.43,54683.97,148317.01
F00572,2023,213564.15,54941.13,29203.27,188931.36
F00572,2024,202661.28,13830.34,54805.39,152910.0
F00572,2025,132625.59,6989.79,100533.77,145572.8
F00573,2021,1856559.96,320214.51,1162135.41,1079971.33
F00573,2022,2051675.89,366006.27,1425090.55,897585.05
F00573,2023,1799197.87,325692.81,1617585.13,946954.3
F00573,2024,1286463.34,361722.84,847403.06,941817.87
F00573,2025,2927530.41,482382.79,1066493.2,1161144.39
F00574,2021,96355.58,9394.75,75706.33,58391.9
F00574,2022,111878.67,3585.79,13043.04,53405.27
F00574,2023,97553.25,23484.96,73547.27,63622.57
F00574,2024,124547.4,28254.38,34817.59,60571.68
F00574,2025,104605.89,14781.97,69592.95,62073.77
F00575,2021,293234.25,78845.34,251060.78,216462.85
F00575,2022,381533.27,72404.85,269329.92,190261.76
F00575,2023,469932.46,118518.87,72812.87,206633.93
F00575,2024,478031.53,104342.53,415296.33,256550.4
F00575,2025,717510.21,52594.38,583007.08,210600.29
F00576,2021,2007134.19,462688.65,1332008.08,785840.53
F00576,2022,2160235.93,163253.63,1445253.59,730443.02
F00576,2023,3382288.39,355360.64,1624233.66,783430.74
F00576,2024,2778553.73,595200.18,384078.62,894631.46
F00576,2025,5116123.27,450709.39,3301271.9,1026944.69
F00577,2021,553704.25,27817.09,253701.5,377739.82
F00577,2022,549270.7,34325.61,102738.3,398459.57
F00577,2023,589978.91,135515.87,215629.6,445382.55
F00577,2024,706520.82,95870.57,323767.0,424647.57
F00577,2025,566635.09,109096.11,268421.09,444296.19
F00578,2021,292190.53,63213.96,136591.81,314307.46
F00578,2022,284820.43,20741.07,145081.76,268648.58
F00578,2023,402714.36,69393.46,102083.13,318443.66
F00578,2024,493245.01,70689.35,226283.6,299356.89
F00578,2025,638210.8,189228.89,505633.99,316403.33
F00579,2021,2032891.94,561175.72,1107897.72,1329692.31
F00579,2022,2043062.96,564667.77,265399.48,1240324.92
F00579,2023,1565236.18,438327.36,689254.27,1021165.39
F00579,2024,1572022.38,259897.21,510343.52,943243.81
F00579,2025,2123289.99,464050.45,348594.0,1186376.81
F00580,2021,2183102.15,70808.69,1888782.52,964438.93
F00580,2022,1865590.4,320336.89,226830.99,1106034.09
F00580,2023,2631842.14,445086.0,1422220.92,1099593.7
F00580,2024,1247573.17,27262.57,462357.88,930339.85
F00580,2025,2153000.84,196592.25,648325.05,1047934.78
F00581,2021,420835.63,61933.07,63826.19,302821.44
F00581,2022,455911.83,12028.18,290764.19,252967.23
F00581,2023,455408.91,47310.28,200068.67,280320.28
F00581,2024,353860.36,25621.34,322149.65,261158.69
F00581,2025,693600.64,183287.61,226876.74,362069.82
F00582,2021,126108.17,34750.85,25897.01,80097.55
F00582,2022,153459.11,18308.23,120383.69,80843.55
F00582,2023,123412.46,15371.24,62233.34,77417.85
F00582,2024,142939.33,16863.78,84935.88,75262.7
F00582,2025,241172.18,29397.55,127494.89,92645.08
F00583,2021,23845.11,5399.2,17929.66,22509.29
F00583,2022,30005.22,6245.8,16219.33,22510.24
F00583,2023,35992.15,9115.25,29497.19,24733.17
F00583,2024,36322.08,10652.32,31986.39,28886.47
F00583,2025,40731.65,1724.04,34412.04,20787.75
F00584,2021,748264.57,130620.07,620396.35,587706.5
F00584,2022,859261.18,32751.35,639326.61,544664.38
F00584,2023,850042.71,59929.88,115266.34,571603.1
F00584,2024,879415.32,166034.95,627499.89,603506.12
F00584,2025,1379810.02,147947.95,811500.04,621311.79
F00585,2021,232109.86,68873.23,91250.58,229671.37
F00585,2022,259979.04,33205.63,73545.51,193529.18
F00585,2023,315702.07,59196.73,77559.7,189836.34
F00585,2024,294112.24,31916.94,67678.58,187866.17
F00585,2025,341067.81,87436.02,107747.4,232344.13
F00586,2021,293371.4,40244.32,225504.72,141751.16
F00586,2022,344486.25,47839.4,308419.97,122049.45
F00586,2023,289893.13,21311.31,220618.53,124995.34
F00586,2024,503370.7,91447.24,425583.23,147211.68
F00586,2025,642369.02,92584.66,148456.14,181867.87
F00587,2021,945495.43,268299.94,726765.53,763211.13
F00587,2022,1059842.34,179117.55,886722.26,766467.98
F00587,2023,657735.85,172662.71,268720.81,748315.24
F00587,2024,1186769.64,224672.34,333146.51,784934.02
F00587,2025,969907.83,274631.21,778683.29,857708.09
F00588,2021,356691.59,48616.38,317985.19,436150.17
F00588,2022,320240.78,35633.86,199391.38,403864.69
F00588,2023,270714.47,38050.45,114343.97,416352.6
F00588,2024,274122.5,39510.47,111490.07,426809.4
F00588,2025,273955.77,15387.09,112868.1,401252.87
F00589,2021,441097.21,27994.63,296883.17,294749.96
F00589,2022,516661.41,11023.87,351628.96,291066.31
F00589,2023,506653.42,26913.28,376064.65,303886.16
F00589,2024,750070.41,116634.75,535689.77,391469.22
F00589,2025,659123.01,15496.85,101156.92,285181.75
F00590,2021,80355.57,8504.94,43193.04,41950.55
F00590,2022,86490.82,24172.69,45751.16,52536.42
F00590,2023,93282.97,2637.94,70408.1,39428.57
F00590,2024,121296.37,29813.28,75119.06,66513.51
F00590,2025,202598.54,55970.71,28865.78,92120.14
F00591,2021,500154.55,26946.67,106893.42,393547.47
F00591,2022,465191.78,114498.52,260825.66,411331.67
F00591,2023,472335.31,118967.92,68822.1,489873.1
F00591,2024,575948.86,28508.3,244914.21,382722.94
F00591,2025,792085.1,221109.63,472437.85,461184.68
F00592,2021,1302196.57,187806.2,739981.03,560069.68
F00592,2022,1605694.13,38956.78,781385.81,532026.3
F00592,2023,2006587.12,144481.82,1532029.98,563794.33
F00592,2024,2408648.33,605941.96,1742904.25,681979.09
F00592,2025,3471049.61,209412.35,2423071.8,575367.1
F00593,2021,516251.72,13810.63,89984.48,181516.56
F00593,2022,596262.48,154569.29,373696.35,303401.08
F00593,2023,565886.99,44038.8,98677.39,201965.36
F00593,2024,977375.44,253269.34,544608.53,321829.38
F00593,2025,999974.16,181213.24,300721.72,257082.24
F00594,2021,1018392.86,277835.74,162254.23,411047.52
F00594,2022,874595.66,215182.3,276179.16,408116.74
F00594,2023,716739.75,106354.52,483762.89,403700.91
F00594,2024,951741.29,168117.62,577882.27,481447.35
F00594,2025,1013934.14,286901.68,564087.16,516227.39
F00595,2021,382074.04,110636.1,184985.24,285583.51
F00595,2022,411539.56,115642.54,296331.53,299995.59
F00595,2023,526101.18,104420.95,277707.28,263650.29
F00595,2024,555146.38,63009.52,143925.68,245188.71
F00595,2025,722451.28,134940.58,147908.72,287068.66
F00596,2021,1584824.83,342893.02,1384479.4,1148800.67
F00596,2022,1566692.94,151935.38,1210122.28,968716.01
F00596,2023,2488421.46,461850.25,2333405.21,1131600.38
F00596,2024,2382262.98,345619.75,2342001.58,1100601.33
F00596,2025,1692365.37,95959.69,248775.78,986352.35
F00597,2021,725179.24,149263.25,562589.09,766910.81
F00597,2022,752206.67,157134.63,142623.34,777675.69
F00597,2023,766262.57,161101.38,658953.92,739193.06
F00597,2024,1196627.81,32343.79,907273.59,670244.02
F00597,2025,1402677.79,336984.51,536695.52,995098.08
F00598,2021,825073.56,162176.44,476975.24,592059.34
F00598,2022,845695.24,195133.62,102345.74,521900.53
F00598,2023,856691.99,241925.35,471940.5,529798.55
F00598,2024,1079056.88,266619.02,915666.52,573054.03
F00598,2025,724832.17,47749.62,305610.33,477490.9
F00599,2021,182703.65,26270.27,76976.87,128169.28
F00599,2022,201669.76,37084.81,130585.97,140820.68
F00599,2023,231106.0,38857.63,23811.33,143305.46
F00599,2024,294677.7,34555.97,153125.62,135055.25
F00599,2025,260040.36,5308.23,38913.67,112823.59
F00600,2021,2072855.06,184559.83,1437891.85,748060.6
F00600,2022,2126937.65,295002.19,1454223.03,873275.57
F00600,2023,1764833.51,392095.87,737834.19,909366.55
F00600,2024,2092973.62,487897.66,264791.27,1043190.06
F00600,2025,2158760.55,448624.72,1132617.42,782269.23
F00601,2021,567868.37,41947.88,296045.14,326624.94
F00601,2022,689901.27,166596.33,516129.79,456737.0
F00601,2023,627638.03,147254.73,352118.53,369689.57
F00601,2024,1048231.74,232249.65,404921.45,517317.45
F00601,2025,632098.09,26712.76,186232.91,328271.59
F00602,2021,265787.86,52258.52,69476.88,188396.66
F00602,2022,278542.97,18681.27,210748.25,175842.99
F00602,2023,185603.25,33510.83,43649.75,172118.61
F00602,2024,311908.88,24274.51,234459.82,182752.44
F00602,2025,277715.86,5699.74,135241.55,165576.72
F00603,2021,122565.16,32509.46,19639.9,125139.32
F00603,2022,128078.28,5163.06,46975.77,115996.53
F00603,2023,135536.42,32080.09,77105.58,142595.95
F00603,2024,147367.9,29217.08,50850.53,136445.18
F00603,2025,110066.9,27982.98,39873.5,132283.25
F00604,2021,931978.01,208941.1,389962.39,967490.09
F00604,2022,1096396.59,87068.16,562464.77,807100.74
F00604,2023,1188027.84,99569.56,122493.53,805790.82
F00604,2024,1220122.34,216675.52,1080816.63,846969.65
F00604,2025,1127535.44,80922.18,665180.6,824079.5
F00605,2021,1031758.06,254272.74,170725.03,504934.02
F00605,2022,1022577.95,240494.68,143047.4,450135.18
F00605,2023,758425.82,198801.09,301812.89,452046.85
F00605,2024,711995.95,124986.33,494147.52,425712.72
F00605,2025,748555.75,53671.86,665542.23,405361.26
F00606,2021,167806.8,41258.35,84736.12,125954.28
F00606,2022,189005.36,40189.91,175082.12,108288.45
F00606,2023,185442.47,22132.96,111190.06,96439.18
F00606,2024,208072.09,41384.78,155105.74,101263.8
F00606,2025,303077.62,74821.75,112856.54,125204.39
F00607,2021,1515777.37,219020.98,1343776.62,529207.77
F00607,2022,1674655.02,128501.34,1009557.26,555536.96
F00607,2023,1846001.84,126630.57,444217.64,497525.19
F00607,2024,1787868.34,110038.01,788892.46,517648.74
F00607,2025,1787591.7,132993.77,465185.11,531481.79
F00608,2021,3998513.2,1167672.02,3091650.37,2328785.48
F00608,2022,4449344.15,954755.14,1113782.85,2240800.88
F00608,2023,4962610.71,511223.09,2088390.46,2183056.42
F00608,2024,3968309.6,800762.16,856262.51,1973689.57
F00608,2025,3685296.04,1010653.33,1732487.02,2605683.44
F00609,2021,5345022.0,1354627.62,1485184.31,3507904.01
F00609,2022,5732477.24,1366321.15,2402689.3,3516725.28
F00609,2023,6741838.73,1418918.25,2137739.55,3714133.25
F00609,2024,6171540.5,370977.19,1658925.0,2874421.42
F00609,2025,4236718.62,577312.44,1385012.83,2776973.19
F00610,2021,472098.09,59529.0,202901.03,237284.76
F00610,2022,444254.14,40786.08,270532.58,217624.72
F00610,2023,417201.66,89317.01,151501.04,232913.5
F00610,2024,791599.13,28197.05,459015.95,204018.65
F00610,2025,900212.85,73967.04,127379.1,239097.63
F00611,2021,1130391.89,183364.59,123988.48,525562.31
F00611,2022,945939.49,35196.69,728438.65,486197.8
F00611,2023,979873.85,97902.26,507447.24,498292.91
F00611,2024,1160851.35,320197.69,612911.48,753742.37
F00611,2025,517328.37,48703.46,76578.74,513008.18
F00612,2021,2194163.94,487457.04,2030042.17,1190678.32
F00612,2022,2621408.06,445242.67,944867.24,1129388.37
F00612,2023,2810435.48,142975.75,380371.97,926554.74
F00612,2024,4525419.66,1277391.18,1622029.67,1259896.33
F00612,2025,4556471.27,917281.0,4349436.3,1501513.24
F00613,2021,1676395.17,239007.29,895574.07,809002.06
F00613,2022,2159365.08,224432.04,1750132.31,945250.36
F00613,2023,2226213.01,166910.86,1251238.1,887799.72
F00613,2024,2127354.84,629976.13,529196.66,969008.72
F00613,2025,2827075.66,786846.24,780720.1,1012638.12
F00614,2021,962572.04,264814.48,494277.41,558837.31
F00614,2022,836634.87,178365.97,668918.01,607243.58
F00614,2023,1222822.79,209280.4,427930.67,660300.37
F00614,2024,835471.22,248511.79,631688.84,559271.13
F00614,2025,1191263.78,352335.17,224901.23,680246.08
F00615,2021,309161.19,64338.95,178700.22,365931.03
F00615,2022,379546.0,71814.18,310863.42,383291.68
F00615,2023,347215.32,15573.7,232684.4,328758.2
F00615,2024,444278.59,51031.92,128087.22,356544.67
F00615,2025,590432.43,97619.36,386228.59,381433.51
F00616,2021,512628.03,109650.18,451571.66,261602.77
F00616,2022,558884.16,161001.87,497673.56,294647.35
F00616,2023,577571.69,93846.93,241443.67,269488.71
F00616,2024,761464.68,125103.36,560194.16,250600.79
F00616,2025,628219.11,53303.36,520220.02,196533.9
F00617,2021,984706.89,284609.34,260374.44,467135.56
F00617,2022,891208.68,220252.23,614463.74,487409.77
F00617,2023,1223764.53,310503.11,164503.49,510436.22
F00617,2024,945879.37,78048.99,502320.03,389725.33
F00617,2025,652424.84,129291.43,276753.71,365617.19
F00618,2021,508293.69,147159.11,406013.63,264941.91
F00618,2022,466287.01,119598.93,96287.24,310354.97
F00618,2023,521315.1,48494.95,220617.15,262277.83
F00618,2024,349281.16,80796.32,313376.57,293606.81
F00618,2025,428137.2,103381.88,124501.9,282805.3
F00619,2021,657842.93,178360.27,510018.12,347140.82
F00619,2022,715105.73,63762.38,355967.42,252626.58
F00619,2023,597279.3,160044.26,492235.74,300984.6
F00619,2024,760987.43,163541.74,211188.36,311087.85
F00619,2025,664192.46,101581.36,123525.18,267416.87
F00620,2021,310134.14,43347.17,77338.77,184077.67
F00620,2022,275625.59,28633.29,214347.91,194488.14
F00620,2023,371847.69,84383.74,331416.26,200632.67
F00620,2024,417705.01,113988.01,131169.83,243939.79
F00620,2025,180984.8,34320.51,68790.79,196057.56
F00621,2021,3005177.84,248679.76,1569884.2,1264997.65
F00621,2022,3268863.5,580002.2,839947.61,1547668.4
F00621,2023,3239359.61,516156.26,2116764.96,1437861.51
F00621,2024,2307697.31,670160.33,551525.96,1523439.29
F00621,2025,2083423.64,133323.58,389093.41,1142001.69
F00622,2021,313971.73,38611.71,70812.29,328814.63
F00622,2022,369420.74,40087.55,166590.37,318205.65
F00622,2023,457787.8,69887.16,371599.46,345702.83
F00622,2024,330655.68,70735.3,143676.33,354908.7
F00622,2025,602508.29,139818.45,150734.04,365055.37
F00623,2021,1965490.27,306532.1,1156808.58,867535.16
F00623,2022,1663771.51,435502.59,634525.75,848070.07
F00623,2023,1680847.87,306363.93,1418059.28,862790.76
F00623,2024,2303218.87,185458.44,329121.51,666485.26
F00623,2025,2231868.05,279973.79,1540631.99,815951.61
F00624,2021,1835968.93,508114.57,818232.2,967976.19
F00624,2022,1872151.44,498699.57,1683052.78,858896.99
F00624,2023,1836084.98,466226.66,1450921.91,970415.21
F00624,2024,2573420.95,377747.46,2216104.55,736745.89
F00624,2025,2315728.42,678725.64,1007045.02,949224.4
F00625,2021,4493301.82,383520.27,978720.4,1709359.5
F00625,2022,4728886.34,628780.4,517171.61,1832237.47
F00625,2023,3478261.49,862933.62,622249.8,1823185.03
F00625,2024,6010873.83,612707.41,1114152.22,1862116.7
F00625,2025,4518419.29,1314242.72,1260915.37,2452468.19
F00626,2021,571288.85,118453.0,462478.7,318850.81
F00626,2022,566054.12,149716.17,312368.94,355095.8
F00626,2023,691978.59,8235.18,502020.05,210433.09
F00626,2024,733561.77,28865.27,173884.25,229833.07
F00626,2025,820612.28,31523.4,600699.33,226820.86
F00627,2021,1083518.12,237829.22,623161.44,521241.4
F00627,2022,1150207.69,251901.08,711131.79,566299.47
F00627,2023,1423635.49,180521.99,1083735.65,449546.1
F00627,2024,901445.25,217879.76,756468.57,524170.65
F00627,2025,1271443.65,99929.57,273618.89,404398.18
F00628,2021,167006.54,4576.08,92554.46,105117.69
F00628,2022,172252.77,32493.22,152130.33,133742.84
F00628,2023,189595.96,45640.71,152465.0,118774.24
F00628,2024,179154.36,30810.92,23535.96,130596.21
F00628,2025,265653.15,12201.32,67468.84,108362.16
F00629,2021,4150312.01,639370.94,1011309.82,1816336.59
F00629,2022,3477615.14,431370.51,1356267.04,1483353.46
F00629,2023,3077271.71,354171.39,3015837.63,1540632.39
F00629,2024,4183168.98,327179.21,3549721.22,1434108.06
F00629,2025,3640772.8,142954.32,2630216.79,1284226.86
F00630,2021,375820.73,29793.64,287351.32,138811.72
F00630,2022,401240.6,51376.06,296933.58,165169.71
F00630,2023,289600.98,62866.13,45162.45,172115.5
F00630,2024,206443.51,29128.17,123852.27,147133.94
F00630,2025,172250.37,30805.59,138306.3,148500.57
F00631,2021,1006626.19,276447.11,291108.7,762034.29
F00631,2022,1050553.29,221049.09,479652.13,694662.72
F00631,2023,1084541.85,90433.07,551147.67,665810.87
F00631,2024,1820279.72,76121.1,551488.1,631460.38
F00631,2025,1443248.94,88596.13,789769.68,625678.0
F00632,2021,559207.64,79139.16,347476.96,280316.79
F00632,2022,530662.5,80353.8,316118.18,317215.07
F00632,2023,571437.12,83929.92,465562.66,291679.92
F00632,2024,448757.55,53024.51,203113.66,274765.7
F00632,2025,247000.88,30121.3,62759.24,257395.01
F00633,2021,1264130.11,21052.72,982881.91,990674.17
F00633,2022,1424661.69,410109.58,1215504.4,1179462.06
F00633,2023,1190818.41,92558.39,476365.31,1043109.67
F00633,2024,2196532.06,159774.03,892706.6,1123659.47
F00633,2025,1630295.31,244533.42,1058002.36,1064080.71
F00634,2021,199939.76,40182.72,58732.49,108340.17
F00634,2022,225197.74,32128.88,47418.84,100344.82
F00634,2023,176390.31,16402.29,142233.85,88327.09
F00634,2024,250300.31,35423.9,112901.04,105975.32
F00634,2025,329746.24,54261.99,275576.09,119704.82
F00635,2021,253319.69,20354.55,132112.44,271549.74
F00635,2022,296863.67,84157.39,118727.88,316698.94
F00635,2023,368760.62,10158.45,215747.0,259971.38
F00635,2024,277529.11,21992.45,225196.1,270931.51
F00635,2025,462760.84,27267.62,135257.99,270678.02
F00636,2021,58171.79,14380.26,21321.27,35285.41
F00636,2022,56682.01,15965.31,21124.78,34654.75
F00636,2023,35691.16,3795.29,10305.75,28379.74
F00636,2024,62137.5,17959.26,50964.68,40822.12
F00636,2025,28192.14,5694.0,24244.86,30973.76
F00637,2021,311737.07,76423.92,74308.74,187272.18
F00637,2022,375637.21,78110.36,203948.73,205262.08
F00637,2023,322392.52,58914.04,136076.29,146594.18
F00637,2024,406664.19,94984.63,89103.51,203306.54
F00637,2025,583215.28,25142.63,533694.7,150414.34
F00638,2021,1441775.49,289815.81,287284.55,1494553.26
F00638,2022,1503999.85,383991.86,898280.21,1396454.44
F00638,2023,1324465.68,291521.61,1190424.33,1550842.1
F00638,2024,957335.63,41295.8,416471.51,1304135.4
F00638,2025,1375324.1,132961.06,506071.73,1321451.33
F00639,2021,572570.72,44702.12,77515.01,341368.84
F00639,2022,692089.67,188438.92,259681.73,431437.19
F00639,2023,599878.85,98059.25,216401.91,375338.92
F00639,2024,609005.58,109396.77,341485.38,404077.53
F00639,2025,850908.55,232180.68,302175.07,434908.19
F00640,2021,153271.66,9953.69,28120.76,63091.28
F00640,2022,170110.33,11989.47,147120.46,60965.0
F00640,2023,157871.25,35749.79,57099.59,73748.61
F00640,2024,231360.17,65333.44,60653.12,102292.76
F00640,2025,237532.66,24877.85,32603.86,70135.77
F00641,2021,940184.3,268656.17,596245.42,957790.43
F00641,2022,1057097.09,111821.63,264416.8,767851.65
F00641,2023,1599949.1,192137.88,1205654.11,853578.57
F00641,2024,1162567.98,226161.96,936245.71,794608.46
F00641,2025,1322624.59,302986.51,410538.2,836094.4
F00642,2021,5278554.29,1058786.68,2459038.13,2368841.43
F00642,2022,5412725.99,515486.62,3315567.59,2142016.31
F00642,2023,3497244.52,554848.61,1815840.26,1967575.96
F00642,2024,4943610.04,836438.73,2361512.32,2028448.46
F00642,2025,4157336.69,355034.04,1779306.82,1935828.4
F00643,2021,101458.27,27216.24,66389.32,42154.23
F00643,2022,113423.96,11304.96,70259.92,37126.65
F00643,2023,156253.57,15449.16,130084.17,44446.11
F00643,2024,179853.25,32245.76,53460.47,45521.9
F00643,2025,157182.4,13010.69,22844.28,41052.32
F00644,2021,725407.53,194731.9,240662.12,328163.59
F00644,2022,830964.26,130781.64,247153.22,295690.88
F00644,2023,810498.6,72471.23,578043.57,287419.54
F00644,2024,1248393.54,175700.93,456419.7,355822.32
F00644,2025,559593.89,90576.07,393191.01,307931.11
F00645,2021,368013.5,34999.17,57236.54,129324.65
F00645,2022,417322.72,80163.25,113306.35,189788.82
F00645,2023,520222.57,34100.85,382109.67,127436.15
F00645,2024,291972.41,30404.76,134851.46,126718.94
F00645,2025,571291.19,99830.72,386892.58,179860.23
F00646,2021,150852.78,37159.04,134885.36,188957.22
F00646,2022,160234.52,22815.41,61882.87,187924.17
F00646,2023,199796.89,17972.24,184134.57,189324.11
F00646,2024,281314.46,34684.29,130094.69,189321.48
F00646,2025,156066.85,38664.2,116966.94,202393.14
F00647,2021,1611027.6,452174.64,240302.07,1194712.83
F00647,2022,1716283.7,88418.72,1240458.98,1052749.53
F00647,2023,1866954.93,227207.21,1488370.93,1132274.94
F00647,2024,2512076.74,127347.94,1799916.58,1131415.28
F00647,2025,2235768.75,238195.31,427501.51,1187941.65
F00648,2021,161813.75,15475.47,127321.86,113759.55
F00648,2022,187462.5,25419.54,160889.07,112518.45
F00648,2023,216097.2,17100.25,105576.21,116799.66
F00648,2024,192293.16,49677.49,77778.7,118192.58
F00648,2025,199833.42,49198.11,106495.41,141383.36
F00649,2021,101590.61,5314.15,85042.12,106868.39
F00649,2022,116542.45,15614.93,43415.59,110806.6
F00649,2023,132952.22,23878.96,111173.42,126915.26
F00649,2024,95477.55,13643.96,50559.89,115826.82
F00649,2025,161979.69,21046.72,104188.56,115494.4
F00650,2021,1955847.85,359161.87,437446.41,821190.94
F00650,2022,1540593.26,263886.32,517546.36,693018.31
F00650,2023,1649595.88,100173.84,1029868.68,617739.86
F00650,2024,1596888.33,62489.57,720803.23,615802.16
F00650,2025,2538794.37,665097.38,1746774.79,915281.57
F00651,2021,421123.44,35706.86,137903.77,163934.68
F00651,2022,446822.57,119919.64,371248.2,200415.46
F00651,2023,260216.07,69873.77,210211.68,203231.14
F00651,2024,491337.63,86657.09,427035.33,184881.83
F00651,2025,188772.51,38610.85,169656.83,162706.24
F00652,2021,3449285.45,986931.61,899925.83,2317105.42
F00652,2022,3479377.82,323310.02,886040.53,2224238.31
F00652,2023,4504483.86,659316.45,505837.46,2373222.23
F00652,2024,4163931.24,849562.98,2236076.96,2567775.52
F00652,2025,3293622.77,294605.57,754012.26,2190768.46
F00653,2021,158311.54,12522.8,106228.04,62831.63
F00653,2022,193130.93,50262.58,74700.28,95334.34
F00653,2023,233004.38,48855.82,127917.99,70765.61
F00653,2024,189910.82,39375.77,146986.56,69555.71
F00653,2025,140107.32,24664.97,59673.28,65892.86
F00654,2021,423610.85,116662.91,59219.72,318769.57
F00654,2022,482914.79,27829.0,370073.67,295861.12
F00654,2023,667854.55,59686.45,324842.02,315147.34
F00654,2024,529864.32,117600.27,196556.53,382529.05
F00654,2025,847134.33,206483.85,149656.52,414078.18
F00655,2021,1103892.11,76429.51,505889.34,493970.39
F00655,2022,1232266.17,311672.2,514967.53,592413.41
F00655,2023,1337076.57,154548.14,836385.81,495423.41
F00655,2024,1381678.09,184178.56,231158.57,568767.88
F00655,2025,1274481.76,78764.1,536901.09,460531.62
F00656,2021,576950.94,39460.51,266915.54,237682.17
F00656,2022,665168.24,174698.69,581643.6,328076.78
F00656,2023,739991.23,128350.77,185034.91,328257.05
F00656,2024,578432.29,63004.58,176941.38,251173.68
F00656,2025,704717.89,50354.19,416422.34,239024.36
F00657,2021,253103.41,48342.27,151715.81,118084.67
F00657,2022,239231.36,12813.12,169056.07,100854.65
F00657,2023,242507.42,25267.57,76192.67,110738.33
F00657,2024,269227.53,66202.01,244327.39,115707.68
F00657,2025,441566.95,115471.0,314639.98,134561.16
F00658,2021,1311929.64,246097.43,147383.59,785553.22
F00658,2022,1249508.84,74062.13,557924.87,647045.38
F00658,2023,1196780.38,70898.32,681516.22,658000.94
F00658,2024,1454568.89,54540.01,1120042.01,655275.65
F00658,2025,947523.42,227258.55,248925.4,808149.19
F00659,2021,1088576.74,229631.47,748245.23,466623.78
F00659,2022,1226090.86,181501.24,380257.24,530937.72
F00659,2023,1123974.64,55590.07,598792.47,378029.22
F00659,2024,1830702.04,143525.26,1400083.62,464949.77
F00659,2025,1921148.83,88418.5,388376.91,389443.9
F00660,2021,440372.69,110402.19,93962.17,454615.0
F00660,2022,546475.57,40740.04,426798.76,421222.13
F00660,2023,453418.89,44595.23,233587.37,423126.06
F00660,2024,655016.23,107821.61,131597.82,487739.8
F00660,2025,665162.79,91084.24,176750.39,437916.58
F00661,2021,3591687.75,815529.52,2010371.33,1681920.49
F00661,2022,3150242.16,334709.05,2602200.9,1287013.6
F00661,2023,3783699.28,513872.96,1374054.82,1516418.41
F00661,2024,2510483.76,166928.71,295658.84,1256355.99
F00661,2025,2574513.23,137013.02,1285951.37,1258085.83
F00662,2021,818060.72,79058.94,152600.65,277793.73
F00662,2022,901612.95,152256.73,447308.41,388990.8
F00662,2023,1041020.04,279453.84,415282.32,507283.33
F00662,2024,1097435.02,107677.61,199265.41,327450.4
F00662,2025,926060.59,234472.27,665918.16,369871.64
F00663,2021,750044.56,114799.89,259001.27,343134.59
F00663,2022,692763.58,87787.27,125463.36,334674.99
F00663,2023,987253.56,266453.27,395738.4,407783.33
F00663,2024,1128442.45,186503.11,213157.58,459285.5
F00663,2025,1091419.93,52021.6,725275.08,320562.89
F00664,2021,142114.52,17698.92,106326.74,69716.89
F00664,2022,142252.6,24042.22,138448.44,69705.93
F00664,2023,176573.61,46405.09,31912.62,86753.52
F00664,2024,179063.36,17912.61,118635.74,77257.39
F00664,2025,110749.94,12461.98,74365.6,71618.26
F00665,2021,1242226.44,20768.42,890035.75,529199.45
F00665,2022,1228255.35,318923.84,527889.89,830108.85
F00665,2023,1222215.0,162584.28,1160495.93,666163.3
F00665,2024,1235570.83,265255.51,263052.59,756451.4
F00665,2025,1842826.21,279372.86,356039.07,718878.72
F00666,2021,949349.12,221154.93,635047.36,662545.42
F00666,2022,1005759.47,104363.87,199671.44,593883.03
F00666,2023,750257.36,75173.05,401951.17,570180.26
F00666,2024,715123.27,191612.73,193839.5,682907.89
F00666,2025,926825.35,185766.51,712629.05,648448.95
F00667,2021,974924.66,60507.65,627120.36,380941.54
F00667,2022,1175933.65,297082.43,400047.76,441849.34
F00667,2023,1034133.39,84881.22,886964.16,396536.82
F00667,2024,1853967.25,391125.04,1439858.57,541140.02
F00667,2025,2315035.45,177209.4,2053153.42,486830.32
F00668,2021,399024.88,52697.83,338945.42,242884.37
F00668,2022,322134.98,89335.55,221406.82,246752.99
F00668,2023,416986.65,72787.55,247909.09,275453.54
F00668,2024,266896.11,47077.08,197059.42,257183.37
F00668,2025,245565.57,28887.74,228338.87,234581.45
F00669,2021,13192409.99,1156003.61,7146017.0,4534199.57
F00669,2022,14262863.29,3257426.95,1805787.72,5318739.51
F00669,2023,16042926.94,4405267.99,3780162.89,5598493.12
F00669,2024,19508617.26,1366156.44,14627465.15,5384308.1
F00669,2025,30989902.24,7175905.62,20512585.6,10048425.88
F00670,2021,140484.18,18749.22,67982.36,78178.6
F00670,2022,143042.53,34396.76,78237.62,95111.46
F00670,2023,141831.19,13027.82,37488.73,66855.86
F00670,2024,186094.75,25447.57,141732.43,80926.09
F00670,2025,226892.81,49919.4,75791.83,103888.4
F00671,2021,167423.83,5174.77,32846.44,154869.82
F00671,2022,147306.13,43129.44,112809.11,179403.75
F00671,2023,111275.37,5482.88,58814.4,155583.58
F00671,2024,136911.42,33985.89,64684.98,168149.37
F00671,2025,108439.64,12981.76,19005.54,158612.13
F00672,2021,191679.18,9938.75,171343.44,93723.09
F00672,2022,226911.47,24487.32,29123.03,100710.65
F00672,2023,255119.8,47038.17,104047.37,116194.76
F00672,2024,353700.71,80268.86,148286.85,144996.18
F00672,2025,199750.7,13228.89,126412.98,91450.38
F00673,2021,2036906.33,570756.12,899093.69,1016492.59
F00673,2022,2215421.24,197683.86,1713604.19,890200.98
F00673,2023,2381248.3,421812.62,1529823.28,876465.23
F00673,2024,2762068.23,299030.84,2189980.83,991800.02
F00673,2025,1514186.38,338562.29,1120060.35,886076.95
F00674,2021,254627.72,67274.12,203869.51,274735.98
F00674,2022,216348.4,26700.78,36516.25,253317.5
F00674,2023,217549.82,63130.05,83496.41,283826.45
F00674,2024,145774.73,3305.35,128673.54,234527.91
F00674,2025,102985.25,19868.49,37655.79,239610.29
F00675,2021,353525.08,18934.94,76187.58,112940.69
F00675,2022,389223.49,89816.91,257839.76,133014.18
F00675,2023,345463.8,70842.92,227885.76,143756.78
F00675,2024,255980.65,37659.31,54203.78,133804.32
F00675,2025,403306.85,59451.02,158757.16,156959.97
F00676,2021,3995130.58,488182.92,805458.65,1775253.09
F00676,2022,4496437.72,986449.4,2836290.32,1910854.45
F00676,2023,4083495.68,960781.12,864480.18,2398212.89
F00676,2024,5129945.23,511663.68,558904.85,1845305.0
F00676,2025,3286189.03,350182.67,2314906.39,1848721.05
F00677,2021,1774308.68,500372.7,783766.43,907101.09
F00677,2022,1888847.4,366793.43,549208.81,776496.98
F00677,2023,1505890.71,156181.43,900605.02,715636.91
F00677,2024,1998181.98,393820.69,1428647.15,977779.56
F00677,2025,1869086.47,346631.79,430230.15,872186.65
F00678,2021,1075095.26,235649.01,591681.4,699169.32
F00678,2022,1337289.53,353042.23,500855.17,645771.45
F00678,2023,1772259.65,228398.9,1325794.83,562742.65
F00678,2024,2358116.12,668933.69,942939.3,673350.35
F00678,2025,1474409.76,45082.67,240028.4,484158.42
F00679,2021,498334.77,139905.28,362803.25,241369.83
F00679,2022,524024.15,104275.5,264224.52,222662.42
F00679,2023,717691.8,60230.82,512178.56,199961.31
F00679,2024,822911.61,90743.76,653736.43,213776.69
F00679,2025,758960.15,78656.45,176689.55,217519.23
F00680,2021,585623.12,165652.69,450737.11,290581.73
F00680,2022,614391.2,154803.26,496040.38,250163.36
F00680,2023,648684.84,81682.59,436484.34,203365.78
F00680,2024,716574.58,49680.17,371358.24,205111.19
F00680,2025,476574.08,15342.38,362376.91,188094.19
F00681,2021,342875.8,36997.7,307553.44,126091.65
F00681,2022,336270.07,92926.01,60112.31,165098.32
F00681,2023,285206.52,79737.86,248675.68,180955.06
F00681,2024,301710.93,23785.85,240777.16,118802.75
F00681,2025,254058.64,66983.74,54027.58,161391.13
F00682,2021,210155.93,39823.05,41832.08,135586.45
F00682,2022,252683.96,18397.56,31003.03,121670.06
F00682,2023,291175.85,59980.71,179036.12,155963.26
F00682,2024,316241.16,90117.65,267190.69,142702.37
F00682,2025,173143.4,40979.09,154928.15,128718.62
F00683,2021,600542.47,49177.4,466827.47,231999.38
F00683,2022,530682.46,28467.95,83586.92,205331.08
F00683,2023,542352.6,152419.59,305818.87,295384.45
F00683,2024,819142.44,103157.95,342431.47,277983.0
F00683,2025,415186.81,62608.83,59942.88,222899.78
F00684,2021,207661.78,15945.87,170309.07,101214.48
F00684,2022,245498.81,61252.55,127348.26,145869.55
F00684,2023,237107.41,69386.15,126134.95,155136.92
F00684,2024,198516.5,57907.34,148338.0,121494.21
F00684,2025,264057.15,72786.04,46816.06,146440.69
F00685,2021,252022.54,48213.08,165337.45,153563.21
F00685,2022,271064.15,80984.71,48694.71,158640.99
F00685,2023,305815.11,71452.85,245618.98,136942.92
F00685,2024,164705.55,7286.98,37813.35,114556.27
F00685,2025,199977.24,51726.47,121123.98,160415.63
F00686,2021,1952570.34,507454.51,1101275.15,1076718.13
F00686,2022,1893908.74,175984.19,368913.95,876151.12
F00686,2023,2441790.88,594627.74,760942.6,1211107.93
F00686,2024,2554737.53,563743.79,991029.71,1218829.86
F00686,2025,1574096.26,178582.32,357426.58,862713.61
F00687,2021,7598436.86,1338947.15,2763817.86,3353781.3
F00687,2022,6780211.26,1879852.13,6409590.93,4407809.22
F00687,2023,10428146.86,2689007.26,6382532.17,3820645.78
F00687,2024,5495378.55,876190.19,3730165.81,3159011.07
F00687,2025,7570910.24,2004423.01,3245279.79,4120470.72
F00688,2021,207608.11,41267.95,92305.27,146435.25
F00688,2022,214359.68,16938.41,49070.07,136556.86
F00688,2023,215656.82,19256.2,187962.66,139052.7
F00688,2024,244152.58,53750.46,154152.33,144360.37
F00688,2025,372034.72,34533.54,295928.84,142146.96
F00689,2021,583857.77,95568.86,296243.97,338627.26
F00689,2022,600442.4,90154.08,230620.95,308514.16
F00689,2023,474963.74,122327.14,292872.51,349206.23
F00689,2024,752107.44,129665.39,675267.58,309176.11
F00689,2025,569278.82,12219.44,348546.64,260829.58
F00690,2021,208158.95,35990.8,149436.48,129318.69
F00690,2022,223660.35,36213.97,200474.39,114823.31
F00690,2023,287751.2,33388.11,64260.24,123866.93
F00690,2024,287543.36,45980.9,176630.41,122004.9
F00690,2025,290994.46,42776.01,109829.44,120830.55
F00691,2021,259409.22,71809.78,189892.48,259931.43
F00691,2022,303362.75,31323.46,76741.17,249677.08
F00691,2023,271903.03,5945.87,191438.62,240487.28
F00691,2024,336220.38,39803.47,156724.95,256903.23
F00691,2025,266497.4,21458.63,216017.65,246933.3
F00692,2021,350576.71,75788.55,55659.75,407843.28
F00692,2022,302203.54,84996.08,189282.93,420536.4
F00692,2023,385599.94,83043.26,80458.57,406824.25
F00692,2024,388076.69,90155.25,117975.58,397335.48
F00692,2025,507327.01,14790.23,317810.8,367636.15
F00693,2021,477990.07,28242.09,169581.07,193100.31
F00693,2022,569472.68,83600.56,368823.1,215698.5
F00693,2023,597829.15,87457.4,214175.83,212565.8
F00693,2024,666736.95,21431.69,174177.44,178882.77
F00693,2025,876067.06,232645.55,784372.12,346794.16
F00694,2021,1825438.52,516211.57,838264.45,787900.63
F00694,2022,2280509.25,231516.95,457267.97,687826.73
F00694,2023,1857289.13,157499.87,871861.17,633183.94
F00694,2024,2727313.8,764268.49,900838.69,883160.76
F00694,2025,4705361.33,877126.06,2884314.23,1132032.83
F00695,2021,1011540.48,280392.5,257657.13,570977.27
F00695,2022,923919.21,164900.56,114050.47,514000.91
F00695,2023,1237394.46,354729.83,339580.4,577417.07
F00695,2024,810343.22,233939.73,150126.44,611696.94
F00695,2025,1257777.77,39792.74,568980.53,428515.49
F00696,2021,458164.38,53740.67,253503.8,189117.2
F00696,2022,526339.18,40594.73,460254.94,188218.05
F00696,2023,725770.05,119394.43,473555.83,223034.39
F00696,2024,619128.32,30536.16,510266.37,176228.32
F00696,2025,1114409.51,221876.88,498150.53,346563.04
F00697,2021,241284.47,45481.04,53977.5,153303.29
F00697,2022,255934.83,15256.46,116895.46,140861.41
F00697,2023,164601.31,14696.55,79111.97,140545.64
F00697,2024,222673.81,52289.58,170958.54,165333.28
F00697,2025,256747.98,70267.77,152066.77,164140.55
F00698,2021,622206.44,54256.89,124827.35,247988.23
F00698,2022,655947.98,154408.89,217398.04,324134.53
F00698,2023,759223.51,93457.56,465639.03,253496.52
F00698,2024,1018977.77,261781.8,897753.39,315623.95
F00698,2025,1675131.95,242481.24,1089277.35,315560.34
F00699,2021,336775.99,61131.94,152282.01,270437.31
F00699,2022,331758.63,9151.68,189090.54,248579.18
F00699,2023,279684.93,83754.76,144116.59,314105.18
F00699,2024,425253.17,53891.35,89935.4,293587.37
F00699,2025,419573.02,113818.2,180986.11,280384.14
F00700,2021,1423088.37,302166.3,727868.98,933829.72
F00700,2022,1558493.62,242008.47,215644.59,890688.01
F00700,2023,2232868.4,191995.51,736970.16,886423.15
F00700,2024,1666192.08,410509.82,1197727.82,921120.89
F00700,2025,3076757.9,595307.45,2170574.96,1024511.92
F00701,2021,63817.12,4589.14,50091.99,29110.86
F00701,2022,53360.53,4639.27,41018.04,27309.37
F00701,2023,59599.88,11072.69,26944.02,34789.87
F00701,2024,54822.21,11805.31,11200.54,34023.64
F00701,2025,33394.44,9446.25,21548.21,32330.14
F00702,2021,225265.28,24283.63,158469.18,182707.18
F00702,2022,260307.72,14665.69,31324.18,181057.96
F00702,2023,299541.68,50948.69,108002.66,205355.89
F00702,2024,410628.75,104705.81,226902.57,233907.63
F00702,2025,556044.18,81916.18,246693.77,223325.07
F00703,2021,4216586.93,1220880.25,2654752.18,2867031.23
F00703,2022,5423108.62,1448547.82,2809802.04,2572156.76
F00703,2023,5575068.21,424689.12,4381504.25,2360011.8
F00703,2024,6881726.39,842950.69,3724745.63,2568764.12
F00703,2025,11272602.25,2721246.64,5084086.82,3963179.09
F00704,2021,66472.65,15811.53,55120.09,31890.39
F00704,2022,64405.69,15718.65,56396.31,31313.65
F00704,2023,88247.63,8519.25,54472.28,27997.26
F00704,2024,87805.0,5739.3,55337.18,25005.82
F00704,2025,74562.69,16391.61,29257.61,34726.71
F00705,2021,370423.44,56078.39,176789.87,236000.03
F00705,2022,445227.92,101388.35,313315.43,274999.93
F00705,2023,381756.41,109552.32,97118.56,298215.02
F00705,2024,492875.45,32842.55,266964.32,217594.8
F00705,2025,871059.27,25997.84,149928.41,218580.22
F00706,2021,1120917.86,296252.54,709151.88,637116.67
F00706,2022,1365855.52,181581.1,492341.97,549739.1
F00706,2023,1745277.38,228256.91,938160.55,513766.85
F00706,2024,1901729.36,487013.62,324865.99,821574.09
F00706,2025,2583595.33,284895.59,2350819.47,571698.12
F00707,2021,211873.91,33137.92,153060.67,127733.62
F00707,2022,213526.43,33857.68,50241.52,139535.89
F00707,2023,169509.83,23043.93,44363.05,119792.06
F00707,2024,194753.81,35024.64,146813.4,133248.93
F00707,2025,373418.91,23932.1,94919.38,122530.56
F00708,2021,283338.69,75157.62,148932.17,247386.0
F00708,2022,300844.59,43915.56,228683.21,227181.77
F00708,2023,368797.45,38259.51,165548.82,211377.59
F00708,2024,184447.36,50665.33,46432.89,217159.89
F00708,2025,394306.51,75669.14,141805.07,219758.61
F00709,2021,6392690.79,1017743.38,678751.16,3187500.35
F00709,2022,6460823.52,1686456.08,4628985.76,3468935.49
F00709,2023,6109397.77,692191.95,1782127.79,3512882.04
F00709,2024,10726939.35,981823.37,4017337.2,3169241.97
F00709,2025,7202761.54,1401049.77,1454570.67,3374302.99
F00710,2021,155997.3,22849.8,128100.47,79514.83
F00710,2022,136628.09,17646.17,85051.18,75851.49
F00710,2023,163163.68,42520.46,50051.99,91643.11
F00710,2024,209909.92,10573.56,81308.38,69229.56
F00710,2025,146138.21,24841.16,55636.23,79154.76
F00711,2021,1392186.71,269782.49,790079.65,730577.52
F00711,2022,1256414.53,320216.81,785750.46,853444.35
F00711,2023,1414414.64,295380.11,522199.03,787729.37
F00711,2024,1424676.9,427108.39,1021746.33,746224.3
F00711,2025,1823888.04,371380.27,1025758.41,909257.84
F00712,2021,106302.27,4466.48,27773.51,91204.82
F00712,2022,105489.19,21986.74,64014.84,104116.91
F00712,2023,148474.24,29956.08,93955.47,105353.29
F00712,2024,158305.68,23235.57,37124.56,108121.61
F00712,2025,245158.57,59562.97,106209.26,124632.57
F00713,2021,996098.31,58422.83,212921.1,490680.59
F00713,2022,1027041.65,152174.82,328432.89,504239.96
F00713,2023,847738.29,133928.1,526864.83,551816.9
F00713,2024,1173458.44,90404.82,970727.37,495208.39
F00713,2025,383008.1,109344.04,120567.13,516283.45
F00714,2021,670167.63,16219.04,75938.85,398916.91
F00714,2022,645370.75,132593.47,468359.09,493543.32
F00714,2023,465860.22,68683.03,172007.72,460041.65
F00714,2024,585138.58,23554.26,72638.91,401805.01
F00714,2025,499335.32,25791.73,267485.58,415652.67
F00715,2021,973413.59,116142.89,775940.76,693613.26
F00715,2022,834286.68,101339.66,214868.18,692635.77
F00715,2023,670061.24,48835.52,498614.9,654932.34
F00715,2024,518161.71,114797.73,109139.3,698282.34
F00715,2025,460873.16,26028.54,359541.64,632431.61
F00716,2021,85802.16,21206.88,19413.15,49400.67
F00716,2022,87273.16,10562.93,76100.09,39615.51
F00716,2023,132628.18,14490.89,51307.31,45055.59
F00716,2024,97736.01,1755.37,51839.58,33759.14
F00716,2025,87939.55,25221.8,24851.33,41364.48
F00717,2021,1653012.56,186420.19,1075443.81,758825.98
F00717,2022,1460389.69,417481.71,180743.82,749825.26
F00717,2023,1499824.16,43696.98,573802.85,621212.5
F00717,2024,2100307.52,89877.52,1842291.47,673208.28
F00717,2025,1584906.9,373636.4,917175.42,757811.23
F00718,2021,194279.89,30636.53,114115.2,223278.54
F00718,2022,221937.81,9711.85,167171.75,208765.69
F00718,2023,233612.92,26871.48,130092.86,226879.8
F00718,2024,359172.61,36494.37,288837.4,234937.59
F00718,2025,266167.02,14800.37,98062.79,218284.09
F00719,2021,1531408.37,232725.14,1458245.98,650659.67
F00719,2022,1239467.61,260191.22,594573.78,692027.82
F00719,2023,1067464.96,157746.63,561188.22,645872.67
F00719,2024,1043551.71,173370.58,463087.91,634900.6
F00719,2025,1792350.59,184298.88,913744.51,643737.78
F00720,2021,1013962.14,178221.0,457714.62,752627.15
F00720,2022,1103565.54,210881.85,186677.84,675338.54
F00720,2023,663047.81,24752.87,594426.79,615457.81
F00720,2024,776574.83,87429.4,188829.08,669750.34
F00720,2025,1239776.44,74059.04,824620.61,633598.09
F00721,2021,1495870.73,258637.1,549495.47,974168.61
F00721,2022,1673236.05,413180.16,1341605.15,1033773.2
F00721,2023,2184939.37,78989.12,1883672.42,916261.24
F00721,2024,2006126.09,462589.83,1400228.95,1315708.22
F00721,2025,1782403.92,140718.65,353608.09,930953.36
F00722,2021,3776736.59,654074.71,1143671.7,2060308.07
F00722,2022,3227150.95,266233.7,1838231.01,1877298.37
F00722,2023,2912190.27,247414.37,1091594.76,1759847.74
F00722,2024,3256771.2,617984.92,1593000.0,1815479.74
F00722,2025,5555819.54,239439.91,804536.84,1822894.06
F00723,2021,432323.73,92612.92,255549.18,495066.07
F00723,2022,506146.46,84473.77,363564.84,462455.8
F00723,2023,507363.91,72755.84,289499.02,464898.33
F00723,2024,435431.45,128071.7,187414.44,502477.6
F00723,2025,757120.85,131841.88,314397.8,551818.85
F00724,2021,6598679.22,478295.97,1609002.56,2940886.19
F00724,2022,6282855.62,1618950.79,1141863.48,3648754.27
F00724,2023,8684059.65,1758043.77,1158607.56,4060530.12
F00724,2024,6602958.26,578756.47,769060.22,2962970.62
F00724,2025,10545604.46,485918.09,8158427.92,2961514.94
F00725,2021,2798310.57,234559.0,2464421.01,1108882.59
F00725,2022,2831812.61,697006.77,1712154.87,1554369.26
F00725,2023,2637840.11,479995.29,1534484.82,1386689.66
F00725,2024,2328350.25,98022.63,296320.97,1117451.02
F00725,2025,2850819.93,602729.58,1302313.83,1495314.22
F00726,2021,127013.81,6920.25,34282.72,108037.52
F00726,2022,113979.22,16639.01,44750.37,112398.66
F00726,2023,133917.41,30731.98,56701.66,132309.8
F00726,2024,152522.85,29388.2,43348.44,125559.16
F00726,2025,171908.51,10140.18,94794.65,109896.04
F00727,2021,125738.53,35118.95,73231.82,70871.49
F00727,2022,114285.02,33150.7,77060.55,56345.39
F00727,2023,95080.26,14035.15,81007.09,50697.52
F00727,2024,121758.45,25314.79,77381.68,70319.53
F00727,2025,81140.26,2624.11,64628.3,47741.53
F00728,2021,4403002.87,918122.3,3302618.75,2023342.14
F00728,2022,5525745.13,1262464.26,3082308.64,2537504.61
F00728,2023,5548881.21,448170.38,4662640.12,1739293.7
F00728,2024,4468093.72,556614.58,2599311.24,1846378.3
F00728,2025,10094602.9,693298.2,3690471.18,2085513.67
F00729,2021,957535.36,194386.74,570908.65,487994.53
F00729,2022,826005.81,226607.44,236116.29,574767.02
F00729,2023,941719.42,127306.69,805250.4,429248.42
F00729,2024,1336758.08,259082.32,494579.1,569123.46
F00729,2025,1553948.71,314534.67,1101946.35,476551.45
F00730,2021,547671.36,15011.49,512598.66,228721.84
F00730,2022,586476.36,39959.48,500054.39,244303.11
F00730,2023,590828.16,35584.03,260936.39,241393.06
F00730,2024,506996.67,69952.48,201416.75,270529.83
F00730,2025,713622.46,57462.16,252936.44,244781.07
F00731,2021,3453178.78,126043.63,1682647.54,1331166.01
F00731,2022,3445872.29,572053.83,2456158.25,1529684.16
F00731,2023,3275568.47,936786.61,2167058.27,2048777.36
F00731,2024,3526524.57,526456.43,2468042.0,1536718.52
F00731,2025,4228831.29,127298.74,2648831.04,1325057.23
F00732,2021,1453886.2,146203.45,996939.56,1051576.17
F00732,2022,1533807.42,147554.12,414397.99,962592.69
F00732,2023,1330563.98,362685.01,647175.49,1145728.18
F00732,2024,1926241.94,482685.17,575850.35,1332573.74
F00732,2025,1962872.59,553094.69,1681389.03,1327797.95
F00733,2021,407140.52,58211.19,302973.99,344316.96
F00733,2022,407274.07,55751.49,222754.94,331812.81
F00733,2023,374371.43,76788.24,334771.23,360310.2
F00733,2024,367128.35,60417.39,306708.6,356227.07
F00733,2025,334813.66,14891.95,282540.66,319465.02
F00734,2021,406475.46,68739.63,114608.19,257400.82
F00734,2022,492099.39,137376.28,90206.51,260010.5
F00734,2023,480241.21,114663.36,412388.3,267547.62
F00734,2024,737432.78,189416.57,466302.78,332865.14
F00734,2025,695914.25,34908.92,179262.73,243298.17
F00735,2021,187915.87,56263.96,151739.71,103283.56
F00735,2022,179714.95,30490.75,128307.47,75287.14
F00735,2023,252491.92,65873.33,187541.39,108218.33
F00735,2024,169276.61,46475.71,133913.38,77260.08
F00735,2025,224244.14,31677.77,60714.51,76719.29
F00736,2021,570324.28,50237.53,541717.98,241310.62
F00736,2022,576157.11,98541.62,532452.91,279399.4
F00736,2023,589712.83,25740.82,377125.41,222246.76
F00736,2024,765632.81,104030.61,705986.85,253129.43
F00736,2025,709044.35,171619.1,636665.9,278268.18
F00737,2021,361306.96,93211.51,258930.34,167514.83
F00737,2022,378401.42,37757.13,270410.5,121966.88
F00737,2023,233198.1,14421.87,65439.83,120534.07
F00737,2024,197164.3,42120.93,166207.72,144850.53
F00737,2025,141222.07,24647.87,116916.94,115104.46
F00738,2021,1917819.59,334324.46,970911.94,2061470.9
F00738,2022,2349267.96,367837.42,1194105.32,2057341.77
F00738,2023,1900609.18,69485.53,191883.87,1780783.69
F00738,2024,2733929.66,558772.26,1144128.22,2014095.53
F00738,2025,2422040.52,165097.71,1597092.45,1820319.08
F00739,2021,561893.11,64023.82,444621.38,614762.14
F00739,2022,608718.99,52055.17,517577.1,608875.11
F00739,2023,532510.3,106882.48,283615.17,652218.71
F00739,2024,876932.67,29686.33,136856.68,613028.08
F00739,2025,431079.01,20938.61,92112.46,610396.71
F00740,2021,352488.94,66824.92,101430.41,229785.33
F00740,2022,383441.93,13539.32,163842.78,191058.88
F00740,2023,441676.38,29686.19,56276.69,196605.58
F00740,2024,234789.83,33682.39,185970.53,209626.7
F00740,2025,540286.62,108860.15,74053.7,226104.75
F00741,2021,1686549.45,338947.42,296205.08,825902.89
F00741,2022,1847963.91,544065.87,1412646.9,1187609.74
F00741,2023,1476697.58,53079.15,456175.35,698394.43
F00741,2024,2027323.46,105997.96,414220.07,742329.81
F00741,2025,2357600.22,166603.51,408079.89,705840.94
F00742,2021,868771.94,20693.44,497281.02,503471.79
F00742,2022,974457.49,87291.77,341533.31,536049.0
F00742,2023,1039271.45,106441.56,760337.12,548150.21
F00742,2024,1005792.99,154499.41,590290.95,608656.27
F00742,2025,1460093.63,271132.08,542074.91,631853.32
F00743,2021,4965538.69,1481426.48,614445.15,3296991.71
F00743,2022,5064683.25,587100.02,4270692.84,2180977.83
F00743,2023,5134823.74,765402.62,3970389.11,2714987.66
F00743,2024,6539475.94,786610.35,5468636.91,2650018.44
F00743,2025,8449499.43,2528448.46,4322304.87,4096847.32
F00744,2021,678910.14,94336.82,530271.24,583099.23
F00744,2022,806011.18,122101.32,497980.13,607104.24
F00744,2023,833667.05,53641.94,145220.25,564359.62
F00744,2024,678545.1,96634.18,590929.21,559166.34
F00744,2025,965318.1,72831.38,382027.78,574689.85
F00745,2021,75287.66,4516.92,50182.11,71845.67
F00745,2022,76017.67,4951.92,72765.19,69617.06
F00745,2023,71115.05,16984.41,36265.65,78879.33
F00745,2024,78627.93,13287.85,30551.0,72232.26
F00745,2025,37205.38,9040.82,18451.05,73198.91
F00746,2021,783986.45,159865.66,578248.06,754905.02
F00746,2022,828925.35,164520.82,741323.36,661478.24
F00746,2023,794944.81,122518.86,377394.71,639712.76
F00746,2024,962624.43,175869.3,729445.7,736145.02
F00746,2025,1964539.32,406463.22,682682.79,849968.2
F00747,2021,656940.51,180589.53,329280.21,969474.7
F00747,2022,542049.73,62901.56,470360.11,824433.36
F00747,2023,793569.95,49847.26,232825.2,847373.02
F00747,2024,793792.4,207029.83,655385.11,941511.2
F00747,2025,856909.53,102018.34,382665.34,874363.27
F00748,2021,553835.11,57765.56,543251.56,268788.73
F00748,2022,688108.62,137994.39,267178.91,296376.12
F00748,2023,671516.18,13972.88,117318.9,229044.81
F00748,2024,583529.5,36733.1,80181.01,242700.79
F00748,2025,775023.07,204752.82,342182.51,397359.4
F00749,2021,670174.43,141441.13,521069.22,650050.87
F00749,2022,783981.8,187948.36,569318.52,652226.47
F00749,2023,1098581.44,154834.21,638943.2,719848.71
F00749,2024,1332991.01,111865.86,1132171.52,612970.39
F00749,2025,1602528.14,363295.99,562066.93,685061.35
F00750,2021,645607.66,134403.57,312439.43,287722.59
F00750,2022,736551.54,123584.92,455863.72,314471.81
F00750,2023,755257.26,41177.34,208215.49,216785.07
F00750,2024,713702.76,172826.02,633813.21,298880.16
F00750,2025,1159363.89,121855.24,528863.43,256560.1
F00751,2021,7001852.36,985758.32,6132909.07,4224857.21
F00751,2022,6558475.71,1261683.76,4812941.74,4282053.11
F00751,2023,5966347.63,1629401.63,1728163.36,4664168.75
F00751,2024,10434392.33,1571006.6,7271355.6,4712443.91
F00751,2025,8524017.79,2044517.89,6874917.25,4539129.12
F00752,2021,1011078.61,162153.62,366034.96,789847.26
F00752,2022,983741.07,151946.97,332625.17,814241.36
F00752,2023,1005596.48,242990.62,826040.15,773471.61
F00752,2024,1194210.92,131404.34,189028.23,804301.54
F00752,2025,762608.29,70578.94,245255.79,729102.45
F00753,2021,2318379.43,397960.03,1485693.86,920244.85
F00753,2022,2786753.37,159154.25,605974.34,812034.62
F00753,2023,3402908.23,718917.78,988802.68,897340.47
F00753,2024,2073664.3,64168.17,856210.4,713488.62
F00753,2025,2401122.7,610037.65,1217446.41,1168671.15
F00754,2021,704624.1,27588.6,318702.46,323433.63
F00754,2022,597643.32,128777.98,367884.13,416137.78
F00754,2023,544275.04,111517.42,250846.05,354821.51
F00754,2024,833009.92,85360.44,372244.43,340994.08
F00754,2025,805030.55,132475.81,593715.11,350919.36
F00755,2021,683858.5,143186.19,192695.27,517597.89
F00755,2022,789478.14,189918.39,490309.04,557692.05
F00755,2023,921241.34,216995.46,314472.54,570049.19
F00755,2024,647032.1,105379.18,302466.73,549039.02
F00755,2025,1037785.93,282849.21,524486.2,703184.37
F00756,2021,554826.55,139059.55,57067.36,278385.96
F00756,2022,682881.99,179775.92,159431.26,351810.38
F00756,2023,942306.66,241275.7,280436.8,399735.48
F00756,2024,845071.35,64681.48,352216.29,229426.7
F00756,2025,934180.32,45055.38,336732.9,206696.13
F00757,2021,899859.31,108032.66,191515.85,507395.67
F00757,2022,883624.59,57185.9,578348.6,438216.99
F00757,2023,967562.35,28550.23,247683.47,430421.78
F00757,2024,883255.47,41061.39,612582.9,446535.39
F00757,2025,1881163.93,274913.89,417210.72,532500.03
F00758,2021,1023694.46,48131.89,133429.21,783637.57
F00758,2022,1030253.42,49152.8,383030.44,789070.48
F00758,2023,903370.29,187689.43,654863.16,903632.51
F00758,2024,1290809.89,42697.84,1164850.98,790116.98
F00758,2025,622532.01,141809.45,391836.18,894872.15
F00759,2021,3146694.34,867930.37,2319215.45,2204354.87
F00759,2022,3611504.52,979857.58,483442.62,1746570.93
F00759,2023,4125566.16,966421.31,1937112.52,2030092.22
F00759,2024,4794689.2,606152.88,3085492.91,1759553.44
F00759,2025,4853078.47,955317.05,757785.02,1911381.81
F00760,2021,109973.52,1672.61,99630.49,83548.01
F00760,2022,117317.29,3216.54,88898.83,84109.59
F00760,2023,115772.58,23893.17,12834.36,95166.44
F00760,2024,99462.27,8626.78,84579.38,90485.5
F00760,2025,90010.9,2153.86,71888.92,82776.9
F00761,2021,113063.59,17092.86,64203.58,55114.64
F00761,2022,129687.42,16739.12,31224.96,60441.82
F00761,2023,116437.05,19502.56,89380.17,54706.01
F00761,2024,117309.03,9547.35,73706.52,49869.23
F00761,2025,166321.57,5903.06,110393.46,52359.11
F00762,2021,307937.63,26546.86,283901.55,197982.31
F00762,2022,279059.54,32563.41,270271.38,190066.8
F00762,2023,340531.68,12989.69,301441.91,180385.04
F00762,2024,216599.71,24068.02,200610.3,189343.75
F00762,2025,306056.19,15331.72,145331.25,185472.41
F00763,2021,953119.95,254705.61,831862.91,624107.49
F00763,2022,845151.73,108985.47,489969.27,591395.11
F00763,2023,969367.27,244530.48,122208.54,596689.29
F00763,2024,1453360.69,207948.02,658893.99,637571.98
F00763,2025,1220246.69,227618.01,971487.97,625088.2
F00764,2021,1961936.61,205524.53,845239.97,1224522.51
F00764,2022,2014233.32,489810.2,402208.66,1531643.48
F00764,2023,3323873.01,900660.26,590400.54,1713395.06
F00764,2024,3096638.17,333940.85,2348456.74,1381614.51
F00764,2025,2456625.42,686395.87,2192439.45,1526597.76
F00765,2021,360526.67,42385.6,91935.89,125597.51
F00765,2022,425515.93,98952.98,131606.46,170355.48
F00765,2023,436923.99,127471.23,219623.76,179189.72
F00765,2024,574771.86,32695.73,511959.56,134425.21
F00765,2025,618659.08,31847.71,160253.02,122497.47
F00766,2021,1139359.48,275467.85,974986.43,659889.61
F00766,2022,1395689.36,120724.54,875537.92,468720.49
F00766,2023,1344002.33,43222.96,444708.09,466947.72
F00766,2024,1676307.75,76929.52,915490.74,487740.78
F00766,2025,1561032.06,443166.77,1100910.11,584568.56
F00767,2021,4712797.09,1142304.42,2512975.09,2548248.97
F00767,2022,4414559.42,410980.51,1815370.79,1874839.14
F00767,2023,5005124.37,1363774.19,4056136.27,2559632.57
F00767,2024,4115566.83,944165.4,2797430.14,2517245.85
F00767,2025,3477491.44,984942.22,2899352.01,2238139.68
F00768,2021,154302.15,12977.62,79757.89,120802.07
F00768,2022,146149.83,31091.33,94454.78,137441.99
F00768,2023,183863.68,24364.52,111418.59,132902.96
F00768,2024,110731.92,13667.76,40564.35,127684.49
F00768,2025,89645.05,17664.99,50821.45,129792.09
F00769,2021,483728.85,24224.47,59956.68,196136.87
F00769,2022,470728.41,52707.29,150130.44,208834.28
F00769,2023,581362.44,73639.26,346141.38,236501.35
F00769,2024,944053.4,55831.19,274802.77,232075.68
F00769,2025,768992.57,215513.76,107401.25,370958.66
F00770,2021,447934.68,17694.56,300420.04,213999.86
F00770,2022,424787.5,58007.19,259129.64,219718.05
F00770,2023,468248.87,112311.73,415602.33,273615.78
F00770,2024,465801.51,53073.86,292354.77,226026.0
F00770,2025,981700.87,72145.94,412564.24,252178.13
F00771,2021,751599.83,51641.98,529532.1,300022.51
F00771,2022,643419.99,160498.89,112222.13,430270.92
F00771,2023,861537.36,236562.43,553431.41,388116.76
F00771,2024,414975.98,90518.79,187579.12,304905.63
F00771,2025,520658.77,54097.1,147212.5,311071.36
F00772,2021,665379.43,128092.2,354593.95,267289.47
F00772,2022,632819.88,60373.61,165311.76,240779.95
F00772,2023,597468.78,109516.82,199866.63,275643.0
F00772,2024,430090.9,92674.01,253111.48,266911.09
F00772,2025,614986.6,40291.09,525427.49,224516.81
F00773,2021,1655711.38,81379.58,1172909.37,723088.51
F00773,2022,1624588.51,361537.95,945857.64,808479.76
F00773,2023,1579173.15,70745.32,1366063.12,686236.56
F00773,2024,2721552.04,101666.84,1416817.07,727200.59
F00773,2025,3399802.75,1012769.67,2625969.12,1178838.9
F00774,2021,3126108.69,199043.07,842538.44,1387277.37
F00774,2022,3512284.83,132432.53,3149909.84,1322853.33
F00774,2023,3675670.08,606043.86,1892763.45,1537293.43
F00774,2024,2593180.34,724558.42,1498067.39,1609028.82
F00774,2025,2146909.06,549437.85,891737.94,1745657.22
F00775,2021,4095849.06,632575.32,2597134.44,2123108.82
F00775,2022,4955442.82,216889.54,4432553.46,1986370.27
F00775,2023,5525571.61,1149064.72,3864052.44,2973700.97
F00775,2024,3638594.82,948619.64,667768.0,2681316.86
F00775,2025,6325888.79,972616.51,4549137.19,2737038.59
F00776,2021,722002.82,30003.74,338661.9,233886.87
F00776,2022,797855.61,75230.31,432149.34,256027.94
F00776,2023,868754.0,258451.9,309975.73,463339.37
F00776,2024,662599.9,83037.48,348588.82,262652.05
F00776,2025,787389.29,67232.87,308295.27,262605.3
F00777,2021,1191240.24,162165.59,956277.75,1245086.29
F00777,2022,1262598.24,347852.9,833335.96,1376147.77
F00777,2023,1367639.47,361124.51,1227978.13,1467417.95
F00777,2024,1311447.12,184141.97,780276.56,1343033.86
F00777,2025,2032451.48,410744.81,1792956.68,1373945.46
F00778,2021,493426.87,10963.4,148115.26,215957.68
F00778,2022,496454.34,22342.18,151423.08,216524.31
F00778,2023,458402.37,79830.34,261309.66,235554.24
F00778,2024,464456.63,122017.57,324321.3,271491.48
F00778,2025,779041.56,209846.63,697290.25,316951.32
F00779,2021,278316.24,25746.79,126423.6,106408.15
F00779,2022,278122.66,14419.9,127194.03,107829.39
F00779,2023,357802.67,19211.84,250366.08,102846.15
F00779,2024,493771.96,111242.89,354747.98,203167.09
F00779,2025,710399.64,188255.86,102111.28,254800.04
F00780,2021,410626.05,121407.09,248399.88,258293.49
F00780,2022,414057.46,116635.43,369661.35,215201.55
F00780,2023,355110.99,98106.38,82987.36,199192.67
F00780,2024,482949.95,51342.57,273793.53,197588.82
F00780,2025,635000.47,122087.19,262241.7,250671.02
F00781,2021,3411572.32,336072.8,3032032.42,1582135.52
F00781,2022,3339273.05,264305.61,590275.61,1558487.81
F00781,2023,2998720.97,815588.64,1906900.68,1721833.15
F00781,2024,2787293.38,616914.82,511828.18,1636683.07
F00781,2025,2289746.74,370123.64,500961.63,1537473.57
F00782,2021,1151711.61,175864.92,715950.04,448270.52
F00782,2022,1502719.56,122206.62,481015.08,429039.02
F00782,2023,1661847.14,331709.63,702427.49,649941.6
F00782,2024,1478310.37,136791.7,1378818.13,422020.34
F00782,2025,1399830.6,36389.34,404686.75,380545.57
F00783,2021,397741.89,86891.52,391488.41,199639.91
F00783,2022,406665.82,63068.85,103086.71,186270.46
F00783,2023,453927.01,92561.44,459572.17,214831.43
F00783,2024,449026.4,2783.52,132356.07,128729.3
F00783,2025,248490.15,21948.26,245095.8,141290.12
F00784,2021,357005.52,100784.9,46238.75,199783.11
F00784,2022,349527.77,72635.25,178379.29,181400.52
F00784,2023,357455.49,99866.95,229663.53,200880.86
F00784,2024,365746.7,22947.35,205316.34,146764.73
F00784,2025,525003.88,46979.3,203147.84,143614.55
F00785,2021,1492231.49,63670.66,817590.86,527212.87
F00785,2022,1637007.15,166888.64,864136.14,583595.13
F00785,2023,1525571.15,145462.22,1021656.91,558566.62
F00785,2024,1571015.1,215535.22,1225487.6,653960.32
F00785,2025,786338.77,165768.74,546548.01,630632.37
F00786,2021,2902424.28,601158.03,351400.03,2618853.34
F00786,2022,3082921.51,88290.63,2508078.09,2134976.71
F00786,2023,2978806.29,156557.55,1009017.22,2142655.36
F00786,2024,2775459.53,791296.29,948034.42,2354932.71
F00786,2025,1724742.28,251165.34,1149596.22,2240898.1
F00787,2021,130161.34,15356.72,99069.08,137263.49
F00787,2022,116201.26,21652.18,39831.35,141848.73
F00787,2023,114060.85,24096.61,99495.23,153097.78
F00787,2024,152016.18,11533.03,16993.65,135761.62
F00787,2025,110750.52,13257.75,89345.9,137524.33
F00788,2021,400814.2,41739.84,215807.58,358534.57
F00788,2022,481230.21,87671.53,158901.65,422572.98
F00788,2023,394629.46,73652.25,134335.65,365777.31
F00788,2024,418610.11,105389.14,210979.41,393340.9
F00788,2025,953176.09,221905.82,644515.71,440123.27
F00789,2021,60726.49,16819.4,22808.66,71515.8
F00789,2022,62419.24,2248.79,25435.4,67958.39
F00789,2023,57667.39,1583.97,39721.24,66899.82
F00789,2024,40184.57,6761.67,24327.61,69778.58
F00789,2025,71368.5,9889.74,31978.37,73373.65
F00790,2021,605222.21,179540.38,101579.69,358048.57
F00790,2022,630975.43,77402.5,231722.08,218040.09
F00790,2023,543007.07,71921.69,329879.77,214944.2
F00790,2024,547063.21,77304.21,474833.72,237753.79
F00790,2025,623368.55,53452.09,271246.08,215230.23
F00791,2021,288912.41,71616.56,120811.68,167790.84
F00791,2022,326697.34,66944.65,169206.91,172228.45
F00791,2023,358572.52,62256.34,265797.71,172268.06
F00791,2024,384942.67,8128.55,58964.28,124902.06
F00791,2025,271642.77,17642.81,191373.47,134344.81
F00792,2021,3315552.51,188325.17,860721.79,2489400.76
F00792,2022,4118522.26,639336.16,1882611.91,2753406.59
F00792,2023,4801254.7,966213.55,1848125.73,2777466.84
F00792,2024,4537208.14,187613.57,3929364.64,2591210.41
F00792,2025,4782820.71,397043.64,2592421.72,2675593.07
F00793,2021,421879.63,15195.62,319947.96,153949.2
F00793,2022,524313.18,78419.58,376777.13,198108.06
F00793,2023,558005.96,134339.85,434090.71,265139.45
F00793,2024,881744.15,234788.34,293849.49,324804.32
F00793,2025,1009572.54,90492.86,468919.87,214855.03
F00794,2021,682245.37,195590.43,481553.64,809925.47
F00794,2022,655041.03,108133.43,98389.43,744487.24
F00794,2023,667955.33,159357.92,171320.18,775133.14
F00794,2024,631630.73,96155.54,268873.08,771231.89
F00794,2025,1368305.96,94689.81,650918.77,733536.1
F00795,2021,3212294.51,402162.73,2103970.0,2050872.26
F00795,2022,3957255.81,255909.4,601697.57,1923898.95
F00795,2023,4321016.86,457380.49,511974.76,1962393.27
F00795,2024,4717529.29,1047373.43,785902.76,2376271.45
F00795,2025,4412609.56,1269320.27,2274852.36,2148196.5
F00796,2021,691614.85,195225.37,409339.22,434679.59
F00796,2022,647417.61,155708.94,626575.23,405590.92
F00796,2023,695374.44,84660.47,539021.63,417846.28
F00796,2024,520685.24,64850.88,494844.35,413322.15
F00796,2025,628489.43,99506.03,140048.1,424900.39
F00797,2021,467802.95,134437.23,91738.68,361462.19
F00797,2022,512384.62,37724.4,273309.37,317976.34
F00797,2023,425563.67,50336.02,44110.16,350427.1
F00797,2024,448625.52,10448.93,213210.46,308212.82
F00797,2025,359900.95,107014.6,280691.56,366256.84
F00798,2021,2084094.64,201835.81,1376543.65,1180829.12
F00798,2022,2409194.23,458888.22,894214.87,1302263.95
F00798,2023,1725488.1,151414.53,974746.07,1073890.9
F00798,2024,2950027.28,373657.82,375336.27,1169564.89
F00798,2025,3409125.68,659008.69,3025535.19,1448147.06
F00799,2021,505973.29,33341.55,329112.32,404164.64
F00799,2022,572480.91,159285.89,297480.54,478691.46
F00799,2023,727928.19,124409.7,451894.71,425181.77
F00799,2024,502641.85,69563.47,356973.56,413738.09
F00799,2025,624944.3,137688.73,444451.0,413498.65
F00800,2021,171531.08,49974.92,146153.68,110235.25
F00800,2022,167437.26,10212.4,48278.47,85447.18
F00800,2023,181963.79,27189.65,75372.68,93700.28
F00800,2024,119365.35,15240.48,16296.82,87526.37
F00800,2025,133412.58,10648.11,69907.52,88620.6
F00801,2021,505124.51,112761.24,418042.29,332891.41
F00801,2022,617796.77,48926.17,312422.42,294138.8
F00801,2023,588678.18,116294.97,89152.1,358147.24
F00801,2024,609974.2,59870.38,149256.02,305493.72
F00801,2025,1000968.77,155148.83,702166.92,355968.12
F00802,2021,1392904.51,274541.89,508948.5,748706.47
F00802,2022,1716498.58,167510.88,231796.07,668582.03
F00802,2023,1988935.61,443555.68,344611.44,869463.13
F00802,2024,2815179.09,555808.41,1848176.42,1125083.88
F00802,2025,1705257.57,220461.69,1408759.99,703945.03
F00803,2021,1406220.1,77919.43,733709.27,465263.38
F00803,2022,1422818.95,156242.9,200794.69,490478.43
F00803,2023,1586341.22,304230.8,1257435.68,701207.04
F00803,2024,945761.19,47771.26,244740.61,450313.37
F00803,2025,2450598.96,320121.03,1302568.5,671310.89
F00804,2021,3077240.48,538793.79,2581157.18,1151844.23
F00804,2022,3130628.24,606516.75,2733302.07,1264784.29
F00804,2023,3886465.75,1117836.98,1224136.95,1631765.31
F00804,2024,2298592.92,196598.23,1865934.45,1093536.72
F00804,2025,4869053.55,800031.07,4647614.37,1248361.04
F00805,2021,321875.57,52899.59,252685.1,146185.6
F00805,2022,293650.85,14451.14,237474.12,108953.32
F00805,2023,349011.72,53243.87,269146.9,127099.02
F00805,2024,180950.79,17693.93,57956.03,116597.64
F00805,2025,305015.44,39373.19,201057.76,133277.57
F00806,2021,192967.74,10250.0,22190.82,114922.48
F00806,2022,161866.2,31855.02,76683.59,130525.53
F00806,2023,130148.4,7618.79,122289.79,113180.78
F00806,2024,106817.16,3479.41,65125.3,108628.59
F00806,2025,255511.27,26808.57,130804.07,123711.09
F00807,2021,2066902.92,248898.86,655608.57,915585.48
F00807,2022,2323537.78,467103.75,1912103.9,1193981.67
F00807,2023,2553844.68,115139.38,2071956.95,850600.21
F00807,2024,3801569.84,253128.57,2461947.43,934959.31
F00807,2025,2475555.96,697157.39,2482401.46,1120187.99
F00808,2021,257614.05,68442.08,191028.53,154796.42
F00808,2022,287006.02,30684.24,218328.28,114927.42
F00808,2023,419429.63,116572.9,218926.98,153465.54
F00808,2024,483697.67,121426.27,180498.09,146718.16
F00808,2025,646938.75,170120.99,438961.71,234719.29
F00809,2021,198513.85,26509.29,168693.52,177055.13
F00809,2022,230936.01,13535.14,46422.59,177884.74
F00809,2023,252500.87,36959.42,126842.29,186918.16
F00809,2024,281819.62,62013.54,131896.81,223429.87
F00809,2025,157668.06,23974.43,77077.49,181151.9
F00810,2021,266177.17,43654.82,136519.56,129882.83
F00810,2022,222615.1,26442.95,38775.54,123890.06
F00810,2023,278729.7,75520.74,132244.09,168297.61
F00810,2024,144920.24,30797.06,79272.09,126588.03
F00810,2025,112917.21,26527.21,21175.62,136516.41
F00811,2021,62612.73,8298.45,33707.61,50308.11
F00811,2022,73247.38,15536.95,19530.41,58961.19
F00811,2023,85383.53,16231.65,75231.07,56082.9
F00811,2024,70262.35,3333.38,48582.5,46522.97
F00811,2025,71370.9,4878.89,30334.41,47568.68
F00812,2021,693443.62,183755.42,584272.86,471502.61
F00812,2022,739330.81,137905.0,455945.1,460840.94
F00812,2023,894718.9,54375.61,345586.75,390698.85
F00812,2024,947154.89,81302.09,769795.56,422682.75
F00812,2025,981395.71,88640.18,732077.04,429526.47
F00813,2021,616527.69,144742.36,85443.32,402615.8
F00813,2022,640132.22,27179.18,128946.23,374235.14
F00813,2023,937884.08,50921.59,406477.9,384788.05
F00813,2024,755792.81,195556.53,203865.3,428975.56
F00813,2025,888066.89,224062.15,375404.18,552580.05
F00814,2021,197567.83,56991.56,145332.61,101889.35
F00814,2022,206674.42,44176.25,38136.48,95583.29
F00814,2023,298521.21,39382.04,143044.62,109663.79
F00814,2024,329951.85,88798.75,228565.68,161555.3
F00814,2025,308602.88,39512.29,245748.44,107605.95
F00815,2021,3223444.53,414294.56,1265487.04,1304739.92
F00815,2022,3682379.94,1045067.44,3094739.14,1386464.3
F00815,2023,2640412.79,761252.91,2212006.3,1557400.43
F00815,2024,2046968.0,250979.04,401425.88,1131663.36
F00815,2025,2809428.59,802098.85,2145071.66,1486380.85
F00816,2021,274004.87,28598.82,30634.5,110299.22
F00816,2022,322978.87,27886.86,261589.46,115212.46
F00816,2023,413219.9,59437.79,206760.03,120955.13
F00816,2024,449088.24,47703.95,210446.59,112138.3
F00816,2025,255934.69,68577.92,102496.58,123123.33
F00817,2021,1005157.1,130188.57,580060.4,441973.31
F00817,2022,1131527.91,319705.96,538963.18,541554.01
F00817,2023,1372822.83,350727.21,997672.05,606647.71
F00817,2024,1241003.71,180759.39,908740.57,376925.21
F00817,2025,1400087.86,234975.9,1086503.57,523634.46
F00818,2021,382198.59,71699.91,203520.69,363045.28
F00818,2022,356509.22,94805.54,72804.57,400746.26
F00818,2023,307036.19,74710.1,265498.31,342339.19
F00818,2024,279747.43,53585.0,61813.12,353770.45
F00818,2025,369945.88,89337.7,332537.46,364606.17
F00819,2021,325768.47,57063.02,315675.35,174786.77
F00819,2022,381882.78,36615.6,163033.87,150588.32
F00819,2023,448349.01,88991.2,352650.86,171064.26
F00819,2024,615591.05,152294.73,185480.02,254698.72
F00819,2025,437018.82,29406.83,349530.1,142844.28
F00820,2021,793281.17,49851.08,322424.7,816099.74
F00820,2022,663099.51,158859.75,586012.79,862006.48
F00820,2023,558545.53,44721.3,330842.82,825572.8
F00820,2024,675018.05,69853.86,444623.59,837123.49
F00820,2025,483389.07,31152.6,112000.2,816404.64
F00821,2021,205591.73,23539.9,164581.1,90077.18
F00821,2022,231154.79,24236.42,132280.93,99585.12
F00821,2023,263702.35,47772.28,204756.88,107697.43
F00821,2024,270044.15,36985.72,96737.31,106796.57
F00821,2025,178688.78,10135.62,125730.82,82543.98
F00822,2021,329757.24,96012.18,156416.85,279543.38
F00822,2022,373726.7,68812.19,246031.26,271544.16
F00822,2023,310117.22,64738.71,199262.62,296779.56
F00822,2024,268073.45,32090.44,83732.08,255628.7
F00822,2025,375972.2,65414.32,187578.29,293591.45
F00823,2021,1965039.51,405964.72,474983.02,2244194.29
F00823,2022,2286296.53,219609.75,804709.17,2017148.31
F00823,2023,3119532.01,96296.71,2158322.29,1970263.09
F00823,2024,3346536.87,453727.55,1927814.95,2333088.01
F00823,2025,4228232.17,492607.81,1062367.36,2375559.33
F00824,2021,485779.59,140282.15,258044.37,350072.78
F00824,2022,500790.01,28703.42,295823.19,229834.67
F00824,2023,617490.03,180030.6,62596.84,387306.93
F00824,2024,926062.19,202759.32,176848.64,288882.47
F00824,2025,1347455.92,168221.9,307822.41,351041.33
F00825,2021,185284.99,13346.18,128855.59,57815.99
F00825,2022,232087.26,12173.23,132857.8,60965.95
F00825,2023,201643.09,13379.38,89833.84,62423.26
F00825,2024,200065.56,48041.67,177690.44,84009.22
F00825,2025,409943.63,27743.18,362885.49,80395.08
F00826,2021,937424.78,121734.96,709977.35,575315.74
F00826,2022,1100757.04,201437.83,751612.81,585647.5
F00826,2023,1392116.84,104156.38,1075969.63,510716.23
F00826,2024,1573826.0,461115.92,1161806.18,639640.55
F00826,2025,2505300.39,466219.64,585775.86,860510.48
F00827,2021,165522.44,32970.68,40258.86,142716.61
F00827,2022,151588.95,14952.2,35957.5,132987.51
F00827,2023,179256.82,6342.33,29148.36,129486.55
F00827,2024,135304.93,8732.29,23326.06,132116.2
F00827,2025,255683.89,72198.41,69364.19,172835.34
F00828,2021,180640.89,13807.1,80741.13,87450.3
F00828,2022,170478.73,32572.63,88814.92,106402.5
F00828,2023,249629.54,53616.04,145679.62,106460.52
F00828,2024,327177.93,32942.53,247981.19,103736.06
F00828,2025,194123.61,43848.57,143238.64,123048.84
F00829,2021,518342.34,62375.83,295575.37,407651.33
F00829,2022,583700.77,130547.74,363292.41,443600.79
F00829,2023,461312.4,121960.61,353954.39,423976.1
F00829,2024,546537.89,119943.37,79951.81,463346.42
F00829,2025,933023.25,20664.28,791974.08,383940.32
F00830,2021,2152530.64,428733.01,1197344.9,1766128.88
F00830,2022,2080503.45,285146.83,292744.32,1620946.45
F00830,2023,2112728.66,423366.98,608284.83,1808907.74
F00830,2024,3203589.76,164421.13,1335530.4,1518710.93
F00830,2025,1454637.65,162520.63,529683.33,1519787.45
F00831,2021,798084.8,24601.35,547559.02,450857.55
F00831,2022,803084.39,229620.88,227747.8,557622.79
F00831,2023,1018392.94,100569.2,138766.47,514245.48
F00831,2024,1387732.48,172159.02,1205159.42,540180.84
F00831,2025,978090.19,157730.52,820771.89,531977.95
F00832,2021,1899644.28,514741.57,452681.81,718364.92
F00832,2022,2125523.09,330023.23,1467331.72,829510.37
F00832,2023,2692897.87,719651.29,670215.41,1041879.94
F00832,2024,1629067.89,446426.37,1031314.14,910187.27
F00832,2025,3490051.06,152134.57,1584481.63,699779.44
F00833,2021,118104.89,4950.95,32843.02,134947.21
F00833,2022,132734.56,25642.97,19583.07,151257.95
F00833,2023,129922.85,22133.9,27679.61,146899.68
F00833,2024,142886.52,19085.21,122495.56,148922.6
F00833,2025,147074.1,40037.69,19726.88,166125.19
F00834,2021,831597.4,53867.96,734401.62,609147.0
F00834,2022,907187.17,114541.33,474476.97,656728.11
F00834,2023,607282.41,171744.23,394623.52,656316.05
F00834,2024,808057.73,65486.68,453907.3,621070.1
F00834,2025,734903.5,161327.09,211556.32,627779.07
F00835,2021,579702.46,128719.73,235027.39,736501.84
F00835,2022,586432.0,143466.25,414841.14,701577.03
F00835,2023,676699.52,149002.83,520969.31,709145.75
F00835,2024,708194.21,48542.82,274433.34,673463.38
F00835,2025,220098.81,50534.46,72948.93,675754.51
F00836,2021,221333.23,43390.38,63247.35,217952.13
F00836,2022,199903.88,40893.44,104364.25,210180.75
F00836,2023,220496.86,13775.97,186803.49,200410.56
F00836,2024,174686.53,38234.01,116871.49,225847.74
F00836,2025,193663.09,9392.87,133862.25,197583.13
F00837,2021,286483.37,29168.84,196383.03,299403.06
F00837,2022,322074.87,88408.15,173326.3,323860.2
F00837,2023,393359.43,67015.74,279562.45,305594.08
F00837,2024,338339.12,78542.97,216934.2,343442.54
F00837,2025,170560.74,25365.08,166209.08,282583.8
F00838,2021,254774.0,34248.58,139494.95,209058.77
F00838,2022,300890.63,58615.76,97958.37,231183.29
F00838,2023,263338.35,43084.98,185099.74,235806.6
F00838,2024,191742.31,29640.45,89290.0,205822.16
F00838,2025,426332.49,112036.9,88311.48,234103.19
F00839,2021,300499.16,34678.89,43102.21,255349.8
F00839,2022,274639.95,35744.38,30101.66,243938.97
F00839,2023,200377.39,50830.07,91829.02,258350.74
F00839,2024,192370.98,17571.06,48324.15,230758.93
F00839,2025,211555.53,30802.48,188521.67,242331.73
F00840,2021,314193.45,78265.83,218629.26,234478.0
F00840,2022,319186.9,38338.51,186128.43,184784.8
F00840,2023,215816.98,17680.85,103993.1,174156.74
F00840,2024,227243.28,55401.37,169343.23,191008.13
F00840,2025,375299.63,11107.75,286725.47,165437.77
F00841,2021,1452291.18,397806.24,468811.03,624805.98
F00841,2022,1325544.52,31052.18,1014351.47,492573.41
F00841,2023,1346634.07,393531.99,657377.07,789571.5
F00841,2024,2471384.75,157458.27,2013688.95,540738.64
F00841,2025,1191043.8,274679.84,251147.76,703128.7
F00842,2021,3206783.32,912618.94,2058386.85,1601059.02
F00842,2022,2991710.51,254007.27,806678.31,1140488.81
F00842,2023,3622657.2,743716.62,2841207.11,1663950.83
F00842,2024,2421864.94,427921.26,1079207.51,1241496.43
F00842,2025,3213209.0,897055.44,2557842.88,1441458.5
F00843,2021,226028.0,5586.19,152658.81,283794.14
F00843,2022,278898.73,55139.16,211125.15,310315.19
F00843,2023,209497.98,19805.99,79644.58,291457.49
F00843,2024,355442.83,74582.36,69101.7,324310.53
F00843,2025,461361.34,121588.43,250788.93,328550.66
F00844,2021,126038.3,28106.99,57547.19,153218.14
F00844,2022,141270.23,9985.8,14392.3,141008.22
F00844,2023,143034.15,8772.15,19898.66,141608.57
F00844,2024,177582.92,40591.67,46918.31,160590.22
F00844,2025,226044.48,23958.86,99366.45,142656.71
F00845,2021,1662512.59,265933.07,620293.6,808828.51
F00845,2022,1792748.32,170090.19,1066802.07,872977.67
F00845,2023,1412169.92,310484.71,659376.91,828063.72
F00845,2024,2371860.85,385721.47,853230.91,966608.85
F00845,2025,1401628.14,308142.68,642527.01,918229.45
F00846,2021,100567.03,27752.97,81374.03,63814.06
F00846,2022,99369.27,12336.63,94498.19,54899.65
F00846,2023,124893.4,12098.27,75390.05,54759.96
F00846,2024,131809.07,34243.21,23125.96,78006.14
F00846,2025,159680.24,6838.25,17711.85,54912.93
F00847,2021,43412.81,6150.55,18373.2,57075.67
F00847,2022,42956.57,6237.49,34969.96,54740.11
F00847,2023,40099.39,5774.3,31498.23,55559.39
F00847,2024,30259.6,397.23,22179.12,52427.94
F00847,2025,44172.03,6044.01,43498.97,56438.83
F00848,2021,1668178.34,490797.19,931979.85,1370622.69
F00848,2022,1966807.66,135527.07,1044557.97,1275258.32
F00848,2023,2756774.69,111028.49,1042040.95,1271258.04
F00848,2024,3798650.55,950163.16,1285929.02,1769169.88
F00848,2025,2035457.19,455592.48,1090498.12,1408720.21
F00849,2021,2615233.65,198576.66,1593530.77,1160008.86
F00849,2022,2532697.06,720739.12,382654.75,1603316.01
F00849,2023,2530090.24,42029.87,2126974.42,998859.29
F00849,2024,3687898.49,849682.49,1983769.05,1541710.47
F00849,2025,1556337.12,396575.89,750592.93,1283142.34
F00850,2021,401096.53,49534.71,176301.92,309328.22
F00850,2022,482113.0,21379.54,113240.34,278193.86
F00850,2023,437596.41,28299.1,168803.45,284315.03
F00850,2024,518928.5,139474.58,283526.4,330880.08
F00850,2025,353405.94,81252.14,63429.86,293279.68
F00851,2021,277896.56,59103.16,102276.29,149256.57
F00851,2022,354191.7,86178.36,168173.44,165079.54
F00851,2023,465335.54,69743.19,337222.59,134336.58
F00851,2024,382872.73,49314.56,245846.54,154479.21
F00851,2025,560621.73,122730.09,297844.97,207074.47
F00852,2021,2018383.98,215836.61,567300.66,804541.6
F00852,2022,2136300.52,161422.61,1917747.54,743573.29
F00852,2023,3202577.56,718365.35,1693335.33,1283520.59
F00852,2024,3213215.41,730203.29,2862740.9,1214230.87
F00852,2025,5675978.25,311840.66,4911831.08,864274.59
F00853,2021,146188.94,5994.29,111187.36,47021.99
F00853,2022,145237.3,41491.53,102871.69,62722.6
F00853,2023,148884.72,31553.69,123865.21,62041.81
F00853,2024,237938.52,16146.15,92176.32,47150.85
F00853,2025,205313.72,4954.23,107726.93,45643.37
F00854,2021,535182.01,115935.81,219707.84,244226.44
F00854,2022,452735.26,89999.61,79550.64,267795.9
F00854,2023,425506.78,49778.83,143547.45,209850.9
F00854,2024,557942.47,69898.44,153146.25,238493.96
F00854,2025,220730.53,55285.03,150583.07,220033.37
F00855,2021,1869994.24,229070.25,295516.42,1585491.33
F00855,2022,1718564.52,297175.08,1148651.44,1546269.21
F00855,2023,2579888.28,228410.62,1137313.96,1483302.93
F00855,2024,1430510.42,108052.16,365380.11,1438201.08
F00855,2025,1252466.19,369347.86,356119.66,1721867.06
F00856,2021,594488.09,147283.35,525082.93,272540.0
F00856,2022,603492.18,131259.24,316448.77,255226.96
F00856,2023,844337.14,165466.88,468381.87,339100.61
F00856,2024,1135482.37,80145.58,601777.2,284066.68
F00856,2025,966174.35,144856.39,219119.22,262953.42
F00857,2021,165145.58,28727.46,39373.19,147820.1
F00857,2022,171300.64,18529.93,83022.36,142529.15
F00857,2023,167012.5,40947.94,67007.13,145048.62
F00857,2024,157818.48,30145.43,40321.06,154614.12
F00857,2025,170563.74,18702.7,123799.94,143005.09
F00858,2021,121445.58,35711.24,74812.87,86268.22
F00858,2022,129229.61,7079.93,65506.47,63971.09
F00858,2023,156515.46,4777.95,107917.89,64816.1
F00858,2024,105775.39,28149.35,23660.32,82637.24
F00858,2025,141034.72,23445.74,43655.34,79457.71
F00859,2021,483548.67,99111.9,156734.22,223482.76
F00859,2022,501647.63,39070.01,133819.4,173395.06
F00859,2023,409955.6,106029.8,71101.74,206685.62
F00859,2024,388743.55,52637.56,263810.33,180873.12
F00859,2025,604169.62,175554.89,275040.24,287336.31
F00860,2021,560704.18,154180.99,285986.23,401721.66
F00860,2022,578440.48,151352.84,346728.79,425194.66
F00860,2023,597718.29,144900.97,176352.0,419744.89
F00860,2024,868701.27,28122.54,427561.86,373697.38
F00860,2025,1136513.92,189445.82,388255.31,536386.01
F00861,2021,811612.27,88304.17,553257.34,327819.88
F00861,2022,835575.3,121124.1,714030.86,308778.9
F00861,2023,862814.6,80737.29,755723.59,330628.28
F00861,2024,798436.09,123249.87,509882.28,343788.94
F00861,2025,953820.3,201502.4,513716.65,362756.32
F00862,2021,174370.77,7321.42,89615.93,198862.94
F00862,2022,199166.28,46985.03,29940.35,231433.51
F00862,2023,179034.37,26169.98,92963.86,215574.97
F00862,2024,246207.37,15461.52,172785.57,208201.05
F00862,2025,346905.25,83568.97,301499.22,237709.32
F00863,2021,2379602.42,142672.13,2052459.63,1102846.34
F00863,2022,2999495.0,677609.85,1276824.22,1538710.09
F00863,2023,2624515.26,134521.34,703909.62,1068321.64
F00863,2024,2725426.81,676305.98,1549132.73,1478120.65
F00863,2025,3429525.35,914492.37,1850725.32,1787257.79
F00864,2021,432399.81,11214.44,78984.04,325427.34
F00864,2022,426821.62,30268.25,393545.48,348256.17
F00864,2023,587021.6,160771.3,175022.96,475248.12
F00864,2024,634979.81,100878.75,434348.2,364624.3
F00864,2025,950606.1,100987.62,498778.4,384378.03
F00865,2021,3109703.85,771245.51,512817.51,1535114.86
F00865,2022,3275212.48,126043.75,2294784.11,1118821.65
F00865,2023,3826166.04,191998.32,2563181.2,1094724.38
F00865,2024,2562928.04,527624.69,2301266.24,1359280.25
F00865,2025,4209001.17,303623.72,2620558.2,1124531.83
F00866,2021,31679.54,4748.36,9475.12,38884.66
F00866,2022,32698.44,4496.34,17547.99,41483.41
F00866,2023,51101.18,7088.66,39508.68,43328.96
F00866,2024,55927.0,9929.58,23015.36,41986.72
F00866,2025,80868.98,5366.54,19545.43,39730.29
F00867,2021,107294.31,8420.05,10862.74,49829.1
F00867,2022,124068.8,10792.12,52236.44,55533.5
F00867,2023,141348.65,40323.46,28602.31,68306.96
F00867,2024,165901.58,10555.08,22929.15,52231.71
F00867,2025,153472.18,34184.65,104057.15,64382.45
F00868,2021,3296581.2,153348.96,2739989.82,2285183.18
F00868,2022,3051147.71,149819.92,823264.18,2273547.66
F00868,2023,3528900.28,821565.26,1477961.07,2636406.6
F00868,2024,4292926.41,559428.36,3234401.2,2463920.38
F00868,2025,4741859.86,369934.96,713723.06,2348956.77
F00869,2021,81977.36,20393.28,14533.66,35072.78
F00869,2022,84166.28,16514.66,20329.3,32323.49
F00869,2023,119328.87,27461.07,65545.48,37750.16
F00869,2024,109356.0,24333.97,18529.25,49711.1
F00869,2025,115987.87,22031.52,30075.39,39929.77
F00870,2021,241709.25,56467.46,126213.43,144160.21
F00870,2022,209627.92,32493.39,87936.91,107535.69
F00870,2023,309382.86,70305.39,170683.19,135533.23
F00870,2024,194764.94,29680.12,126835.38,121327.95
F00870,2025,282098.86,43058.76,203621.58,124617.9
F00871,2021,10443926.34,1827881.81,5138328.86,3955600.27
F00871,2022,9969515.49,1786663.23,8151337.62,3900093.05
F00871,2023,10770158.66,946024.41,1785892.99,3874693.52
F00871,2024,14792619.97,2160699.43,3958254.15,3832895.57
F00871,2025,9495031.81,823991.52,8040352.06,3717317.36
F00872,2021,625987.88,66583.55,89739.2,314783.65
F00872,2022,694621.53,133903.11,314426.95,409617.82
F00872,2023,962114.18,92611.38,466945.92,331063.83
F00872,2024,730994.48,119167.65,212501.04,349765.11
F00872,2025,802578.19,155444.26,118638.59,328686.43
F00873,2021,426201.23,66546.07,290406.42,189611.55
F00873,2022,518816.5,120139.77,377780.93,254751.64
F00873,2023,380959.02,74395.23,170985.34,200472.33
F00873,2024,354959.02,46991.79,288959.02,154309.1
F00873,2025,379497.08,7612.63,288708.91,141355.7
F00874,2021,989789.39,93956.36,414202.93,593820.98
F00874,2022,1011154.55,258607.09,734532.87,610144.12
F00874,2023,1003274.72,158270.02,237197.64,607275.35
F00874,2024,1359821.61,209097.71,444427.48,660760.4
F00874,2025,1466277.25,406615.24,1163787.05,729325.1
F00875,2021,541123.78,157798.03,425077.15,323604.21
F00875,2022,564115.22,48731.12,71375.88,262012.86
F00875,2023,586205.48,85319.49,411487.76,279544.03
F00875,2024,444702.92,42687.81,324221.03,247899.05
F00875,2025,657403.34,150848.32,404520.13,359677.7
F00876,2021,8149689.39,1928865.44,3436589.28,4337004.27
F00876,2022,9276095.29,2655087.53,5294106.32,4130758.3
F00876,2023,11981621.91,363688.28,3975588.47,3407790.91
F00876,2024,14707835.12,3116544.35,3327238.15,5716997.54
F00876,2025,15803273.18,2219020.89,13520481.46,5319021.14
F00877,2021,371176.14,24494.88,230533.31,132872.01
F00877,2022,359711.31,21966.49,82948.64,139836.39
F00877,2023,398497.09,31250.08,158081.1,140944.81
F00877,2024,456215.78,81281.05,223704.98,176234.16
F00877,2025,207998.78,12127.95,165014.24,124758.9
F00878,2021,229711.78,46545.6,96364.81,103714.37
F00878,2022,249813.14,45549.25,65575.62,108571.29
F00878,2023,302014.95,6725.14,64327.78,74891.28
F00878,2024,321459.73,82757.42,189178.06,108526.51
F00878,2025,347025.53,44708.27,161864.03,95764.97
F00879,2021,1505833.2,96749.41,672161.47,579116.98
F00879,2022,1598797.31,186735.28,312086.33,650424.35
F00879,2023,2502464.63,202773.29,2205457.02,643788.56
F00879,2024,1668783.03,352498.16,250920.95,746638.71
F00879,2025,2990490.32,517787.47,1778172.56,788643.22
F00880,2021,201027.62,4998.0,75952.0,198699.43
F00880,2022,226981.71,46778.8,191560.07,219957.5
F00880,2023,276722.85,82849.73,168064.48,265495.32
F00880,2024,181402.27,48475.39,21676.62,211896.23
F00880,2025,239940.25,15604.06,36112.13,200746.25
F00881,2021,2070633.45,461004.51,937275.46,2740520.82
F00881,2022,1818590.74,452700.98,488012.04,2721566.96
F00881,2023,2419025.96,402456.3,1286475.6,2770752.58
F00881,2024,1543021.19,422336.53,248026.09,2725904.88
F00881,2025,3014508.14,721574.82,1157136.05,3050240.01
F00882,2021,330205.0,50609.3,235832.19,180324.36
F00882,2022,407698.06,56333.34,260870.19,186416.91
F00882,2023,475866.65,82602.67,406306.48,193974.03
F00882,2024,574682.55,69525.73,424830.48,174106.12
F00882,2025,366333.23,23012.29,129926.29,169797.12
F00883,2021,2894397.57,734495.41,646692.83,1377809.64
F00883,2022,2528188.8,416789.35,2230755.42,1054212.26
F00883,2023,3364486.87,635947.85,1043973.12,1172455.42
F00883,2024,1805077.61,198349.43,915564.16,976715.95
F00883,2025,1958715.91,229228.15,453793.56,1005448.1
F00884,2021,264241.05,15989.51,198162.82,269990.33
F00884,2022,300992.28,47661.28,154629.78,297633.64
F00884,2023,341846.47,44863.72,292399.54,280058.89
F00884,2024,403309.13,95962.23,210177.45,341556.46
F00884,2025,407748.81,90567.29,362372.96,291575.71
F00885,2021,17152.07,1550.74,14728.16,19802.16
F00885,2022,17452.3,324.04,11506.81,19493.48
F00885,2023,27262.22,2920.35,18076.42,20799.54
F00885,2024,18935.93,1851.0,15711.47,20448.59
F00885,2025,17432.21,4347.99,3481.65,22494.19
F00886,2021,6369225.41,1418634.42,4737313.54,3491383.89
F00886,2022,6907937.27,1316343.44,1089611.19,3371202.1
F00886,2023,8880833.07,2190453.98,1633566.68,3843098.67
F00886,2024,9805231.21,2101384.61,4254530.14,3826062.63
F00886,2025,12686045.74,254164.57,6168186.36,2955415.44
F00887,2021,615493.48,135302.73,172189.84,569417.04
F00887,2022,578936.96,164072.02,405759.79,518640.38
F00887,2023,618416.83,166208.2,95738.63,544912.66
F00887,2024,559043.98,88519.55,487836.65,493278.45
F00887,2025,742775.09,202534.93,600707.53,616490.3
F00888,2021,2243847.96,486314.74,2009620.31,1328072.41
F00888,2022,2118973.15,535387.54,617229.67,1442385.56
F00888,2023,2146866.52,428839.23,724805.64,1203998.14
F00888,2024,1273046.37,33605.89,894300.16,1046995.77
F00888,2025,1762665.91,99719.0,537612.99,1080590.51
F00889,2021,898251.88,134597.27,707430.57,777031.78
F00889,2022,1131947.78,211114.96,531068.9,821274.47
F00889,2023,1099333.22,200636.77,409454.79,844030.57
F00889,2024,1297236.17,168546.16,341510.95,747273.96
F00889,2025,1187251.87,201472.71,160447.41,852737.38
F00890,2021,9538912.7,1832528.86,6555529.99,3861092.11
F00890,2022,10728531.36,496131.26,4595655.08,3296804.53
F00890,2023,14212005.45,2908304.46,10058003.91,5353866.2
F00890,2024,17346158.88,1033744.18,12126050.0,3714807.01
F00890,2025,10100068.17,1133413.2,3243685.1,3633218.66
F00891,2021,1154443.97,278048.76,607582.8,560984.42
F00891,2022,1179960.47,236579.47,847435.13,578351.03
F00891,2023,1290835.85,51418.45,927670.16,458253.38
F00891,2024,1421627.62,89148.69,365936.56,493214.37
F00891,2025,947357.4,274781.96,864995.2,606322.79
F00892,2021,177187.06,51448.77,23099.62,153551.82
F00892,2022,202637.41,10705.8,132872.28,114071.29
F00892,2023,186166.16,35527.74,135848.44,123808.67
F00892,2024,298837.57,68954.83,140700.95,132143.06
F00892,2025,272019.99,34939.14,149789.01,127755.81
F00893,2021,308855.07,24974.43,150233.91,185940.39
F00893,2022,318994.95,45882.62,202180.4,195353.42
F00893,2023,358987.81,75858.44,156152.02,201549.38
F00893,2024,409087.51,48928.24,117911.15,215609.7
F00893,2025,379784.13,66913.99,338719.69,207629.11
F00894,2021,90253.28,25585.88,68189.54,106017.81
F00894,2022,111876.0,29849.22,64960.54,97984.32
F00894,2023,105375.15,23791.03,48413.37,93461.96
F00894,2024,105003.92,29416.09,51815.82,99378.75
F00894,2025,151256.61,26045.64,44633.18,94135.33
F00895,2021,2134890.36,49054.75,1310806.07,775156.08
F00895,2022,2533610.01,134311.22,1416157.05,876878.38
F00895,2023,1899923.04,67168.59,276938.27,803679.89
F00895,2024,2390276.28,690772.02,2016032.27,1026007.91
F00895,2025,4291805.39,890564.2,2973925.87,1178974.62
F00896,2021,1227783.84,262948.67,352065.28,627962.53
F00896,2022,1509594.3,194641.15,765277.27,609299.91
F00896,2023,1507333.14,190500.4,237412.99,622154.06
F00896,2024,1420237.75,168973.96,830860.68,603010.08
F00896,2025,1181183.7,293893.19,269368.54,722003.51
F00897,2021,1267213.75,68076.8,375123.21,1037338.27
F00897,2022,1200536.87,239002.63,743546.48,1192160.39
F00897,2023,1164692.44,306610.68,534526.68,1130342.51
F00897,2024,1873893.5,518156.28,1314863.58,1178971.46
F00897,2025,2121577.04,263918.95,759309.21,1162148.27
F00898,2021,833876.71,129077.11,649525.54,402928.6
F00898,2022,795474.25,126088.75,341695.76,420924.53
F00898,2023,958472.74,48660.64,207613.08,358955.71
F00898,2024,564879.58,161888.88,199065.8,400178.64
F00898,2025,1057525.53,86853.55,195137.17,364297.15
F00899,2021,734792.58,73409.02,669721.0,540642.08
F00899,2022,824140.09,27082.32,483505.61,510950.92
F00899,2023,803469.39,63239.61,597467.73,549084.48
F00899,2024,1111147.82,35858.42,869278.2,529211.71
F00899,2025,1063857.2,116632.81,1022997.78,603025.73
F00900,2021,332385.64,48702.75,47897.62,143459.06
F00900,2022,326337.13,31322.14,265590.81,127873.81
F00900,2023,347129.92,20843.53,197400.89,129497.07
F00900,2024,463355.77,110689.66,136524.26,221448.18
F00900,2025,612852.19,168337.23,170587.79,239058.3
F00901,2021,283789.77,70378.86,167624.53,247034.5
F00901,2022,267838.03,71238.91,53417.48,249226.21
F00901,2023,280434.78,47516.89,227879.34,212416.58
F00901,2024,266798.58,10815.29,127947.87,187498.45
F00901,2025,295253.58,7787.36,257184.54,187858.14
F00902,2021,1334167.96,147772.37,357417.76,733839.9
F00902,2022,1443585.5,106694.2,684772.49,682868.03
F00902,2023,1996054.14,341147.17,1473764.21,927640.55
F00902,2024,1501812.47,234092.86,1413989.7,824420.13
F00902,2025,3709115.08,182168.11,1420566.74,698599.72
F00903,2021,654317.02,30162.3,328492.58,489327.02
F00903,2022,690425.23,144175.01,108279.39,540543.34
F00903,2023,685641.64,53259.43,207709.22,515631.62
F00903,2024,369623.3,82075.41,90671.2,507160.55
F00903,2025,582999.22,71892.93,79929.82,506647.39
F00904,2021,878829.13,70863.69,345373.35,296316.35
F00904,2022,791995.99,104185.72,352770.8,332329.41
F00904,2023,1008981.47,150698.46,994655.4,380379.74
F00904,2024,619930.88,93073.16,511943.63,307076.67
F00904,2025,1055404.67,296182.72,991571.44,491320.33
F00905,2021,1910309.24,355966.81,1317271.83,1882260.26
F00905,2022,2105083.8,142002.33,541852.37,1587980.99
F00905,2023,1933090.02,223682.22,431786.28,1616874.58
F00905,2024,4104091.61,953120.14,1929101.94,2236864.29
F00905,2025,2240413.4,448066.37,1384946.22,1876969.17
F00906,2021,37149.29,4048.75,20420.37,13633.36
F00906,2022,39234.89,5237.54,27740.77,16294.57
F00906,2023,40391.42,5412.77,28995.96,15042.16
F00906,2024,29327.71,1618.78,25574.21,13058.85
F00906,2025,72225.3,15141.7,11069.2,22696.87
F00907,2021,641004.09,190177.48,435550.01,373461.4
F00907,2022,645142.6,108618.34,560546.8,271476.77
F00907,2023,604725.37,27053.69,300024.9,218508.96
F00907,2024,566720.89,97297.41,405623.8,281907.86
F00907,2025,870534.72,85773.88,331332.87,273751.43
F00908,2021,822683.08,179161.03,217807.91,862484.05
F00908,2022,773064.88,217420.65,384665.0,1002697.74
F00908,2023,920779.38,265747.37,312886.85,912204.08
F00908,2024,490893.73,132335.45,405731.27,865998.82
F00908,2025,640856.14,105102.82,445999.53,887842.21
F00909,2021,627227.32,133204.89,286145.52,299613.01
F00909,2022,562380.25,45430.15,148036.49,220578.91
F00909,2023,710717.95,43311.54,361207.07,207325.86
F00909,2024,739644.57,155431.42,161590.9,321811.37
F00909,2025,506909.65,71051.77,423145.48,212435.94
F00910,2021,926732.6,189468.15,390127.8,527871.59
F00910,2022,894703.6,150502.4,401601.52,468105.04
F00910,2023,1258185.34,225605.9,433888.65,490429.49
F00910,2024,775154.14,24135.56,694633.26,424569.5
F00910,2025,1138808.02,84025.34,873950.61,445000.18
F00911,2021,46473.34,5316.17,29279.74,22787.32
F00911,2022,54181.99,9330.84,28004.59,23278.95
F00911,2023,73453.28,8439.71,64569.68,23491.06
F00911,2024,55753.16,11378.38,28311.07,24554.33
F00911,2025,83266.12,9997.62,12068.35,27812.17
F00912,2021,3666628.75,641580.86,2500896.81,1624875.06
F00912,2022,3403499.11,243447.78,676670.74,1339892.89
F00912,2023,3245709.1,744355.43,739363.11,1745200.53
F00912,2024,3839915.49,98041.94,2563505.04,1151494.64
F00912,2025,5188450.71,1106458.85,1864139.53,1452548.56
F00913,2021,637590.67,125467.64,357904.63,487315.62
F00913,2022,656081.56,172334.11,554210.94,485520.29
F00913,2023,786187.43,115399.68,525201.72,489390.24
F00913,2024,449652.17,15628.78,203603.88,440615.79
F00913,2025,1053169.81,216848.44,189732.0,584814.82
F00914,2021,246336.98,52679.45,166877.82,139023.56
F00914,2022,297116.63,75468.35,148761.88,133915.28
F00914,2023,319779.9,80804.35,277580.48,162793.08
F00914,2024,355268.6,9857.78,177183.9,114824.21
F00914,2025,231896.92,23575.83,42541.1,127146.19
F00915,2021,1445781.33,226787.73,870131.54,589725.18
F00915,2022,1438529.7,54209.77,1332743.63,489627.0
F00915,2023,1464143.1,379902.68,570044.6,706901.68
F00915,2024,1099574.02,143572.13,769794.96,564837.7
F00915,2025,1359725.89,104142.28,522226.34,521897.54
F00916,2021,458789.73,106076.05,171712.06,352550.87
F00916,2022,550647.35,80313.46,369977.01,376620.87
F00916,2023,442069.5,13116.09,253856.88,311772.6
F00916,2024,428305.36,92333.19,118111.1,369909.36
F00916,2025,404777.97,28372.38,131300.64,313562.27
F00917,2021,472720.41,16969.34,94120.39,311423.1
F00917,2022,551057.51,64366.72,230356.13,361401.83
F00917,2023,475751.41,52842.22,166662.54,338567.55
F00917,2024,595999.34,9341.8,320820.01,312400.39
F00917,2025,554223.39,41553.75,410685.71,340337.04
F00918,2021,610011.67,14753.47,172315.01,232971.6
F00918,2022,702004.25,176726.36,451744.75,320800.25
F00918,2023,562677.47,47526.53,79516.76,249949.28
F00918,2024,702812.68,184720.37,583935.66,364056.77
F00918,2025,1307753.17,142578.34,1168551.12,323420.85
F00919,2021,776159.81,157277.93,147714.26,894594.71
F00919,2022,740607.39,114726.81,627786.97,862893.82
F00919,2023,655750.4,103809.37,124995.25,902316.46
F00919,2024,700373.65,119999.68,437638.6,881369.72
F00919,2025,540774.45,137597.04,280651.54,898342.19
F00920,2021,164895.46,40541.42,49129.11,135657.29
F00920,2022,144239.33,10249.22,69134.36,117268.94
F00920,2023,123325.99,22628.36,71803.09,121434.1
F00920,2024,121532.79,8983.82,93549.27,115765.31
F00920,2025,217242.23,20361.91,31335.29,123801.6
F00921,2021,335499.44,72389.24,51124.51,178821.73
F00921,2022,379070.83,32497.33,41261.26,150065.14
F00921,2023,282024.51,23424.93,186836.76,141329.46
F00921,2024,402450.24,40152.38,58659.64,160433.62
F00921,2025,298239.38,49573.09,145970.14,166836.85
F00922,2021,207346.68,38239.69,70309.37,185058.92
F00922,2022,181201.63,14289.92,94188.49,163300.68
F00922,2023,195289.53,51419.44,115858.42,196469.27
F00922,2024,188959.34,38715.25,147355.74,184179.33
F00922,2025,250155.87,66114.86,167769.59,197364.11
F00923,2021,577054.1,141511.1,230840.15,396927.76
F00923,2022,672181.61,126200.37,491116.89,428081.22
F00923,2023,892089.83,175367.67,379936.4,463428.05
F00923,2024,665923.75,40929.34,354941.75,358965.82
F00923,2025,1407588.58,274722.91,255122.29,581873.83
F00924,2021,189383.68,8170.54,58770.48,112402.79
F00924,2022,164291.33,29125.16,91158.48,123691.95
F00924,2023,169159.34,33848.82,52518.58,139937.48
F00924,2024,225575.31,15315.41,177839.65,118701.12
F00924,2025,197421.8,5174.53,148751.79,113885.32
F00925,2021,1670529.49,124828.73,857701.84,764161.35
F00925,2022,1560413.01,226638.13,525584.58,812985.61
F00925,2023,1418966.06,411993.44,1031138.59,857817.64
F00925,2024,2583870.1,620492.67,1828709.65,1246690.61
F00925,2025,2701318.87,150194.33,1004287.38,851787.91
F00926,2021,267739.2,76053.74,194896.24,236925.99
F00926,2022,287045.03,19925.67,64890.41,180279.85
F00926,2023,422094.73,92328.43,68169.26,261696.93
F00926,2024,439937.12,76785.88,221415.09,231262.53
F00926,2025,699623.55,78132.5,483874.42,205482.81
F00927,2021,430420.95,96502.93,378764.33,271234.49
F00927,2022,411367.96,97016.17,289245.41,265887.01
F00927,2023,638970.06,14974.75,145523.74,242997.88
F00927,2024,409122.28,75996.81,215317.07,300866.46
F00927,2025,325862.23,7712.72,277781.38,239693.35
F00928,2021,316831.53,29607.54,157512.41,165796.26
F00928,2022,333189.76,72662.36,219892.12,204036.82
F00928,2023,335862.56,71206.98,269505.96,206353.94
F00928,2024,454613.89,57640.69,72822.07,170669.1
F00928,2025,373391.46,14734.03,194076.36,164439.67
F00929,2021,518501.84,79403.93,173354.28,552251.61
F00929,2022,559242.92,95402.83,165690.42,536254.15
F00929,2023,531178.6,76987.12,114733.28,526386.82
F00929,2024,723486.24,161371.61,412965.75,538848.43
F00929,2025,1266986.83,121127.89,637364.44,603252.76
F00930,2021,533284.62,118055.85,153749.97,266785.26
F00930,2022,549142.95,29638.62,291650.62,194246.37
F00930,2023,493864.7,60941.81,326168.87,220057.61
F00930,2024,719819.33,154458.22,317217.26,238117.51
F00930,2025,751820.6,162540.67,335192.14,309513.77
F00931,2021,606465.02,16311.12,91029.9,367540.71
F00931,2022,535066.82,108847.86,231884.23,440533.56
F00931,2023,765865.99,207884.32,532925.37,462380.91
F00931,2024,843766.93,187400.04,552742.91,430948.62
F00931,2025,999982.67,298784.01,286276.62,584124.05
F00932,2021,156980.75,33593.84,127700.96,61407.71
F00932,2022,195962.44,35576.09,127582.21,74309.85
F00932,2023,232295.6,26327.03,140538.08,70710.59
F00932,2024,270469.58,27076.52,194959.56,73622.44
F00932,2025,427187.92,90310.65,297587.11,137504.02
F00933,2021,1447692.08,363139.96,661800.15,1121750.87
F00933,2022,1540812.62,334998.82,496357.42,959438.88
F00933,2023,1932996.74,448195.59,1639030.96,1050780.06
F00933,2024,2116197.7,392411.34,1841457.23,1041984.29
F00933,2025,2456223.57,211828.37,582216.43,876178.67
F00934,2021,366920.02,62559.38,217263.75,242290.69
F00934,2022,401300.36,69954.66,47362.59,217096.84
F00934,2023,382277.07,63632.13,277432.56,234551.31
F00934,2024,582783.98,127514.35,219807.16,232566.35
F00934,2025,688487.27,80810.61,111562.43,222322.0
F00935,2021,33365.11,5371.42,11821.98,30915.63
F00935,2022,44094.86,9680.2,14379.23,32941.43
F00935,2023,38399.5,3574.31,15493.13,30046.46
F00935,2024,60644.13,17591.39,37308.41,39358.78
F00935,2025,40071.7,10624.76,18138.01,33283.88
F00936,2021,256808.39,29408.54,193762.22,138502.96
F00936,2022,268563.29,59877.01,119671.75,173371.96
F00936,2023,252463.61,66259.89,172450.5,181304.63
F00936,2024,317687.34,50712.31,100353.94,156519.22
F00936,2025,290455.57,28065.61,158157.26,152371.28
F00937,2021,288031.72,54515.64,233282.16,158599.76
F00937,2022,307964.1,87807.7,196084.23,188775.67
F00937,2023,360702.32,98997.57,122770.16,175691.63
F00937,2024,449371.91,11419.27,194037.93,128123.45
F00937,2025,201072.05,59827.34,32091.14,168345.87
F00938,2021,729122.34,45211.91,580565.92,610604.83
F00938,2022,823974.98,65273.58,518716.79,597309.29
F00938,2023,852805.61,26043.44,612358.57,581803.53
F00938,2024,847269.06,193879.97,307602.74,753346.15
F00938,2025,1056308.31,209158.89,307751.06,762602.24
F00939,2021,6350542.71,200922.68,3172629.53,2002321.91
F00939,2022,6429473.94,1869127.74,2186633.28,3351422.02
F00939,2023,8313213.02,1170097.02,2098094.26,2576747.84
F00939,2024,6372032.04,1640015.01,2315763.65,2879072.95
F00939,2025,4805767.88,965535.52,1542629.81,2579981.0
F00940,2021,273309.39,65759.29,55688.07,138340.59
F00940,2022,269890.22,64108.1,198206.53,166160.7
F00940,2023,259198.22,63670.01,60442.42,149065.19
F00940,2024,274703.03,78018.26,164448.24,188149.36
F00940,2025,365129.05,100094.19,228575.18,179707.03
F00941,2021,169179.45,48932.91,114567.39,68178.21
F00941,2022,163740.61,5654.94,108488.61,57434.07
F00941,2023,173672.85,22622.51,89302.34,66445.86
F00941,2024,189156.81,54686.78,47014.39,76697.83
F00941,2025,155595.12,27746.43,107636.74,63615.05
F00942,2021,1066284.98,132803.35,603475.1,515792.05
F00942,2022,1123471.03,131378.03,950010.06,553661.69
F00942,2023,1191063.52,86843.13,220112.62,524311.97
F00942,2024,875416.47,60857.5,423827.99,498920.37
F00942,2025,760220.51,89585.73,97703.13,529747.56
F00943,2021,545400.08,115794.49,223940.93,493225.66
F00943,2022,489896.08,24477.82,176931.85,459239.47
F00943,2023,442150.96,32484.15,283946.51,466460.69
F00943,2024,484090.53,26006.27,193253.75,458261.01
F00943,2025,593120.78,19792.21,123142.64,447336.61
F00944,2021,217723.3,48474.53,71167.01,131224.21
F00944,2022,221219.75,15226.61,23698.73,115993.8
F00944,2023,228993.49,17490.45,159669.99,120415.21
F00944,2024,404687.02,14865.34,175411.07,119759.07
F00944,2025,278956.48,48439.66,29883.85,130500.61
F00945,2021,951755.22,106335.43,730161.33,523432.57
F00945,2022,1006180.22,135296.67,329531.14,569607.99
F00945,2023,1042975.23,268621.86,668274.34,730876.87
F00945,2024,1200550.94,120180.44,631048.58,574270.17
F00945,2025,1514153.23,42275.28,251224.51,509047.74
F00946,2021,723944.38,42479.73,544494.55,274169.83
F00946,2022,820604.95,30361.18,334782.43,259269.43
F00946,2023,1057099.26,74154.43,730144.92,258760.85
F00946,2024,1304979.41,382981.32,687181.6,574483.77
F00946,2025,1734596.62,111764.16,1009411.21,282587.81
F00947,2021,823746.36,142715.87,709707.44,473893.58
F00947,2022,919002.94,140766.24,589535.97,430690.31
F00947,2023,1154055.19,196118.69,870773.31,529754.55
F00947,2024,1233297.57,348080.46,1129878.19,685934.46
F00947,2025,1462627.87,235787.66,1164286.68,545008.13
F00948,2021,741837.51,206523.92,260835.78,495431.29
F00948,2022,923750.9,35804.37,712331.38,360655.36
F00948,2023,924082.09,165087.9,416713.19,398819.75
F00948,2024,801619.29,206086.01,476013.44,464772.12
F00948,2025,977482.65,171750.13,351279.15,486132.12
F00949,2021,418679.3,98572.95,257355.22,368283.49
F00949,2022,359530.03,92367.77,119557.63,383645.43
F00949,2023,364576.1,56276.4,220232.56,364620.01
F00949,2024,352432.06,8023.87,94632.03,337937.03
F00949,2025,484849.12,89744.42,376973.56,388274.92
F00950,2021,331258.25,57865.74,154854.74,443632.46
F00950,2022,341429.58,35801.24,231072.14,396579.6
F00950,2023,353622.54,10730.41,247768.55,391611.11
F00950,2024,308769.8,66381.55,186548.4,410271.37
F00950,2025,274922.69,44125.08,145206.92,417833.8
F00951,2021,107447.92,4056.42,96984.0,39941.86
F00951,2022,94019.74,24979.93,57549.83,59099.59
F00951,2023,83908.18,2418.56,21111.86,37622.33
F00951,2024,78833.99,18895.87,74253.94,47518.23
F00951,2025,61454.47,14796.49,31670.12,41010.1
F00952,2021,161492.58,3348.61,74143.08,146026.3
F00952,2022,160214.48,8569.22,29318.71,149037.09
F00952,2023,121525.89,17794.42,44441.49,150939.09
F00952,2024,148674.4,43002.57,121364.17,160616.72
F00952,2025,134612.07,11956.6,21314.74,154460.32
F00953,2021,393463.42,39072.27,89934.55,246081.33
F00953,2022,457248.8,85174.77,169208.79,294641.03
F00953,2023,639740.09,131804.39,310987.85,301799.78
F00953,2024,692223.41,178542.08,515393.52,376518.61
F00953,2025,833079.65,75876.58,742110.8,295106.47
F00954,2021,646355.41,109458.96,312952.87,352647.64
F00954,2022,776014.86,222958.38,220505.01,363415.15
F00954,2023,859004.26,156748.8,446773.11,362222.33
F00954,2024,1006465.72,161113.48,638377.85,314251.73
F00954,2025,941865.74,219015.36,747365.65,444646.29
F00955,2021,205830.56,54501.09,142488.74,241958.43
F00955,2022,204488.47,47086.93,112758.6,228641.26
F00955,2023,242561.23,72423.91,125877.69,232663.96
F00955,2024,160932.21,25576.22,68042.91,201792.2
F00955,2025,98318.42,15735.2,74411.42,193834.45
F00956,2021,649967.81,15167.83,416089.34,244821.47
F00956,2022,663185.87,139095.42,424500.44,318887.34
F00956,2023,771155.98,108042.03,552910.2,329220.75
F00956,2024,832391.12,155998.39,328798.87,374336.68
F00956,2025,394318.93,87446.9,77604.97,261446.56
F00957,2021,1692552.2,130667.52,682897.3,782979.91
F00957,2022,2087467.72,211205.2,437038.84,767660.8
F00957,2023,2779411.34,771976.16,763559.2,1155708.67
F00957,2024,3309784.31,434457.95,1843373.45,1028015.26
F00957,2025,4064535.0,954733.68,467913.77,1058667.88
F00958,2021,866127.16,45230.1,579023.23,714699.14
F00958,2022,833508.32,128552.8,630107.91,818518.54
F00958,2023,871829.47,136431.89,443620.49,813233.19
F00958,2024,472610.57,121495.01,177139.26,795148.17
F00958,2025,355118.8,72298.41,126007.64,741430.27
F00959,2021,1082028.6,51098.16,264583.2,558079.92
F00959,2022,1164018.27,312532.88,269891.73,694701.06
F00959,2023,1496893.1,386130.84,467411.94,825965.48
F00959,2024,1580991.82,428084.71,1351691.14,700079.16
F00959,2025,974480.83,209327.29,118081.78,594595.62
F00960,2021,701082.56,151013.26,583091.63,348545.87
F00960,2022,802151.3,183910.31,325167.21,404802.42
F00960,2023,952684.46,164899.9,848307.91,349159.58
F00960,2024,1302919.32,372271.82,579611.79,461025.73
F00960,2025,1916046.11,187202.86,901073.81,477689.43
F00961,2021,884971.29,246235.27,524827.17,564949.35
F00961,2022,957325.77,74702.89,237135.0,368160.36
F00961,2023,962537.21,196969.65,693971.22,387433.49
F00961,2024,1222008.23,151124.97,1049516.8,393393.72
F00961,2025,1157631.43,281272.28,335072.93,532162.29
F00962,2021,1383971.7,125735.58,313609.8,436189.63
F00962,2022,1505364.32,362969.3,631334.44,563444.9
F00962,2023,1932115.45,396785.37,887341.01,580090.45
F00962,2024,1118923.3,175093.76,889520.09,491459.47
F00962,2025,2340955.09,680910.21,675147.64,662775.88
F00963,2021,429527.01,52002.57,386731.12,256227.58
F00963,2022,477742.82,126776.1,199296.96,331779.43
F00963,2023,677503.02,59369.49,78654.25,250202.17
F00963,2024,783453.83,20470.81,565589.26,236911.14
F00963,2025,492499.97,21884.45,97094.82,236409.02
F00964,2021,361246.09,91094.56,333754.48,185122.47
F00964,2022,396936.79,79651.26,324625.78,226691.43
F00964,2023,343533.95,26229.44,116057.12,164728.39
F00964,2024,345543.19,18614.71,222639.58,155700.47
F00964,2025,248634.42,12383.95,78460.23,156732.77
F00965,2021,931597.15,56941.27,798567.5,543269.46
F00965,2022,944434.18,132522.67,140682.78,607418.53
F00965,2023,1146007.74,259237.8,1116547.39,761866.94
F00965,2024,577407.76,17716.11,406765.7,514131.59
F00965,2025,648886.45,73749.55,552625.62,526918.54
F00966,2021,1150951.08,58765.57,991466.02,555327.35
F00966,2022,1121220.82,43643.21,834194.65,526467.42
F00966,2023,1425290.96,381877.57,303377.62,678526.23
F00966,2024,1362767.39,74424.54,170155.59,570735.61
F00966,2025,2620981.76,315709.4,1972246.96,806503.72
F00967,2021,632045.16,92728.01,324498.99,293269.29
F00967,2022,677112.03,25841.23,593232.75,241548.38
F00967,2023,766760.13,17883.52,479413.58,246922.98
F00967,2024,739153.7,137756.28,287821.88,274955.7
F00967,2025,1395673.26,270900.63,593390.02,456825.77
F00968,2021,799322.37,55068.37,704555.72,400862.6
F00968,2022,856202.11,179066.22,153828.69,426628.22
F00968,2023,894585.71,240002.98,738302.71,549884.38
F00968,2024,647082.86,143536.4,432237.74,485496.84
F00968,2025,1239699.46,163283.78,277922.75,502154.6
F00969,2021,157370.84,17055.82,136628.6,61748.08
F00969,2022,189193.01,43042.0,65399.7,81107.63
F00969,2023,248131.35,71753.31,221261.96,113879.54
F00969,2024,206688.96,41510.41,100530.41,91466.34
F00969,2025,152744.52,22375.56,22127.97,62097.5
F00970,2021,1710547.59,434502.28,456563.05,1006386.31
F00970,2022,1742017.47,164037.56,689591.24,704107.08
F00970,2023,1967594.99,512924.63,799129.68,889952.87
F00970,2024,1331465.06,175061.21,308209.83,749062.22
F00970,2025,1869967.27,106035.19,742343.38,697370.54
F00971,2021,324409.16,71328.95,142826.56,241147.92
F00971,2022,316640.1,16941.42,114273.44,193146.32
F00971,2023,460554.77,10822.12,226812.65,184670.11
F00971,2024,520905.78,132551.52,480651.91,288655.38
F00971,2025,629979.08,65322.72,620969.85,221862.9
F00972,2021,384681.77,69156.84,335755.87,277033.91
F00972,2022,419291.77,88636.39,403882.07,271634.54
F00972,2023,325572.46,24126.72,271189.19,241514.0
F00972,2024,425987.8,74992.67,154185.68,292821.22
F00972,2025,561928.15,87721.47,281860.91,265004.7
F00973,2021,2023904.93,320271.34,264983.41,1107575.03
F00973,2022,2231495.87,482032.77,1061470.91,1092353.83
F00973,2023,3414408.68,866569.8,2223796.6,1127666.94
F00973,2024,2644352.52,258621.88,1965374.68,965412.03
F00973,2025,4893277.46,186749.12,4152581.8,903728.07
F00974,2021,144989.82,27572.1,41023.22,108466.61
F00974,2022,157741.29,41487.26,96442.87,120966.35
F00974,2023,165423.85,11092.13,26292.21,95437.07
F00974,2024,280322.11,69147.14,66677.25,127333.15
F00974,2025,169161.92,40255.57,145458.01,110053.05
F00975,2021,247490.94,23248.38,97481.19,279577.39
F00975,2022,269835.24,30875.99,204933.37,271789.34
F00975,2023,383245.32,29955.5,333951.88,285721.01
F00975,2024,348196.95,46883.93,292567.42,271592.84
F00975,2025,499896.87,119824.39,345435.14,360136.92
F00976,2021,534940.73,76401.98,228523.44,271319.82
F00976,2022,698529.45,16584.28,620233.35,211679.89
F00976,2023,915551.68,243933.43,218654.28,420638.07
F00976,2024,1037352.51,57057.67,742772.21,219001.57
F00976,2025,1546498.17,129992.47,860850.41,283749.09
F00977,2021,101539.47,4617.52,30698.63,44730.19
F00977,2022,94674.04,8326.13,75239.43,47751.34
F00977,2023,85425.24,5092.24,23211.26,45611.81
F00977,2024,73847.76,3331.21,26687.01,44622.03
F00977,2025,182335.73,37571.06,127268.27,60552.62
F00978,2021,170688.01,30136.39,126134.04,86235.44
F00978,2022,189635.72,36892.82,133402.68,97877.3
F00978,2023,148026.73,32388.07,105874.73,81606.22
F00978,2024,146324.09,21543.08,124144.96,69516.49
F00978,2025,151151.21,40683.94,121959.2,77887.35
F00979,2021,942155.59,64773.18,448659.61,943191.75
F00979,2022,1219204.99,27841.38,725214.22,930254.21
F00979,2023,1542160.97,227742.06,1315282.8,1005816.91
F00979,2024,2003897.89,427592.14,249309.83,1267871.62
F00979,2025,2687426.38,643103.56,1416995.2,1434273.6
F00980,2021,453879.14,74508.97,340082.05,300430.0
F00980,2022,477813.29,72336.08,424757.57,318064.24
F00980,2023,402974.21,85308.75,80511.6,315504.0
F00980,2024,367779.36,48870.4,312947.65,298242.59
F00980,2025,301091.51,14298.11,223441.57,275077.09
F00981,2021,246664.24,11603.93,145379.34,207707.81
F00981,2022,269301.95,69235.92,122371.08,265094.5
F00981,2023,206877.19,59153.04,77953.0,236115.24
F00981,2024,158226.16,28564.78,47899.83,210023.34
F00981,2025,180455.96,48811.24,29110.85,232214.67
F00982,2021,221329.06,20844.14,191402.32,86011.18
F00982,2022,268410.92,26716.29,92393.38,75608.38
F00982,2023,224479.88,21066.74,27543.48,84247.93
F00982,2024,285977.49,70412.65,121846.66,121675.83
F00982,2025,281289.19,70712.4,194176.01,130694.84
F00983,2021,699367.46,66341.28,73449.47,326722.97
F00983,2022,829314.37,25827.66,421482.22,311606.41
F00983,2023,574572.25,64205.46,155105.02,318742.53
F00983,2024,694360.14,79039.15,311814.02,336756.27
F00983,2025,1117246.27,80618.68,888615.2,343016.41
F00984,2021,617309.37,100131.29,237208.07,318583.95
F00984,2022,665820.39,51190.08,550582.81,267312.22
F00984,2023,895030.31,255808.97,235194.62,421551.64
F00984,2024,1164814.95,328769.63,134242.08,395770.81
F00984,2025,1253138.99,196276.73,133694.21,305162.39
F00985,2021,1641558.08,469088.75,1280996.04,875466.65
F00985,2022,1639088.58,463574.32,804569.48,928489.77
F00985,2023,1283477.77,60702.85,932675.55,632147.33
F00985,2024,1683033.27,347549.52,1030625.24,738956.74
F00985,2025,1022828.46,152674.97,493924.83,641726.32
F00986,2021,810609.25,70864.42,222149.52,424994.39
F00986,2022,974989.46,96861.83,711354.77,410284.83
F00986,2023,1186131.45,297255.84,831108.14,534575.09
F00986,2024,858057.23,188905.95,388570.05,524413.9
F00986,2025,1649575.61,302620.08,1024942.88,620920.21
F00987,2021,142224.13,6226.26,126477.4,135313.78
F00987,2022,183122.89,22074.62,138137.18,141316.49
F00987,2023,229400.51,28608.63,116649.01,152806.12
F00987,2024,273194.7,59190.83,233521.86,163512.04
F00987,2025,385210.1,114256.7,320950.91,235394.24
F00988,2021,264873.21,43879.45,41022.13,253002.61
F00988,2022,330480.65,60469.32,39930.09,273252.73
F00988,2023,420519.18,86967.67,89558.33,298577.58
F00988,2024,502022.77,29839.31,314060.43,246107.62
F00988,2025,543601.94,37779.17,423812.85,255325.59
F00989,2021,569374.18,53280.13,102373.35,315788.73
F00989,2022,623952.58,184168.87,376167.86,412787.07
F00989,2023,620064.25,170787.99,400498.8,423807.52
F00989,2024,690528.35,106898.87,471377.9,363867.42
F00989,2025,850524.49,121935.36,597775.26,343566.82
F00990,2021,10696333.49,1607467.39,4411075.63,6218792.39
F00990,2022,10007458.08,2474543.59,4243946.26,7452220.15
F00990,2023,11652447.84,1801785.89,8800653.41,6710101.04
F00990,2024,5476231.61,662352.74,4398021.59,5693245.56
F00990,2025,8683639.52,1244014.73,4748805.4,6270110.03
F00991,2021,1101131.49,167355.39,479169.13,512484.58
F00991,2022,950775.24,254002.03,320440.09,582238.85
F00991,2023,1170219.25,28346.52,957104.48,459095.38
F00991,2024,1349506.73,179621.79,407831.38,547671.64
F00991,2025,627353.51,88707.43,74279.02,472822.68
F00992,2021,530473.85,35553.91,71956.89,206030.25
F00992,2022,483096.25,52346.31,139564.9,242150.17
F00992,2023,476282.93,105076.05,136374.32,268538.47
F00992,2024,703916.56,131141.45,212592.37,272775.82
F00992,2025,815293.53,168219.09,509230.98,284091.94
F00993,2021,244729.54,8496.09,142240.18,101689.12
F00993,2022,297635.65,34888.63,227353.93,104079.95
F00993,2023,283467.16,67888.86,53495.48,158274.79
F00993,2024,273989.9,62032.88,100864.23,139075.55
F00993,2025,558882.93,73040.81,390750.55,135814.73
F00994,2021,1687409.56,96163.37,552034.31,563083.83
F00994,2022,1558336.43,374426.24,724532.33,801711.96
F00994,2023,1212880.84,176463.93,924692.65,629469.23
F00994,2024,1362101.62,217115.26,1176793.19,580496.28
F00994,2025,2580134.7,445366.32,909232.14,618112.56
F00995,2021,63195.29,14596.73,53185.31,68471.09
F00995,2022,66195.45,13740.55,16403.43,65855.79
F00995,2023,87551.26,16560.61,60386.46,72016.1
F00995,2024,96181.55,11368.71,38383.55,59048.11
F00995,2025,155706.6,13039.41,102214.3,59737.17
F00996,2021,772880.69,96912.9,645118.04,300777.45
F00996,2022,766167.11,37900.74,81649.3,306593.87
F00996,2023,702101.4,57421.66,570624.89,313096.84
F00996,2024,1135004.45,324432.12,304990.42,572851.62
F00996,2025,1556863.57,441100.94,1168251.88,534339.58
F00997,2021,1583950.94,269628.14,1087284.01,889513.65
F00997,2022,1525103.62,431901.91,377519.45,862547.16
F00997,2023,1794887.61,70936.28,1444551.56,714486.78
F00997,2024,1834831.18,439393.57,1077414.56,1042062.65
F00997,2025,694224.9,86486.39,225608.76,740608.58
F00998,2021,1345951.08,290111.05,1114833.78,1014670.59
F00998,2022,1600447.15,219889.47,1292393.7,891452.8
F00998,2023,1327599.93,391801.74,903739.3,1056792.92
F00998,2024,2481847.27,171777.32,1518061.34,807290.9
F00998,2025,2169211.26,386744.67,619714.97,1065239.48
F00999,2021,231230.2,49711.74,102525.46,211053.44
F00999,2022,217714.35,64520.68,52133.46,250596.02
F00999,2023,275062.85,73498.87,226760.73,243401.97
F00999,2024,193440.91,16720.24,92609.47,203336.22
F00999,2025,361067.49,98771.42,309865.29,239372.69
F01000,2021,2817224.31,350139.21,2510433.42,1450275.65
F01000,2022,3454569.97,611444.87,1592610.75,1527710.16
F01000,2023,4053935.73,1052343.24,3197835.4,1465480.81
F01000,2024,3200584.19,528390.79,965595.61,1430196.32
F01000,2025,4009257.88,900839.65,1620626.57,1725340.63
F01001,2021,478094.51,105690.0,240748.81,264426.79
F01001,2022,485095.21,36447.8,240106.4,241805.35
F01001,2023,592477.18,111673.64,175910.97,291763.44
F01001,2024,534086.67,93071.72,227960.2,296673.75
F01001,2025,1219361.38,302487.58,529145.22,438965.05
F01002,2021,1731246.28,197926.08,487884.25,837119.72
F01002,2022,2062679.64,328693.83,930779.26,1072606.32
F01002,2023,2309029.07,236453.68,636923.51,865932.27
F01002,2024,2222810.35,243075.3,999187.61,844204.14
F01002,2025,2994996.37,225671.92,2767009.28,892635.01
F01003,2021,1565262.77,441535.33,882842.44,1187065.98
F01003,2022,1688397.76,472976.25,445590.29,1349886.65
F01003,2023,1895242.39,521867.24,920421.14,1461164.48
F01003,2024,1693758.67,89646.09,1054290.02,1105278.47
F01003,2025,2548554.32,483918.06,939007.26,1230166.4
F01004,2021,159566.12,34984.81,119644.59,177178.84
F01004,2022,165893.55,29705.6,82658.32,171483.82
F01004,2023,160991.54,43309.48,65912.2,183954.14
F01004,2024,190850.86,35868.14,120684.32,172514.97
F01004,2025,86419.91,13683.27,41403.49,167890.39
F01005,2021,1222006.22,44213.11,507634.63,774329.44
F01005,2022,1150117.0,162764.09,913079.01,874875.27
F01005,2023,1243363.88,341663.34,270265.0,1003289.42
F01005,2024,1014662.46,84422.02,177016.65,800955.0
F01005,2025,889165.14,53961.36,222041.59,771511.95
F01006,2021,916578.9,102937.88,637424.74,797450.6
F01006,2022,937713.58,61112.95,722024.16,820444.17
F01006,2023,1001430.37,299848.28,820420.23,1050497.94
F01006,2024,1452156.08,121784.85,391402.47,808233.69
F01006,2025,1330853.43,346928.95,1148064.08,972191.77
F01007,2021,79769.01,8212.11,55027.36,94006.31
F01007,2022,80065.83,23306.23,14594.59,106038.32
F01007,2023,83040.73,3651.9,37385.1,91720.31
F01007,2024,102692.33,18229.68,51138.57,106690.19
F01007,2025,75055.41,16181.49,39976.34,102250.38
F01008,2021,996456.51,42110.52,135894.98,329521.99
F01008,2022,931638.45,102507.11,720601.67,356197.12
F01008,2023,816246.0,56712.84,178492.43,338535.8
F01008,2024,1156376.3,293113.1,881652.3,499731.21
F01008,2025,865284.68,226815.81,557006.79,519552.02
F01009,2021,1241524.21,182772.37,1069303.43,578857.63
F01009,2022,1146647.91,300018.43,409741.73,673574.54
F01009,2023,1013253.27,282562.78,511674.55,618707.17
F01009,2024,1163180.86,189415.45,912098.99,649453.08
F01009,2025,933027.55,24378.44,290144.09,485414.97
F01010,2021,1599188.96,76258.36,1349999.88,665291.03
F01010,2022,1630459.8,456477.03,373378.75,826651.57
F01010,2023,1422014.72,272815.62,889766.03,772795.6
F01010,2024,1677603.01,168088.0,1170673.52,753787.39
F01010,2025,1826924.8,149306.04,279046.81,715762.74
F01011,2021,79682.43,1171.32,51824.56,93867.73
F01011,2022,87958.34,5148.24,23607.86,96846.0
F01011,2023,74117.95,5131.98,20846.02,96297.59
F01011,2024,112684.48,28107.88,104286.15,111023.48
F01011,2025,90701.94,7633.48,81351.28,100533.95
F01012,2021,3589149.59,987753.04,2765351.08,2246472.22
F01012,2022,3600312.99,82685.4,2237271.76,1882514.14
F01012,2023,2792086.61,592884.64,314626.2,2368421.51
F01012,2024,4237535.88,1088844.4,1821530.08,2772518.74
F01012,2025,2413476.13,544300.93,1415353.49,2045928.38
F01013,2021,516013.02,48284.48,357951.69,303106.83
F01013,2022,660077.26,168864.9,607933.61,357666.01
F01013,2023,887933.3,59109.92,231275.77,305835.62
F01013,2024,598565.64,132127.67,413018.64,369226.42
F01013,2025,1103775.69,310470.72,199093.34,524993.26
F01014,2021,843508.1,180224.33,362391.3,406600.55
F01014,2022,831945.03,40622.62,350223.83,290381.47
F01014,2023,742081.24,125970.85,538728.82,387492.38
F01014,2024,654768.95,195794.16,520886.41,363051.1
F01014,2025,1280266.99,186650.87,541927.33,348207.08
F01015,2021,108839.52,19049.15,76647.33,54012.72
F01015,2022,132610.59,37773.78,104245.78,59890.9
F01015,2023,116249.26,33823.63,89193.23,53199.6
F01015,2024,222445.11,31552.56,146579.44,67114.74
F01015,2025,142947.29,10605.5,122504.76,47556.56
F01016,2021,814136.97,160439.96,351827.85,349133.49
F01016,2022,894420.23,20486.21,349478.44,282144.12
F01016,2023,926212.5,156843.56,154695.27,397303.54
F01016,2024,1300717.58,263660.91,676211.52,506532.45
F01016,2025,763456.13,30186.58,363893.49,293675.63
F01017,2021,2633396.11,249638.4,354336.19,1081663.71
F01017,2022,2569219.35,650244.95,509932.89,1293283.69
F01017,2023,1697680.04,431151.8,1457902.7,1196529.12
F01017,2024,2398318.5,579267.08,659088.26,1196974.23
F01017,2025,2756436.02,823897.93,373277.15,1591403.72
F01018,2021,2232911.84,579138.07,405913.35,1285584.06
F01018,2022,2378885.44,250253.2,1106082.93,947924.18
F01018,2023,2271527.05,373259.56,912002.4,920812.02
F01018,2024,3221266.85,482054.46,1599529.67,1088883.04
F01018,2025,2174336.76,426705.91,782194.64,1102566.07
F01019,2021,192816.86,38158.81,50401.0,246765.38
F01019,2022,165370.41,26894.26,153043.32,241118.21
F01019,2023,162494.23,32346.65,106187.55,229921.88
F01019,2024,135255.33,22009.45,25184.84,235467.9
F01019,2025,152835.79,28708.74,132211.55,230564.58
F01020,2021,78152.94,6628.68,35944.05,29701.17
F01020,2022,81137.89,13117.09,28652.46,40430.29
F01020,2023,91148.24,26379.18,52403.24,41840.37
F01020,2024,44419.97,13185.48,25186.4,34289.75
F01020,2025,87320.63,15085.69,62276.9,40491.01
F01021,2021,3954614.42,846794.05,2023431.73,2098562.01
F01021,2022,3982986.93,1059489.3,1526096.08,2013491.88
F01021,2023,5217524.33,607815.38,1723094.44,1959098.53
F01021,2024,5776607.08,221581.07,924421.48,1724580.37
F01021,2025,7374220.13,1247505.49,6610451.56,2746074.91
F01022,2021,403377.66,17389.68,231341.64,168157.28
F01022,2022,500622.93,25502.52,330911.39,164834.03
F01022,2023,551750.33,38587.4,295857.06,193564.19
F01022,2024,806089.18,122276.19,341027.82,198133.36
F01022,2025,782479.35,176472.47,496688.04,308349.63
F01023,2021,1060962.95,146707.85,403144.49,666483.22
F01023,2022,1035892.69,259707.95,690413.07,687413.68
F01023,2023,1093330.97,31025.49,215063.24,586613.55
F01023,2024,1211033.32,237345.41,160963.14,738775.95
F01023,2025,628955.9,149904.53,126923.1,622923.9
F01024,2021,227989.08,34554.94,136092.67,190765.31
F01024,2022,284832.84,16512.14,125144.42,167388.7
F01024,2023,352412.69,10775.44,286384.68,167141.82
F01024,2024,341669.66,66716.55,109934.49,184767.24
F01024,2025,465512.09,33724.46,198125.56,168458.21
F01025,2021,2942741.93,324700.14,586225.97,1054313.51
F01025,2022,3180392.73,375951.72,908283.08,1041918.74
F01025,2023,2749907.34,219085.79,807086.37,1055941.34
F01025,2024,4413290.03,840050.97,466022.38,1218081.98
F01025,2025,2683538.61,662331.72,889890.6,1333525.37
F01026,2021,98958.95,14225.4,92355.16,119782.51
F01026,2022,77856.8,6455.34,41194.22,121548.08
F01026,2023,103500.32,15410.21,54969.14,128855.66
F01026,2024,107451.56,22828.67,75611.56,132609.29
F01026,2025,117351.61,5491.79,40613.86,120511.76
F01027,2021,122627.81,21802.02,51698.39,54498.48
F01027,2022,102685.59,7230.62,12453.66,42297.4
F01027,2023,91989.58,10404.82,47866.36,47604.2
F01027,2024,144898.3,29811.79,75750.79,52776.9
F01027,2025,131255.66,23852.35,25247.05,55390.09
F01028,2021,206306.85,56451.99,103883.87,296954.35
F01028,2022,230784.34,33058.77,51359.93,280289.86
F01028,2023,237116.85,44865.43,76253.13,263557.92
F01028,2024,152778.8,12566.12,28554.68,253507.91
F01028,2025,139049.9,26322.75,34937.25,273159.17
F01029,2021,28160.46,2496.57,2983.59,19996.43
F01029,2022,30674.26,4540.67,6954.31,20435.63
F01029,2023,31759.06,6616.73,4426.2,21717.89
F01029,2024,33475.32,2803.2,7888.77,21222.15
F01029,2025,51256.47,4500.36,23592.61,23016.66
F01030,2021,928661.09,49088.61,113995.67,630898.16
F01030,2022,1017577.85,127541.79,460705.0,691299.25
F01030,2023,1400133.91,364359.67,413484.54,914521.68
F01030,2024,1037969.06,48179.29,552873.26,617667.84
F01030,2025,841176.61,72666.49,660391.5,634454.17
F01031,2021,158896.98,40211.75,72912.98,147266.81
F01031,2022,191378.51,35578.89,42261.5,138331.04
F01031,2023,192606.47,27262.48,111733.36,128354.93
F01031,2024,206919.16,21040.18,114393.19,121833.68
F01031,2025,181427.64,37600.18,69297.74,141679.7
F01032,2021,728334.25,108783.06,171237.68,382600.65
F01032,2022,772307.22,135927.46,523639.67,446161.87
F01032,2023,789579.65,127236.79,383066.53,410395.27
F01032,2024,976610.55,162873.0,501279.92,450368.39
F01032,2025,1168977.2,41348.85,433773.45,371445.66
F01033,2021,715382.98,40375.32,353527.96,272721.13
F01033,2022,811073.5,37141.7,222665.09,277908.64
F01033,2023,997062.59,216103.95,589246.54,313336.0
F01033,2024,596689.65,81466.75,369998.3,296334.09
F01033,2025,1056513.34,82398.09,248033.69,304172.68
F01034,2021,151149.73,27583.72,119560.45,77643.99
F01034,2022,129300.96,12688.76,113866.87,72958.27
F01034,2023,123963.36,28374.8,17329.17,77234.57
F01034,2024,85987.9,13900.08,75889.31,77009.9
F01034,2025,140030.96,22928.85,83142.77,78092.37
F01035,2021,943398.49,24084.71,643259.0,756351.69
F01035,2022,897315.04,69037.3,874798.7,788572.18
F01035,2023,1238907.38,19493.03,562862.58,753180.72
F01035,2024,1071171.46,182894.8,738307.99,823783.64
F01035,2025,2098011.12,415018.41,457592.94,954298.42
F01036,2021,6472581.39,246672.28,1993379.31,2177158.73
F01036,2022,5700245.56,1007215.74,1045592.41,2702596.92
F01036,2023,7981139.04,656883.88,4512222.22,2668579.47
F01036,2024,4436530.25,573923.06,854090.18,2446348.69
F01036,2025,6234132.61,1407395.95,4762152.35,2727537.59
F01037,2021,1202707.47,349516.65,790644.36,633132.13
F01037,2022,1372953.26,309476.73,269104.8,708361.61
F01037,2023,1359523.67,289712.39,268407.79,615803.98
F01037,2024,1629490.57,84404.32,293987.55,564121.35
F01037,2025,794217.57,41443.43,361997.09,564446.83
F01038,2021,684191.73,141051.28,419114.54,439624.37
F01038,2022,684595.56,121375.94,536902.47,448321.58
F01038,2023,1093016.01,30154.76,680329.77,345469.84
F01038,2024,1086794.09,197883.13,333561.08,497919.29
F01038,2025,1339707.32,105529.85,422801.63,429939.12
F01039,2021,138904.05,19520.19,26849.74,106554.32
F01039,2022,164560.55,6880.66,126867.28,99994.07
F01039,2023,168109.56,38545.15,116683.78,117095.88
F01039,2024,135925.03,17426.72,27809.87,109763.69
F01039,2025,129486.51,17743.86,57896.96,108515.15
F01040,2021,229770.37,18944.48,35864.77,167611.86
F01040,2022,226422.67,55551.05,92348.14,189859.55
F01040,2023,193633.15,23431.24,24142.8,167206.37
F01040,2024,256915.51,31932.62,80211.61,181784.45
F01040,2025,222180.75,33853.89,81337.77,190417.75
F01041,2021,241174.45,20073.29,98980.1,93721.02
F01041,2022,203857.95,37528.68,88019.02,116240.95
F01041,2023,244574.01,20633.82,86628.55,101619.8
F01041,2024,321268.19,90147.73,214209.12,158632.15
F01041,2025,319453.57,71770.6,138392.63,119987.16
F01042,2021,876456.53,54695.55,644987.76,570087.52
F01042,2022,1156454.54,74685.52,562217.37,575256.37
F01042,2023,956014.73,162384.86,370941.29,666236.59
F01042,2024,951369.83,63926.97,412230.94,576857.43
F01042,2025,1177680.18,44168.91,493106.18,575965.58
F01043,2021,635473.6,15482.29,392438.79,452198.5
F01043,2022,589592.43,130026.14,262172.07,493522.47
F01043,2023,485093.01,79328.27,104700.75,508708.9
F01043,2024,323656.37,67952.9,166139.66,505529.98
F01043,2025,556035.43,120897.05,212267.94,505928.26
F01044,2021,61960.07,13899.31,10748.48,54419.15
F01044,2022,59721.97,13620.78,17330.94,58147.04
F01044,2023,63768.12,14822.97,30462.86,60523.22
F01044,2024,64719.84,18160.3,25114.97,62785.64
F01044,2025,34128.46,8366.26,20618.28,52314.75
F01045,2021,215650.82,34607.45,175699.67,141779.59
F01045,2022,244154.86,36081.52,183933.87,147629.84
F01045,2023,238009.83,16516.13,182178.7,138115.73
F01045,2024,330199.66,35968.13,141174.76,164019.35
F01045,2025,151291.96,29177.32,52280.77,156679.24
F01046,2021,2032497.8,504934.99,447064.17,2070541.73
F01046,2022,1993776.52,146940.91,1705007.76,2038956.37
F01046,2023,2210532.61,213879.77,1683618.87,2087960.91
F01046,2024,1754149.54,420728.37,1493054.81,2246283.21
F01046,2025,3988763.47,622428.55,1653122.43,2372621.73
F01047,2021,780228.77,199571.63,408473.6,508197.81
F01047,2022,814877.97,217945.12,677928.27,554296.48
F01047,2023,641100.81,178087.35,393851.65,471702.01
F01047,2024,696555.4,45138.53,261984.63,409220.28
F01047,2025,872372.88,197478.29,318688.33,565329.25
F01048,2021,149968.45,40507.88,104008.04,121890.31
F01048,2022,165572.27,21621.91,41788.65,99799.41
F01048,2023,210995.17,25589.51,48532.99,113867.7
F01048,2024,296561.98,67392.87,261006.0,121313.84
F01048,2025,255934.02,18177.9,105647.15,101009.63
F01049,2021,302487.98,42730.92,234865.63,183763.93
F01049,2022,340572.01,58182.76,68595.47,169797.53
F01049,2023,475276.02,117760.36,152799.99,235736.98
F01049,2024,543926.6,36290.92,415406.5,185781.28
F01049,2025,284006.62,53405.32,235972.64,183539.43
F01050,2021,1009806.34,42122.44,312056.73,360367.49
F01050,2022,784754.7,218083.56,377827.76,401983.95
F01050,2023,716375.34,155233.52,347583.03,409323.75
F01050,2024,1173106.63,60902.88,819364.2,366697.64
F01050,2025,492993.1,64823.0,107300.05,360308.66
F01051,2021,1050986.48,212571.86,150901.29,584410.74
F01051,2022,1273555.86,198456.63,410445.24,577672.23
F01051,2023,1290150.88,327199.63,604193.46,730012.18
F01051,2024,1109044.18,262095.63,138757.14,699702.38
F01051,2025,1091310.52,50305.09,687157.79,548334.84
F01052,2021,1302278.73,14621.34,548625.51,614499.37
F01052,2022,1122244.48,71208.57,435764.55,637943.21
F01052,2023,1245992.45,214494.97,285622.09,755565.38
F01052,2024,918479.96,144702.53,308677.32,732445.53
F01052,2025,963270.35,32272.03,410195.0,615904.96
F01053,2021,434382.37,93566.36,154629.32,227922.1
F01053,2022,518155.67,56361.03,365302.13,208869.93
F01053,2023,537915.04,46504.9,201161.34,203386.27
F01053,2024,615911.73,79378.58,345215.2,218259.25
F01053,2025,422488.77,52824.76,249635.51,220660.96
F01054,2021,1185474.21,303327.15,309330.8,563213.89
F01054,2022,1500970.91,392645.9,1205293.44,586178.23
F01054,2023,1399030.93,370401.35,255586.56,548274.91
F01054,2024,1512680.5,231994.08,394274.17,633546.39
F01054,2025,2129761.73,111134.95,466535.01,456989.29
F01055,2021,15187.53,3931.58,1834.87,8623.01
F01055,2022,17121.31,1266.86,5766.65,5303.84
F01055,2023,17146.56,390.9,14163.58,5058.04
F01055,2024,14033.88,2987.2,10726.38,7541.73
F01055,2025,13622.4,2053.41,6830.76,6132.56
F01056,2021,259239.38,23339.25,45886.17,138177.2
F01056,2022,232204.91,42056.11,130562.37,129195.48
F01056,2023,264782.02,10169.57,256457.58,120745.02
F01056,2024,270091.98,17420.05,96338.12,127042.31
F01056,2025,216665.52,38157.18,44820.69,137687.28
F01057,2021,728783.11,123479.19,668209.64,681991.31
F01057,2022,831300.18,103594.61,680694.55,681974.95
F01057,2023,834432.69,85465.77,398662.9,649984.67
F01057,2024,542778.94,63445.94,305357.09,645162.65
F01057,2025,1143045.43,288981.92,820705.32,869283.97
F01058,2021,6168858.84,1303507.31,1591468.8,3118575.69
F01058,2022,7474298.99,994831.45,7792358.99,2315785.49
F01058,2023,8581112.13,955706.88,3770444.62,2493166.37
F01058,2024,7296727.13,674275.0,3741901.99,2095135.38
F01058,2025,16158752.02,2288121.88,12670374.5,2883593.85
F01059,2021,3463368.51,560586.91,1790284.55,3289554.7
F01059,2022,4427693.64,1062702.92,1002452.08,4039354.78
F01059,2023,4053913.12,237171.26,2910751.16,3163251.78
F01059,2024,4372917.07,382556.77,2527891.32,3211486.6
F01059,2025,9063621.3,889367.14,7499444.24,3567850.56
F01060,2021,536970.66,69969.07,304683.79,512631.84
F01060,2022,583564.96,74902.82,393837.6,539031.11
F01060,2023,571780.15,130755.45,412452.83,578679.35
F01060,2024,664975.47,165099.48,261808.93,525305.04
F01060,2025,1226529.32,137927.59,965254.53,551403.31
F01061,2021,435684.36,117677.59,48647.74,287327.73
F01061,2022,513507.11,48212.08,468875.89,202028.32
F01061,2023,576415.9,140210.38,522883.52,278576.88
F01061,2024,536892.26,71545.32,214104.19,201781.12
F01061,2025,576637.95,76928.11,349822.6,238562.89
F01062,2021,136155.57,33062.88,58631.92,123939.83
F01062,2022,156791.8,8636.06,35727.55,100766.63
F01062,2023,176111.31,6671.88,139632.11,97734.54
F01062,2024,241190.31,58073.26,140436.39,132410.4
F01062,2025,205475.49,32552.65,173280.53,102537.42
F01063,2021,1929425.53,52691.87,1096933.27,1037750.52
F01063,2022,2175832.11,648763.74,1196325.76,1207471.88
F01063,2023,2539231.65,534140.9,1311871.28,1318026.89
F01063,2024,2745949.34,55058.96,424826.87,1046387.43
F01063,2025,1688089.86,440692.03,716340.97,1441776.63
F01064,2021,472198.77,22182.65,192753.83,278761.84
F01064,2022,489343.5,113796.84,262113.5,312867.47
F01064,2023,411528.86,85065.15,296923.0,309796.95
F01064,2024,648717.37,9566.7,117634.71,273002.22
F01064,2025,357312.66,68404.92,122741.29,306314.08
F01065,2021,359162.83,73149.61,95633.54,331404.43
F01065,2022,340182.51,40769.33,102954.16,328193.48
F01065,2023,457375.84,66474.27,240374.28,342924.46
F01065,2024,369831.25,8994.73,112075.71,312535.79
F01065,2025,222799.41,59908.64,138967.92,332412.75
F01066,2021,297966.71,88242.89,102701.55,179462.41
F01066,2022,368747.09,28577.31,327105.71,175272.86
F01066,2023,362055.47,19142.85,230973.61,161766.33
F01066,2024,365948.04,40008.91,209361.34,178197.52
F01066,2025,404869.63,37649.54,66833.54,179426.39
F01067,2021,4752913.74,696789.4,1018770.26,2062079.12
F01067,2022,4898045.14,506920.93,1321273.57,1922165.01
F01067,2023,5610567.04,570747.55,1011465.01,1898436.42
F01067,2024,4053066.9,160957.51,2793210.35,1866022.17
F01067,2025,7049256.28,153205.52,3434505.96,1824174.03
F01068,2021,1496435.95,373100.0,837695.88,841915.8
F01068,2022,1395787.31,91930.15,1163488.44,707996.22
F01068,2023,1316856.8,253863.21,501807.22,754255.38
F01068,2024,978509.76,176114.54,172115.61,748469.22
F01068,2025,1174461.71,188678.39,213015.24,686459.23
F01069,2021,922206.06,20050.71,532966.41,422108.09
F01069,2022,840306.5,95059.29,522186.84,489293.19
F01069,2023,909180.61,82068.21,495784.18,458393.91
F01069,2024,711401.48,135334.84,222542.18,449695.3
F01069,2025,853532.2,40739.83,720710.6,434717.49
F01070,2021,465464.67,106872.97,345763.89,508919.92
F01070,2022,588687.43,135791.91,436055.34,549954.33
F01070,2023,468060.98,66589.31,314737.04,468814.09
F01070,2024,722832.38,155306.45,474902.56,546859.58
F01070,2025,917485.12,256610.35,192888.51,617699.97
F01071,2021,968948.97,70989.0,207747.93,809771.07
F01071,2022,977296.98,107403.73,211318.68,822562.04
F01071,2023,1283504.83,346801.98,978216.29,965563.98
F01071,2024,1460775.63,46235.65,332650.88,787311.81
F01071,2025,858471.04,224957.87,517199.68,836100.3
F01072,2021,1550359.92,162509.66,1149017.63,902055.43
F01072,2022,1710527.3,380666.68,868485.16,971584.7
F01072,2023,1560067.31,236913.61,184281.22,925579.28
F01072,2024,2559155.96,51587.46,2142891.99,772798.2
F01072,2025,1453947.6,379741.32,794845.88,880211.64
F01073,2021,337807.94,16785.15,290076.58,111950.0
F01073,2022,315042.05,38394.3,134242.9,121691.36
F01073,2023,343170.23,45744.48,166553.17,118398.14
F01073,2024,177363.48,27841.05,105628.0,122613.86
F01073,2025,417762.65,29852.08,88820.43,127003.89
F01074,2021,1856783.7,377392.91,576745.04,966281.82
F01074,2022,1995800.76,403327.59,310003.84,1107961.15
F01074,2023,2158045.29,176052.19,1930428.99,879319.22
F01074,2024,3015619.34,449854.39,1047690.08,1113314.96
F01074,2025,2589272.1,699407.28,868127.82,1071160.97
F01075,2021,355068.65,95355.74,304149.32,206576.11
F01075,2022,335655.98,56925.82,86064.6,161989.59
F01075,2023,418865.62,105208.89,328066.01,164628.32
F01075,2024,265444.62,14030.74,133143.22,140702.07
F01075,2025,181148.2,17868.6,150486.72,145023.94
F01076,2021,489282.14,34737.03,132481.68,262029.46
F01076,2022,602494.87,71662.04,386228.08,279861.95
F01076,2023,619207.53,140964.88,95668.02,308909.6
F01076,2024,1083972.85,254157.22,246532.92,446724.72
F01076,2025,967137.02,88121.99,602466.86,286688.19
F01077,2021,397354.16,6223.78,293080.27,189883.58
F01077,2022,327795.28,60642.95,192656.77,209152.39
F01077,2023,455348.44,115163.06,299592.28,263749.47
F01077,2024,487760.74,99841.21,172398.21,273713.04
F01077,2025,240845.83,20016.31,65787.04,202880.47
F01078,2021,588141.01,170869.68,121140.67,297734.76
F01078,2022,580986.09,163970.38,116431.4,270990.78
F01078,2023,846269.96,242511.29,750566.57,311097.99
F01078,2024,722114.75,166514.05,420207.69,244078.46
F01078,2025,594782.59,161984.47,375680.12,277819.4
F01079,2021,1364163.07,382436.16,618154.92,847196.14
F01079,2022,1446545.17,267846.67,919599.04,814428.97
F01079,2023,2234284.37,443538.01,1892971.98,974480.64
F01079,2024,2569699.83,160028.77,1345946.84,831804.01
F01079,2025,2227285.24,441552.3,1637613.06,895580.95
F01080,2021,876133.22,31773.22,407553.26,339007.22
F01080,2022,834258.32,82192.38,322915.57,344888.86
F01080,2023,775252.02,141562.66,407908.5,433575.52
F01080,2024,587061.41,93065.25,177709.95,378067.69
F01080,2025,558164.72,109773.38,314519.59,406146.34
F01081,2021,352808.42,42262.61,69825.71,452526.08
F01081,2022,423886.82,108479.99,351709.0,513004.4
F01081,2023,473187.22,119953.68,374973.0,464689.9
F01081,2024,388312.71,40583.03,117693.19,448164.71
F01081,2025,637927.62,109528.62,106607.23,512342.22
F01082,2021,771025.84,109343.28,553834.99,568116.34
F01082,2022,750241.04,177653.0,313333.04,608512.5
F01082,2023,1024131.12,219646.9,858968.35,684574.62
F01082,2024,959025.22,40219.71,789954.53,567639.14
F01082,2025,1497502.8,179730.26,636341.98,639573.07
F01083,2021,1024064.75,27826.23,200952.2,410815.25
F01083,2022,878398.3,67836.3,179972.72,440057.29
F01083,2023,712095.62,120261.55,456735.27,491018.32
F01083,2024,936432.91,25592.51,540696.5,425100.77
F01083,2025,1570654.28,354451.58,539788.59,637849.69
F01084,2021,156113.48,44193.96,100711.29,138982.87
F01084,2022,157123.24,14633.4,36275.36,130627.7
F01084,2023,186645.92,47404.29,59694.06,155137.03
F01084,2024,183331.63,21120.76,143690.47,129124.09
F01084,2025,120780.49,13686.43,86541.02,129201.96
F01085,2021,848942.5,138167.26,640921.11,513780.51
F01085,2022,958900.38,88626.25,787297.11,540770.22
F01085,2023,985664.81,176020.81,495914.43,598620.55
F01085,2024,683540.53,171732.52,564695.43,530563.37
F01085,2025,827769.42,30586.07,277653.95,470944.14
F01086,2021,663313.5,94910.84,527086.14,234996.28
F01086,2022,627347.44,85091.98,280857.31,243472.59
F01086,2023,650657.4,19163.2,76013.74,209089.88
F01086,2024,441506.87,59095.22,48720.06,237879.06
F01086,2025,1063558.83,290120.35,417063.16,365170.9
F01087,2021,135141.33,9677.44,114648.01,81829.86
F01087,2022,165586.95,30353.59,119447.15,93371.44
F01087,2023,127283.81,33939.03,63515.06,109707.54
F01087,2024,140234.17,5502.38,128884.58,79232.34
F01087,2025,196202.04,29275.36,154598.97,87321.86
F01088,2021,1429549.88,400638.42,998059.3,1090746.3
F01088,2022,1470669.25,74753.13,546691.66,881535.01
F01088,2023,1456690.8,30142.96,995803.64,873061.31
F01088,2024,1443920.91,284320.49,900595.75,958111.5
F01088,2025,1219392.49,170158.53,1006486.55,1007826.96
F01089,2021,362090.28,54239.11,63922.02,401369.59
F01089,2022,372367.23,42604.83,56772.15,405434.72
F01089,2023,338565.24,64112.9,149119.38,415773.65
F01089,2024,547181.76,151714.35,172140.02,489864.06
F01089,2025,795227.18,100339.14,641504.11,474381.8
F01090,2021,4084009.69,210719.44,2014075.25,1395812.61
F01090,2022,5401866.43,1472695.86,4681035.51,2167634.79
F01090,2023,4328426.03,325304.59,1971049.86,1561106.03
F01090,2024,4544028.81,123774.71,2893775.52,1322934.18
F01090,2025,4493360.55,600670.45,3959546.8,1682170.11
F01091,2021,382231.82,30710.13,257751.08,226989.44
F01091,2022,423599.07,17346.66,167113.5,226998.72
F01091,2023,527965.81,92193.29,415529.31,250662.31
F01091,2024,680081.79,71263.56,546847.11,259852.3
F01091,2025,564981.21,70375.73,384153.35,247267.71
F01092,2021,902178.85,81030.86,473248.81,790627.88
F01092,2022,760489.38,16432.57,580886.17,745280.21
F01092,2023,665083.1,70232.35,351188.43,789626.36
F01092,2024,1020136.5,261842.9,370358.39,817055.16
F01092,2025,1487794.4,110378.96,1254280.38,771770.5
F01093,2021,136186.31,9862.02,92579.73,73073.04
F01093,2022,137084.12,15600.5,129335.89,76116.16
F01093,2023,154517.32,39650.65,148045.28,77205.8
F01093,2024,270407.25,55438.01,234463.04,101457.24
F01093,2025,320014.97,54577.5,274517.63,88795.45
F01094,2021,720240.54,69130.41,323746.29,395171.29
F01094,2022,838178.64,186758.92,148439.36,408064.07
F01094,2023,902365.36,202776.11,547143.88,512052.43
F01094,2024,1070334.53,135601.57,587182.2,390712.05
F01094,2025,1716848.44,486421.78,735278.7,533324.84
F01095,2021,1457946.47,418869.79,422386.63,884603.68
F01095,2022,1560176.61,411948.23,329649.36,857944.43
F01095,2023,1900844.32,275973.9,1272413.21,757246.83
F01095,2024,1014366.77,35492.77,159851.98,592821.57
F01095,2025,2536312.63,534352.33,601877.63,935376.12
F01096,2021,157634.93,32465.79,78104.47,80534.6
F01096,2022,197554.91,55148.95,116753.32,107385.07
F01096,2023,247267.3,73673.2,69223.28,98547.39
F01096,2024,292440.19,42266.65,47335.04,88018.67
F01096,2025,408116.07,98922.36,62824.94,137942.86
F01097,2021,4402231.38,792442.98,3831975.88,2410943.67
F01097,2022,4853398.12,222746.4,4342817.71,1855444.15
F01097,2023,6841712.07,1965546.62,1857382.53,2551619.62
F01097,2024,5636756.98,803044.41,3810356.85,2488966.63
F01097,2025,4887276.85,674838.2,2657479.57,2159587.66
F01098,2021,1904282.37,89629.47,1500989.2,774893.11
F01098,2022,1809709.59,57120.92,1082495.79,761204.83
F01098,2023,1611716.0,78795.01,1055345.88,773226.12
F01098,2024,1564102.67,157033.22,252305.09,765028.51
F01098,2025,1912508.97,561345.29,435478.64,1165511.04
F01099,2021,77511.87,12824.46,67149.75,30475.89
F01099,2022,64547.62,4090.88,25147.01,27914.38
F01099,2023,72963.07,5031.05,11732.48,28828.19
F01099,2024,65588.78,13427.44,24825.68,38150.65
F01099,2025,50205.32,8670.79,24813.57,32348.45
F01100,2021,656780.42,58313.79,341492.71,324950.38
F01100,2022,772767.57,58477.94,511719.98,337274.23
F01100,2023,649013.24,30413.32,126901.08,315646.89
F01100,2024,1099231.85,135470.76,545203.05,414050.77
F01100,2025,1495352.86,354596.39,231248.91,519665.81
F01101,2021,29162.45,4674.13,11197.96,20595.99
F01101,2022,29378.01,5630.25,18962.58,21522.29
F01101,2023,31612.54,5721.86,28220.17,20586.44
F01101,2024,32029.4,6990.08,28173.08,22593.82
F01101,2025,44823.13,10960.3,4938.01,24395.49
F01102,2021,498751.85,29433.43,96008.95,208030.88
F01102,2022,591572.64,105293.79,507387.94,298623.34
F01102,2023,491096.84,52280.73,75474.64,227942.66
F01102,2024,866837.59,148169.7,109993.67,266872.55
F01102,2025,452033.37,83939.94,297148.31,261478.27
F01103,2021,796503.05,226253.82,679624.42,377182.96
F01103,2022,735383.71,215467.26,260130.65,478718.34
F01103,2023,748605.08,84985.27,653109.77,369165.81
F01103,2024,627911.56,125219.34,440111.0,413834.91
F01103,2025,1102102.59,252800.84,227317.66,454037.86
F01104,2021,216732.36,33776.89,42599.75,177837.39
F01104,2022,180973.72,43161.37,146561.67,200979.08
F01104,2023,197092.17,18183.42,83877.58,179608.02
F01104,2024,149600.19,38491.4,24287.96,182133.43
F01104,2025,125930.06,9618.59,36768.73,170431.99
F01105,2021,3787534.51,1016649.57,3455558.04,2080465.57
F01105,2022,4385997.03,797883.33,1414984.19,1868550.51
F01105,2023,3559312.66,234938.11,2441561.87,1528563.16
F01105,2024,5275982.83,676304.18,3367821.18,1906948.22
F01105,2025,3998685.34,396553.66,2384739.9,1589227.78
F01106,2021,73725.72,6446.14,61409.02,36718.73
F01106,2022,80519.0,11637.27,67977.5,40248.33
F01106,2023,60013.85,3382.85,44423.3,34572.88
F01106,2024,96358.78,28663.45,71286.01,55019.7
F01106,2025,61240.97,4798.6,12329.61,34738.07
F01107,2021,371210.07,49743.92,281639.23,206476.82
F01107,2022,440795.32,12581.22,231226.45,177196.08
F01107,2023,521211.46,44568.44,265617.18,184269.43
F01107,2024,407756.22,41161.96,176670.75,194369.2
F01107,2025,830151.67,59592.54,455210.78,196666.68
F01108,2021,1138295.21,78678.77,793998.91,430100.44
F01108,2022,1123290.62,69964.6,133123.21,452472.23
F01108,2023,1136554.82,86585.31,615914.42,451115.45
F01108,2024,1467915.03,108958.23,961137.68,460274.04
F01108,2025,1025462.52,64833.47,529776.6,448216.42
F01109,2021,561116.5,27856.15,193278.55,174284.88
F01109,2022,538442.84,145380.88,459316.33,227945.23
F01109,2023,527973.27,102044.22,382517.75,215723.84
F01109,2024,613495.09,95301.31,77494.81,222200.75
F01109,2025,1302866.39,88832.55,220060.54,228218.85
F01110,2021,105174.77,24698.81,77083.94,73521.73
F01110,2022,120279.9,35420.61,98024.75,71546.76
F01110,2023,104487.8,7390.69,45395.28,54630.25
F01110,2024,193480.35,33247.59,113427.4,80561.17
F01110,2025,178604.84,48056.52,155566.51,75486.18
F01111,2021,476211.32,48867.95,392894.12,178020.46
F01111,2022,403948.5,93665.46,155628.97,172013.95
F01111,2023,450322.73,16413.21,276355.63,147718.68
F01111,2024,373937.75,50133.21,249973.77,179605.72
F01111,2025,441150.55,45258.11,380001.37,178735.89
F01112,2021,168998.5,27480.07,110438.37,77320.16
F01112,2022,168266.6,7834.6,153255.91,61553.15
F01112,2023,186151.57,14130.01,53685.8,60463.06
F01112,2024,81513.6,10249.97,46381.41,63946.21
F01112,2025,193272.56,47150.02,166921.77,73257.0
F01113,2021,156984.13,33907.29,27429.96,77932.5
F01113,2022,165852.21,29279.15,87020.54,72124.51
F01113,2023,203072.0,21430.33,152553.9,66418.23
F01113,2024,198292.12,9835.26,107168.39,55446.88
F01113,2025,287826.76,47404.61,202655.36,77472.71
F01114,2021,610523.84,166756.3,476676.51,280477.18
F01114,2022,596478.81,111749.46,180923.68,261494.89
F01114,2023,634360.33,57235.14,461013.87,229761.5
F01114,2024,884867.05,231976.1,442117.89,336823.19
F01114,2025,682319.92,23569.57,590477.57,227108.03
F01115,2021,823151.15,159878.16,173017.68,755045.48
F01115,2022,920719.11,275857.84,720816.69,839795.83
F01115,2023,791133.22,236622.53,694488.48,825436.61
F01115,2024,902533.76,161390.4,479325.22,759050.76
F01115,2025,739390.99,181295.61,102491.23,808940.69
F01116,2021,1909926.58,445999.97,1100091.42,953012.4
F01116,2022,2140118.41,638178.77,1415968.97,1182119.26
F01116,2023,1717342.67,151975.27,1302760.48,678607.31
F01116,2024,2736855.39,746911.47,1695125.32,1094528.12
F01116,2025,3563408.43,618069.88,1576725.07,1193057.05
F01117,2021,158274.4,38766.44,55532.39,77343.51
F01117,2022,129479.76,37140.53,97092.83,75452.91
F01117,2023,174525.55,24111.26,164384.04,65154.14
F01117,2024,113633.34,13593.98,87415.7,55022.17
F01117,2025,99771.01,11335.74,50975.09,55219.11
F01118,2021,348372.12,14489.52,100668.79,107427.4
F01118,2022,310149.04,86611.6,170032.34,166046.46
F01118,2023,367686.89,103493.08,165072.29,188789.93
F01118,2024,360927.67,100836.2,39383.15,186472.34
F01118,2025,159649.39,22066.57,28002.01,112114.63
F01119,2021,726753.81,190492.69,107170.23,711777.15
F01119,2022,741381.13,220724.16,230879.57,691919.81
F01119,2023,989673.74,58349.52,287115.37,619061.1
F01119,2024,909898.01,229006.65,780193.9,700186.36
F01119,2025,696598.47,100359.73,369263.81,666946.97
F01120,2021,621614.87,127821.84,374773.92,274682.38
F01120,2022,629539.71,124641.77,278331.92,288824.75
F01120,2023,668311.55,66452.76,214784.49,244622.21
F01120,2024,401837.72,53526.74,301330.08,230803.2
F01120,2025,506249.91,86705.3,64755.1,256231.95
F01121,2021,51714.73,2225.47,18825.13,46526.14
F01121,2022,49481.11,5356.83,33678.72,47928.58
F01121,2023,46997.17,9843.61,20986.23,54784.67
F01121,2024,36365.62,4411.32,28705.5,49066.82
F01121,2025,41473.75,6905.83,34349.57,48140.87
F01122,2021,2692521.43,146471.53,2423159.19,824604.73
F01122,2022,2309735.83,37907.98,881630.62,788472.65
F01122,2023,2101968.17,159915.39,2066512.15,842118.43
F01122,2024,1801716.07,285340.0,1485330.08,993944.29
F01122,2025,1810961.02,477046.05,646141.56,993208.58
F01123,2021,1689089.0,111091.7,824088.42,2080225.4
F01123,2022,1804582.71,485453.53,184013.91,2361065.42
F01123,2023,2101512.31,118316.43,1275710.19,2054607.2
F01123,2024,2702339.72,615353.5,410082.28,2346960.32
F01123,2025,2078606.52,96437.54,1586939.78,2042057.53
F01124,2021,142408.44,11573.58,31480.88,78220.25
F01124,2022,161190.81,23721.61,19680.15,81623.48
F01124,2023,168781.65,4797.47,151312.46,74645.95
F01124,2024,229924.54,48657.32,27800.17,97111.12
F01124,2025,180598.88,36370.72,26891.05,94267.83
F01125,2021,433740.22,10290.39,375381.32,333266.62
F01125,2022,518812.18,59453.28,79981.48,369289.25
F01125,2023,607267.89,155078.26,388659.47,422391.72
F01125,2024,578728.0,136666.95,432237.24,453388.75
F01125,2025,886016.61,167165.62,849095.59,416648.3
F01126,2021,570544.75,49552.75,92397.19,419689.04
F01126,2022,586096.31,48375.35,189071.37,417152.58
F01126,2023,660893.79,79626.5,295049.79,474522.53
F01126,2024,826453.19,54971.69,443947.52,441795.92
F01126,2025,754319.47,68103.23,127121.15,451540.8
F01127,2021,1151257.45,58035.03,283385.33,584007.29
F01127,2022,1139302.76,130938.61,546609.89,623404.13
F01127,2023,830950.8,229390.55,121253.75,773245.02
F01127,2024,755036.24,156568.41,738112.26,708325.59
F01127,2025,579413.83,78595.28,386746.38,586261.56
F01128,2021,1546839.22,253933.9,1067667.5,766348.56
F01128,2022,1954861.21,524445.56,1592442.11,1033790.78
F01128,2023,1674394.77,467226.8,995902.59,861898.28
F01128,2024,3564762.0,739929.02,2243575.58,1043655.57
F01128,2025,3076638.57,323948.11,1793937.47,658004.5
F01129,2021,2194048.12,260143.08,1057972.91,895467.86
F01129,2022,2131627.07,390084.48,1037339.21,868362.05
F01129,2023,2718367.56,378042.03,895575.95,1014863.17
F01129,2024,2812767.56,610339.78,1011497.27,1083278.59
F01129,2025,1361113.37,99714.15,772215.89,746708.0
F01130,2021,2246178.23,358370.8,1271246.13,864921.8
F01130,2022,2350223.03,561408.95,2043987.56,883257.39
F01130,2023,2607410.09,718635.81,2332853.78,1138522.11
F01130,2024,3541236.27,504200.94,2634637.92,983276.37
F01130,2025,2761422.06,475921.09,281319.41,909659.18
F01131,2021,450004.64,106168.01,239565.57,167935.69
F01131,2022,516949.86,37466.17,389832.1,147038.18
F01131,2023,468100.63,50727.29,357520.42,158477.83
F01131,2024,547454.27,106012.06,61284.27,208108.42
F01131,2025,777207.83,166787.25,545790.95,211900.03
F01132,2021,498092.27,73455.84,123388.57,246626.17
F01132,2022,558945.34,154501.5,77376.23,243412.82
F01132,2023,650121.13,136715.85,327531.77,281041.65
F01132,2024,684734.82,46296.64,351058.35,209685.13
F01132,2025,401702.0,52178.8,216879.57,208610.67
F01133,2021,3309547.1,546447.9,1051950.0,2070308.33
F01133,2022,3807986.94,653810.81,1107435.86,1927031.82
F01133,2023,3747634.4,170741.62,2634996.5,1808575.64
F01133,2024,5937351.94,1018332.34,3113274.19,2077239.46
F01133,2025,6385448.97,1161221.53,1462365.01,2076729.36
F01134,2021,327173.4,22619.34,194854.59,129492.93
F01134,2022,322847.58,31550.74,47530.85,147825.23
F01134,2023,358541.73,28970.15,281164.68,146359.99
F01134,2024,253766.45,43418.28,90084.17,150579.48
F01134,2025,645383.04,171135.62,511452.28,292139.36
F01135,2021,214405.91,53635.75,125764.18,100741.2
F01135,2022,229858.06,29258.58,44417.25,83496.73
F01135,2023,332951.93,55876.56,236945.37,103359.18
F01135,2024,200600.12,53327.63,144405.67,79242.39
F01135,2025,547322.91,27179.33,213401.18,75793.04
F01136,2021,1100410.72,254956.37,723968.06,667647.83
F01136,2022,1085738.75,103643.51,933833.72,487887.71
F01136,2023,1238281.71,66674.6,530259.02,480826.39
F01136,2024,1685624.28,303045.21,1210705.27,565972.98
F01136,2025,1582707.37,293989.42,1534706.35,658148.64
F01137,2021,602213.08,171996.12,94348.32,288668.75
F01137,2022,641507.07,61581.47,563526.99,249295.25
F01137,2023,616231.12,92856.54,376707.6,289147.9
F01137,2024,614349.8,28274.5,350166.55,254175.94
F01137,2025,701036.32,40534.81,439830.67,254827.14
F01138,2021,616292.5,178561.46,317548.99,756534.63
F01138,2022,730691.22,82187.84,455204.49,695059.0
F01138,2023,914109.26,66187.43,427994.83,646672.85
F01138,2024,1009881.24,243522.63,795399.88,819982.29
F01138,2025,1351184.09,296992.67,819416.51,822789.89
F01139,2021,168984.8,41668.15,58164.18,129947.43
F01139,2022,181641.53,44922.24,72095.54,146122.15
F01139,2023,272113.01,65592.82,92481.33,130599.51
F01139,2024,194934.4,35640.53,91500.24,128159.48
F01139,2025,187457.82,26682.84,80110.36,126789.42
F01140,2021,603680.35,133376.44,288745.39,308165.43
F01140,2022,727739.78,135632.78,209997.01,315202.46
F01140,2023,555548.0,115960.72,157987.9,268403.45
F01140,2024,676256.12,143091.35,521724.77,297133.38
F01140,2025,1313956.67,268892.43,1101519.89,325292.54
F01141,2021,489748.35,35848.3,71469.01,625698.7
F01141,2022,501529.6,145611.42,92801.34,645458.03
F01141,2023,502496.41,71812.62,194509.65,620048.9
F01141,2024,390293.99,42538.74,68195.83,632334.05
F01141,2025,230312.06,29872.8,57881.6,604943.9
F01142,2021,191778.22,31989.52,81483.82,128231.3
F01142,2022,235201.85,47574.66,210106.55,141264.65
F01142,2023,274389.41,55513.91,46047.77,128996.69
F01142,2024,266304.56,10551.94,41803.6,117318.26
F01142,2025,293634.23,34463.8,79995.59,121102.74
F01143,2021,427126.17,113026.07,133155.03,502527.99
F01143,2022,477955.29,19961.68,151689.11,433286.77
F01143,2023,548140.88,91323.37,483811.53,488139.61
F01143,2024,568592.83,99377.64,339801.54,493454.82
F01143,2025,280376.55,24150.65,40330.61,439745.03
F01144,2021,3123060.44,755441.87,586234.75,1365292.98
F01144,2022,2967817.26,298722.03,1862427.15,1109707.67
F01144,2023,3340298.52,725393.78,1235151.45,1501931.97
F01144,2024,5005840.48,244029.69,2154599.83,1132220.15
F01144,2025,3884946.11,649748.68,580519.8,1449999.13
F01145,2021,273958.21,10162.53,159076.35,124023.23
F01145,2022,321418.74,23518.7,274614.92,134723.57
F01145,2023,241104.16,57011.36,61509.58,145126.44
F01145,2024,268720.09,19581.38,104446.55,131010.01
F01145,2025,493023.58,132093.36,49405.4,236965.78
F01146,2021,186867.95,46326.94,137333.3,163947.9
F01146,2022,160722.34,21955.02,42828.14,139096.1
F01146,2023,182605.02,20796.45,68835.09,146825.7
F01146,2024,223229.92,9693.45,134127.24,133874.45
F01146,2025,213965.98,57728.7,52415.65,180445.1
F01147,2021,977133.1,120998.68,831460.33,384443.54
F01147,2022,1010007.97,42045.18,520390.76,334210.21
F01147,2023,950100.38,106428.89,488022.23,378160.61
F01147,2024,847486.47,102911.94,427267.28,346705.92
F01147,2025,959400.78,184656.95,193984.33,465243.16
F01148,2021,226062.79,26820.84,51697.76,186982.93
F01148,2022,215943.93,60396.66,70531.34,215570.15
F01148,2023,209412.75,5896.94,138016.49,179469.23
F01148,2024,313375.67,55760.18,149143.8,226706.35
F01148,2025,364905.88,49374.57,313881.11,213006.52
F01149,2021,248300.51,10193.82,33699.32,136698.8
F01149,2022,254498.91,50343.1,63298.7,176170.78
F01149,2023,224030.33,32804.81,75056.42,157668.48
F01149,2024,280019.46,25185.65,165194.92,146059.01
F01149,2025,289116.02,40906.99,234666.17,151874.14
F01150,2021,77237.76,2598.7,31974.09,31669.24
F01150,2022,96939.82,22003.78,64435.75,41290.56
F01150,2023,109611.85,9068.29,13253.33,33375.56
F01150,2024,167143.73,11962.1,133983.69,37357.53
F01150,2025,175671.16,3598.26,78353.73,33305.77
F01151,2021,2054827.34,315487.28,393005.27,2202174.24
F01151,2022,1919955.09,332409.35,870576.58,2202770.7
F01151,2023,2938756.17,813384.83,2233169.39,2472428.87
F01151,2024,1882345.03,421049.54,1546374.78,2395769.87
F01151,2025,1447460.68,374527.2,926406.27,2221903.07
F01152,2021,2206336.85,525099.94,525569.97,1172398.54
F01152,2022,2417590.61,424527.27,1691029.75,917787.48
F01152,2023,3376329.37,79205.42,1334650.87,707616.24
F01152,2024,2187079.66,507355.28,499705.81,834867.74
F01152,2025,2106477.99,314661.79,1515682.25,983293.28
F01153,2021,311774.94,51793.57,211218.9,279673.25
F01153,2022,325782.14,62650.79,80115.35,295268.06
F01153,2023,306249.87,64594.2,58349.74,276483.35
F01153,2024,369338.62,46937.72,81812.97,302205.36
F01153,2025,356173.56,104588.75,43605.43,335660.14
F01154,2021,1264315.14,233413.81,1128477.52,685018.99
F01154,2022,1358807.1,55451.77,963555.29,511557.95
F01154,2023,1310626.41,197532.24,966597.86,581068.41
F01154,2024,1485977.45,399610.92,1264539.61,619855.79
F01154,2025,2514344.21,191824.09,2003489.92,629986.62
F01155,2021,1312732.14,332830.97,748973.62,628673.85
F01155,2022,1357001.46,118531.08,665790.54,590008.35
F01155,2023,1723808.46,191268.53,376209.84,642349.2
F01155,2024,1323142.62,309730.34,883654.11,688993.26
F01155,2025,2091223.02,267216.02,414224.69,657973.96
F01156,2021,2214666.97,429671.89,1307997.99,1843027.93
F01156,2022,2152423.43,490187.41,1576753.13,1745420.59
F01156,2023,2118916.62,100472.03,1041278.32,1502524.1
F01156,2024,2400420.56,630398.16,1994699.99,2041973.88
F01156,2025,2066310.86,530622.77,953959.65,1765260.83
F01157,2021,225326.38,32548.85,146138.9,172435.16
F01157,2022,198344.35,48172.97,38404.76,186466.96
F01157,2023,194918.64,8047.29,158185.91,143013.1
F01157,2024,163966.0,35300.83,52776.99,161451.73
F01157,2025,195656.53,17159.89,61467.91,149087.68
F01158,2021,215789.3,49572.02,55758.25,131789.17
F01158,2022,221992.55,51069.93,95931.6,110142.4
F01158,2023,149575.85,20363.01,58461.88,98371.15
F01158,2024,132986.02,14574.23,42178.91,102937.49
F01158,2025,126174.93,29240.15,98591.54,109796.69
F01159,2021,111486.95,10441.46,18086.76,111877.4
F01159,2022,117765.94,11117.12,78164.7,106758.4
F01159,2023,154416.62,36263.76,38983.07,126131.55
F01159,2024,196637.36,41736.19,171381.45,127268.31
F01159,2025,204143.13,30948.99,53936.45,130385.25
F01160,2021,705508.49,47292.26,440406.12,732043.46
F01160,2022,781009.32,96634.15,633988.6,749337.43
F01160,2023,833594.67,172322.31,368590.48,783323.75
F01160,2024,732829.8,61881.83,353737.72,750382.63
F01160,2025,1546398.3,360010.35,561987.81,895323.29
F01161,2021,487852.56,55109.97,237650.02,237104.48
F01161,2022,507030.11,25670.87,99227.83,198483.79
F01161,2023,604279.78,115346.35,280731.15,279896.47
F01161,2024,460005.4,132343.63,207513.67,311685.25
F01161,2025,596289.58,83391.09,159027.13,241201.39
F01162,2021,330133.55,64022.08,46740.23,184040.01
F01162,2022,346819.41,38234.25,131181.89,183595.33
F01162,2023,385033.69,21962.12,259274.62,165869.54
F01162,2024,224981.98,47320.8,154674.56,180116.27
F01162,2025,292827.45,17819.38,257246.73,173179.23
F01163,2021,54678.12,6929.89,16296.05,55647.49
F01163,2022,55334.5,15326.99,12336.25,61111.26
F01163,2023,77905.83,2764.89,29540.75,50568.01
F01163,2024,96303.84,24194.99,45381.65,56585.64
F01163,2025,107601.61,8660.07,28299.6,53525.86
F01164,2021,350739.84,20556.54,338079.0,323738.22
F01164,2022,337490.89,45602.37,271645.12,338133.59
F01164,2023,504368.11,83885.81,245044.94,330116.12
F01164,2024,286483.65,27519.37,150372.46,324391.26
F01164,2025,352908.32,17057.53,319212.9,316442.31
F01165,2021,347201.59,9229.37,214827.15,232183.02
F01165,2022,345751.05,34959.46,210784.86,248559.75
F01165,2023,381315.12,68275.07,345287.69,285742.88
F01165,2024,394845.44,32314.41,187019.3,252517.98
F01165,2025,519488.76,34991.93,117955.2,253757.2
F01166,2021,1321627.82,252934.0,540715.64,765802.45
F01166,2022,1277219.55,312805.59,705444.64,936388.57
F01166,2023,1812987.34,436752.68,1075645.91,1033286.98
F01166,2024,1712063.55,63002.24,1527867.09,677592.34
F01166,2025,2654240.69,340187.59,1387072.24,929766.65
F01167,2021,2647336.33,67775.26,2282924.03,926777.49
F01167,2022,3178441.0,232573.67,2888263.84,1093097.23
F01167,2023,3869342.74,1118776.91,3686801.86,1388062.31
F01167,2024,4630619.33,146832.41,509002.52,1040882.16
F01167,2025,5387280.4,181683.12,1405144.47,1056300.6
F01168,2021,1885501.78,315800.99,1545937.52,1142834.81
F01168,2022,1656871.05,380726.15,516325.46,1096889.76
F01168,2023,2027353.17,100530.12,1165647.39,974043.85
F01168,2024,1526515.68,234640.5,768296.98,1076519.78
F01168,2025,1828735.6,377467.46,539707.28,1071520.19
F01169,2021,286332.07,80177.96,49169.68,145596.93
F01169,2022,286362.6,15309.48,226162.37,95724.55
F01169,2023,351226.96,19759.63,255292.99,96249.32
F01169,2024,239624.58,19058.05,84867.03,92017.04
F01169,2025,200216.0,24904.31,58860.14,97039.27
F01170,2021,547408.73,35042.9,80121.69,236359.56
F01170,2022,602948.02,126035.51,505837.57,251153.86
F01170,2023,642921.71,128267.82,282557.25,316313.77
F01170,2024,1021664.2,137251.96,912761.96,323942.69
F01170,2025,1063883.51,259748.91,574267.92,318481.3
F01171,2021,1305502.51,358444.68,685697.53,916397.27
F01171,2022,1476522.29,70318.42,372370.28,848561.67
F01171,2023,1953426.98,201039.03,406803.07,922693.91
F01171,2024,2118496.99,241216.76,475659.58,891540.38
F01171,2025,2305843.35,298545.89,340052.32,1101907.16
F01172,2021,88669.86,6030.77,77147.62,62557.72
F01172,2022,84707.81,8655.07,44243.85,63081.09
F01172,2023,117052.24,15085.42,39915.52,69545.86
F01172,2024,94219.04,14404.49,46906.44,69834.0
F01172,2025,84617.01,21922.1,53449.73,78585.72
F01173,2021,487598.76,12695.75,73164.43,169578.18
F01173,2022,396681.79,27411.12,252994.54,180923.33
F01173,2023,557108.66,20582.12,191365.26,170368.77
F01173,2024,352932.34,88035.1,142905.1,245530.73
F01173,2025,353241.78,11752.97,55517.73,162637.31
F01174,2021,779527.82,123991.4,622337.91,434546.47
F01174,2022,803669.93,165835.68,276971.19,464510.6
F01174,2023,1221679.4,270697.32,697139.64,599765.25
F01174,2024,800050.59,92371.4,292490.88,423068.64
F01174,2025,761162.63,132174.48,231377.22,373819.61
F01175,2021,74194.88,8630.57,17855.5,25430.64
F01175,2022,82034.19,5878.02,53136.97,25921.32
F01175,2023,96679.85,21442.59,72881.97,34416.16
F01175,2024,104221.64,22207.48,24071.98,28926.57
F01175,2025,133769.89,31415.67,57500.8,48143.61
F01176,2021,1808535.41,335986.28,998566.72,1090390.66
F01176,2022,1985651.77,593563.88,837169.22,1384030.56
F01176,2023,2163847.84,432006.79,1382420.29,1202419.69
F01176,2024,1262207.81,138004.23,378222.7,1014446.5
F01176,2025,2518715.0,418211.86,360931.04,1238639.7
F01177,2021,207594.22,45384.35,141389.83,127789.0
F01177,2022,201509.49,32179.53,136906.67,126529.94
F01177,2023,179244.09,46996.13,76411.95,120068.35
F01177,2024,263199.57,8938.17,122479.53,103555.81
F01177,2025,140469.92,6935.52,46413.64,105801.78
F01178,2021,1120794.4,143199.96,671367.04,945296.8
F01178,2022,1341221.15,222683.96,934012.32,1082165.59
F01178,2023,1699113.09,263612.73,1500505.14,1055498.0
F01178,2024,1134312.78,108323.54,857596.84,907111.42
F01178,2025,2234980.48,94189.54,673043.73,931218.01
F01179,2021,280924.69,50605.39,34607.22,230904.28
F01179,2022,314823.23,23564.31,130184.42,203329.59
F01179,2023,291906.02,68650.96,107045.77,207107.11
F01179,2024,378516.62,62054.46,72614.63,219423.02
F01179,2025,316840.33,17407.43,160775.79,199076.45
F01180,2021,85148.71,19148.27,61936.26,58985.72
F01180,2022,80479.72,23087.14,70201.58,70700.98
F01180,2023,76284.03,11761.83,37089.0,53702.07
F01180,2024,89862.26,24107.22,40192.85,58165.31
F01180,2025,97875.45,28019.54,58993.73,71728.46
F01181,2021,271670.47,77920.82,111748.86,181476.39
F01181,2022,295102.26,75227.86,211112.16,168875.64
F01181,2023,241113.78,18931.18,202696.63,124793.67
F01181,2024,344927.04,63508.97,55686.98,173377.76
F01181,2025,456094.95,91664.18,263497.25,176407.93
F01182,2021,144300.56,8245.29,98145.13,115704.21
F01182,2022,155933.77,3959.04,112348.9,114977.77
F01182,2023,124700.27,7045.78,40421.45,115624.02
F01182,2024,169307.13,41627.02,139820.58,142656.27
F01182,2025,130128.0,10773.32,14726.88,121423.67
F01183,2021,559636.27,37920.03,168182.04,256020.44
F01183,2022,533673.12,14601.91,136420.89,244234.43
F01183,2023,543090.81,123991.92,237530.71,342256.25
F01183,2024,770455.57,43101.01,106145.54,273408.12
F01183,2025,417421.25,40949.73,110924.91,268031.47
F01184,2021,658871.46,44708.42,579245.26,247128.32
F01184,2022,781026.2,89483.07,546730.29,273276.6
F01184,2023,739991.77,78912.01,446819.43,274677.43
F01184,2024,1120397.01,207886.07,528634.91,275164.81
F01184,2025,868289.41,219857.59,642604.17,396547.25
F01185,2021,31895.08,3794.39,17343.29,14723.46
F01185,2022,37651.69,5643.38,7088.81,13802.95
F01185,2023,33503.43,5395.33,9382.31,14920.82
F01185,2024,27592.7,6417.17,18960.79,17944.66
F01185,2025,28002.99,5742.1,10656.52,14212.59
F01186,2021,113044.42,13359.11,37573.07,90098.76
F01186,2022,110914.38,11621.36,33541.27,89988.05
F01186,2023,89829.3,24742.73,36760.19,100342.41
F01186,2024,113333.07,20775.51,100491.99,99011.61
F01186,2025,148297.8,6454.43,112279.16,86833.64
F01187,2021,13856.67,3017.28,2626.07,9730.08
F01187,2022,13470.54,272.79,6717.9,7198.71
F01187,2023,9993.63,1779.85,3476.76,8822.06
F01187,2024,7778.99,2292.03,1586.91,9171.72
F01187,2025,12691.25,1021.49,4522.87,7805.43
F01188,2021,638839.56,79021.62,215281.27,262249.06
F01188,2022,591710.86,74869.1,342733.44,284684.63
F01188,2023,552901.61,97050.66,119003.78,309733.33
F01188,2024,887025.78,150943.36,239850.03,368376.6
F01188,2025,517697.29,69210.47,83006.14,291164.13
F01189,2021,4556838.7,739952.81,516747.38,2948717.81
F01189,2022,4027035.61,603880.39,2443917.78,2788853.59
F01189,2023,5352904.58,390134.78,3832348.23,2404932.06
F01189,2024,5904667.0,717281.18,1742920.02,2509195.39
F01189,2025,6807643.1,191190.23,4702424.87,2387234.78
F01190,2021,1681408.97,472811.13,1173240.42,1534788.42
F01190,2022,1611215.7,322802.76,328173.77,1572638.37
F01190,2023,1493948.89,414846.01,748602.22,1640877.6
F01190,2024,1120085.86,141356.75,420907.25,1413116.36
F01190,2025,2227803.68,354292.81,985964.07,1652938.66
F01191,2021,69681.54,10354.61,46834.56,28755.12
F01191,2022,73746.65,8769.75,63775.81,29334.93
F01191,2023,55377.82,9595.37,25685.06,27331.98
F01191,2024,100846.0,21014.89,59642.18,40877.91
F01191,2025,39387.74,2127.13,28042.78,22335.95
F01192,2021,930492.38,112788.72,824660.64,601224.81
F01192,2022,856433.76,187297.99,728017.38,692473.82
F01192,2023,778270.58,58279.28,652422.79,588176.25
F01192,2024,684219.39,145891.56,187265.24,618571.86
F01192,2025,615911.23,33694.42,103910.64,574091.46
F01193,2021,245554.88,57755.98,238409.83,311681.68
F01193,2022,217863.13,15614.98,207245.05,307514.51
F01193,2023,289475.1,5663.22,241551.46,294331.18
F01193,2024,326809.49,51159.29,164265.81,307840.48
F01193,2025,278915.8,28993.18,220672.09,307715.43
F01194,2021,157438.85,14031.37,44641.95,142952.42
F01194,2022,160023.48,19868.98,51975.32,144938.16
F01194,2023,162547.91,4986.05,142042.74,141355.19
F01194,2024,219716.55,53394.89,87825.79,176007.92
F01194,2025,238560.92,60438.22,111193.89,162402.98
F01195,2021,760638.82,64606.95,190196.01,359882.04
F01195,2022,814709.86,45611.88,269499.95,331907.1
F01195,2023,995012.0,278879.94,900735.82,486560.52
F01195,2024,827242.13,202651.71,590785.27,375424.99
F01195,2025,1124661.1,156015.89,354442.96,363949.96
F01196,2021,1876378.07,437375.08,966131.84,1054987.39
F01196,2022,2137796.98,160061.93,832205.82,960005.44
F01196,2023,2356982.43,406485.53,2011420.99,1216243.92
F01196,2024,1305566.15,83805.46,749991.9,947932.07
F01196,2025,1368859.72,399603.33,542488.02,1056243.54
F01197,2021,159417.1,40931.51,124741.13,119907.09
F01197,2022,133607.78,25784.5,100651.42,101344.84
F01197,2023,103268.27,27903.67,22277.33,100180.09
F01197,2024,84766.72,10616.63,34870.19,88873.86
F01197,2025,178206.37,12190.78,25504.65,92454.22
F01198,2021,500786.48,82352.95,342429.23,247421.17
F01198,2022,517737.91,142202.15,403477.74,343553.07
F01198,2023,778984.74,36424.22,691598.7,234406.46
F01198,2024,578144.11,75031.88,221495.46,250772.13
F01198,2025,1113869.2,305888.32,144831.07,450706.22
F01199,2021,491680.4,58925.17,118741.52,374321.68
F01199,2022,564305.73,32667.41,503180.1,358149.99
F01199,2023,474072.16,32802.36,253879.55,342956.73
F01199,2024,644296.9,144093.14,130606.81,441221.12
F01199,2025,411544.7,84919.26,357751.74,360454.29
F01200,2021,54110.96,9561.6,23117.19,24631.97
F01200,2022,60697.47,18030.62,40296.47,26885.95
F01200,2023,69713.59,13576.06,25875.21,29731.4
F01200,2024,69527.01,8521.29,25297.17,25083.43
F01200,2025,33448.94,1088.75,15459.08,19445.02
