company_id,firma_unvani,mersis_no,sektor,sehir,kurulus_tarihi,sermaye_tl,calisan_sayisi,kkb_firma_skoru
F00001,Doruk Teknoloji A.Ş.,7816265097958460,Lojistik,İzmir,2005-10-15,977052.3,2,1211
F00002,Anka Yazılım A.Ş.,6242012803338188,Sağlık,İstanbul,2015-04-17,256317.96,13,1454
F00003,Kaptan Gıda Ltd. Şti.,2573936351163882,Gıda ve İçecek,İstanbul,2012-03-19,525173.42,12,1289
F00004,Cevher Grup Ltd. Şti.,0183798722683155,Finans ve Sigorta,Bursa,2004-09-14,171382.25,7,1636
F00005,Toros Makine A.Ş.,0927634513165548,Enerji,İstanbul,2008-06-27,131770.71,31,1405
F00006,Damla Endüstri Ltd. Şti.,0324401685075902,Eğitim,İstanbul,2001-01-04,151239.46,24,1181
F00007,Pusula Makine Ltd. Şti.,4469070406633340,İnşaat,Antalya,1999-02-17,541448.07,16,1149
F00008,Cevher Metal A.Ş.,2809170010943699,Tekstil,İstanbul,1995-02-07,479979.32,23,1747
F00009,Berrak Gıda A.Ş.,2021441035108428,Finans ve Sigorta,İzmir,2009-08-23,776662.92,22,1061
F00010,Cevher Gıda Ltd. Şti.,0929160360660072,Tekstil,Ankara,2000-10-10,3966702.44,3,1594
F00011,Deniz Enerji A.Ş.,6359122538632137,Sağlık,Ankara,2005-01-11,431236.61,4,1272
F00012,Aydın Endüstri A.Ş.,2542775344668265,Otomotiv,Antalya,2014-11-10,246070.12,49,1186
F00013,Kaptan Makine Ltd. Şti.,4731393382731785,Sağlık,Bursa,2002-12-15,201160.93,1,1830
F00014,Kıvılcım Tekstil Ltd. Şti.,4924532492743225,Otomotiv,Adana,2013-09-07,82659.49,18,1369
F00015,Toros Holding Ltd. Şti.,7129739114146997,Tekstil,Bursa,2013-04-16,240914.88,30,1900
F00016,Pusula Enerji Ltd. Şti.,4372541715526856,Bilişim ve Yazılım,Ankara,2005-01-27,353855.19,25,1498
F00017,Zirve Ticaret A.Ş.,1851400843418005,Eğitim,İzmir,2010-11-25,821826.49,8,1722
F00018,Doğuş Endüstri A.Ş.,3221127527332158,Turizm ve Konaklama,İstanbul,2016-08-14,910318.53,39,1129
F00019,Toros Tarım A.Ş.,9111985803556916,Bilişim ve Yazılım,Adana,2008-04-20,222978.05,17,988
F00020,Kıvılcım Holding Ltd. Şti.,0490652211317517,Metal ve Makine,İstanbul,2012-03-11,1551002.77,13,1485
F00021,Ege Holding A.Ş.,7022246862651057,Lojistik,İstanbul,2021-12-27,142243.42,3,1128
F00022,Cevher Metal Ltd. Şti.,6099049576008698,İnşaat,İstanbul,1997-10-14,341507.39,26,1376
F00023,Berrak Metal Ltd. Şti.,9450986219728932,Turizm ve Konaklama,İstanbul,2018-10-04,392933.8,9,1476
F00024,Bumerang Enerji A.Ş.,4656495250348871,Gıda ve İçecek,Mersin,1997-09-08,1371089.38,27,1642
F00025,Çınar Otomotiv A.Ş.,9348195621846399,Sağlık,İstanbul,1999-05-21,370799.97,2,996
F00026,Mavera Danışmanlık Ltd. Şti.,4246270946191522,Gıda ve İçecek,İstanbul,2022-04-03,442574.19,13,1531
F00027,Doğuş Teknoloji A.Ş.,7033469105839167,Lojistik,Eskişehir,2010-08-17,1696479.47,27,1777
F00028,Bahar Turizm Ltd. Şti.,4894572594659590,Tekstil,İstanbul,1995-02-03,297791.7,6,1382
F00029,Ege Yazılım Ltd. Şti.,4992358816014733,Metal ve Makine,İstanbul,2023-03-15,110721.47,63,1637
F00030,Yıldız Teknoloji A.Ş.,2991293698275710,Enerji,Denizli,1995-05-11,475710.02,46,793
F00031,Rüzgar Sistem A.Ş.,6981114151371251,Otomotiv,Bursa,2013-06-22,512446.58,3,1307
F00032,Rüzgar Kimya Ltd. Şti.,3119520075482811,Perakende Ticaret,İstanbul,2007-09-26,190445.56,26,1468
F00033,Cevher Yazılım A.Ş.,3741751874176950,Eğitim,Konya,1996-05-01,1178353.74,7,1612
F00034,Yıldız Gıda A.Ş.,8036973368177062,Gıda ve İçecek,Bursa,2018-07-07,320759.06,2,1034
F00035,Ege Gıda A.Ş.,1669237496962576,Lojistik,İstanbul,2015-05-16,227552.02,40,1539
F00036,Doğuş İnşaat Ltd. Şti.,9984533334356071,Metal ve Makine,Eskişehir,2022-11-02,74291.3,11,1900
F00037,Mavera Sistem Ltd. Şti.,5028584373424240,Eğitim,Ankara,1995-01-11,303259.96,9,1547
F00038,Mavera Yapı A.Ş.,4528036517616324,Enerji,Kayseri,2001-06-15,621401.31,8,1550
F00039,Aydın Endüstri Ltd. Şti.,6212257241132863,Bilişim ve Yazılım,Ankara,2003-02-02,186879.92,27,1450
F00040,Cevher Holding A.Ş.,3853114272176212,Lojistik,İstanbul,2015-07-27,455961.94,6,1153
F00041,Erguvan Gıda Ltd. Şti.,2291418601496800,Turizm ve Konaklama,İzmir,2023-09-17,759220.13,12,1413
F00042,Deniz Turizm A.Ş.,5832883987912105,Finans ve Sigorta,Samsun,2002-12-07,191561.66,33,1217
F00043,Doruk Gıda A.Ş.,4605626446061530,Perakende Ticaret,İstanbul,2011-01-27,231153.82,29,1751
F00044,Damla Kimya Ltd. Şti.,0735049810738270,Otomotiv,Ankara,2010-04-10,150823.38,95,1493
F00045,Sahil Grup A.Ş.,2342207693661044,Enerji,Denizli,2023-02-24,85201.89,19,1285
F00046,Toprak Turizm A.Ş.,6670055864067612,Bilişim ve Yazılım,Antalya,2014-03-14,432559.57,12,1422
F00047,Bahar Grup Ltd. Şti.,0644311455018525,Enerji,Ankara,2012-07-12,98444.41,36,1053
F00048,Anka Otomotiv A.Ş.,6109287275687014,İnşaat,Bursa,2017-05-03,79249.68,19,1808
F00049,Cevher Tarım Ltd. Şti.,6149716264583250,Turizm ve Konaklama,İstanbul,2023-02-05,182070.2,27,1650
F00050,Cevher Endüstri Ltd. Şti.,8142488838493399,Tarım,İzmir,2007-04-30,657468.99,9,1072
F00051,Yörünge Yazılım Ltd. Şti.,6924241857804104,Tarım,İstanbul,2011-05-24,23663.7,10,1753
F00052,Bumerang Tarım Ltd. Şti.,8168778719776526,Otomotiv,İstanbul,2020-06-15,77918.4,27,1114
F00053,Bereket Holding A.Ş.,3869172458967099,İnşaat,Adana,2001-03-18,301546.6,27,1130
F00054,Doğuş Gıda Ltd. Şti.,1560026125899716,Eğitim,Mersin,2015-10-19,323687.28,8,1611
F00055,Vadi Kimya Ltd. Şti.,0947434218952198,Finans ve Sigorta,Kayseri,1997-07-08,347614.33,14,1867
F00056,Berrak Teknoloji Ltd. Şti.,5232952744507195,Eğitim,Ankara,1996-03-19,556007.33,6,1374
F00057,Damla Enerji Ltd. Şti.,0366249153458112,İnşaat,Ankara,2023-08-17,246843.88,14,1900
F00058,Vadi Enerji Ltd. Şti.,0680133475670825,Finans ve Sigorta,İzmir,1999-03-14,403502.14,1,1147
F00059,Ege Teknoloji Ltd. Şti.,2022048368161523,Kimya,Ankara,2023-08-30,32028.8,9,803
F00060,Umut Teknoloji A.Ş.,1493448509614918,Perakende Ticaret,İzmir,2017-09-07,102873.0,2,1425
F00061,Damla Enerji Ltd. Şti.,7415395405833756,Tarım,İstanbul,2020-01-24,268496.54,18,1368
F00062,Cevher Teknoloji Ltd. Şti.,8392135544133226,Enerji,Gaziantep,1997-12-11,57888.41,22,1900
F00063,Kıvılcım Lojistik Ltd. Şti.,4147450389448082,Tekstil,İstanbul,2017-11-03,420892.96,8,971
F00064,Umut Lojistik Ltd. Şti.,1745620370383212,Bilişim ve Yazılım,Gaziantep,2018-02-13,98827.02,21,1721
F00065,Umut Endüstri Ltd. Şti.,1704857144477172,Eğitim,Ankara,2015-12-15,357522.22,29,1612
F00066,Meridyen Tarım A.Ş.,0609101812226074,Tarım,Kayseri,2016-07-25,468451.49,6,1452
F00067,Deniz Sistem Ltd. Şti.,9654374744267381,Enerji,Gaziantep,2015-01-20,105533.57,13,1499
F00068,Kervan Turizm A.Ş.,1821663769185726,Perakende Ticaret,İstanbul,1995-09-21,1700889.98,3,1454
F00069,Damla Otomotiv Ltd. Şti.,6473750907038105,Bilişim ve Yazılım,İstanbul,1995-12-15,1368684.0,28,1649
F00070,Vadi Enerji Ltd. Şti.,8958923573861540,Turizm ve Konaklama,İstanbul,2010-08-22,512196.9,49,1001
F00071,Damla Ticaret Ltd. Şti.,9328802996843713,Finans ve Sigorta,Ankara,2005-11-16,58423.92,13,751
F00072,Doruk Danışmanlık A.Ş.,2008615606300072,Finans ve Sigorta,Kayseri,2021-07-26,1038938.82,45,1269
F00073,Deniz Tarım A.Ş.,7861288937820900,Finans ve Sigorta,İstanbul,2017-03-24,178465.81,12,1415
F00074,Zirve Yapı Ltd. Şti.,5783891693905976,Sağlık,İstanbul,2021-09-12,308627.8,23,1348
F00075,Erguvan Kimya A.Ş.,6407356581165397,Perakende Ticaret,Ankara,2005-04-28,757298.39,21,1217
F00076,Damla Kimya Ltd. Şti.,8892980969670642,Finans ve Sigorta,İzmir,2015-08-02,1165457.11,3,1282
F00077,Bereket Tekstil A.Ş.,7142973074448548,Lojistik,İstanbul,2017-08-07,777321.37,6,1492
F00078,Aydın Enerji Ltd. Şti.,9456306871911445,Turizm ve Konaklama,Adana,2018-10-23,487806.24,5,1306
F00079,Damla Enerji Ltd. Şti.,6038156679025851,Sağlık,Ankara,1995-07-03,225899.57,7,1900
F00080,Kaptan İnşaat A.Ş.,4983089370007914,Enerji,Eskişehir,2022-12-03,115911.59,36,1282
F00081,Kaptan Grup A.Ş.,5919883050195083,Bilişim ve Yazılım,İstanbul,2012-05-20,81202.41,14,1594
F00082,Pusula Kimya A.Ş.,5484696675018306,Tekstil,Ankara,2022-01-26,738636.01,64,1900
F00083,Kaptan Kimya A.Ş.,5946391842153809,Perakende Ticaret,Antalya,2023-01-23,353474.15,6,1535
F00084,Aydın Kimya A.Ş.,9642842972084706,Tekstil,İstanbul,1995-11-21,200218.74,33,1010
F00085,Kervan Turizm Ltd. Şti.,6927542623272689,Tarım,Antalya,2012-07-16,3631542.32,31,894
F00086,Erguvan Ticaret A.Ş.,6857586969688298,Bilişim ve Yazılım,İzmir,2013-10-15,123015.82,30,1752
F00087,Yıldız İnşaat Ltd. Şti.,3499218485663879,Tekstil,Adana,2005-10-12,66206.81,27,815
F00088,Nokta Endüstri Ltd. Şti.,3090124704297756,Perakende Ticaret,İzmir,2019-01-09,243222.16,40,1234
F00089,Bereket Holding Ltd. Şti.,2736629015336662,Finans ve Sigorta,Ankara,2016-12-24,51143.23,15,1218
F00090,Deniz Otomotiv A.Ş.,3814266224871771,Turizm ve Konaklama,İstanbul,2003-04-19,536334.98,5,1096
F00091,Yıldız Kimya A.Ş.,4142583161032173,Sağlık,Ankara,2010-10-25,29053.59,15,1351
F00092,Bahar Metal A.Ş.,7865306933724071,Lojistik,İstanbul,1998-08-07,72604.11,16,1708
F00093,Sahil Enerji A.Ş.,4391034977772170,Otomotiv,İstanbul,1999-10-30,211689.37,17,1481
F00094,Aydın İnşaat Ltd. Şti.,1594264089594403,Turizm ve Konaklama,Adana,2000-04-25,71341.76,105,1186
F00095,Vadi Grup A.Ş.,9167460172279505,Eğitim,Mersin,2022-08-12,552234.37,29,1358
F00096,Kıvılcım Gıda A.Ş.,1622065722133316,Tarım,İstanbul,1999-01-21,523072.07,17,974
F00097,Vadi Endüstri Ltd. Şti.,6108224627868654,Lojistik,Antalya,2009-11-09,186185.73,7,1261
F00098,Yıldız Metal A.Ş.,6164199892114600,Bilişim ve Yazılım,İzmir,1999-10-23,63933.36,41,1880
F00099,Kervan Gıda A.Ş.,0538746447356442,Eğitim,Mersin,2005-04-03,786858.15,47,1296
F00100,Ege Yapı Ltd. Şti.,8020811675550296,Eğitim,Mersin,2022-10-03,133268.01,6,1593
F00101,Bumerang Ticaret Ltd. Şti.,4327267246620717,Sağlık,Bursa,2002-08-18,344472.44,12,1788
F00102,Anka Makine A.Ş.,4083220510261717,Perakende Ticaret,Konya,1999-04-27,418920.1,5,1195
F00103,Toros Tarım A.Ş.,7628256094230753,Finans ve Sigorta,İzmir,1998-06-12,568179.48,38,1565
F00104,Toprak Teknoloji A.Ş.,3060040125806561,Tekstil,İstanbul,2016-08-17,2162072.09,69,1532
F00105,Nokta Yapı A.Ş.,8502639446331140,Turizm ve Konaklama,İzmir,1995-04-16,106677.04,3,1121
F00106,Toros Ticaret Ltd. Şti.,7823177375934418,Metal ve Makine,İzmir,2000-03-20,614481.92,83,1525
F00107,Toprak Lojistik A.Ş.,2679693781470918,Eğitim,Ankara,2007-11-07,970527.55,10,1586
F00108,Kıvılcım Lojistik A.Ş.,3226972920235559,Tarım,Samsun,1999-05-05,663771.02,1,1185
F00109,Rüzgar Grup A.Ş.,0226927603971995,Otomotiv,Antalya,2004-09-16,762738.42,17,1041
F00110,Erguvan Teknoloji Ltd. Şti.,3209076504114505,Enerji,İzmir,2002-07-10,18524.8,9,1378
F00111,Yörünge Teknoloji Ltd. Şti.,3467768426601811,Kimya,İstanbul,2021-03-03,101486.87,15,1551
F00112,Bumerang Metal Ltd. Şti.,5066980028883804,Kimya,Kayseri,2013-05-10,561156.94,1,915
F00113,Sahil Turizm Ltd. Şti.,4184434450585655,Sağlık,Bursa,2002-07-18,191935.58,23,1546
F00114,Doruk Teknoloji A.Ş.,7600937612919824,Turizm ve Konaklama,Mersin,2012-07-31,450925.29,9,1229
F00115,Vadi Teknoloji A.Ş.,3604132532698255,Lojistik,Konya,2009-10-11,120431.67,29,1123
F00116,Kaptan Kimya A.Ş.,6197818067380799,Tekstil,İstanbul,2000-07-19,683539.71,16,1386
F00117,Mavera Lojistik A.Ş.,8974063522875303,Eğitim,Gaziantep,2017-02-20,130303.1,3,1115
F00118,Yıldız Danışmanlık Ltd. Şti.,5776646375127576,Gıda ve İçecek,İstanbul,2022-01-20,186650.37,1,1250
F00119,Kaptan Enerji Ltd. Şti.,6704082614061679,Enerji,Adana,1999-10-30,741768.96,23,1251
F00120,Bereket Lojistik A.Ş.,7906882849123905,Lojistik,Antalya,2003-02-01,282555.4,7,1444
F00121,Pusula Lojistik Ltd. Şti.,7581906283634791,Lojistik,Konya,2008-11-27,1460250.58,35,1556
F00122,Anka Yazılım Ltd. Şti.,9082336601036330,Tarım,Antalya,2014-02-06,156033.59,28,893
F00123,Erguvan Lojistik Ltd. Şti.,8680633275161474,Turizm ve Konaklama,Antalya,1997-07-03,203294.55,24,1550
F00124,Doruk Lojistik Ltd. Şti.,2502865760627168,Sağlık,Ankara,2013-12-29,560661.68,18,1341
F00125,Çınar Lojistik A.Ş.,2186522239739204,Otomotiv,Gaziantep,2011-12-25,484936.66,5,1146
F00126,Kıvılcım Makine A.Ş.,3613023853986989,Tekstil,Bursa,2007-12-02,287192.54,16,852
F00127,Bahar Endüstri A.Ş.,5869226843215205,Eğitim,Bursa,2016-07-06,442705.93,29,1376
F00128,Rüzgar Ticaret Ltd. Şti.,2227665445544178,Tekstil,İstanbul,2007-04-16,3656119.55,6,1291
F00129,Toprak Yapı Ltd. Şti.,6909257994343436,Sağlık,İstanbul,2014-06-08,173759.32,12,1301
F00130,Yıldız Tekstil Ltd. Şti.,4257122966450993,Otomotiv,Eskişehir,2017-08-29,57097.09,7,1370
F00131,Aydın Metal Ltd. Şti.,8594317997447588,Bilişim ve Yazılım,İstanbul,2023-12-19,1036571.6,121,1800
F00132,Bereket Yazılım A.Ş.,9623747783904752,Eğitim,İstanbul,1996-06-29,114357.3,6,1352
F00133,Rüzgar Teknoloji Ltd. Şti.,1527078153396276,Eğitim,İzmir,2013-04-07,1910766.02,11,1001
F00134,Erguvan Danışmanlık Ltd. Şti.,3348340142625473,Tekstil,Konya,2011-07-19,154616.81,28,1606
F00135,Deniz Grup A.Ş.,6124448942142344,Gıda ve İçecek,Antalya,2005-12-21,215294.4,26,718
F00136,Zirve Tarım Ltd. Şti.,5659584479866698,Otomotiv,Adana,2001-02-04,300803.4,31,1150
F00137,Nokta Enerji Ltd. Şti.,7788974452219440,Sağlık,Bursa,2001-03-16,106940.47,2,1786
F00138,Kıvılcım Yapı A.Ş.,3427057608773352,Gıda ve İçecek,Ankara,2010-09-25,121519.57,17,1581
F00139,Zirve Ticaret Ltd. Şti.,6429981496960920,Bilişim ve Yazılım,Trabzon,2006-10-25,1415898.32,11,1238
F00140,Toprak Makine Ltd. Şti.,5734065578901857,İnşaat,İzmir,1998-07-13,324608.27,48,1276
F00141,Mavera Yapı Ltd. Şti.,7440665624536738,Otomotiv,Adana,2007-05-31,93867.92,2,943
F00142,Nokta Gıda Ltd. Şti.,4950607760174983,Metal ve Makine,Kayseri,1995-09-17,694418.89,9,1217
F00143,Rüzgar Metal A.Ş.,9000853338250473,Sağlık,İstanbul,2005-11-08,122080.51,14,1328
F00144,Kıvılcım Gıda A.Ş.,1620881774230967,Eğitim,Ankara,2008-06-03,198700.64,51,1861
F00145,Cevher Danışmanlık Ltd. Şti.,3299060332943839,Finans ve Sigorta,Samsun,2008-11-28,45659.92,18,1166
F00146,Bahar Lojistik A.Ş.,4636685769995335,Bilişim ve Yazılım,Mersin,2019-02-18,204214.01,18,1336
F00147,Sahil Turizm A.Ş.,2285375570015881,Otomotiv,İstanbul,1999-12-18,345761.97,26,1488
F00148,Doruk Otomotiv A.Ş.,1634898871034100,Eğitim,Adana,2022-03-20,131726.1,7,968
F00149,Zirve Yapı Ltd. Şti.,8310021824560097,Gıda ve İçecek,Ankara,1998-12-14,104892.12,95,1162
F00150,Çınar Yazılım Ltd. Şti.,4772838159504692,Lojistik,İstanbul,2019-08-18,72206.35,18,1366
F00151,Çınar Yapı A.Ş.,0997936088876128,Lojistik,İstanbul,2013-09-14,216392.13,55,1564
F00152,Mavera Ticaret A.Ş.,1083617853156477,Tekstil,Konya,2019-01-09,149792.72,8,1249
F00153,Vadi Makine A.Ş.,6699311602106485,Bilişim ve Yazılım,Bursa,1995-07-02,702368.58,9,862
F00154,Aydın Enerji Ltd. Şti.,9132170659671650,Lojistik,Ankara,2000-10-11,254447.13,2,1900
F00155,Yıldız Lojistik A.Ş.,2433448663708695,Turizm ve Konaklama,Ankara,2007-12-03,92759.49,11,1405
F00156,Pusula Enerji A.Ş.,0363825594836968,Metal ve Makine,İstanbul,2012-08-03,195335.92,10,1526
F00157,Toprak Metal A.Ş.,8158978502827905,Tarım,İstanbul,2012-06-19,1438106.04,29,1843
F00158,Umut Yazılım A.Ş.,7785777595357287,Perakende Ticaret,Denizli,2017-10-30,84856.68,18,1446
F00159,Sahil Gıda A.Ş.,5894205717482558,Lojistik,İzmir,2005-06-20,394825.99,53,1333
F00160,Aydın Yazılım Ltd. Şti.,6183666819797122,Eğitim,İstanbul,2013-07-25,171775.95,22,866
F00161,Meridyen Ticaret Ltd. Şti.,4768444092829758,Finans ve Sigorta,İzmir,2014-08-05,206790.76,11,1123
F00162,Zirve Turizm A.Ş.,0486751562790672,İnşaat,İzmir,2001-07-29,858348.02,4,1197
F00163,Sahil Yazılım A.Ş.,8676432470363145,Otomotiv,İzmir,2002-01-07,370449.7,52,1396
F00164,Aydın Teknoloji A.Ş.,3518310734612125,Finans ve Sigorta,Konya,1995-05-11,751456.76,27,1437
F00165,Çınar Sistem A.Ş.,4406746988927130,Kimya,Kayseri,2008-09-11,80945.81,3,1341
F00166,Zirve İnşaat A.Ş.,3839493283580842,Eğitim,Konya,2009-12-19,147714.03,33,1623
F00167,Damla Gıda Ltd. Şti.,1673676051594791,Tarım,İzmir,2013-01-27,219022.1,4,1463
F00168,Anka Turizm Ltd. Şti.,7866586485011293,Tekstil,İzmir,1996-11-28,87575.42,6,1106
F00169,Kıvılcım Tarım A.Ş.,4688807551543056,Lojistik,Ankara,2017-12-19,230417.66,43,1398
F00170,Toros Lojistik Ltd. Şti.,2196177566444338,Sağlık,İzmir,2008-10-05,164795.31,2,1475
F00171,Kıvılcım Sistem Ltd. Şti.,6763944434597826,Bilişim ve Yazılım,Eskişehir,2011-03-23,113726.87,15,1293
F00172,Damla Makine Ltd. Şti.,8334100132422920,Otomotiv,Eskişehir,2016-11-02,674680.78,11,1382
F00173,Rüzgar Danışmanlık A.Ş.,1945413674058326,Metal ve Makine,İstanbul,2006-10-09,457861.43,110,1666
F00174,Nokta Turizm Ltd. Şti.,5865937349040797,Turizm ve Konaklama,İstanbul,2001-06-26,243417.48,13,1170
F00175,Toros Enerji Ltd. Şti.,1277643428947296,İnşaat,İzmir,2023-09-21,94372.47,7,1096
F00176,Deniz Grup Ltd. Şti.,7595293704181036,Lojistik,Antalya,2006-01-06,550567.71,4,1709
F00177,Deniz İnşaat A.Ş.,9472057153091738,Kimya,İstanbul,1996-10-06,613693.58,13,1400
F00178,Aydın Holding Ltd. Şti.,4631493635444152,Kimya,İstanbul,2019-08-28,145363.18,17,1726
F00179,Aydın Turizm A.Ş.,7601693436489377,Gıda ve İçecek,Ankara,2004-08-01,123813.03,2,1520
F00180,Pusula Ticaret A.Ş.,1796696236851859,Metal ve Makine,Ankara,1997-10-21,383387.91,4,1089
F00181,Doğuş Danışmanlık Ltd. Şti.,7715739186971263,Gıda ve İçecek,İstanbul,2013-08-14,104295.69,6,1302
F00182,Erguvan Tekstil Ltd. Şti.,7581363974263323,İnşaat,Kayseri,2011-12-09,200145.12,7,1100
F00183,Erguvan Yapı A.Ş.,5766760345030565,Lojistik,Adana,2007-07-27,208634.09,15,1305
F00184,Berrak Metal Ltd. Şti.,7588926192513981,Enerji,İzmir,2004-09-15,959851.37,22,922
F00185,Erguvan Tarım A.Ş.,1583290596415737,Gıda ve İçecek,Ankara,2019-04-20,477395.49,24,1269
F00186,Bahar Danışmanlık A.Ş.,6101255561350863,Otomotiv,Ankara,2016-09-03,51807.11,13,1397
F00187,Yörünge Kimya Ltd. Şti.,4164397607270574,Kimya,İstanbul,2009-09-26,78134.67,3,1283
F00188,Bumerang Tekstil Ltd. Şti.,6108503554021325,Tekstil,Antalya,2008-05-20,207651.21,8,1374
F00189,Bereket Yazılım A.Ş.,4014775532089273,Metal ve Makine,İstanbul,2012-11-07,79773.45,8,1559
F00190,Kıvılcım Enerji A.Ş.,0328843257718739,Eğitim,Konya,2017-08-02,182596.29,2,1168
F00191,Rüzgar Makine A.Ş.,0356750288444861,Finans ve Sigorta,Ankara,2001-10-02,82687.66,17,1495
F00192,Erguvan Teknoloji Ltd. Şti.,0293392876524515,Enerji,Konya,2017-06-11,43275.76,28,1066
F00193,Sahil Metal A.Ş.,0239675766207702,Enerji,İstanbul,2013-02-09,1491213.12,12,1026
F00194,Berrak İnşaat Ltd. Şti.,9982810588579721,Metal ve Makine,İstanbul,2013-11-06,76405.91,19,1282
F00195,Yıldız Yazılım Ltd. Şti.,1058835884114943,Otomotiv,İzmir,2010-06-14,241272.12,67,1190
F00196,Ege Turizm Ltd. Şti.,3154162529020593,Tarım,Mersin,2008-01-03,286633.35,55,1481
F00197,Berrak Metal Ltd. Şti.,7718680597468884,Perakende Ticaret,Ankara,2013-09-12,45831.96,22,1051
F00198,Bahar Enerji Ltd. Şti.,1241774609791541,Kimya,Gaziantep,1996-10-31,1261091.64,5,1900
F00199,Doğuş Lojistik Ltd. Şti.,2267016923788893,Turizm ve Konaklama,Trabzon,2013-04-02,1347974.41,6,1334
F00200,Zirve Endüstri Ltd. Şti.,6614831313480392,Metal ve Makine,Mersin,2006-08-07,614773.21,29,1532
F00201,Kıvılcım Grup Ltd. Şti.,7319675013318394,Bilişim ve Yazılım,Trabzon,2019-12-05,1063818.06,11,1289
F00202,Bumerang Endüstri Ltd. Şti.,5945950125118908,Bilişim ve Yazılım,Antalya,2000-12-02,183221.23,31,1509
F00203,Yörünge Metal A.Ş.,9765454952708857,Turizm ve Konaklama,İstanbul,2009-08-16,369687.02,29,712
F00204,Erguvan Holding Ltd. Şti.,3101150037143091,Enerji,İstanbul,2000-01-28,377405.58,16,1900
F00205,Ege Danışmanlık Ltd. Şti.,2902418082483773,İnşaat,Ankara,1995-03-01,49938.78,63,1350
F00206,Pusula Kimya A.Ş.,8270572591095496,Enerji,İstanbul,2020-08-14,459497.36,71,1568
F00207,Bahar Endüstri Ltd. Şti.,0024524075506037,Metal ve Makine,Bursa,2018-12-29,416818.07,17,1254
F00208,Cevher Danışmanlık A.Ş.,0101155712158858,Sağlık,Konya,2017-04-07,260058.52,6,1386
F00209,Meridyen Lojistik A.Ş.,3963314264210739,Bilişim ve Yazılım,Ankara,2021-04-06,20547.12,20,1363
F00210,Kıvılcım Lojistik Ltd. Şti.,5424330920359744,Kimya,Konya,1999-12-19,185382.38,16,969
F00211,Damla İnşaat Ltd. Şti.,1726188644683197,Otomotiv,Mersin,2023-12-20,2240471.73,12,1356
F00212,Meridyen Teknoloji A.Ş.,6572966148967500,Finans ve Sigorta,Adana,2004-12-29,92787.22,13,1816
F00213,Kaptan Metal A.Ş.,2137613592725099,Gıda ve İçecek,Antalya,2016-08-30,838615.7,31,1563
F00214,Deniz Yazılım A.Ş.,4177113048490002,Finans ve Sigorta,Eskişehir,1997-08-18,180882.55,3,1249
F00215,Bumerang Sistem Ltd. Şti.,4315277766944992,Gıda ve İçecek,Bursa,2004-12-28,207013.94,38,1492
F00216,Mavera Lojistik Ltd. Şti.,4740715576484863,Tekstil,İzmir,2002-07-28,1580959.79,44,1263
F00217,Berrak Yazılım Ltd. Şti.,2972616577743892,Gıda ve İçecek,İstanbul,2016-12-05,37248.16,53,1807
F00218,Vadi Tarım A.Ş.,2876876146318802,Tarım,İstanbul,2005-05-15,59704.77,60,1514
F00219,Pusula Yazılım A.Ş.,6821238179053740,Gıda ve İçecek,İstanbul,2016-08-05,320216.96,67,1803
F00220,Erguvan Yapı Ltd. Şti.,0210073354892901,Bilişim ve Yazılım,Eskişehir,1997-01-04,549335.17,21,1584
F00221,Yörünge Otomotiv A.Ş.,0633035897002993,Bilişim ve Yazılım,İstanbul,2008-06-02,172808.07,12,1129
F00222,Damla Otomotiv Ltd. Şti.,9968168341942961,Metal ve Makine,İstanbul,2005-01-05,186028.7,9,1209
F00223,Berrak Metal A.Ş.,7186868721804001,Perakende Ticaret,Ankara,2006-01-13,311894.78,9,1550
F00224,Yörünge Ticaret Ltd. Şti.,6448366495751027,Tarım,Konya,2020-03-23,45046.35,12,1439
F00225,Umut Sistem A.Ş.,4550507863254577,Metal ve Makine,İstanbul,1997-03-31,190671.6,11,924
F00226,Mavera Sistem A.Ş.,9663975145097106,Finans ve Sigorta,Bursa,2010-11-05,397172.04,25,1548
F00227,Bereket Enerji Ltd. Şti.,2405770504487593,Enerji,Antalya,2008-01-10,841212.65,16,1543
F00228,Kervan Grup A.Ş.,4824593543834143,Lojistik,İstanbul,2010-07-20,318602.59,26,926
F00229,Nokta Tarım A.Ş.,9275962900383372,Kimya,İzmir,2022-04-04,100414.4,65,661
F00230,Aydın Makine A.Ş.,6045178124181613,Enerji,Kayseri,2016-05-22,229993.03,43,1372
F00231,Yıldız Teknoloji Ltd. Şti.,2957059854625133,Bilişim ve Yazılım,İstanbul,2010-02-12,171869.0,15,1294
F00232,Meridyen Makine A.Ş.,0523662067195632,Gıda ve İçecek,Konya,2007-08-27,277599.43,6,1732
F00233,Kervan Danışmanlık A.Ş.,3571343401029034,Turizm ve Konaklama,Mersin,2001-11-05,1284129.24,11,912
F00234,Nokta Yapı Ltd. Şti.,5781567593447882,Tekstil,İstanbul,1999-07-31,150809.47,11,1551
F00235,Kıvılcım Kimya Ltd. Şti.,6057434688823019,Turizm ve Konaklama,Adana,2018-08-25,88537.85,6,1481
F00236,Rüzgar Grup Ltd. Şti.,1082032081563351,Lojistik,İstanbul,2001-09-10,753737.71,7,1000
F00237,Toros Makine Ltd. Şti.,0029785788867836,Sağlık,Bursa,2000-06-14,9944498.3,29,1319
F00238,Kaptan Metal A.Ş.,2920075188639307,Metal ve Makine,İstanbul,2008-08-17,697972.1,11,1660
F00239,Sahil Holding A.Ş.,3454520931655012,İnşaat,Gaziantep,2023-07-16,319762.09,14,1293
F00240,Bumerang Danışmanlık A.Ş.,9139574228926595,Lojistik,İstanbul,2012-06-25,54604.99,93,1117
F00241,Kervan Tekstil A.Ş.,3960843032483975,Gıda ve İçecek,Ankara,2005-04-20,60112.56,10,1111
F00242,Anka Teknoloji A.Ş.,0543403332049458,Gıda ve İçecek,Ankara,2012-10-15,253499.2,26,1698
F00243,Vadi Ticaret Ltd. Şti.,5548280087004986,Tarım,Ankara,2023-07-06,657502.47,9,1414
F00244,Umut Enerji A.Ş.,4190174006102093,Sağlık,Kayseri,2008-11-26,420276.02,2,1481
F00245,Pusula Makine A.Ş.,2635473929468739,Enerji,Mersin,2013-12-20,54012.5,103,1278
F00246,Kervan Holding A.Ş.,3437796641498761,Lojistik,İzmir,1997-06-26,218958.46,6,1211
F00247,Erguvan Enerji Ltd. Şti.,8336814856209257,Finans ve Sigorta,Eskişehir,2001-10-30,3273934.16,34,935
F00248,Kervan Tarım Ltd. Şti.,9435188418110656,Finans ve Sigorta,Samsun,2016-08-08,1403716.88,44,1315
F00249,Pusula Tarım Ltd. Şti.,4855096634827216,Kimya,Trabzon,2011-08-23,376008.35,13,1900
F00250,Yörünge Holding A.Ş.,3186361906771708,Otomotiv,İzmir,2019-04-08,111756.85,15,1271
F00251,Cevher Holding Ltd. Şti.,1227651020756186,İnşaat,Ankara,2013-08-17,55473.21,120,973
F00252,Toprak Grup Ltd. Şti.,4190221694664933,Sağlık,Ankara,2020-09-13,341855.05,2,1190
F00253,Bereket Yapı A.Ş.,8020732406920121,Tekstil,Antalya,2022-03-07,426840.51,5,1576
F00254,Mavera Ticaret A.Ş.,3654428176776918,Gıda ve İçecek,İstanbul,2022-04-03,199596.84,42,1808
F00255,Yörünge İnşaat A.Ş.,1825663893942357,Kimya,İstanbul,2023-06-27,140727.51,14,1455
F00256,Toros Grup Ltd. Şti.,5880720265340375,Otomotiv,Antalya,2023-04-02,530345.64,13,1457
F00257,Bahar Tarım A.Ş.,7590956079941173,Kimya,Adana,1997-07-03,205305.19,15,1789
F00258,Umut Yazılım Ltd. Şti.,0713659424956345,Tekstil,Konya,2004-09-14,546173.28,27,1616
F00259,Bahar Gıda Ltd. Şti.,7200699425139441,Sağlık,Ankara,1998-01-10,226570.25,18,1074
F00260,Ege Lojistik A.Ş.,2753909651261498,Lojistik,İstanbul,2019-12-04,1083479.76,1,1283
F00261,Doğuş Danışmanlık A.Ş.,0624395101040252,Perakende Ticaret,Antalya,1999-12-18,941270.25,3,1429
F00262,Damla Lojistik Ltd. Şti.,6486317336098013,Tarım,İzmir,2014-08-06,126900.29,9,1683
F00263,Bereket Gıda Ltd. Şti.,8202041316271218,Metal ve Makine,İstanbul,2006-06-25,333654.94,1,1017
F00264,Aydın Enerji A.Ş.,9719068724843573,Bilişim ve Yazılım,İstanbul,2015-06-30,784552.92,21,1900
F00265,Nokta Kimya Ltd. Şti.,0003506273036425,Lojistik,Ankara,1995-01-24,1708134.43,9,1900
F00266,Yıldız Holding A.Ş.,2108694570713131,Turizm ve Konaklama,İstanbul,2002-08-16,275661.14,5,1137
F00267,Çınar Grup A.Ş.,3814433206744976,Tekstil,Bursa,2002-04-18,22417.62,67,1878
F00268,Deniz Yapı A.Ş.,9783684751004502,Kimya,İstanbul,1997-02-04,87810.98,10,1428
F00269,Doğuş Grup A.Ş.,7515088816837976,Kimya,Ankara,2011-02-03,93303.38,2,1246
F00270,Bumerang Turizm Ltd. Şti.,4459067972774942,Perakende Ticaret,Konya,2003-02-14,188492.34,9,1466
F00271,Yörünge Endüstri Ltd. Şti.,9590786917275305,İnşaat,İstanbul,1999-09-02,1292994.78,9,1379
F00272,Ege Yapı A.Ş.,6685709431128665,Tarım,Mersin,2014-05-29,596931.46,23,1215
F00273,Sahil Tekstil Ltd. Şti.,6998254553857956,Tekstil,Ankara,2021-08-30,298347.69,23,1061
F00274,Toros Kimya A.Ş.,9460956442567787,Turizm ve Konaklama,Ankara,1999-09-15,1077218.61,56,1111
F00275,Pusula Otomotiv Ltd. Şti.,1945871692278913,Tarım,Samsun,2023-10-28,332048.73,25,1236
F00276,Bumerang Holding A.Ş.,9596874679384794,Gıda ve İçecek,Ankara,2006-08-16,455784.43,15,959
F00277,Yörünge Danışmanlık Ltd. Şti.,9230860468843868,İnşaat,Ankara,2019-10-08,444665.44,4,1519
F00278,Bahar Endüstri Ltd. Şti.,5251173094539377,Tarım,İstanbul,1996-02-23,128241.16,11,1811
F00279,Berrak Tarım Ltd. Şti.,1436316150112427,Finans ve Sigorta,Ankara,2001-03-14,463248.92,4,1005
F00280,Zirve Turizm Ltd. Şti.,3690904404397577,Sağlık,İstanbul,1996-06-30,138796.89,19,1507
F00281,Rüzgar Holding A.Ş.,9591670407118952,İnşaat,Adana,2002-03-08,106147.77,4,1322
F00282,Yörünge Otomotiv Ltd. Şti.,4620238331474445,Bilişim ve Yazılım,Gaziantep,1996-03-08,219685.87,116,1410
F00283,Aydın Enerji A.Ş.,6481706401725798,Finans ve Sigorta,Samsun,2008-12-23,1974208.49,4,838
F00284,Erguvan Holding A.Ş.,1615330170690796,Finans ve Sigorta,İstanbul,2014-01-09,78268.96,44,1900
F00285,Vadi Enerji Ltd. Şti.,3044111066785687,Gıda ve İçecek,İstanbul,1997-07-03,113505.05,8,1049
F00286,Bahar Sistem A.Ş.,1824190058564240,Kimya,Ankara,2011-12-14,36577.78,27,1466
F00287,Kaptan Grup Ltd. Şti.,7890116870094502,Bilişim ve Yazılım,Ankara,2020-02-08,271450.96,3,1801
F00288,Meridyen Holding Ltd. Şti.,1840588689462833,Bilişim ve Yazılım,İstanbul,2013-10-19,154246.55,22,963
F00289,Damla Kimya Ltd. Şti.,4924862347041654,Enerji,Samsun,2019-09-05,217601.85,18,1498
F00290,Bereket Tarım A.Ş.,7171477724014690,Lojistik,Ankara,2019-06-25,318097.56,22,1060
F00291,Meridyen Endüstri A.Ş.,0863995304588791,Turizm ve Konaklama,Adana,2012-11-04,333403.87,15,1397
F00292,Çınar Kimya A.Ş.,8706952049105748,Bilişim ve Yazılım,İstanbul,2005-09-08,290564.17,3,914
F00293,Kaptan İnşaat A.Ş.,7080245343662009,Perakende Ticaret,İstanbul,2002-08-26,23489.41,30,1648
F00294,Yıldız Teknoloji Ltd. Şti.,0153700324692610,Finans ve Sigorta,Trabzon,2020-08-06,678680.21,18,760
F00295,Doğuş Danışmanlık Ltd. Şti.,9746668325389727,Sağlık,Ankara,2002-09-21,86735.49,15,1440
F00296,Çınar Sistem Ltd. Şti.,6124172297808147,Tarım,Bursa,2012-03-16,210023.97,19,1403
F00297,Sahil Metal Ltd. Şti.,7764579705378450,Eğitim,Ankara,2005-04-22,306461.53,7,1694
F00298,Ege Tarım A.Ş.,2500975176420652,Sağlık,İstanbul,2008-05-18,167067.17,3,1078
F00299,Bereket İnşaat A.Ş.,0160736054455932,Bilişim ve Yazılım,İstanbul,2005-12-03,182898.6,36,1387
F00300,Berrak Holding Ltd. Şti.,1606712958016416,Bilişim ve Yazılım,Samsun,2005-11-21,218652.06,3,1545
F00301,Bumerang Yazılım Ltd. Şti.,5158995169884665,Perakende Ticaret,İzmir,2001-01-08,130986.9,12,1844
F00302,Kıvılcım Lojistik A.Ş.,9945247120130286,Perakende Ticaret,Eskişehir,2012-05-04,469601.46,2,779
F00303,Cevher Metal Ltd. Şti.,5544232420216975,Enerji,Adana,2014-01-04,250010.58,4,1504
F00304,Doğuş Endüstri Ltd. Şti.,9463995285012922,Otomotiv,Bursa,2004-07-22,281106.64,15,1187
F00305,Aydın Turizm Ltd. Şti.,1894811980946320,Metal ve Makine,Ankara,2013-12-04,1822139.69,231,1316
F00306,Yörünge Teknoloji A.Ş.,7492089186745612,İnşaat,Mersin,2005-05-30,395672.91,14,1250
F00307,Umut Yapı A.Ş.,1050519579438383,Otomotiv,Ankara,2010-10-18,107443.72,4,969
F00308,Mavera Yazılım Ltd. Şti.,0918611995540986,Bilişim ve Yazılım,Ankara,2005-05-23,419057.75,8,626
F00309,Toros Otomotiv A.Ş.,5898940126816590,Turizm ve Konaklama,Konya,2022-03-04,437724.08,12,1732
F00310,Ege Lojistik A.Ş.,2434279751977114,Gıda ve İçecek,Ankara,2002-07-08,404511.17,3,641
F00311,Zirve Gıda A.Ş.,5942299015826879,Metal ve Makine,Antalya,1996-04-21,121610.72,7,1682
F00312,Zirve Yazılım Ltd. Şti.,1918847022574014,Enerji,Konya,2011-07-09,265731.58,41,1002
F00313,Rüzgar Turizm Ltd. Şti.,9077071324676978,Tekstil,Trabzon,2000-09-04,775909.23,27,794
F00314,Deniz Tekstil Ltd. Şti.,4580747284589362,Lojistik,Denizli,1996-09-25,1149548.28,14,1517
F00315,Erguvan Kimya Ltd. Şti.,4211891535940882,Tarım,Bursa,2018-02-05,103633.33,48,1044
F00316,Berrak Holding Ltd. Şti.,9404652090825629,Sağlık,İzmir,2009-01-11,670179.74,30,1107
F00317,Rüzgar Makine A.Ş.,3508590693248140,Tekstil,Antalya,2011-11-12,2377858.76,16,1596
F00318,Doruk Ticaret Ltd. Şti.,0336636583456338,Enerji,Ankara,2015-03-07,50019.45,111,1032
F00319,Bahar Tarım A.Ş.,5643388856961881,Metal ve Makine,Samsun,2005-10-07,828502.45,4,1124
F00320,Çınar Ticaret A.Ş.,7060061294730276,Finans ve Sigorta,İzmir,2015-04-30,638980.65,37,1018
F00321,Kervan Kimya Ltd. Şti.,2571917627019827,Kimya,İstanbul,2012-04-20,890483.08,38,1118
F00322,Mavera Makine Ltd. Şti.,6702178938143572,Kimya,Kayseri,2003-12-26,1557375.13,3,1122
F00323,Pusula Yapı A.Ş.,8693409091777287,Finans ve Sigorta,İzmir,2022-04-06,454477.14,5,1479
F00324,Kervan Sistem Ltd. Şti.,6844128110106202,Gıda ve İçecek,İstanbul,2004-01-25,349823.38,11,1649
F00325,Kıvılcım Grup A.Ş.,1565675633181555,Eğitim,İstanbul,2021-07-23,208731.31,16,1743
F00326,Bumerang Tarım A.Ş.,0924830398990825,Gıda ve İçecek,Bursa,2004-09-24,640340.17,29,1055
F00327,Doğuş Ticaret Ltd. Şti.,2381770829230425,İnşaat,Konya,2022-09-27,477954.98,5,943
F00328,Berrak Danışmanlık Ltd. Şti.,3738428723869506,Perakende Ticaret,Mersin,2010-06-22,247984.87,5,1637
F00329,Toros İnşaat A.Ş.,9753703405298936,Bilişim ve Yazılım,Mersin,1997-06-17,657361.26,2,1061
F00330,Zirve Enerji Ltd. Şti.,0473875806511287,Kimya,Ankara,2001-02-21,53864.92,8,1536
F00331,Kaptan Otomotiv Ltd. Şti.,8551814505158981,Kimya,Ankara,2018-12-23,205557.91,7,1790
F00332,Pusula Turizm Ltd. Şti.,9161540238724527,Metal ve Makine,İstanbul,2010-02-23,21261.58,46,1236
F00333,Bahar Enerji A.Ş.,9506445482447027,Eğitim,İstanbul,2020-03-27,246244.47,7,1862
F00334,Deniz İnşaat Ltd. Şti.,3143133517204577,Gıda ve İçecek,Adana,2012-12-15,69280.84,13,1558
F00335,Mavera Grup Ltd. Şti.,1398805170336332,İnşaat,Konya,1998-01-26,45610.67,5,1283
F00336,Yörünge Ticaret Ltd. Şti.,9999402027262356,Gıda ve İçecek,Gaziantep,2017-06-18,101181.22,5,1295
F00337,Zirve Endüstri A.Ş.,0961412574210894,Perakende Ticaret,Mersin,1996-04-14,548278.95,9,1723
F00338,Aydın Ticaret A.Ş.,5689364952760690,Otomotiv,İstanbul,2004-04-25,89542.3,3,1887
F00339,Aydın Kimya A.Ş.,2865174404893637,Otomotiv,Ankara,2003-06-24,130124.38,3,787
F00340,Nokta Kimya Ltd. Şti.,6352897469813591,Sağlık,Denizli,2003-02-17,875555.48,9,1323
F00341,Sahil Enerji Ltd. Şti.,3576313142212767,Tarım,Adana,1997-12-31,225230.17,37,1346
F00342,Anka İnşaat A.Ş.,4916663407029955,Perakende Ticaret,İstanbul,1997-01-26,3535831.88,15,1718
F00343,Bahar Makine Ltd. Şti.,7778822154344912,Tekstil,Eskişehir,2007-12-09,650673.88,12,1223
F00344,Bumerang Tarım Ltd. Şti.,6948358705940872,Finans ve Sigorta,Samsun,2013-08-06,386605.6,22,1228
F00345,Ege Holding A.Ş.,1409236998274817,Enerji,Mersin,1995-02-03,322214.5,46,1900
F00346,Ege Ticaret Ltd. Şti.,9147426940451123,Gıda ve İçecek,İstanbul,2016-12-15,686805.39,86,1211
F00347,Bahar Grup A.Ş.,5114904471498525,Kimya,Trabzon,1998-11-18,580747.0,51,1131
F00348,Mavera Otomotiv Ltd. Şti.,7611781948780025,İnşaat,İstanbul,2015-08-10,157290.69,76,1035
F00349,Toros Metal Ltd. Şti.,7920877585221647,Turizm ve Konaklama,Bursa,2023-04-30,61374.94,62,1687
F00350,Çınar Lojistik Ltd. Şti.,3876233143275545,Finans ve Sigorta,İzmir,2013-05-13,431633.56,12,1268
F00351,Yıldız Teknoloji A.Ş.,3770416901769393,Bilişim ve Yazılım,İzmir,2020-11-25,365910.4,65,1471
F00352,Kervan Teknoloji Ltd. Şti.,7870334362341354,Perakende Ticaret,Antalya,2005-11-01,2909975.42,5,1394
F00353,Toprak Turizm A.Ş.,3949142915347721,Perakende Ticaret,Gaziantep,2021-08-16,178017.2,4,1264
F00354,Çınar Lojistik A.Ş.,3512247680636282,Enerji,İzmir,2004-10-29,424667.69,22,1900
F00355,Umut Makine A.Ş.,6658223703459221,Gıda ve İçecek,İzmir,2006-12-25,447268.43,42,1419
F00356,Nokta Tekstil Ltd. Şti.,9530962833813652,Tarım,Antalya,2023-10-14,1699528.06,148,1559
F00357,Kıvılcım Endüstri Ltd. Şti.,2181994562955652,Otomotiv,İzmir,2002-01-21,90045.92,7,1484
F00358,Erguvan Ticaret A.Ş.,6032057843306033,Enerji,İzmir,2022-03-28,443364.65,27,1538
F00359,Bahar Teknoloji Ltd. Şti.,6224025641570723,Otomotiv,Ankara,2018-07-04,270406.97,7,1520
F00360,Doruk Gıda A.Ş.,3549426452350537,Otomotiv,Ankara,2016-01-26,2064680.59,37,1560
F00361,Toros Turizm A.Ş.,0040180184262717,Otomotiv,Antalya,2011-04-02,832779.03,9,1247
F00362,Ege Lojistik A.Ş.,9294550600163539,Gıda ve İçecek,İstanbul,2015-09-09,117881.64,11,1273
F00363,Cevher Gıda Ltd. Şti.,3947861433909776,Gıda ve İçecek,İstanbul,2014-11-04,1013684.44,8,1159
F00364,Deniz Metal Ltd. Şti.,9763912787498242,Enerji,Denizli,2003-11-16,2273508.74,8,1446
F00365,Sahil Grup A.Ş.,7793556339547340,Turizm ve Konaklama,İzmir,2005-06-27,440847.86,4,1608
F00366,Zirve İnşaat Ltd. Şti.,2208565370255562,Turizm ve Konaklama,Gaziantep,2019-03-19,540814.14,63,1124
F00367,Pusula Makine Ltd. Şti.,7224391130240528,Tekstil,Ankara,2023-09-13,299251.12,14,1479
F00368,Mavera Endüstri Ltd. Şti.,5042249170018077,Otomotiv,Kayseri,2008-01-16,54172.23,15,972
F00369,Bumerang Turizm Ltd. Şti.,7776907336238474,Metal ve Makine,İstanbul,2013-03-03,397984.16,1,754
F00370,Bumerang Yazılım A.Ş.,7057470980888059,Turizm ve Konaklama,Bursa,2005-01-08,660269.65,7,1031
F00371,Erguvan Yapı Ltd. Şti.,6719670310882944,Metal ve Makine,İzmir,2012-04-05,1085911.39,18,1661
F00372,Kaptan Endüstri A.Ş.,6618779899890976,İnşaat,İstanbul,2017-02-02,223492.63,196,1146
F00373,Umut Gıda A.Ş.,7239088800928094,Gıda ve İçecek,İzmir,2021-07-05,1828387.71,12,903
F00374,Bereket İnşaat Ltd. Şti.,5316899777699589,Otomotiv,İzmir,2010-08-24,456403.98,18,1084
F00375,Anka Lojistik A.Ş.,1480017877866203,Tarım,Bursa,2016-12-30,97300.44,13,1504
F00376,Kaptan Holding A.Ş.,0727834656810531,Kimya,Konya,2017-10-14,17716.83,38,1251
F00377,Kıvılcım Turizm A.Ş.,3010245421650274,Perakende Ticaret,İstanbul,2019-07-25,62011.66,34,1392
F00378,Anka Sistem Ltd. Şti.,9285243280458789,Metal ve Makine,İstanbul,2019-04-10,1022521.66,20,1399
F00379,Sahil Kimya Ltd. Şti.,3526585026236623,Metal ve Makine,Samsun,2000-11-27,226839.29,21,1275
F00380,Mavera Lojistik Ltd. Şti.,8662430630382194,Finans ve Sigorta,İzmir,2014-11-16,105047.74,24,1356
F00381,Damla Tarım Ltd. Şti.,5099364313173015,Tarım,İstanbul,2008-03-01,278430.68,40,1365
F00382,Rüzgar Sistem Ltd. Şti.,4033878218841093,Finans ve Sigorta,İstanbul,2012-12-10,272811.76,7,1529
F00383,Bereket Yazılım Ltd. Şti.,8038833013831698,Bilişim ve Yazılım,Ankara,2004-02-10,394277.68,33,1226
F00384,Ege Tekstil Ltd. Şti.,3439621177001822,Gıda ve İçecek,Konya,1998-12-07,162170.14,29,1475
F00385,Berrak Kimya A.Ş.,2099426818485563,Kimya,Konya,1999-11-21,99028.21,49,890
F00386,Deniz Metal A.Ş.,2265670100638149,Finans ve Sigorta,İzmir,1999-05-03,635846.99,3,1875
F00387,Aydın Metal A.Ş.,6349788473551746,Kimya,Ankara,2022-08-28,49066.92,42,1375
F00388,Doruk Gıda Ltd. Şti.,2189675392355540,Metal ve Makine,İstanbul,2008-04-02,179285.93,16,1589
F00389,Mavera Tarım Ltd. Şti.,7559278471630829,Enerji,Bursa,2012-10-17,99226.41,5,1594
F00390,Deniz Turizm A.Ş.,3064280720803221,Gıda ve İçecek,Gaziantep,2022-02-06,41024.42,7,1900
F00391,Erguvan Otomotiv Ltd. Şti.,7392564863222546,Otomotiv,Kayseri,2021-10-20,92520.52,42,1224
F00392,Anka Endüstri A.Ş.,7732547535405584,Perakende Ticaret,Ankara,2015-12-19,469747.06,25,1738
F00393,Nokta Holding A.Ş.,4249219509211835,İnşaat,Samsun,2000-11-13,215285.6,98,1151
F00394,Kıvılcım İnşaat A.Ş.,6978857534824238,Perakende Ticaret,Trabzon,2014-09-10,347195.21,17,1063
F00395,Yıldız Endüstri Ltd. Şti.,3719819761598585,Otomotiv,İzmir,2010-11-05,195935.44,15,1270
F00396,Sahil Gıda Ltd. Şti.,2751027694179490,Kimya,İstanbul,2006-09-25,3933406.34,5,1753
F00397,Deniz Lojistik A.Ş.,2923828515384091,Gıda ve İçecek,İstanbul,2010-10-21,688386.54,13,1140
F00398,Zirve İnşaat A.Ş.,4737972906759788,Metal ve Makine,Adana,2012-06-10,115256.94,8,864
F00399,Pusula Lojistik A.Ş.,6479281634445432,Finans ve Sigorta,Gaziantep,2020-09-09,88981.88,3,1713
F00400,Umut Otomotiv A.Ş.,4903790552441266,İnşaat,İzmir,2014-01-26,529828.49,29,1504
F00401,Nokta Endüstri A.Ş.,0063502742672500,İnşaat,Adana,2013-03-19,322437.43,58,1144
F00402,Aydın Tarım Ltd. Şti.,8708965094593654,İnşaat,İstanbul,2012-08-30,301744.71,28,931
F00403,Toprak Holding Ltd. Şti.,1874421375412391,Tekstil,Kayseri,2015-04-13,8090877.79,13,1442
F00404,Nokta İnşaat A.Ş.,1841636844618485,Bilişim ve Yazılım,İzmir,2023-12-17,1069354.59,33,1411
F00405,Rüzgar Grup Ltd. Şti.,7073623398882261,Turizm ve Konaklama,Mersin,2013-03-23,309632.81,2,1071
F00406,Doğuş Danışmanlık A.Ş.,1248687338234732,Lojistik,Bursa,2007-04-14,473985.13,20,1766
F00407,Ege Yapı Ltd. Şti.,3672423062724607,Enerji,Antalya,2006-11-22,235025.39,3,1627
F00408,Yörünge Yazılım A.Ş.,6282835974022734,Sağlık,İstanbul,2018-07-07,1302372.66,33,1350
F00409,Zirve Metal Ltd. Şti.,3709802298008287,İnşaat,Kayseri,2022-03-27,846465.44,415,1362
F00410,Toprak Gıda Ltd. Şti.,3256422324699340,İnşaat,İstanbul,2009-02-04,63391.79,7,1515
F00411,Kaptan Enerji Ltd. Şti.,2310958080644565,Finans ve Sigorta,İstanbul,2001-02-14,45922.72,15,1514
F00412,Pusula Holding Ltd. Şti.,4621284223837458,Turizm ve Konaklama,İstanbul,2008-05-31,1452263.47,49,1587
F00413,Toros Lojistik Ltd. Şti.,0704537008661118,Tarım,Ankara,2010-06-06,24860.94,33,1611
F00414,Umut Holding A.Ş.,1425599172949436,Eğitim,Gaziantep,1999-04-04,355591.83,2,1076
F00415,Vadi Yapı A.Ş.,6783882495763529,Enerji,Gaziantep,1995-07-11,74346.73,1,1309
F00416,Meridyen Turizm Ltd. Şti.,2932688645618582,Lojistik,Antalya,2005-03-24,111568.68,185,1349
F00417,Pusula Makine A.Ş.,4736899856995099,Kimya,İstanbul,2012-06-29,1113622.16,2,1150
F00418,Nokta Metal A.Ş.,8816713290196410,Finans ve Sigorta,Bursa,2023-02-04,298518.64,5,1273
F00419,Zirve Turizm Ltd. Şti.,3990558270149019,Finans ve Sigorta,Bursa,2002-05-29,211135.21,10,1900
F00420,Rüzgar Yazılım A.Ş.,0109109891938702,İnşaat,Denizli,2004-08-23,406788.6,21,1489
F00421,Meridyen Otomotiv Ltd. Şti.,2548685572763518,Lojistik,İzmir,2010-07-19,526438.09,12,1303
F00422,Cevher Enerji A.Ş.,4213951366776095,Tekstil,İstanbul,2016-10-19,322383.68,42,1737
F00423,Vadi Metal Ltd. Şti.,8253638752788751,İnşaat,İstanbul,2018-01-09,205985.63,29,1269
F00424,Kıvılcım Teknoloji A.Ş.,9094933672850071,Metal ve Makine,İstanbul,2013-04-07,278523.47,8,1345
F00425,Bumerang Otomotiv Ltd. Şti.,7444383812487825,Kimya,Bursa,2014-09-04,1173455.15,14,1440
F00426,Toprak Otomotiv Ltd. Şti.,8528574278416348,Enerji,İstanbul,1995-10-06,54614.81,9,1327
F00427,Vadi Makine Ltd. Şti.,9974270379946310,Bilişim ve Yazılım,Ankara,2009-10-18,107790.22,13,1271
F00428,Damla Enerji Ltd. Şti.,1960393223983411,İnşaat,Trabzon,2011-07-02,293019.79,15,1041
F00429,Nokta Danışmanlık Ltd. Şti.,4086738504720096,Gıda ve İçecek,Bursa,2004-08-18,173065.95,14,1755
F00430,Bahar Holding Ltd. Şti.,5258769864598956,İnşaat,İstanbul,2002-02-12,355895.02,6,1447
F00431,Nokta Turizm A.Ş.,5032040616225251,Perakende Ticaret,İstanbul,1998-12-12,1755569.35,33,1564
F00432,Rüzgar İnşaat A.Ş.,9905229407742888,Turizm ve Konaklama,Konya,2005-08-05,596091.34,56,1650
F00433,Kıvılcım Ticaret A.Ş.,1174418382616148,Gıda ve İçecek,Ankara,2019-05-22,500536.81,39,1075
F00434,Aydın Yazılım A.Ş.,6548253563936957,Sağlık,İstanbul,2014-11-04,51405.9,15,1420
F00435,Aydın Metal Ltd. Şti.,3160137789829349,Bilişim ve Yazılım,İzmir,2009-09-02,147517.04,30,841
F00436,Rüzgar Lojistik A.Ş.,5727681341042770,Tarım,Ankara,2000-06-17,149007.29,8,909
F00437,Meridyen Metal Ltd. Şti.,9799429733886438,Gıda ve İçecek,Eskişehir,1997-11-19,1389152.08,3,1133
F00438,Aydın İnşaat Ltd. Şti.,5083813762262424,Eğitim,Ankara,2011-09-06,728525.37,25,1067
F00439,Mavera Turizm A.Ş.,8710195440303609,Lojistik,Ankara,1999-10-26,568489.5,17,1900
F00440,Bumerang Metal Ltd. Şti.,6238356998759849,Kimya,İstanbul,1995-12-22,418459.11,11,1143
F00441,Vadi Teknoloji Ltd. Şti.,1204975974016539,Tarım,Antalya,2016-12-23,118341.8,5,1811
F00442,Berrak Metal Ltd. Şti.,6084736012398090,Sağlık,İzmir,2008-04-03,273694.26,23,1854
F00443,Zirve Teknoloji Ltd. Şti.,0518145282424912,İnşaat,İstanbul,2011-06-07,20044.09,48,1344
F00444,Kıvılcım Makine A.Ş.,1438120435414314,Enerji,İstanbul,2000-08-30,433026.07,5,1173
F00445,Zirve Tarım Ltd. Şti.,7171099899505397,Tarım,Denizli,1997-06-06,459424.77,146,1700
F00446,Meridyen Yapı Ltd. Şti.,4621271879082253,Metal ve Makine,İstanbul,1998-09-25,1079571.99,11,1219
F00447,Kaptan Teknoloji Ltd. Şti.,5187211645393107,Bilişim ve Yazılım,Ankara,2013-10-11,113676.79,8,784
F00448,Damla Otomotiv A.Ş.,7061332922373348,Bilişim ve Yazılım,İstanbul,1997-11-27,120884.25,7,1347
F00449,Kıvılcım Tekstil Ltd. Şti.,7244617092083765,Finans ve Sigorta,Antalya,2019-03-27,310185.29,19,1395
F00450,Umut Holding Ltd. Şti.,0683546330926507,Eğitim,Trabzon,2005-01-17,141550.61,1,1137
F00451,Nokta Holding A.Ş.,7652642824572237,Metal ve Makine,Gaziantep,2010-07-28,92069.99,21,1672
F00452,Cevher Turizm A.Ş.,9328468980210564,Finans ve Sigorta,Antalya,2008-04-11,753457.71,28,1359
F00453,Deniz Holding A.Ş.,4798678055870692,Enerji,Kayseri,2003-03-06,151122.93,6,947
F00454,Anka Holding Ltd. Şti.,8056089441098654,Tarım,İzmir,2021-05-11,798938.36,11,1026
F00455,Toprak Yapı Ltd. Şti.,6465815467930423,Kimya,Bursa,2017-03-28,108105.13,5,1412
F00456,Aydın Holding A.Ş.,9813889329896777,Metal ve Makine,Bursa,2012-07-05,868232.34,9,724
F00457,Toprak Danışmanlık Ltd. Şti.,1428561557445924,Perakende Ticaret,İstanbul,2010-10-11,217923.99,11,1332
F00458,Kervan Yazılım Ltd. Şti.,2235413786032613,Finans ve Sigorta,İzmir,2022-07-21,134563.67,16,1419
F00459,Vadi Metal A.Ş.,2206255065577328,İnşaat,İstanbul,2020-11-23,261107.28,20,1199
F00460,Bereket Sistem Ltd. Şti.,7925154852345115,Perakende Ticaret,İstanbul,2002-09-13,157118.53,53,1567
F00461,Meridyen Metal Ltd. Şti.,9026684860346775,Enerji,İzmir,2023-12-04,666396.87,45,1557
F00462,Erguvan Gıda Ltd. Şti.,2622906405840207,İnşaat,Ankara,2004-02-22,745065.6,2,1299
F00463,Bahar Turizm Ltd. Şti.,1615438405305275,Enerji,Eskişehir,2011-09-27,219478.53,72,1678
F00464,Deniz Teknoloji A.Ş.,0147463819087586,Kimya,Bursa,2006-12-07,134122.69,19,1450
F00465,Deniz Enerji A.Ş.,7853935780070143,Tarım,Antalya,2022-12-03,442309.25,4,1418
F00466,Berrak Lojistik Ltd. Şti.,1833419983237165,Lojistik,İstanbul,2013-06-25,208779.41,17,1182
F00467,Sahil Makine Ltd. Şti.,2399898267007959,Kimya,İstanbul,1998-09-27,140988.06,43,1084
F00468,Nokta Tekstil Ltd. Şti.,1127019164330646,Kimya,İstanbul,2020-12-06,91534.4,12,1168
F00469,Deniz Enerji A.Ş.,6438139809685466,Lojistik,Adana,2010-01-23,101363.52,14,948
F00470,Vadi Teknoloji Ltd. Şti.,1851886125921100,Tekstil,Kayseri,2019-08-14,88542.82,105,1537
F00471,Damla Tarım A.Ş.,5213011713009674,Metal ve Makine,Denizli,2011-03-26,118040.18,20,1570
F00472,Yörünge Tarım Ltd. Şti.,6561171646999326,Turizm ve Konaklama,İstanbul,2018-01-13,801191.97,11,1620
F00473,Aydın Gıda A.Ş.,5001582385192599,Gıda ve İçecek,Adana,2009-01-21,28501.41,4,1359
F00474,Ege Kimya Ltd. Şti.,1386919399815404,Finans ve Sigorta,Ankara,2001-08-14,385615.83,5,1477
F00475,Bereket Sistem A.Ş.,6665569434058841,Kimya,İstanbul,2008-12-12,135100.7,10,1707
F00476,Aydın Otomotiv A.Ş.,0868306877492493,Tekstil,İstanbul,2010-03-01,729293.29,4,992
F00477,Doğuş Yapı Ltd. Şti.,7656548797256268,Lojistik,İstanbul,2010-07-15,170707.91,13,1202
F00478,Umut Tarım A.Ş.,9674654992629460,Sağlık,Bursa,2017-12-07,842986.89,19,1521
F00479,Zirve Yapı A.Ş.,7656633400486437,Sağlık,Bursa,2011-06-22,66623.14,43,553
F00480,Kıvılcım Holding Ltd. Şti.,1334910503507223,Sağlık,Konya,2008-05-06,671628.74,34,1270
F00481,Nokta Holding Ltd. Şti.,3181030252617905,Finans ve Sigorta,İzmir,2002-04-22,1088380.36,12,1418
F00482,Çınar Makine Ltd. Şti.,2770872449121845,İnşaat,Gaziantep,2010-05-15,389836.1,325,1731
F00483,Umut Lojistik A.Ş.,6510075677386783,Metal ve Makine,İstanbul,1996-10-09,580267.41,5,1443
F00484,Doğuş Lojistik Ltd. Şti.,7947480382910549,İnşaat,İstanbul,2000-05-20,109706.46,30,1370
F00485,Toros Yazılım Ltd. Şti.,6029082453000010,Metal ve Makine,İstanbul,2014-05-18,77887.92,14,1145
F00486,Sahil Teknoloji A.Ş.,5906447172649069,İnşaat,Ankara,2019-05-27,316898.83,5,1336
F00487,Çınar Danışmanlık Ltd. Şti.,2231400080021239,Lojistik,İzmir,2023-11-25,612630.25,12,1282
F00488,Toprak Danışmanlık A.Ş.,6129486103778579,Tekstil,Bursa,2008-08-11,335576.04,27,1067
F00489,Cevher İnşaat Ltd. Şti.,4798246125556670,Finans ve Sigorta,İzmir,2019-11-03,357439.63,50,1572
F00490,Pusula Turizm A.Ş.,5374586782156496,Perakende Ticaret,Gaziantep,2005-01-31,285937.79,25,1535
F00491,Bahar Tekstil Ltd. Şti.,8856919623132312,Gıda ve İçecek,İstanbul,1996-10-18,614744.01,1,843
F00492,Vadi Yazılım Ltd. Şti.,0458809790346163,Tarım,Adana,1998-08-22,810423.37,2,1430
F00493,Bumerang Makine Ltd. Şti.,2984955449858917,Metal ve Makine,Adana,2010-08-15,182179.07,4,1414
F00494,Erguvan Teknoloji A.Ş.,4169073701146346,Kimya,Eskişehir,1999-10-01,334749.19,111,1212
F00495,Doğuş Endüstri Ltd. Şti.,5404914739465408,İnşaat,Denizli,2007-07-16,1308145.62,19,1129
F00496,Sahil Endüstri A.Ş.,2376627418675648,Enerji,Bursa,2017-07-10,646398.27,23,1410
F00497,Umut Teknoloji Ltd. Şti.,7298457952814251,Kimya,Samsun,1997-09-07,359663.77,7,1152
F00498,Anka Ticaret Ltd. Şti.,7210233351458402,Perakende Ticaret,Eskişehir,2003-08-06,618706.56,10,1375
F00499,Umut Gıda Ltd. Şti.,8840896210611826,Lojistik,İstanbul,2015-08-25,365055.16,17,971
F00500,Bereket Endüstri Ltd. Şti.,0176273106264969,Tarım,Konya,1996-03-18,1104471.28,15,1339
F00501,Umut Grup Ltd. Şti.,6341493756217028,Eğitim,Ankara,2011-05-25,431028.98,17,1630
F00502,Toros Yazılım A.Ş.,4163526869111558,Kimya,İzmir,2014-09-03,484940.77,27,1805
F00503,Ege Yazılım A.Ş.,5008387558642272,Tarım,İstanbul,2004-04-02,709266.77,11,1063
F00504,Damla Danışmanlık Ltd. Şti.,4272372320435512,Lojistik,İzmir,2003-02-10,1680459.33,10,1258
F00505,Aydın Turizm A.Ş.,4578598635108013,Bilişim ve Yazılım,Gaziantep,2015-07-10,39719.62,18,1444
F00506,Umut Sistem Ltd. Şti.,0708692874419397,Metal ve Makine,Adana,2010-11-21,50684.41,21,1250
F00507,Deniz Tarım A.Ş.,2362665265599451,Gıda ve İçecek,Samsun,2008-04-22,5174982.46,7,1269
F00508,Aydın Danışmanlık Ltd. Şti.,5737673687817748,İnşaat,Adana,2014-03-04,102513.13,48,1216
F00509,Ege Tekstil A.Ş.,1169152894148772,Enerji,İstanbul,2001-06-12,120884.94,27,985
F00510,Çınar Turizm A.Ş.,0520100181714663,Bilişim ve Yazılım,Ankara,2012-06-20,533717.31,79,1569
F00511,Bereket İnşaat Ltd. Şti.,4716329268177524,Metal ve Makine,Konya,2018-08-04,541277.92,32,1900
F00512,Berrak Turizm A.Ş.,0104128696386378,İnşaat,İstanbul,2003-05-24,1015491.57,20,1599
F00513,Nokta Turizm Ltd. Şti.,2930515265342248,İnşaat,İstanbul,2017-04-13,101262.51,29,1026
F00514,Kaptan Enerji Ltd. Şti.,9750916696865470,Sağlık,İstanbul,2000-11-02,179203.15,1,1430
F00515,Yıldız Grup Ltd. Şti.,0175893296571288,Tekstil,Eskişehir,2001-10-05,132156.33,40,1517
F00516,Ege İnşaat Ltd. Şti.,1370109504069409,Turizm ve Konaklama,Konya,2022-12-25,924035.24,4,1549
F00517,Erguvan Endüstri A.Ş.,4646573639550328,Gıda ve İçecek,İzmir,2000-06-17,2720814.87,28,1637
F00518,Mavera Sistem Ltd. Şti.,6114351713925730,Otomotiv,Denizli,2006-02-16,323371.61,7,1628
F00519,Yörünge Gıda A.Ş.,4369625248973205,Finans ve Sigorta,Antalya,2006-08-18,51190.48,8,868
F00520,Meridyen Turizm Ltd. Şti.,4690384692042558,Sağlık,İstanbul,2013-10-25,123744.96,25,1551
F00521,Anka Lojistik Ltd. Şti.,5817365189940424,Perakende Ticaret,Bursa,2016-03-15,283794.33,15,834
F00522,Anka Ticaret Ltd. Şti.,3714657879297423,Bilişim ve Yazılım,İzmir,2012-06-13,178114.43,6,1202
F00523,Yörünge Danışmanlık A.Ş.,9120745571271730,Bilişim ve Yazılım,İzmir,2001-04-28,518936.34,5,1218
F00524,Cevher Yazılım Ltd. Şti.,8260909289846154,Finans ve Sigorta,Samsun,1995-01-14,27017.06,10,1073
F00525,Doğuş Sistem Ltd. Şti.,8880400490228002,Sağlık,Bursa,2006-12-22,292764.33,5,1431
F00526,Doğuş Otomotiv A.Ş.,3466835748987787,Lojistik,İstanbul,2016-11-24,228855.4,71,1549
F00527,Meridyen Metal Ltd. Şti.,1177324320175447,Eğitim,Adana,2011-10-22,35468.43,3,1326
F00528,Bahar Lojistik A.Ş.,2288589150482960,İnşaat,Adana,2002-09-19,96487.36,1,1642
F00529,Erguvan Turizm Ltd. Şti.,4708619630358584,Lojistik,Kayseri,2017-12-10,592583.11,22,1217
F00530,Sahil Tarım Ltd. Şti.,9897334442903069,Bilişim ve Yazılım,Kayseri,2008-11-28,429528.96,6,1461
F00531,Mavera Otomotiv Ltd. Şti.,8903265555942214,Sağlık,Adana,2001-04-07,97475.71,61,928
F00532,Damla Teknoloji Ltd. Şti.,8184664603438452,Bilişim ve Yazılım,Gaziantep,2019-11-07,1040812.5,13,1253
F00533,Zirve Teknoloji A.Ş.,0698288118203535,Lojistik,Ankara,1998-12-08,322449.95,28,1810
F00534,Kıvılcım Turizm A.Ş.,5101693753998157,Metal ve Makine,İstanbul,2000-12-26,378683.99,5,1416
F00535,Nokta Tarım Ltd. Şti.,9486287577424519,Bilişim ve Yazılım,Ankara,2005-11-01,1979733.03,51,1672
F00536,Deniz Sistem A.Ş.,7942466495389248,Metal ve Makine,Kayseri,1997-01-22,643872.32,27,1747
F00537,Sahil Enerji Ltd. Şti.,4769081984076937,Sağlık,Antalya,2016-10-07,162382.24,3,1330
F00538,Yıldız Enerji Ltd. Şti.,1918300237139261,Eğitim,İstanbul,2000-09-15,109169.86,4,1093
F00539,Mavera Enerji A.Ş.,6935273360226395,Otomotiv,İzmir,2010-02-05,4130236.87,15,1508
F00540,Çınar Kimya A.Ş.,0851902096721059,İnşaat,Bursa,2007-09-25,69940.55,2,992
F00541,Bereket Kimya Ltd. Şti.,0920640523691846,Perakende Ticaret,İzmir,2015-11-20,1305393.58,18,1579
F00542,Pusula İnşaat Ltd. Şti.,0139339291343657,Bilişim ve Yazılım,Bursa,2010-11-27,604660.63,7,1816
F00543,Pusula Lojistik Ltd. Şti.,7893908822016796,Sağlık,Ankara,2000-09-20,133774.61,54,1532
F00544,Kıvılcım İnşaat Ltd. Şti.,1780188296193263,Finans ve Sigorta,İzmir,2003-02-12,37498.28,6,864
F00545,Aydın Lojistik A.Ş.,7091187873002238,Lojistik,Ankara,1998-12-05,964736.56,13,731
F00546,Umut Lojistik Ltd. Şti.,5217900618472158,Lojistik,İzmir,2008-01-06,405680.66,7,954
F00547,Rüzgar Yazılım Ltd. Şti.,1625300004615864,Finans ve Sigorta,İzmir,2015-01-03,1699360.26,14,1311
F00548,Yörünge Turizm Ltd. Şti.,1169622421236968,Lojistik,İzmir,2009-11-01,172928.37,2,918
F00549,Kıvılcım Metal A.Ş.,3443909378453759,Bilişim ve Yazılım,Ankara,1997-12-01,1102850.18,8,1406
F00550,Toprak Makine A.Ş.,4318756051837345,Perakende Ticaret,Ankara,2013-06-22,28317.53,3,1492
F00551,Bahar Gıda A.Ş.,4422930645241516,Enerji,İstanbul,2003-11-18,406558.43,77,1802
F00552,Bereket Otomotiv A.Ş.,6160769331244653,Kimya,Bursa,2023-08-21,208192.4,21,1305
F00553,Rüzgar Enerji Ltd. Şti.,7460941343662986,Enerji,Bursa,2019-06-25,2572248.05,42,1450
F00554,Meridyen Metal A.Ş.,8790353614137187,Gıda ve İçecek,Ankara,2008-11-15,334514.08,57,1573
F00555,Zirve Otomotiv Ltd. Şti.,9861972176228430,Enerji,İstanbul,2002-02-15,1490304.2,1,1448
F00556,Ege Tarım A.Ş.,5983557769961969,Sağlık,Mersin,2008-05-18,152210.8,77,1863
F00557,Erguvan Sistem Ltd. Şti.,0963822055621203,Tarım,Konya,2006-01-10,278206.63,62,1900
F00558,Mavera Holding A.Ş.,8672967668061903,Enerji,İstanbul,2007-01-06,291223.8,159,1390
F00559,Yıldız Endüstri A.Ş.,2010183720751102,Tekstil,Bursa,2011-06-19,211933.32,32,1293
F00560,Doruk Teknoloji A.Ş.,1308264635600159,Enerji,Konya,2014-02-16,294747.33,55,1405
F00561,Cevher Yazılım A.Ş.,8123297571937361,Otomotiv,Denizli,2015-10-07,41584.4,19,1191
F00562,Damla Grup Ltd. Şti.,0451020297089265,Finans ve Sigorta,İstanbul,1997-08-17,695091.15,27,1841
F00563,Deniz Tarım A.Ş.,0882202671411880,Tekstil,İstanbul,2004-03-11,728166.88,40,1199
F00564,Vadi Turizm Ltd. Şti.,1971361745149774,Enerji,İstanbul,2014-08-03,649777.42,96,1193
F00565,Doruk Yazılım A.Ş.,3587420162489282,Perakende Ticaret,Antalya,2021-10-25,1942938.59,7,1144
F00566,Umut Yapı Ltd. Şti.,7034702354407546,Kimya,İstanbul,2011-03-12,371691.87,27,1673
F00567,Bahar Makine A.Ş.,6368353704116927,Turizm ve Konaklama,Bursa,1995-04-24,93158.85,20,1122
F00568,Deniz Grup A.Ş.,1301824130853103,Perakende Ticaret,İstanbul,2020-05-01,52165.96,5,1174
F00569,Damla Kimya Ltd. Şti.,8746238445416197,Tarım,Kayseri,2016-01-16,476276.9,42,958
F00570,Çınar Sistem A.Ş.,3269561019929646,Metal ve Makine,İzmir,2015-02-02,395203.93,4,1498
F00571,Anka Holding Ltd. Şti.,1570010439497086,Finans ve Sigorta,Bursa,2013-08-31,135265.71,4,1549
F00572,Nokta Makine Ltd. Şti.,4846311635655573,Metal ve Makine,İzmir,2006-04-14,140699.98,9,734
F00573,Doruk Sistem A.Ş.,2778619082561657,Enerji,Ankara,2002-11-01,760100.92,30,1401
F00574,Bereket İnşaat A.Ş.,5273612074419439,Lojistik,İstanbul,2007-10-30,49994.13,45,1200
F00575,Kıvılcım Endüstri Ltd. Şti.,6014271613626394,Eğitim,Ankara,2005-07-11,162968.34,135,1188
F00576,Mavera Lojistik A.Ş.,1422377892890138,Turizm ve Konaklama,İstanbul,2018-09-10,607089.17,23,1445
F00577,Kaptan Otomotiv A.Ş.,7057163213119476,Bilişim ve Yazılım,İstanbul,2020-06-18,365931.19,19,1481
F00578,Yörünge Otomotiv A.Ş.,5891422968368380,Tarım,Ankara,2006-04-16,253441.88,61,1006
F00579,Nokta Yapı A.Ş.,8459809852790514,Lojistik,Ankara,2000-05-07,825383.92,30,1609
F00580,Kaptan Grup Ltd. Şti.,9379696047373862,Metal ve Makine,İzmir,2005-09-14,916830.02,12,839
F00581,Deniz Gıda A.Ş.,5496300743011071,Sağlık,Ankara,2008-11-19,247824.99,4,1090
F00582,Pusula Teknoloji A.Ş.,9458579521903076,Finans ve Sigorta,Ankara,1995-01-27,68414.38,8,1221
F00583,Cevher İnşaat Ltd. Şti.,7687481962222048,Perakende Ticaret,İstanbul,2011-09-07,19627.23,27,1900
F00584,Mavera Yapı Ltd. Şti.,5178775434488761,Finans ve Sigorta,İstanbul,2018-12-02,522751.2,10,1383
F00585,Kaptan Danışmanlık Ltd. Şti.,6658344703226102,Bilişim ve Yazılım,Kayseri,2010-04-02,168875.25,14,1388
F00586,Zirve Yazılım Ltd. Şti.,7857669406234904,Perakende Ticaret,Kayseri,2020-07-23,106387.86,72,953
F00587,Toprak Yapı Ltd. Şti.,1113695812503763,İnşaat,Ankara,2002-09-09,591350.8,12,1898
F00588,Aydın Kimya A.Ş.,4475048997384857,Tekstil,Adana,2010-02-02,390409.34,9,1325
F00589,Anka Lojistik A.Ş.,9978478068788561,Bilişim ve Yazılım,İstanbul,2001-12-09,280378.95,4,1079
F00590,Doğuş Lojistik A.Ş.,7328950025240205,Bilişim ve Yazılım,İstanbul,2014-03-16,37667.83,5,1428
F00591,Bereket Metal Ltd. Şti.,4385096647364377,Lojistik,İstanbul,2000-10-12,373320.49,1,1268
F00592,Nokta Gıda A.Ş.,3224055111336866,Turizm ve Konaklama,İstanbul,1997-09-02,498695.49,11,1137
F00593,Kervan Yapı Ltd. Şti.,0839288253253484,Metal ve Makine,Antalya,1999-08-05,170522.54,7,1208
F00594,Kervan Enerji A.Ş.,2957605949944424,Tarım,Konya,1995-09-18,324878.28,135,1176
F00595,Kıvılcım Turizm Ltd. Şti.,2602913823719165,Otomotiv,Ankara,2015-06-18,189102.24,12,1193
F00596,Toprak Grup A.Ş.,1268269363700301,Eğitim,Gaziantep,2005-07-17,898120.37,1,1150
F00597,Sahil Otomotiv A.Ş.,3972841994297216,Otomotiv,Kayseri,1995-08-21,660099.0,10,1153
F00598,Zirve Teknoloji A.Ş.,5058936177364715,Enerji,İzmir,2020-12-19,435753.69,33,1463
F00599,Rüzgar Sistem A.Ş.,5879369376075386,Kimya,Ankara,2018-10-22,111152.41,21,1279
F00600,Pusula Yazılım A.Ş.,2500331885432875,Otomotiv,İzmir,2008-05-23,609080.41,59,618
F00601,Çınar Turizm A.Ş.,1639767416301507,Sağlık,Ankara,2016-11-22,303207.97,2,1900
F00602,Kaptan Teknoloji Ltd. Şti.,2746106046873248,Enerji,İzmir,1998-06-10,160341.79,28,1389
F00603,Doruk Ticaret A.Ş.,8774830309390346,Tarım,Ankara,2007-12-12,110924.71,5,1875
F00604,Mavera Yapı Ltd. Şti.,4989547340531480,Tarım,İstanbul,2013-08-27,767989.9,94,1416
F00605,Umut Lojistik A.Ş.,2301345017947386,Otomotiv,Ankara,2009-12-28,368321.54,10,1313
F00606,Kıvılcım Ticaret Ltd. Şti.,5869704234073891,Turizm ve Konaklama,Ankara,2016-10-21,85299.54,14,1091
F00607,Anka Metal Ltd. Şti.,1014497139708829,Metal ve Makine,Antalya,2020-04-09,436306.31,15,1486
F00608,Çınar Turizm A.Ş.,8071014274362758,Bilişim ve Yazılım,İstanbul,2018-07-06,1694067.39,12,1627
F00609,Yıldız Teknoloji A.Ş.,8122171489271778,Finans ve Sigorta,İstanbul,2008-05-13,2562926.71,49,1745
F00610,Damla Gıda A.Ş.,9856487559965166,Turizm ve Konaklama,İstanbul,2019-12-23,191499.98,16,932
F00611,Bahar Lojistik A.Ş.,4709643376456193,İnşaat,İzmir,1999-08-15,464541.34,17,1335
F00612,Umut Enerji Ltd. Şti.,6766902336612771,Perakende Ticaret,Adana,2010-01-31,830608.85,4,1800
F00613,Sahil Tekstil Ltd. Şti.,0872355407732825,Otomotiv,İstanbul,2009-10-21,723561.74,12,1355
F00614,Aydın Sistem A.Ş.,5899015445274343,Tekstil,İzmir,2010-12-13,455282.02,61,1430
F00615,Damla Tarım A.Ş.,8667588955271887,Tekstil,Ankara,2002-06-21,314403.98,13,1900
F00616,Aydın Metal Ltd. Şti.,0895460780886577,Eğitim,İzmir,2016-07-17,178836.74,13,1839
F00617,Vadi Turizm A.Ş.,3017060353205594,Gıda ve İçecek,İstanbul,2001-05-09,315436.26,41,1126
F00618,Doğuş Makine A.Ş.,5591754842106275,Perakende Ticaret,Trabzon,2001-04-10,214095.66,59,1197
F00619,Mavera Danışmanlık A.Ş.,4160484281443346,Bilişim ve Yazılım,İstanbul,2011-11-02,227196.61,17,1103
F00620,Kervan Endüstri Ltd. Şti.,2455726755501209,Metal ve Makine,Gaziantep,2006-04-09,170213.51,15,1414
F00621,Doğuş Metal A.Ş.,3978655387386470,Eğitim,İstanbul,2013-12-12,1097326.39,62,1143
F00622,Toprak Teknoloji Ltd. Şti.,2533976728725952,Tarım,İstanbul,2021-01-05,303275.03,26,1854
F00623,Bumerang Holding Ltd. Şti.,4512029527161950,Turizm ve Konaklama,Konya,2020-10-06,591454.08,18,1527
F00624,Cevher Endüstri Ltd. Şti.,1501567572725444,Lojistik,Mersin,2021-12-19,563062.39,5,1457
F00625,Yörünge Lojistik Ltd. Şti.,8887802695526600,Tarım,İstanbul,1996-08-17,1335848.32,10,1438
F00626,Damla Holding A.Ş.,6887172101955128,Tekstil,İstanbul,2005-09-17,205506.29,1,1316
F00627,Mavera Teknoloji Ltd. Şti.,4484597856780199,Turizm ve Konaklama,Ankara,2016-01-29,373985.06,8,981
F00628,Toprak Turizm A.Ş.,2820451817493380,Lojistik,Samsun,2014-08-22,101857.79,28,1900
F00629,Berrak Metal Ltd. Şti.,9607347379288593,Sağlık,Adana,2007-08-23,1227728.99,3,1566
F00630,Toprak Tekstil Ltd. Şti.,9711742280424960,Sağlık,Ankara,2022-01-27,129381.59,7,1261
F00631,Kervan Grup A.Ş.,5205230739092732,Perakende Ticaret,İstanbul,2018-11-13,583426.43,35,1370
F00632,Rüzgar Holding A.Ş.,2681743383459115,Kimya,Kayseri,2004-04-07,245443.53,21,1570
F00633,Doruk Kimya A.Ş.,4367319565474718,Kimya,İstanbul,2004-02-01,978570.66,3,1316
F00634,Umut Grup Ltd. Şti.,6254815589717907,Perakende Ticaret,Denizli,2016-01-21,82882.0,12,1332
F00635,Meridyen Endüstri Ltd. Şti.,1258052305155922,Tekstil,İstanbul,2004-12-31,254887.0,6,953
F00636,Yörünge Makine A.Ş.,2954168095793185,Bilişim ve Yazılım,Adana,2005-06-02,26798.97,11,1270
F00637,Umut Gıda Ltd. Şti.,0484539240689101,İnşaat,Ankara,2001-03-31,127576.13,50,1070
F00638,Meridyen Sistem Ltd. Şti.,3963020531138509,Tekstil,Adana,2014-09-16,1275077.46,68,814
F00639,Kervan Teknoloji Ltd. Şti.,7620082878620763,Lojistik,İstanbul,2013-03-06,297039.26,9,526
F00640,Doruk Gıda Ltd. Şti.,3307536991837103,Otomotiv,İzmir,2011-11-02,54769.82,29,1900
F00641,Ege Metal A.Ş.,7713040126186978,Otomotiv,İstanbul,1996-08-19,724289.14,18,1393
F00642,Anka Endüstri Ltd. Şti.,3453498103892875,Lojistik,Ankara,2009-01-03,1708163.21,115,1223
F00643,Berrak Endüstri Ltd. Şti.,0096763160390442,Eğitim,Ankara,2006-05-28,29733.06,1,1706
F00644,Umut Tekstil Ltd. Şti.,7253281986271075,Tarım,Antalya,2004-12-22,254800.36,16,862
F00645,Nokta Lojistik A.Ş.,5861885184430307,İnşaat,Trabzon,2019-08-15,117183.01,10,1390
F00646,Ege Sistem A.Ş.,2622973712319552,Lojistik,İstanbul,2001-02-04,173086.85,4,1074
F00647,Bahar Tarım Ltd. Şti.,2551777020420568,Enerji,Bursa,2005-05-28,1013738.58,17,1583
F00648,Bumerang Endüstri Ltd. Şti.,9726863035941002,Turizm ve Konaklama,İstanbul,1997-02-05,99831.48,1,1081
F00649,Zirve Holding A.Ş.,6442707358695397,Metal ve Makine,İzmir,2020-09-04,103442.62,19,1900
F00650,Yörünge Tarım Ltd. Şti.,9423028410104551,Sağlık,Kayseri,2007-06-23,576472.33,207,1570
F00651,Rüzgar Holding Ltd. Şti.,0223416744194250,Kimya,Antalya,2000-12-15,134205.18,19,1900
F00652,Umut Tarım Ltd. Şti.,5418522326857226,Otomotiv,Denizli,1999-06-05,2007737.16,7,1475
F00653,Nokta Gıda Ltd. Şti.,0691654270066839,Sağlık,İstanbul,2005-10-12,55703.96,30,1866
F00654,Çınar İnşaat Ltd. Şti.,0790940383859237,Gıda ve İçecek,İstanbul,2016-12-15,280345.88,6,1508
F00655,Çınar Kimya A.Ş.,3285859572169362,Kimya,İstanbul,2003-12-31,424728.29,14,1453
F00656,Damla Lojistik A.Ş.,8574407951342271,Eğitim,İstanbul,2016-04-02,221638.66,36,1620
F00657,Rüzgar Metal Ltd. Şti.,9113418517814565,Enerji,Ankara,2009-11-19,90997.43,4,1233
F00658,Vadi Holding A.Ş.,6462739781707282,Lojistik,İzmir,2002-05-20,603511.78,15,1207
F00659,Yörünge Danışmanlık A.Ş.,4178278230727302,Sağlık,Mersin,2011-07-12,357778.89,9,1664
F00660,Ege Metal Ltd. Şti.,9076147156371972,Perakende Ticaret,Bursa,2000-07-08,387071.33,9,1469
F00661,Berrak Sistem A.Ş.,8376568483273945,Sağlık,Denizli,2016-10-10,1140016.01,7,1520
F00662,Kaptan Yapı A.Ş.,8397165764137064,Tarım,Samsun,2005-12-01,248324.99,20,1203
F00663,Toprak Lojistik Ltd. Şti.,3701943434949857,Lojistik,Adana,1995-11-25,302963.91,40,1118
F00664,Mavera Enerji Ltd. Şti.,0871617962519439,Enerji,İstanbul,1999-08-08,62171.65,3,958
F00665,Bereket Turizm Ltd. Şti.,2069533481483481,Perakende Ticaret,Antalya,2014-08-31,516512.94,3,1220
F00666,Kervan Endüstri Ltd. Şti.,6177083027840176,Otomotiv,Kayseri,2004-02-28,529727.62,20,1284
F00667,Sahil Metal Ltd. Şti.,9202626664522197,Otomotiv,Eskişehir,2014-05-18,331047.15,14,1332
F00668,Çınar Endüstri Ltd. Şti.,5095941274596338,Turizm ve Konaklama,İstanbul,2015-12-02,212794.42,125,1570
F00669,Deniz Endüstri Ltd. Şti.,0769091903472119,Bilişim ve Yazılım,Bursa,1999-12-11,4109105.85,8,1374
F00670,Mavera Lojistik Ltd. Şti.,5582406333475763,Sağlık,Mersin,2019-07-02,61985.87,5,1900
F00671,Doğuş Ticaret Ltd. Şti.,5281828836664619,Enerji,Ankara,2004-01-03,151109.84,91,1026
F00672,Pusula Tarım A.Ş.,3984311879706091,Otomotiv,İzmir,1999-01-01,84219.69,9,1380
F00673,Vadi İnşaat A.Ş.,6508692473696888,Tekstil,Eskişehir,1999-11-07,740733.37,21,1275
F00674,Kaptan Sistem A.Ş.,0083558369010270,İnşaat,Trabzon,2018-02-12,231735.66,9,1053
F00675,Ege Tekstil A.Ş.,3973676850112044,Eğitim,Ankara,2019-10-20,101036.87,37,851
F00676,Bereket Yapı A.Ş.,9899871177351708,Finans ve Sigorta,İstanbul,1995-12-28,1589761.51,9,1168
F00677,Rüzgar Kimya Ltd. Şti.,5838120873937873,Eğitim,İzmir,2017-11-04,605454.82,59,1735
F00678,Deniz Enerji A.Ş.,2530256363351798,Tarım,İstanbul,2017-12-24,466044.9,39,885
F00679,Bereket Makine A.Ş.,4127993010283874,Kimya,Ankara,2000-11-02,151143.71,5,1767
F00680,Meridyen Endüstri Ltd. Şti.,8228022821653555,İnşaat,İstanbul,2012-10-20,175988.54,31,1488
F00681,Nokta Tarım A.Ş.,1658941250139127,Otomotiv,Adana,2022-06-13,103928.91,7,1788
F00682,Bahar Danışmanlık A.Ş.,1998150409453913,Bilişim ve Yazılım,Konya,2010-06-13,114344.27,15,1165
F00683,Sahil Makine Ltd. Şti.,6298220712784644,Lojistik,Bursa,2007-11-04,189975.92,12,1165
F00684,Mavera Metal Ltd. Şti.,9246770600227810,Finans ve Sigorta,İstanbul,1997-03-29,93293.75,17,1146
F00685,Kaptan Danışmanlık Ltd. Şti.,6199135912374742,Enerji,İzmir,2019-07-03,110004.51,5,1376
F00686,Doruk Tekstil Ltd. Şti.,1095407128755528,Perakende Ticaret,İstanbul,2010-03-18,757721.97,60,1182
F00687,Bumerang Holding A.Ş.,3554485986131619,Enerji,Ankara,2007-10-20,2857169.11,4,1635
F00688,Cevher Metal Ltd. Şti.,5274460957249883,İnşaat,Adana,2013-04-09,121313.56,5,1104
F00689,Aydın Holding A.Ş.,7073426906445165,Bilişim ve Yazılım,Gaziantep,2023-08-02,253294.35,24,1600
F00690,Berrak Turizm Ltd. Şti.,7564404618107170,Finans ve Sigorta,İstanbul,2012-01-02,94998.51,5,1125
F00691,Mavera Metal A.Ş.,3333325706467905,Eğitim,İstanbul,2017-08-20,237401.99,10,1114
F00692,Nokta Ticaret Ltd. Şti.,9264668753366810,Tarım,Trabzon,2006-11-23,360975.03,129,1248
F00693,Deniz Holding Ltd. Şti.,1312929394664297,Enerji,İstanbul,2000-02-27,166564.35,23,1232
F00694,Cevher Danışmanlık Ltd. Şti.,0607552446615949,Turizm ve Konaklama,Trabzon,2010-01-07,560094.57,6,1877
F00695,Kaptan Kimya Ltd. Şti.,3747821890192235,Perakende Ticaret,Gaziantep,2021-10-01,392092.27,7,1223
F00696,Bereket Turizm A.Ş.,3993135784309776,Gıda ve İçecek,İstanbul,1997-04-06,152484.81,53,1019
F00697,Kervan Otomotiv Ltd. Şti.,8277906066666273,Tarım,Mersin,2005-01-17,128703.19,7,1395
F00698,Yörünge Otomotiv Ltd. Şti.,2803683920621970,Bilişim ve Yazılım,Antalya,2014-10-19,199143.18,3,1190
F00699,Toprak İnşaat Ltd. Şti.,8988039126781977,Lojistik,Trabzon,2012-06-10,240504.54,7,1606
F00700,Kervan Metal Ltd. Şti.,9461837346325700,Gıda ve İçecek,İstanbul,2023-04-22,737741.87,12,1469
F00701,Kervan Tarım A.Ş.,3718401278215184,Finans ve Sigorta,İstanbul,2021-05-14,24905.36,8,1701
F00702,Toros Grup Ltd. Şti.,0401602760577469,Otomotiv,Ankara,2006-03-15,168420.61,6,1900
F00703,Bereket Makine Ltd. Şti.,3155688171177622,Tekstil,Denizli,2021-11-30,1984713.06,21,1741
F00704,Sahil Ticaret Ltd. Şti.,1718544153722306,Eğitim,Eskişehir,2019-05-14,23189.88,6,1259
F00705,Toros Endüstri A.Ş.,9970594439306563,İnşaat,İstanbul,2006-01-03,206989.2,8,562
F00706,Doğuş Grup Ltd. Şti.,4492454879387272,Turizm ve Konaklama,İstanbul,1995-01-25,410293.11,23,1808
F00707,Sahil İnşaat Ltd. Şti.,7429581869119314,Eğitim,İstanbul,2008-06-21,112742.28,5,596
F00708,Zirve Otomotiv Ltd. Şti.,0912362146864529,Enerji,İzmir,2023-08-28,194284.04,33,1216
F00709,Yörünge Endüstri Ltd. Şti.,5607473366558556,Otomotiv,Eskişehir,2005-08-06,2835671.42,10,1444
F00710,Deniz Makine A.Ş.,7622979048332424,Enerji,İstanbul,2011-04-01,59909.27,17,806
F00711,Meridyen Kimya Ltd. Şti.,4387905553485911,Gıda ve İçecek,Bursa,2001-05-09,575542.15,27,1807
F00712,Yıldız Teknoloji Ltd. Şti.,5331233070231487,Kimya,İzmir,2023-09-04,87381.11,15,1569
F00713,Kervan Makine A.Ş.,9977328176498603,Gıda ve İçecek,Kayseri,2001-01-16,436485.22,5,682
F00714,Ege Tekstil Ltd. Şti.,9557346577949254,Tekstil,İstanbul,2017-08-06,393035.94,11,1229
F00715,Meridyen Makine Ltd. Şti.,8456953308062307,Eğitim,Bursa,2023-10-06,621778.94,12,1004
F00716,Doğuş Endüstri A.Ş.,0421941533066741,Sağlık,İzmir,2002-01-17,32061.22,4,1900
F00717,Vadi Grup Ltd. Şti.,1830878405503325,Gıda ve İçecek,İstanbul,2009-05-01,594249.45,16,1345
F00718,Yörünge Yazılım Ltd. Şti.,1589046001064011,Metal ve Makine,Ankara,2003-10-13,204406.87,43,1252
F00719,Sahil Endüstri A.Ş.,4992587197104408,Turizm ve Konaklama,Adana,2005-11-14,506162.2,9,1900
F00720,Berrak Ticaret Ltd. Şti.,5056594951413349,Perakende Ticaret,İzmir,2020-05-28,607141.62,46,1224
F00721,Nokta Holding Ltd. Şti.,4297283768463003,Finans ve Sigorta,Kayseri,2011-08-29,859365.6,9,1433
F00722,Kervan Ticaret A.Ş.,0533424234151902,Tarım,Ankara,2018-12-01,1620997.79,4,1370
F00723,Erguvan Otomotiv A.Ş.,1351780669060263,Metal ve Makine,İstanbul,2015-12-11,434436.81,22,1264
F00724,Rüzgar Otomotiv A.Ş.,9516085693632436,Bilişim ve Yazılım,Eskişehir,2008-12-27,2662804.67,3,1747
F00725,Erguvan Makine Ltd. Şti.,2221137900720726,Perakende Ticaret,İstanbul,2017-09-15,1021284.97,90,923
F00726,Bahar Sistem Ltd. Şti.,4267722970787857,Tarım,İzmir,2007-03-17,103185.68,59,836
F00727,Bumerang Tekstil Ltd. Şti.,0514554089513455,Eğitim,İstanbul,2002-06-08,45839.21,8,1457
F00728,Cevher Grup Ltd. Şti.,3110033931418214,Gıda ve İçecek,Bursa,1995-10-19,1546411.4,11,1217
F00729,Doruk Lojistik Ltd. Şti.,9769435666442277,Otomotiv,İstanbul,2015-04-18,377954.44,21,1532
F00730,Doğuş Kimya A.Ş.,3908748382112965,Perakende Ticaret,Antalya,2014-01-12,220624.0,1,1034
F00731,Aydın Metal Ltd. Şti.,7306588985258168,Finans ve Sigorta,Gaziantep,2021-11-23,1279907.28,16,1303
F00732,Kervan Tarım Ltd. Şti.,7314474614880161,Gıda ve İçecek,İstanbul,2014-12-05,918030.05,4,1242
F00733,Nokta Yazılım Ltd. Şti.,0184105983006219,Bilişim ve Yazılım,Ankara,2001-12-13,312242.14,8,1430
F00734,Kaptan Yazılım A.Ş.,3950965101032066,Eğitim,İstanbul,2001-05-05,218280.6,3,1364
F00735,Deniz Makine A.Ş.,4121449428355162,Finans ve Sigorta,Ankara,2018-10-02,62243.73,15,1812
F00736,Damla İnşaat Ltd. Şti.,5152672464987457,Tarım,Bursa,2015-01-08,196983.35,4,1271
F00737,Çınar Yazılım A.Ş.,4445700177845339,Finans ve Sigorta,Bursa,1995-03-16,107455.47,24,1355
F00738,Umut Enerji A.Ş.,6768003281458825,Gıda ve İçecek,Adana,2018-12-15,1759850.78,43,1354
F00739,Cevher Turizm A.Ş.,0376249328850670,Tarım,İzmir,2022-07-27,589582.52,9,1410
F00740,Damla Tarım Ltd. Şti.,0394911846199179,Gıda ve İçecek,İstanbul,2003-03-24,180308.11,28,1829
F00741,Deniz Makine Ltd. Şti.,0405034659016509,Tarım,İzmir,2014-02-13,645973.03,33,1676
F00742,Cevher Metal Ltd. Şti.,4392575891094159,Tekstil,İstanbul,2010-11-14,492072.58,4,1820
F00743,Umut Holding A.Ş.,1081937617469945,Kimya,Ankara,2007-08-02,1952950.59,10,1288
F00744,Meridyen Grup A.Ş.,0121315815617215,Sağlık,Mersin,2015-02-19,526313.76,23,1339
F00745,Çınar Otomotiv Ltd. Şti.,7320573250885724,Turizm ve Konaklama,Ankara,2006-02-28,67844.38,18,1493
F00746,Meridyen Makine Ltd. Şti.,8363083240844057,Eğitim,İstanbul,2021-11-08,596242.81,19,1318
F00747,Bahar Yapı A.Ş.,7970128344003086,İnşaat,Trabzon,2001-06-30,800828.62,14,1188
F00748,Doruk Endüstri Ltd. Şti.,1190503273923299,Bilişim ve Yazılım,İstanbul,2004-05-13,219977.66,2,1255
F00749,Kaptan Yapı Ltd. Şti.,1724707663557088,İnşaat,Ankara,1995-05-08,572220.78,18,1784
F00750,Aydın Makine Ltd. Şti.,1425072116078973,Kimya,Trabzon,2014-10-12,200933.16,21,1637
F00751,Mavera Yazılım Ltd. Şti.,0211842653031786,Otomotiv,Bursa,1997-06-09,3531180.21,15,1086
F00752,Aydın Turizm A.Ş.,3159578581852418,Metal ve Makine,İstanbul,2017-02-14,681956.83,86,1303
F00753,Doruk Kimya A.Ş.,1759894062078825,Lojistik,Samsun,1997-12-28,676839.67,46,1705
F00754,Kervan Yazılım Ltd. Şti.,9303702867949432,Otomotiv,Mersin,2013-05-21,308079.88,6,1375
F00755,Çınar Gıda Ltd. Şti.,2209664023538205,İnşaat,Antalya,2000-02-01,444391.18,33,1428
F00756,Cevher Gıda Ltd. Şti.,7785980422636901,Lojistik,Mersin,2009-03-24,176681.02,23,1658
F00757,Doğuş Otomotiv Ltd. Şti.,9195190492774542,Bilişim ve Yazılım,Gaziantep,2016-03-21,407408.26,5,1345
F00758,Nokta Tekstil Ltd. Şti.,6294307221904853,Kimya,İzmir,2021-10-22,761163.04,3,682
F00759,Berrak Otomotiv A.Ş.,0849696248216958,Tarım,İstanbul,2009-07-07,1409705.16,22,1582
F00760,Mavera Holding Ltd. Şti.,4318592638223427,Turizm ve Konaklama,Ankara,2016-09-09,82084.24,28,1410
F00761,Zirve Metal Ltd. Şti.,0653832684809720,Enerji,Eskişehir,2022-04-22,46968.84,55,1447
F00762,Bumerang Sistem Ltd. Şti.,5620610763545554,Turizm ve Konaklama,İstanbul,2000-03-08,173565.03,9,723
F00763,Toprak Tarım A.Ş.,7661090580678871,Turizm ve Konaklama,İzmir,2012-11-11,515385.41,17,1269
F00764,Doğuş Sistem A.Ş.,5576370198456818,Finans ve Sigorta,İstanbul,2023-12-25,1095075.35,3,1130
F00765,Doruk Yazılım Ltd. Şti.,4106853744669217,İnşaat,İzmir,2005-10-30,105344.47,10,1348
F00766,Bereket Enerji Ltd. Şti.,6242918702058235,Gıda ve İçecek,İstanbul,2017-03-08,430634.45,9,1136
F00767,Bereket Yazılım A.Ş.,9691972869853864,Lojistik,Bursa,2022-08-26,1714458.16,150,1442
F00768,Yörünge Otomotiv A.Ş.,4431564691121662,Gıda ve İçecek,İstanbul,2022-03-23,116720.98,58,965
F00769,Kaptan Yazılım A.Ş.,3708459887811718,Perakende Ticaret,Eskişehir,1999-10-18,185674.3,6,1052
F00770,Aydın Makine Ltd. Şti.,8849773582053892,Enerji,Bursa,2020-01-07,197199.93,5,1403
F00771,Deniz Metal A.Ş.,1656820129837578,Gıda ve İçecek,Bursa,2000-07-22,276480.31,7,1288
F00772,Bahar Kimya Ltd. Şti.,8850746533334490,Enerji,Eskişehir,2003-11-08,208160.8,30,1355
F00773,Bahar Ticaret A.Ş.,8951156857538192,Bilişim ve Yazılım,İzmir,2010-12-21,664753.73,24,1571
F00774,Doruk Yazılım Ltd. Şti.,7203718827404646,Kimya,Antalya,2019-10-27,1235060.57,4,1168
F00775,Toros Makine A.Ş.,0704019370221162,Gıda ve İçecek,İzmir,2013-01-05,1866599.12,10,555
F00776,Yıldız Enerji Ltd. Şti.,5600510093148384,Enerji,Adana,1998-06-18,214643.72,15,614
F00777,Mavera Grup Ltd. Şti.,9237379856383946,Lojistik,İstanbul,2000-09-11,1163949.13,6,1498
F00778,Erguvan Teknoloji Ltd. Şti.,4890267090689489,Tekstil,Konya,2015-03-14,209278.32,3,988
F00779,Mavera Yazılım Ltd. Şti.,9777842192969999,Bilişim ve Yazılım,Antalya,2007-06-16,95933.34,39,1355
F00780,Aydın Kimya A.Ş.,5113437609088083,Enerji,Antalya,2013-10-31,151137.9,5,1758
F00781,Bahar Danışmanlık A.Ş.,5872432908024824,Otomotiv,İzmir,1997-05-04,1343275.24,44,1547
F00782,Ege Grup Ltd. Şti.,3309568314095667,Lojistik,İstanbul,2004-06-19,369096.37,3,1236
F00783,Doruk Tekstil Ltd. Şti.,3635156319488726,İnşaat,Adana,2017-10-01,126469.16,2,1555
F00784,Kaptan Tarım A.Ş.,8810928714413342,Kimya,Ankara,2016-07-30,124814.89,44,1664
F00785,Mavera Otomotiv Ltd. Şti.,7667239518007241,Sağlık,Samsun,2012-01-13,495037.98,24,1215
F00786,Kaptan Sistem A.Ş.,7479089259900638,Kimya,Mersin,2007-07-08,2071192.67,14,1490
F00787,Yörünge Makine A.Ş.,6278409746648842,Finans ve Sigorta,İzmir,2006-06-11,131401.92,5,1543
F00788,Pusula Gıda Ltd. Şti.,1051154484640656,Gıda ve İçecek,Eskişehir,2009-06-05,340872.86,6,968
F00789,Berrak Kimya A.Ş.,3661458853745036,Otomotiv,Konya,2002-05-05,66375.59,44,1216
F00790,Doğuş Holding Ltd. Şti.,4687448108849139,Kimya,İstanbul,2004-07-14,184831.63,57,1063
F00791,Nokta Otomotiv Ltd. Şti.,6086654339229953,Bilişim ve Yazılım,Konya,1998-11-02,120608.58,6,1885
F00792,Berrak Metal A.Ş.,2321790532044716,Otomotiv,Adana,2016-03-27,2404185.78,28,1635
F00793,Yörünge Holding Ltd. Şti.,6849598876442985,Enerji,Gaziantep,2001-05-30,141720.13,94,1480
F00794,Sahil Metal Ltd. Şti.,2196891304884247,Kimya,Adana,2003-05-29,685854.85,12,1319
F00795,Pusula Danışmanlık A.Ş.,4295394386831030,Tekstil,İzmir,2006-06-27,1671691.4,23,1835
F00796,Toprak Danışmanlık A.Ş.,2405177851942848,Turizm ve Konaklama,İstanbul,2016-05-15,355350.89,5,1152
F00797,Kıvılcım Tekstil A.Ş.,0353616184229559,Sağlık,Eskişehir,2007-07-03,300517.65,7,1067
F00798,Erguvan Turizm Ltd. Şti.,0018859996344515,Otomotiv,Samsun,2006-10-21,1006066.5,7,1441
F00799,Çınar Enerji Ltd. Şti.,3879852272663709,Turizm ve Konaklama,İstanbul,2003-06-22,371664.54,7,1763
F00800,Aydın Gıda A.Ş.,9584393146186375,Enerji,Adana,2015-02-14,78522.78,17,1473
F00801,Rüzgar İnşaat Ltd. Şti.,5256525889454459,Otomotiv,İstanbul,2001-06-10,252791.4,3,1571
F00802,Sahil Tarım A.Ş.,5893171326000084,Perakende Ticaret,İstanbul,2008-03-19,607958.4,6,1612
F00803,Kervan Kimya A.Ş.,7209449238302200,Tekstil,Mersin,1998-02-05,405306.34,3,1053
F00804,Kıvılcım Turizm Ltd. Şti.,4288467796219440,Turizm ve Konaklama,İzmir,2009-07-02,938567.06,18,1158
F00805,Doruk Tekstil Ltd. Şti.,2284608808211896,Perakende Ticaret,İstanbul,2005-06-18,104367.8,8,1266
F00806,Çınar Kimya A.Ş.,9423264416892378,Metal ve Makine,Kayseri,2002-02-22,105814.27,2,1652
F00807,Berrak Grup A.Ş.,9030879753989609,İnşaat,İzmir,1998-09-29,780505.48,3,1278
F00808,Umut Kimya Ltd. Şti.,9648258333813873,Kimya,Mersin,2021-12-07,99462.7,10,1296
F00809,Toros Tekstil Ltd. Şti.,3215447357335956,Otomotiv,Mersin,2017-06-09,167607.86,99,1267
F00810,Kaptan Teknoloji A.Ş.,4739827029769774,Finans ve Sigorta,Antalya,2010-11-19,110294.55,6,1713
F00811,Toprak Turizm A.Ş.,0826698426901076,Turizm ve Konaklama,İstanbul,2018-10-11,43594.55,6,1762
F00812,Erguvan Endüstri Ltd. Şti.,9606059234627737,Eğitim,Adana,2001-09-21,350945.0,16,1900
F00813,Deniz İnşaat A.Ş.,3040683975089512,Lojistik,Ankara,2009-01-13,351857.92,6,1315
F00814,Deniz Ticaret Ltd. Şti.,9404107717282067,Otomotiv,İstanbul,2015-06-25,76958.72,47,1572
F00815,Doruk Turizm Ltd. Şti.,5194970551735224,Enerji,Mersin,2002-02-08,924358.78,45,1275
F00816,Ege Grup A.Ş.,0617702005038004,Sağlık,Antalya,2012-07-17,94918.31,12,1138
F00817,Bahar Tarım A.Ş.,4233381143071589,Metal ve Makine,Bursa,1997-02-13,321725.05,41,1349
F00818,Cevher Enerji Ltd. Şti.,8072851101320590,Finans ve Sigorta,Bursa,2012-10-15,316473.44,12,1640
F00819,Sahil Grup Ltd. Şti.,8898408962100035,Sağlık,İzmir,1995-10-28,128725.74,1,1451
F00820,Damla Holding A.Ş.,9720736476868358,Eğitim,İstanbul,2005-10-21,795413.88,21,1207
F00821,Aydın Endüstri Ltd. Şti.,2896978041651421,Sağlık,İstanbul,2011-09-24,76994.3,22,1442
F00822,Erguvan Teknoloji A.Ş.,8599349502401130,Bilişim ve Yazılım,İstanbul,1997-02-21,233661.35,83,1115
F00823,Doruk Endüstri Ltd. Şti.,6933301140456937,Gıda ve İçecek,İstanbul,2009-02-12,1890857.0,13,849
F00824,Damla Tekstil Ltd. Şti.,0078107846029046,Metal ve Makine,Kayseri,2022-12-01,220328.98,35,1290
F00825,Toros Gıda Ltd. Şti.,4673592246096120,Kimya,Denizli,2004-09-13,52983.91,11,1142
F00826,Umut Metal A.Ş.,4188228613902458,Otomotiv,İzmir,2011-06-18,460927.41,29,1083
F00827,Nokta Enerji A.Ş.,6996573473759932,Otomotiv,Antalya,2004-04-23,123452.97,28,1142
F00828,Sahil Sistem Ltd. Şti.,8726012828657150,Turizm ve Konaklama,İstanbul,1999-11-02,81603.39,4,1343
F00829,Ege Gıda Ltd. Şti.,0072899430410137,Sağlık,Bursa,1996-03-19,377027.53,6,1401
F00830,Mavera Ticaret A.Ş.,3945879118506952,Gıda ve İçecek,İzmir,2014-02-19,1439556.48,5,814
F00831,Sahil Turizm A.Ş.,5910567841496568,Tarım,Bursa,2023-04-20,442671.45,12,1186
F00832,Yıldız Endüstri Ltd. Şti.,7885909407116350,Otomotiv,Bursa,2020-09-30,549788.13,31,737
F00833,Sahil Sistem A.Ş.,1266460155276937,Tarım,İstanbul,1998-05-15,130893.89,136,1575
F00834,Rüzgar Holding A.Ş.,9729229336963126,Enerji,İzmir,2018-10-22,564510.35,43,1405
F00835,Damla Metal Ltd. Şti.,2368462045825963,Otomotiv,Samsun,1996-04-29,644578.94,27,1561
F00836,Deniz Gıda Ltd. Şti.,7850907356272089,Enerji,İstanbul,2005-10-26,188299.08,15,1223
F00837,Bumerang Tarım A.Ş.,2527284547066415,Tarım,Kayseri,2016-06-10,272146.48,4,1072
F00838,Pusula Tarım Ltd. Şti.,8734431646831963,Turizm ve Konaklama,İstanbul,2014-10-05,196704.28,5,1176
F00839,Mavera Tarım Ltd. Şti.,1169194606092217,Kimya,Samsun,2020-03-21,224062.75,20,1684
F00840,Çınar Grup A.Ş.,9688663162671440,Otomotiv,İstanbul,2019-12-28,161109.12,51,1681
F00841,Kaptan Kimya A.Ş.,5349785446030084,Bilişim ve Yazılım,Ankara,2013-01-03,467195.56,15,1495
F00842,Berrak Teknoloji Ltd. Şti.,0609001385333700,Tarım,Mersin,2012-07-05,990293.13,45,1800
F00843,Yörünge Gıda Ltd. Şti.,7861893816558680,Eğitim,Gaziantep,2007-01-21,280817.29,23,1803
F00844,Deniz Metal Ltd. Şti.,3738046649880626,Tekstil,Ankara,2003-11-23,135119.16,9,1404
F00845,Pusula Lojistik A.Ş.,9992353639690314,Otomotiv,İzmir,1996-01-03,721839.87,33,1330
F00846,Anka Metal A.Ş.,1353799543659570,İnşaat,Adana,2006-10-25,51048.41,17,1052
F00847,Bumerang Lojistik A.Ş.,7083970669647272,Finans ve Sigorta,Gaziantep,2010-06-11,52107.81,3,1407
F00848,Damla Otomotiv Ltd. Şti.,6599678098916779,Sağlık,İzmir,2001-07-11,1199171.07,13,1463
F00849,Çınar Otomotiv A.Ş.,5048600552155232,Gıda ve İçecek,İstanbul,2017-11-15,985776.01,2,1466
F00850,Mavera Turizm Ltd. Şti.,9479815033553852,Tekstil,İstanbul,2017-07-21,264938.03,23,1254
F00851,Yörünge Turizm A.Ş.,6922208650829236,Finans ve Sigorta,İstanbul,2010-09-25,109127.15,15,1894
F00852,Ege Kimya Ltd. Şti.,6726811671319532,Turizm ve Konaklama,İzmir,2015-03-06,691764.68,8,925
F00853,Vadi Enerji Ltd. Şti.,6443003604161497,Turizm ve Konaklama,Mersin,2019-11-01,42181.03,50,1041
F00854,Mavera Yazılım Ltd. Şti.,1945244678265437,Tekstil,Antalya,2004-01-26,187575.23,50,915
F00855,Kervan Metal A.Ş.,3883216569947553,Sağlık,İstanbul,2022-10-29,1385388.22,10,1055
F00856,Deniz Metal Ltd. Şti.,1651948899332906,Perakende Ticaret,Bursa,2022-02-15,204416.32,6,1532
F00857,Aydın Enerji Ltd. Şti.,8330878361887153,İnşaat,Bursa,2005-03-19,131538.43,1,1171
F00858,Doğuş Ticaret Ltd. Şti.,0011356871609883,Bilişim ve Yazılım,Bursa,2020-04-04,60343.01,16,1043
F00859,Rüzgar İnşaat A.Ş.,7946771964108127,Metal ve Makine,İzmir,2002-08-27,156872.07,16,1336
F00860,Çınar Endüstri Ltd. Şti.,3673626875563697,Eğitim,Antalya,2001-01-04,353441.52,26,1052
F00861,Pusula Enerji Ltd. Şti.,0598746849643606,Tarım,Eskişehir,2002-11-20,249986.63,1,1384
F00862,Anka Tekstil A.Ş.,9054945283496876,Bilişim ve Yazılım,Gaziantep,2001-12-31,192741.36,5,1494
F00863,Bumerang Teknoloji Ltd. Şti.,2970163333888378,Metal ve Makine,Adana,1999-02-20,974780.25,8,1116
F00864,Kaptan Danışmanlık Ltd. Şti.,0005678126287134,Tarım,İstanbul,2021-05-16,321749.25,3,1111
F00865,Deniz Tarım Ltd. Şti.,2848737815970845,Eğitim,İstanbul,2013-10-04,1029560.3,14,836
F00866,Bahar Tarım A.Ş.,3018416284301486,Kimya,Adana,2020-10-25,37171.93,15,1658
F00867,Mavera Enerji A.Ş.,5940930468818506,Sağlık,İzmir,2014-11-16,45279.8,21,1799
F00868,Damla Danışmanlık Ltd. Şti.,8591746975419916,Lojistik,İstanbul,2018-03-12,2140703.1,18,1552
F00869,Damla İnşaat A.Ş.,8285319882416034,Sağlık,Konya,1996-08-08,25680.75,109,1227
F00870,Yıldız Grup A.Ş.,9128368786443561,Lojistik,Kayseri,1997-12-19,96103.57,10,1853
F00871,Deniz Turizm Ltd. Şti.,6457166350288095,Tarım,Ankara,2004-09-19,3044510.38,15,1699
F00872,Kervan Kimya A.Ş.,7653622158979664,Lojistik,Kayseri,2008-09-10,281397.76,4,1753
F00873,Yıldız Sistem Ltd. Şti.,9049092846831768,Perakende Ticaret,İstanbul,2021-10-04,135355.48,62,1789
F00874,Doğuş Danışmanlık A.Ş.,5077319064757719,Otomotiv,İstanbul,1995-02-02,527255.16,83,1900
F00875,Anka Turizm A.Ş.,7544561133946129,Gıda ve İçecek,Ankara,1997-08-20,221290.66,5,840
F00876,Umut Lojistik Ltd. Şti.,0501842989476455,Finans ve Sigorta,Mersin,2017-09-13,3169709.44,8,1740
F00877,Meridyen Lojistik A.Ş.,6772627050163420,Otomotiv,Denizli,2002-06-03,118731.4,62,1189
F00878,Kervan Grup Ltd. Şti.,9829235241313671,Gıda ve İçecek,İstanbul,1999-08-09,72338.3,10,1240
F00879,Ege Enerji Ltd. Şti.,7454910120426770,İnşaat,Eskişehir,2001-06-29,517068.05,12,1516
F00880,Kervan Otomotiv A.Ş.,4613334117478168,Tekstil,Denizli,2018-04-05,194828.78,6,1224
F00881,Yıldız Ticaret A.Ş.,3581127044803864,Otomotiv,İstanbul,2004-10-04,2544469.35,16,804
F00882,Kıvılcım Tekstil Ltd. Şti.,9497856470995458,Eğitim,Adana,2004-08-24,151413.55,14,1900
F00883,Meridyen Lojistik A.Ş.,7767983847874722,Gıda ve İçecek,İstanbul,2009-12-05,831984.08,5,1900
F00884,Erguvan Tarım A.Ş.,9158224229563200,Bilişim ve Yazılım,Antalya,2023-02-03,259295.5,46,1053
F00885,Erguvan Metal A.Ş.,6209655113957064,Perakende Ticaret,Ankara,2011-11-14,19187.62,3,334
F00886,Aydın Tekstil A.Ş.,2663566416633135,Kimya,Bursa,2017-03-22,2739533.64,16,1122
F00887,Aydın Endüstri Ltd. Şti.,7508427924295535,Tarım,İzmir,2021-02-15,441479.31,16,1586
F00888,Toros Kimya A.Ş.,8478187444872970,Kimya,Samsun,2006-09-17,1015086.66,10,1136
F00889,Kıvılcım Makine Ltd. Şti.,6054937571559057,Kimya,İstanbul,1997-06-17,667004.94,30,1430
F00890,Anka Makine A.Ş.,1936300610547378,Sağlık,İzmir,2002-06-14,2944087.88,8,1130
F00891,Rüzgar Grup A.Ş.,8561402314808152,Turizm ve Konaklama,Samsun,2009-02-12,425023.85,6,1476
F00892,Berrak Yapı Ltd. Şti.,6870361502400588,Finans ve Sigorta,İstanbul,1995-11-01,107332.95,9,1900
F00893,Yıldız Yapı Ltd. Şti.,3382494816207907,Lojistik,Eskişehir,2021-10-08,171760.08,6,1751
F00894,Zirve Enerji Ltd. Şti.,0974303829408689,Gıda ve İçecek,İstanbul,2010-09-27,84444.84,6,1572
F00895,Bereket Endüstri Ltd. Şti.,4085972036256425,Tarım,İstanbul,2004-12-05,753325.41,45,1175
F00896,Çınar Ticaret Ltd. Şti.,4265800723640742,Gıda ve İçecek,İstanbul,2012-03-21,516902.5,8,1218
F00897,Yıldız Endüstri A.Ş.,5793856728210165,Bilişim ve Yazılım,İstanbul,2012-07-21,1008055.78,7,1483
F00898,Deniz Tarım Ltd. Şti.,1590781434397939,Perakende Ticaret,İzmir,2002-08-03,318423.46,4,1599
F00899,Yıldız Kimya Ltd. Şti.,0311659976357686,Kimya,Gaziantep,2010-11-23,496981.95,1,1393
F00900,Bereket Endüstri Ltd. Şti.,8990027323227777,Perakende Ticaret,İstanbul,2002-05-21,114660.31,40,966
F00901,Sahil Otomotiv Ltd. Şti.,2833050160453139,Finans ve Sigorta,İstanbul,2021-02-09,181294.01,19,1416
F00902,Bereket Holding Ltd. Şti.,2607051361764110,Metal ve Makine,Ankara,2015-02-22,621104.16,2,1805
F00903,Aydın Metal A.Ş.,1339261741105203,Perakende Ticaret,Antalya,2017-01-25,478140.13,52,1662
F00904,Zirve İnşaat A.Ş.,3555462876909791,Otomotiv,Bursa,1999-04-26,264932.11,3,1140
F00905,Deniz Gıda A.Ş.,7922494253185906,Otomotiv,Antalya,2010-11-17,1541890.26,53,1214
F00906,Aydın Holding A.Ş.,3885140567126161,Gıda ve İçecek,İstanbul,2008-09-17,12086.75,10,1313
F00907,Mavera Yazılım A.Ş.,5985803526908194,Kimya,Mersin,2019-04-17,203872.51,22,1662
F00908,Aydın Teknoloji A.Ş.,5507644160810041,Gıda ve İçecek,İzmir,2019-04-13,797573.68,21,859
F00909,Kaptan Otomotiv Ltd. Şti.,3704998244262793,Bilişim ve Yazılım,Gaziantep,2021-12-31,184366.39,134,1512
F00910,Mavera Sistem Ltd. Şti.,5413727299406606,Enerji,İstanbul,2013-07-14,402158.48,19,1524
F00911,Toros Yazılım A.Ş.,9263045815536064,Otomotiv,Samsun,2013-05-08,19507.94,10,1388
F00912,Vadi Tekstil Ltd. Şti.,7128422645095221,İnşaat,Mersin,2023-02-20,1098707.38,14,834
F00913,Deniz Metal A.Ş.,4072380244723183,Metal ve Makine,Ankara,2016-08-07,430670.28,6,1034
F00914,Kıvılcım İnşaat A.Ş.,0035542605682502,Eğitim,Antalya,2013-09-24,107197.16,23,1777
F00915,Ege Tekstil Ltd. Şti.,3459872060912475,Turizm ve Konaklama,Gaziantep,2016-04-04,456444.75,25,1469
F00916,Sahil Enerji Ltd. Şti.,6095288056519752,İnşaat,Konya,2014-05-22,299976.64,27,602
F00917,Bumerang Endüstri A.Ş.,0857210245716482,Lojistik,İstanbul,1995-04-24,303214.93,4,1658
F00918,Bereket Lojistik Ltd. Şti.,8710325352903002,Tarım,İzmir,2016-04-23,228234.56,13,948
F00919,Ege Danışmanlık Ltd. Şti.,4145019650305451,Finans ve Sigorta,İzmir,1998-04-05,821193.44,25,1567
F00920,Kervan Makine Ltd. Şti.,9599789776525238,Enerji,İzmir,2005-11-30,109718.67,6,1467
F00921,Bereket Makine A.Ş.,0135063767720640,Metal ve Makine,Antalya,2018-03-04,124997.84,20,751
F00922,Kaptan Teknoloji A.Ş.,2985924981924245,Otomotiv,Ankara,2007-07-15,156952.89,81,1531
F00923,Sahil Grup Ltd. Şti.,7428744791866745,Eğitim,Bursa,2004-08-08,322375.74,98,699
F00924,Toros Danışmanlık Ltd. Şti.,0456949227840822,Bilişim ve Yazılım,İzmir,2014-02-20,109442.85,9,1657
F00925,Kaptan Ticaret Ltd. Şti.,5623209956438916,Metal ve Makine,Trabzon,2016-08-09,703077.21,5,1699
F00926,Bereket Kimya Ltd. Şti.,3183619813959977,Lojistik,Denizli,1996-09-06,172189.99,45,1090
F00927,Mavera Enerji A.Ş.,5085893401689533,Metal ve Makine,İstanbul,2014-08-27,234299.91,8,1716
F00928,Toros Tekstil Ltd. Şti.,9047562013143230,Otomotiv,Mersin,2018-07-04,150985.74,12,1552
F00929,Sahil Turizm Ltd. Şti.,3336596667738332,Bilişim ve Yazılım,Adana,2013-02-06,488836.98,32,1463
F00930,Toprak Holding Ltd. Şti.,0043188861030626,İnşaat,Ankara,2007-09-25,169384.44,9,1335
F00931,Vadi Yapı A.Ş.,2268364483305294,Metal ve Makine,Ankara,2015-10-09,353115.94,11,1405
F00932,Meridyen Grup A.Ş.,8379530787657501,Eğitim,Antalya,2005-07-24,50565.3,26,1454
F00933,Zirve Otomotiv Ltd. Şti.,2183988681768662,Otomotiv,Samsun,2003-08-28,807790.04,13,878
F00934,Doruk Yapı A.Ş.,2838659433874906,Tarım,Samsun,1998-02-23,180901.72,11,1622
F00935,Cevher Ticaret A.Ş.,4061722443435621,Enerji,Denizli,2010-08-19,27520.85,14,1554
F00936,Kervan Tarım Ltd. Şti.,2043751183201782,Eğitim,Ankara,2007-03-04,129620.12,14,1211
F00937,Ege Ticaret A.Ş.,3542163254593854,Finans ve Sigorta,İzmir,2020-02-11,120267.03,8,1186
F00938,Anka Otomotiv A.Ş.,5257820224101331,Finans ve Sigorta,Bursa,2020-05-03,569196.01,6,1129
F00939,Kervan Yazılım Ltd. Şti.,4652030669304158,Perakende Ticaret,İstanbul,1997-11-10,1876129.68,35,841
F00940,Kervan Sistem A.Ş.,6063448401668613,Turizm ve Konaklama,Denizli,2013-07-26,115699.88,17,1425
F00941,Kervan Danışmanlık Ltd. Şti.,7880970447784422,Eğitim,Bursa,2015-04-09,52075.92,42,1647
F00942,Rüzgar Tekstil A.Ş.,0174385364385472,Kimya,Ankara,2004-04-24,455928.74,52,1535
F00943,Pusula Holding Ltd. Şti.,2163050015225597,Eğitim,Bursa,2006-02-22,439520.2,63,1730
F00944,Zirve Tarım Ltd. Şti.,0634409681738029,Bilişim ve Yazılım,Samsun,1995-11-04,106334.15,25,1200
F00945,Bumerang Ticaret Ltd. Şti.,6144861499588284,Enerji,Kayseri,2023-08-02,467226.77,21,984
F00946,Bereket Endüstri A.Ş.,5233348615873720,Finans ve Sigorta,İstanbul,2008-12-08,234678.04,17,1269
F00947,Bahar Danışmanlık A.Ş.,6631293834088272,İnşaat,Denizli,2008-10-07,379337.25,30,1318
F00948,Doruk Metal Ltd. Şti.,3089767568689382,Tarım,İstanbul,2015-05-30,343540.2,53,1541
F00949,Berrak Metal A.Ş.,8588649077927782,Metal ve Makine,Konya,2023-03-30,334672.16,5,1601
F00950,Çınar Kimya A.Ş.,5706596039743140,Enerji,Antalya,1996-12-11,385834.94,48,1414
F00951,Deniz Sistem Ltd. Şti.,7461201532772810,İnşaat,Ankara,2014-04-28,36392.09,2,1458
F00952,Vadi Lojistik A.Ş.,1399528310076721,Perakende Ticaret,Antalya,1995-10-04,143313.1,20,1434
F00953,Yıldız Yazılım Ltd. Şti.,7339988343395292,Tekstil,İstanbul,2012-06-03,223345.77,12,1140
F00954,Kıvılcım Enerji A.Ş.,0605575518908318,Kimya,İzmir,2021-01-14,263720.35,7,1288
F00955,Meridyen Enerji A.Ş.,6064368627678734,Enerji,Antalya,2022-02-03,187960.3,10,1676
F00956,Sahil Endüstri A.Ş.,9498534375014861,Tarım,İstanbul,2011-12-02,232635.96,37,1861
F00957,Toprak İnşaat Ltd. Şti.,2032544602787046,Finans ve Sigorta,Bursa,2021-04-05,687240.18,22,1498
F00958,Rüzgar Sistem A.Ş.,1177416676698069,Finans ve Sigorta,Ankara,1998-08-15,695158.1,14,1695
F00959,Kaptan Yapı A.Ş.,4534417029971603,Lojistik,Antalya,2013-11-08,527295.5,9,1668
F00960,Doruk Yapı Ltd. Şti.,1508407872950256,Gıda ve İçecek,İstanbul,2018-07-18,296744.86,12,1257
F00961,Umut Gıda Ltd. Şti.,3794003492958125,Tekstil,İstanbul,2017-01-05,322101.09,36,1666
F00962,Aydın Sistem A.Ş.,5269501003348436,Tekstil,İzmir,2015-08-06,395827.26,24,1781
F00963,Vadi Endüstri A.Ş.,8268357246098775,Enerji,Antalya,2011-05-11,227529.93,4,1700
F00964,Kıvılcım Grup Ltd. Şti.,3200322228178019,Turizm ve Konaklama,İzmir,2016-09-01,149828.1,6,789
F00965,Sahil Turizm A.Ş.,8742792104886083,Lojistik,İstanbul,2010-02-21,503033.15,2,1084
F00966,Doruk Tarım A.Ş.,6859772986656780,Kimya,İstanbul,2016-04-17,512502.3,27,1204
F00967,Yıldız Otomotiv Ltd. Şti.,7233844011415898,Turizm ve Konaklama,Mersin,2011-06-24,231522.27,5,1163
F00968,Mavera Makine Ltd. Şti.,1394840403462981,Finans ve Sigorta,İzmir,2013-08-22,359632.08,8,1326
F00969,Cevher Sistem Ltd. Şti.,4514933435567828,Bilişim ve Yazılım,Ankara,2005-07-20,53574.19,41,1553
F00970,Doğuş Tarım A.Ş.,2162480606796783,Tarım,Trabzon,2012-05-28,641905.2,48,1152
F00971,Kervan Tarım A.Ş.,1039174739676628,Sağlık,İzmir,1999-05-19,180912.01,2,1900
F00972,Yörünge Gıda A.Ş.,4570773671950962,İnşaat,Samsun,2008-01-24,227625.3,38,956
F00973,Vadi Enerji Ltd. Şti.,2409546792192741,Eğitim,Gaziantep,2007-04-19,802933.57,86,1381
F00974,Kıvılcım Makine A.Ş.,6236232346918165,Metal ve Makine,Bursa,2017-01-05,88258.95,11,731
F00975,Nokta Kimya A.Ş.,3492815178934221,Lojistik,İzmir,2019-12-18,257384.06,30,1389
F00976,Erguvan İnşaat Ltd. Şti.,3173847915034261,Lojistik,Bursa,2006-04-26,196309.25,22,1581
F00977,Bahar İnşaat A.Ş.,7800846794455152,Lojistik,İstanbul,2009-09-13,43221.96,14,1900
F00978,Kaptan Grup A.Ş.,1656812188518688,Perakende Ticaret,Ankara,2014-07-18,61789.09,12,1900
F00979,Damla Turizm Ltd. Şti.,4806516278568685,Otomotiv,Antalya,2016-11-08,904007.26,8,1461
F00980,Pusula Otomotiv A.Ş.,6141441369180562,Turizm ve Konaklama,İzmir,2009-01-21,267714.7,6,1305
F00981,Erguvan Ticaret A.Ş.,6088571682063521,Perakende Ticaret,Bursa,2006-04-28,197212.53,15,1175
F00982,Pusula Yazılım A.Ş.,8659592831495356,Otomotiv,İstanbul,2015-11-03,65888.55,12,1900
F00983,Rüzgar Ticaret A.Ş.,0209419876766071,Kimya,İzmir,2018-07-31,293732.04,9,1626
F00984,Rüzgar Yapı Ltd. Şti.,5118536130869900,Eğitim,Gaziantep,1997-10-03,225448.81,87,1398
F00985,Ege Gıda A.Ş.,8638152583182588,Enerji,İzmir,2000-09-09,579862.78,6,1550
F00986,Bumerang Turizm A.Ş.,0172235381524256,Sağlık,Mersin,2007-01-30,363161.47,12,1249
F00987,Kervan Endüstri Ltd. Şti.,3942614256076860,Tarım,İzmir,1998-08-30,133008.3,17,1588
F00988,Çınar Lojistik A.Ş.,1596703258561653,Tarım,İzmir,2009-09-13,233309.44,17,1388
F00989,Kaptan Kimya Ltd. Şti.,0084579350869856,Metal ve Makine,Ankara,2019-01-17,299053.76,11,1405
F00990,Vadi Danışmanlık Ltd. Şti.,8969466639978406,İnşaat,İstanbul,1995-12-05,5219146.82,18,1521
F00991,Yıldız Endüstri A.Ş.,3617317266760935,Metal ve Makine,İstanbul,2021-11-26,434445.58,10,1788
F00992,Bereket Otomotiv Ltd. Şti.,7098441242399953,Finans ve Sigorta,İstanbul,2015-02-12,194798.28,38,1299
F00993,Yıldız Sistem A.Ş.,8606424665881610,Sağlık,Gaziantep,2019-01-26,93342.45,19,1068
F00994,Doğuş Turizm Ltd. Şti.,2989779839331559,Enerji,Mersin,2020-04-14,483692.3,4,1214
F00995,Ege Metal Ltd. Şti.,2941485100326322,Perakende Ticaret,Antalya,2011-02-25,55553.25,226,903
F00996,Vadi Kimya Ltd. Şti.,2086306374496855,Tekstil,Antalya,2010-08-30,271249.71,42,1710
F00997,Bahar İnşaat Ltd. Şti.,6351596291064940,Turizm ve Konaklama,İzmir,2003-11-16,684522.19,9,1733
F00998,Damla Tarım Ltd. Şti.,6491026053102652,Metal ve Makine,İstanbul,1999-11-04,732874.83,16,1472
F00999,Bahar Otomotiv Ltd. Şti.,3952506096839365,Gıda ve İçecek,İstanbul,2022-02-11,192083.43,5,1771
F01000,Bahar Yazılım A.Ş.,7945078109038216,Otomotiv,Gaziantep,2022-09-26,1136460.08,5,1353
F01001,Bumerang Sistem Ltd. Şti.,5945380152428156,Finans ve Sigorta,Ankara,2008-07-18,229173.46,13,1419
F01002,Doruk Makine Ltd. Şti.,3728607234979847,İnşaat,Ankara,2008-10-09,760360.25,6,1074
F01003,Bereket Ticaret Ltd. Şti.,2402469170378382,Sağlık,İstanbul,2007-09-11,1045788.51,8,1021
F01004,Doruk Tarım A.Ş.,2327655901137069,Perakende Ticaret,İstanbul,2013-08-15,157370.32,9,1866
F01005,Cevher Tekstil Ltd. Şti.,1135077333678936,Eğitim,İstanbul,2010-09-29,742151.61,42,1645
F01006,Toprak Yazılım Ltd. Şti.,8804012026913610,Lojistik,İzmir,2002-07-23,759843.7,6,1340
F01007,Rüzgar Makine A.Ş.,3945507586727508,Otomotiv,Adana,2011-10-12,90318.1,10,1605
F01008,Umut Enerji A.Ş.,4994352349043363,Metal ve Makine,Gaziantep,2016-11-26,311153.49,49,1057
F01009,Toros Sistem A.Ş.,6398477122020201,Sağlık,İstanbul,2018-02-20,465218.37,3,1338
F01010,Vadi Danışmanlık A.Ş.,7273068891085182,Eğitim,Bursa,2014-04-09,605837.31,10,1565
F01011,Yıldız Gıda Ltd. Şti.,9217120217001565,Lojistik,Antalya,2000-05-30,93367.11,2,1477
F01012,Zirve Yazılım A.Ş.,6857221336445862,Tarım,Konya,2006-11-16,1827411.89,4,1676
F01013,Toprak Grup Ltd. Şti.,4920250453820411,Lojistik,Denizli,2011-11-10,281465.67,3,970
F01014,Berrak Lojistik Ltd. Şti.,0791113554445761,Enerji,İzmir,2013-12-23,273037.18,8,1006
F01015,Mavera Lojistik A.Ş.,1998170591139340,Lojistik,Bursa,1997-11-15,41629.19,5,1458
F01016,Berrak Teknoloji A.Ş.,9213151836585528,Finans ve Sigorta,Antalya,2008-01-25,266454.61,8,1460
F01017,Mavera Lojistik A.Ş.,1923138792746570,Lojistik,Eskişehir,1996-07-20,842416.13,19,1363
F01018,Bumerang Makine A.Ş.,5734506184276045,Perakende Ticaret,Mersin,2022-05-03,744806.11,5,1332
F01019,Mavera Sistem Ltd. Şti.,5262771622368063,Turizm ve Konaklama,İstanbul,1998-02-21,215088.16,3,1112
F01020,Cevher Endüstri A.Ş.,3168678116883469,Enerji,İstanbul,2001-04-02,27379.35,91,1118
F01021,Mavera Ticaret A.Ş.,7989753028127791,Enerji,İzmir,2013-04-23,1536051.23,13,1569
F01022,Ege Makine A.Ş.,9622869892018270,Eğitim,İstanbul,2007-02-21,156736.33,16,1595
F01023,Zirve Endüstri Ltd. Şti.,2909137724444662,Turizm ve Konaklama,İstanbul,2013-06-13,557382.87,29,1217
F01024,Erguvan Makine A.Ş.,4605777128273621,Tarım,İstanbul,2013-07-21,158198.26,2,1466
F01025,Kıvılcım Holding A.Ş.,0200974667891052,Enerji,Adana,2017-11-04,882590.47,67,1491
F01026,Toprak Kimya A.Ş.,1008620372354330,Lojistik,İzmir,2013-08-01,115482.27,2,1622
F01027,Deniz Kimya A.Ş.,2293032140132313,Tarım,İstanbul,2011-01-17,37201.18,9,1332
F01028,Cevher Danışmanlık A.Ş.,2762018902649316,Tekstil,İzmir,2014-06-27,248599.72,13,1441
F01029,Anka Lojistik A.Ş.,0175937195477453,Finans ve Sigorta,Samsun,2017-05-24,18828.0,13,731
F01030,Toprak Tekstil A.Ş.,9565785078705618,Otomotiv,Mersin,2005-07-13,600453.14,7,752
F01031,Deniz Holding A.Ş.,6865487359682178,Metal ve Makine,İstanbul,2015-04-06,109576.13,7,1757
F01032,Bahar Lojistik Ltd. Şti.,2945342003916181,Lojistik,İstanbul,2014-02-15,333134.47,19,1754
F01033,Mavera Danışmanlık Ltd. Şti.,4564500619576068,Metal ve Makine,İstanbul,1995-11-12,241407.41,28,1605
F01034,Sahil Holding A.Ş.,0124076049183116,Bilişim ve Yazılım,Mersin,1999-05-10,65178.41,58,973
F01035,Çınar Grup Ltd. Şti.,9410950205669347,Finans ve Sigorta,İstanbul,1997-08-07,736086.79,2,1490
F01036,Zirve Enerji A.Ş.,8590349473066396,Otomotiv,İstanbul,2018-09-18,2080474.12,10,1323
F01037,Mavera Sistem A.Ş.,3655099893052012,Perakende Ticaret,İstanbul,2004-10-13,525173.52,9,1900
F01038,Yıldız Lojistik A.Ş.,4016183824201942,Bilişim ve Yazılım,Kayseri,1997-02-28,331509.41,9,1237
F01039,Toros Danışmanlık Ltd. Şti.,4399728387183988,İnşaat,Antalya,1999-03-14,96158.84,7,1222
F01040,Rüzgar Makine Ltd. Şti.,0152454339873032,Metal ve Makine,Adana,1997-05-09,156936.57,6,1900
F01041,Umut Sistem A.Ş.,4514080400068012,Lojistik,Eskişehir,2017-02-24,86413.17,15,1577
F01042,Kervan Sistem A.Ş.,5375714008225272,Perakende Ticaret,Antalya,2013-03-02,536659.34,12,1327
F01043,Anka Metal A.Ş.,1148440268070853,Metal ve Makine,Gaziantep,2012-11-18,440956.82,17,1322
F01044,Bumerang Holding A.Ş.,9753542952159389,Metal ve Makine,İzmir,2010-12-15,48143.12,8,1056
F01045,Rüzgar Otomotiv Ltd. Şti.,4732786793609033,Gıda ve İçecek,Gaziantep,2002-11-27,128813.96,13,1507
F01046,Kıvılcım İnşaat Ltd. Şti.,7176150256571239,Sağlık,İstanbul,2015-12-27,1902155.03,7,1632
F01047,Doğuş Lojistik A.Ş.,7440560094384671,Kimya,Ankara,1998-02-10,375703.68,49,1572
F01048,Rüzgar Gıda A.Ş.,5379632368518129,Bilişim ve Yazılım,Trabzon,2013-11-28,88492.27,2,1403
F01049,Yıldız Ticaret A.Ş.,9259177915883900,Kimya,Eskişehir,2022-01-13,150047.01,5,1019
F01050,Toprak Otomotiv Ltd. Şti.,5900762992315662,Sağlık,İstanbul,1999-09-07,320319.13,60,1277
F01051,Umut Enerji Ltd. Şti.,5167713492801366,Turizm ve Konaklama,Gaziantep,1998-11-25,513649.98,12,941
F01052,Mavera İnşaat Ltd. Şti.,8303937868763423,Turizm ve Konaklama,İstanbul,2014-11-19,602168.44,4,1244
F01053,Pusula Yapı Ltd. Şti.,7042647657716645,Enerji,İstanbul,2006-05-11,184301.36,32,1082
F01054,Damla İnşaat Ltd. Şti.,7403290420307071,Tekstil,Ankara,2018-08-30,412485.73,5,1246
F01055,Umut Yazılım Ltd. Şti.,8428543212972112,Kimya,Mersin,2017-11-29,4921.06,109,1565
F01056,Bahar Lojistik Ltd. Şti.,8764359331326223,Turizm ve Konaklama,Antalya,2000-09-23,115372.09,4,1089
F01057,Vadi Makine Ltd. Şti.,3326616820228386,Kimya,Bursa,2017-11-19,590407.05,2,1267
F01058,Rüzgar İnşaat Ltd. Şti.,7814225918483626,İnşaat,Antalya,1995-07-03,1881737.41,4,1262
F01059,Yıldız Gıda Ltd. Şti.,8232880692873457,Gıda ve İçecek,Mersin,2006-12-15,3028690.17,25,1437
F01060,Rüzgar Sistem A.Ş.,5418264381351753,Metal ve Makine,Ankara,2022-10-25,468504.09,9,1789
F01061,Anka Danışmanlık A.Ş.,3407712699583471,Tekstil,İstanbul,2013-02-08,172946.4,1,1192
F01062,Ege Grup Ltd. Şti.,4917514961468549,Sağlık,İzmir,2012-10-24,92650.72,10,1322
F01063,Sahil Yapı Ltd. Şti.,5541431995097172,Eğitim,İzmir,2012-08-08,1001656.33,26,1478
F01064,Pusula Gıda Ltd. Şti.,4879339895834794,Bilişim ve Yazılım,İstanbul,2006-04-07,267469.29,4,655
F01065,Bahar Metal A.Ş.,8108922142398926,Enerji,Konya,2015-06-19,303906.7,29,1367
F01066,Ege Yapı A.Ş.,1324380563584008,Eğitim,İstanbul,2002-11-04,148993.84,21,1375
F01067,Çınar Gıda Ltd. Şti.,5102933887865894,Turizm ve Konaklama,İzmir,2014-03-24,1713962.69,46,1615
F01068,Cevher Otomotiv Ltd. Şti.,7851691144110872,Tarım,Mersin,2013-10-23,617545.19,3,1508
F01069,Bereket Sistem A.Ş.,7082227606480524,Lojistik,Mersin,2021-01-15,405939.15,24,1547
F01070,Erguvan Endüstri A.Ş.,5761798918796332,Tekstil,Trabzon,1999-03-27,441546.6,200,1377
F01071,Rüzgar Teknoloji Ltd. Şti.,5907809668507289,Otomotiv,İstanbul,1998-07-12,751608.7,8,1637
F01072,Yıldız Turizm Ltd. Şti.,2171935676106595,Otomotiv,Kayseri,2005-10-11,754078.6,19,1900
F01073,Çınar Teknoloji A.Ş.,2244950835523998,Kimya,Trabzon,2022-11-18,101447.47,8,1463
F01074,Meridyen Endüstri A.Ş.,7396946263812620,Eğitim,Mersin,2013-11-12,707071.83,16,1785
F01075,Deniz Turizm A.Ş.,3897317979695866,Perakende Ticaret,Denizli,2013-07-28,129591.33,4,1402
F01076,Aydın Otomotiv Ltd. Şti.,0457390471288647,Eğitim,Denizli,1995-10-13,246496.16,23,1391
F01077,Anka Holding A.Ş.,3562656844089199,İnşaat,Ankara,2007-12-22,184605.84,12,1336
F01078,Yörünge Ticaret A.Ş.,2961095651778351,Eğitim,Adana,2017-08-15,191859.88,10,1278
F01079,Umut Danışmanlık A.Ş.,2471355565202458,Perakende Ticaret,İstanbul,2019-06-02,688542.02,16,1900
F01080,Vadi Turizm A.Ş.,9000177080953718,Metal ve Makine,Denizli,1996-01-03,320223.67,7,1900
F01081,Umut Kimya A.Ş.,0723386333029676,Tarım,Konya,2001-01-23,422941.44,36,1577
F01082,Sahil Teknoloji A.Ş.,9011351810852275,Turizm ve Konaklama,Konya,2020-04-19,532486.13,23,997
F01083,Çınar Metal A.Ş.,1379559800129045,Finans ve Sigorta,Ankara,2001-01-29,402029.98,3,1257
F01084,Yörünge İnşaat A.Ş.,1569150228157260,Tarım,Trabzon,2011-07-16,120791.45,19,1500
F01085,Cevher Holding A.Ş.,3607991642194074,Tarım,İzmir,2017-12-26,455549.87,17,1217
F01086,Berrak Turizm A.Ş.,9979577030339362,Perakende Ticaret,Antalya,2000-06-26,201369.37,33,1720
F01087,Deniz Danışmanlık A.Ş.,1325965018664131,Tekstil,Antalya,2001-04-21,76003.8,2,1091
F01088,Toprak Otomotiv Ltd. Şti.,8519137372282001,Tekstil,İstanbul,2006-10-14,847230.73,45,1122
F01089,Kıvılcım Otomotiv A.Ş.,0265808391144910,Otomotiv,Ankara,2007-08-21,376261.74,84,1524
F01090,Kervan Danışmanlık Ltd. Şti.,6364702044264771,Otomotiv,Bursa,2015-12-03,1281643.27,36,1126
F01091,Toprak İnşaat A.Ş.,9623676101888971,Perakende Ticaret,Denizli,2017-09-12,217732.04,13,1431
F01092,Vadi Makine A.Ş.,6925821894488469,Finans ve Sigorta,Ankara,2011-07-27,735247.05,20,519
F01093,Kaptan Tekstil A.Ş.,6573013542011695,Perakende Ticaret,İstanbul,2016-10-28,63314.88,1,1362
F01094,Bereket Enerji Ltd. Şti.,8737597784845306,Lojistik,Ankara,2013-01-17,349597.03,17,1112
F01095,Anka Yapı Ltd. Şti.,5620787613262392,Tarım,İzmir,2015-08-12,563294.81,27,1023
F01096,Ege İnşaat A.Ş.,1545776242497318,Kimya,Adana,2012-10-26,53495.78,13,1900
F01097,Bahar Tekstil A.Ş.,3481236836560470,Tarım,Eskişehir,2005-11-14,1740559.23,23,1181
F01098,Berrak Otomotiv Ltd. Şti.,3290172113165536,Perakende Ticaret,İstanbul,2023-10-18,711781.97,8,1169
F01099,Bumerang Lojistik Ltd. Şti.,8146339497723511,Bilişim ve Yazılım,İstanbul,2011-06-14,25377.96,14,1211
F01100,Anka Endüstri Ltd. Şti.,2501379812404943,Lojistik,İstanbul,1997-04-20,298365.17,1,1360
F01101,Deniz Holding Ltd. Şti.,3867074335917995,Tekstil,İstanbul,2005-09-14,18504.45,39,1556
F01102,Umut Tarım Ltd. Şti.,5217876054729421,Tekstil,Kayseri,2010-10-03,197495.04,23,1106
F01103,Berrak İnşaat Ltd. Şti.,1351505302721089,Metal ve Makine,İstanbul,2000-05-17,290573.86,29,471
F01104,Sahil İnşaat A.Ş.,1529535149170438,Finans ve Sigorta,Antalya,1997-01-11,164070.78,13,1341
F01105,Umut Ticaret A.Ş.,1026191229124025,Enerji,İstanbul,2018-10-07,1332825.93,4,1123
F01106,Doruk Kimya Ltd. Şti.,5654219117361515,Tarım,İzmir,2005-11-11,32615.54,60,1326
F01107,Doğuş Otomotiv Ltd. Şti.,0387360164763250,İnşaat,Gaziantep,2000-12-07,165669.52,12,1518
F01108,Sahil Teknoloji A.Ş.,6490037824173239,Enerji,Ankara,2003-11-25,393210.25,190,1536
F01109,Toros Turizm A.Ş.,0593328640185137,Turizm ve Konaklama,Adana,2008-03-11,160850.4,7,1210
F01110,Vadi Yapı Ltd. Şti.,5971813504749046,Kimya,İstanbul,2003-01-04,51430.13,14,1635
F01111,Erguvan Turizm A.Ş.,4052925784281858,Eğitim,Ankara,2006-08-03,136666.65,6,1854
F01112,Bahar Ticaret A.Ş.,5054201190248286,Otomotiv,Bursa,2013-03-15,55874.79,1,964
F01113,Zirve İnşaat A.Ş.,2624418211475252,Finans ve Sigorta,İzmir,2005-07-14,49292.34,19,1291
F01114,Doğuş Gıda A.Ş.,7797851361909861,Metal ve Makine,Eskişehir,2013-09-08,210732.38,42,1192
F01115,Anka Ticaret A.Ş.,5575500231123813,Finans ve Sigorta,İstanbul,2013-09-06,629447.89,61,1263
F01116,Zirve Gıda Ltd. Şti.,1813310065719430,Enerji,Antalya,2012-06-24,603635.09,10,1677
F01117,Damla Yapı Ltd. Şti.,0372531148073486,Eğitim,Ankara,2010-03-04,47636.85,2,1192
F01118,Kaptan Yapı A.Ş.,5286415502398794,Finans ve Sigorta,Adana,2008-09-03,100930.02,8,1334
F01119,Doğuş Yapı Ltd. Şti.,4748367093854713,Bilişim ve Yazılım,Trabzon,2017-10-24,592445.93,8,1152
F01120,Vadi Turizm A.Ş.,8267169214414772,Metal ve Makine,İstanbul,2020-08-30,182286.57,6,1119
F01121,Doruk Otomotiv A.Ş.,9175490785922416,Eğitim,Bursa,1999-06-07,45509.73,14,1229
F01122,Zirve Grup Ltd. Şti.,0724037393426226,Turizm ve Konaklama,Denizli,2011-05-22,776775.47,3,1075
F01123,Bahar Yapı Ltd. Şti.,2872678829691344,Tarım,Bursa,2022-02-27,1971288.49,5,1329
F01124,Çınar Gıda A.Ş.,3556927615346499,Metal ve Makine,Konya,2001-04-24,70443.88,3,1774
F01125,Anka Metal A.Ş.,3261324025474680,Turizm ve Konaklama,İstanbul,2023-11-27,323884.89,15,819
F01126,Pusula Makine A.Ş.,4077830420693201,Bilişim ve Yazılım,Gaziantep,1995-06-27,398162.51,42,1744
F01127,Cevher Endüstri Ltd. Şti.,6494982511696858,Lojistik,İzmir,2021-09-06,559705.79,4,1403
F01128,Damla Kimya Ltd. Şti.,9071863843728422,Otomotiv,Kayseri,2020-01-15,559245.29,2,973
F01129,Zirve Sistem Ltd. Şti.,1333450223603160,Perakende Ticaret,İzmir,2007-03-13,712812.05,32,935
F01130,Doruk Ticaret A.Ş.,1916458823666168,Bilişim ve Yazılım,İzmir,2023-12-29,643401.1,14,1634
F01131,Nokta Ticaret Ltd. Şti.,7613692614504183,Turizm ve Konaklama,İstanbul,2006-02-02,133522.67,25,1581
F01132,Kervan Yazılım Ltd. Şti.,9698456566528677,Bilişim ve Yazılım,İzmir,2023-07-28,182322.35,13,1205
F01133,Bahar Kimya A.Ş.,4286908729338854,Metal ve Makine,Ankara,2009-08-04,1650853.27,11,1123
F01134,Bereket Grup Ltd. Şti.,4007164697224388,Finans ve Sigorta,İstanbul,2008-12-18,122099.49,15,1625
F01135,Çınar İnşaat Ltd. Şti.,3600738962489281,Kimya,Adana,2015-04-24,61734.02,85,1492
F01136,Damla Yapı Ltd. Şti.,0110137201607049,İnşaat,Kayseri,2007-03-14,448247.84,12,1333
F01137,Kervan Holding A.Ş.,7932560693723528,Tekstil,İstanbul,2014-12-30,227951.59,37,1397
F01138,Zirve Grup Ltd. Şti.,8835075752217472,Eğitim,Mersin,2004-06-14,623906.15,8,1458
F01139,Vadi Teknoloji A.Ş.,3729914489276970,Kimya,Konya,2006-10-18,110822.78,45,1149
F01140,Rüzgar Gıda A.Ş.,6503041125396108,İnşaat,İstanbul,2015-05-12,187685.43,9,1221
F01141,Erguvan Makine A.Ş.,8969718748233696,Tekstil,Adana,1997-09-22,594065.79,9,1818
F01142,Erguvan İnşaat A.Ş.,5297186279124303,Lojistik,Bursa,2010-08-22,109062.61,15,1167
F01143,Yıldız Enerji Ltd. Şti.,7186629780372254,Tarım,Denizli,2021-12-25,426373.1,13,1353
F01144,Umut Otomotiv A.Ş.,8653672557700996,Eğitim,Eskişehir,2009-05-09,991845.34,6,1575
F01145,Kıvılcım Otomotiv Ltd. Şti.,5350237859011164,Tarım,Bursa,2011-05-03,115167.64,15,1041
F01146,Nokta Kimya A.Ş.,5091610617017513,Tekstil,Kayseri,1997-06-14,129473.45,12,1900
F01147,Doğuş Tekstil A.Ş.,4464679720134486,Bilişim ve Yazılım,İstanbul,2009-08-28,299804.02,70,1466
F01148,Kıvılcım Metal A.Ş.,0235756999309578,Enerji,İstanbul,2002-05-14,175291.81,62,1531
F01149,Cevher Otomotiv A.Ş.,7497414578342559,Lojistik,Trabzon,2020-06-04,132323.67,21,1312
F01150,Vadi Turizm Ltd. Şti.,6401438357423050,Otomotiv,Bursa,2014-08-08,30093.44,34,1728
F01151,Meridyen İnşaat A.Ş.,3129438572386627,Otomotiv,Kayseri,2009-11-12,2026328.78,20,1325
F01152,Nokta Teknoloji Ltd. Şti.,1140760611172056,Turizm ve Konaklama,Ankara,2003-03-27,672319.11,31,1819
F01153,Berrak Gıda Ltd. Şti.,3378245406153385,Finans ve Sigorta,Konya,2012-02-23,255482.61,11,1185
F01154,Zirve Makine Ltd. Şti.,5656667439966317,Bilişim ve Yazılım,Antalya,2019-07-02,484662.62,2,1542
F01155,Bereket Endüstri A.Ş.,0067471262405790,İnşaat,Antalya,2009-06-06,512275.9,24,1369
F01156,Toros Yazılım Ltd. Şti.,6168908347299371,Tarım,İstanbul,2007-08-23,1448843.3,32,1217
F01157,Yıldız Ticaret Ltd. Şti.,8816935851373386,Tekstil,Bursa,2008-06-11,140351.19,5,1565
F01158,Berrak İnşaat Ltd. Şti.,9988539960651781,Bilişim ve Yazılım,Bursa,2015-07-18,89308.07,39,1796
F01159,Yörünge Sistem Ltd. Şti.,9753947658848135,Gıda ve İçecek,Antalya,2019-12-20,102036.12,11,1404
F01160,Yıldız Metal A.Ş.,8641073019729731,Sağlık,Denizli,2006-04-18,709546.62,67,894
F01161,Damla Kimya Ltd. Şti.,8596245575077858,Gıda ve İçecek,İstanbul,2016-01-20,189094.32,10,979
F01162,Bahar Yapı A.Ş.,7243612210904704,İnşaat,İzmir,2018-02-20,157373.77,20,1244
F01163,Zirve Makine Ltd. Şti.,7605061789102282,Otomotiv,Ankara,2021-12-28,49065.76,238,1479
F01164,Meridyen Grup A.Ş.,4231789636078121,Enerji,Konya,2022-01-30,303417.05,4,1388
F01165,Damla Tekstil A.Ş.,8724222803653802,Perakende Ticaret,İstanbul,2017-05-13,223991.83,2,988
F01166,Deniz Makine Ltd. Şti.,5706319665940346,Turizm ve Konaklama,Ankara,2010-08-02,643333.56,94,1438
F01167,Bereket Tekstil A.Ş.,2473263838172708,Turizm ve Konaklama,İstanbul,1996-12-14,902922.14,11,1302
F01168,Erguvan Sistem Ltd. Şti.,5698358082992295,Lojistik,Konya,2007-02-24,890979.71,71,1790
F01169,Nokta Otomotiv Ltd. Şti.,8672289643220231,Tekstil,Ankara,2014-09-13,83033.6,12,1483
F01170,Mavera Turizm Ltd. Şti.,3023375563388682,Lojistik,Trabzon,2006-08-07,201663.2,19,1646
F01171,Rüzgar Otomotiv A.Ş.,0907764222481741,Finans ve Sigorta,Ankara,2016-05-03,808625.14,72,1301
F01172,Pusula Tekstil A.Ş.,9990252714198902,Tekstil,İstanbul,2001-10-19,59848.01,19,1900
F01173,Umut Danışmanlık A.Ş.,9041595699291959,Bilişim ve Yazılım,İstanbul,2016-08-31,158788.21,26,1608
F01174,Nokta Turizm A.Ş.,9910687310575657,Enerji,İstanbul,2023-09-19,331235.95,13,1122
F01175,Deniz Sistem Ltd. Şti.,1187216416569381,Finans ve Sigorta,Ankara,2000-06-29,21811.04,4,1192
F01176,Deniz Sistem Ltd. Şti.,1009591178980066,Metal ve Makine,Denizli,2015-05-10,897317.43,12,1244
F01177,Deniz Tarım A.Ş.,2226667125879119,Gıda ve İçecek,İstanbul,2015-08-13,100701.5,25,1807
F01178,Aydın Grup Ltd. Şti.,9903198641263945,Sağlık,Antalya,2017-03-28,864389.96,24,957
F01179,Bereket Grup A.Ş.,0954514801502974,Bilişim ve Yazılım,Ankara,1998-06-17,182254.32,94,1736
F01180,Cevher Gıda A.Ş.,0183002873827992,Tarım,İstanbul,2000-04-03,49451.44,12,1508
F01181,Berrak Yapı Ltd. Şti.,8303891501494180,Tarım,Bursa,2015-03-26,116032.51,1,1339
F01182,Toprak Enerji A.Ş.,0320076596195388,Finans ve Sigorta,Ankara,2018-05-20,112810.64,6,1293
F01183,Yörünge Makine A.Ş.,4038903299819492,Enerji,İzmir,2007-07-01,231643.89,13,1134
F01184,Cevher Gıda A.Ş.,4634652379727637,Metal ve Makine,İstanbul,2012-03-23,210611.3,2,1403
F01185,Kıvılcım Sistem Ltd. Şti.,5320899062754904,Bilişim ve Yazılım,İstanbul,2001-08-10,11592.31,10,1675
F01186,Bumerang Makine Ltd. Şti.,1076938200726677,Eğitim,Ankara,2012-01-19,83677.49,27,1746
F01187,Meridyen Ticaret A.Ş.,3733592225365772,Perakende Ticaret,Ankara,2019-08-02,7053.72,11,537
F01188,Doruk Holding A.Ş.,7825735546388488,Finans ve Sigorta,Eskişehir,2008-02-13,235618.84,13,655
F01189,Doruk Yazılım A.Ş.,0530895782188968,Finans ve Sigorta,Gaziantep,2016-08-02,2229576.46,17,1145
F01190,Anka Holding A.Ş.,4141877678610783,Enerji,İstanbul,2013-07-07,1345017.22,2,941
F01191,Doruk Teknoloji A.Ş.,3260347191592624,Eğitim,İzmir,2004-02-23,21388.29,81,1499
F01192,Vadi Makine A.Ş.,7778200010270454,Otomotiv,İzmir,1995-08-21,554233.84,18,1572
F01193,Sahil Danışmanlık A.Ş.,4914513139003664,Turizm ve Konaklama,Ankara,1997-07-24,292402.19,17,1360
F01194,Damla İnşaat A.Ş.,0236738530978048,Sağlık,İstanbul,1995-01-27,137385.9,12,1482
F01195,Bereket Gıda A.Ş.,1388900719095031,Kimya,İstanbul,2001-09-18,303035.13,3,906
F01196,Yıldız Tarım Ltd. Şti.,4540816079921111,İnşaat,Ankara,2021-05-18,883039.82,9,1503
F01197,Erguvan Holding Ltd. Şti.,5341080782383397,Finans ve Sigorta,Samsun,2001-01-22,80714.06,3,1056
F01198,Damla Yapı A.Ş.,9825343839112742,Finans ve Sigorta,Ankara,2002-01-11,210066.29,6,1788
F01199,Çınar İnşaat Ltd. Şti.,2498911466601548,İnşaat,Gaziantep,2005-03-10,326921.59,85,1449
F01200,Kıvılcım Ticaret A.Ş.,1754109862694874,Lojistik,Bursa,2015-09-26,18886.34,38,947
