customer_id,ad_soyad,yas,cinsiyet,sehir,egitim,meslek_durumu,aylik_gelir_tl,medeni_durum,musteri_kkb_skoru,kayit_tarihi
C00001,Akar Ziyaettin Aslan Yüksel,45,Kadın,Adana,Lise,Serbest Meslek,18728.11,Evli,1661,2023-04-05
C00002,Uz. Zamir Açıkel Tarhan,58,Kadın,Bursa,İlkokul,Ücretli Çalışan,17937.18,Bekar,1441,2017-06-14
C00003,Suat Şafak,58,Kadın,İzmir,Lisans,Ücretli Çalışan,28151.21,Dul,1382,2017-06-21
C00004,Akdora Aygutalp Bilir,46,Erkek,Gaziantep,İlkokul,Ücretli Çalışan,16178.88,Evli,1383,2022-10-30
C00005,Arş. Gör. Sıylıhan Akbaş Durmuş,42,Erkek,İstanbul,Yüksek Lisans,Ücretli Çalışan,8425.55,Boşanmış,948,2016-02-23
C00006,Yağızkurt Şensoy,33,Kadın,Ankara,Lise,Ücretli Çalışan,12635.0,Boşanmış,1458,2024-01-19
C00007,Öğr. Seniha İnsaf Aslan,29,Erkek,İzmir,Doktora,Ücretli Çalışan,10556.14,Dul,1746,2015-11-19
C00008,Çerçi Sezgin,37,Erkek,Bursa,Lisans,Serbest Meslek,20545.3,Bekar,1143,2022-06-01
C00009,Doç. Maksur Şama,33,Erkek,Denizli,Yüksek Lisans,Ücretli Çalışan,20950.44,Bekar,1212,2019-04-06
C00010,Ferahdiba Bilir,44,Erkek,İstanbul,Ön Lisans,Ücretli Çalışan,15210.06,Boşanmış,1427,2022-11-14
C00011,Ceyhun Çorlu,32,Kadın,Bursa,Lise,Emekli,45868.1,Evli,1456,2016-10-31
C00012,Canseven Ergül Akdeniz,27,Erkek,Denizli,Lisans,Ücretli Çalışan,28858.08,Evli,1194,2022-09-05
C00013,Şehreban Kardelen Sezgin Türk,42,Kadın,İstanbul,İlkokul,Ücretli Çalışan,8251.48,Boşanmış,1047,2019-07-02
C00014,Arş. Gör. Edaviye Nuriyet Çorlu Durmuş,42,Kadın,Eskişehir,Lisans,Ücretli Çalışan,27786.62,Boşanmış,1542,2017-05-20
C00015,Nevsale Ürper Akar,38,Erkek,Mersin,Lisans,Serbest Meslek,17404.84,Evli,1130,2017-12-20
C00016,Alanalp Ülker,31,Erkek,Adana,Ön Lisans,Ücretli Çalışan,16199.13,Dul,1764,2019-01-22
C00017,Prof. Ferzi Asım Akdeniz,44,Kadın,İzmir,Lise,Ücretli Çalışan,9014.88,Bekar,1461,2024-08-28
C00018,Av. Azettin Kavurt Aslan,35,Kadın,Konya,Ön Lisans,Ücretli Çalışan,14696.8,Bekar,1532,2019-04-26
C00019,Dr. Nezize Feyzin Arsoy Ergül,52,Erkek,İzmir,Doktora,Ücretli Çalışan,30305.24,Bekar,1290,2022-08-18
C00020,Tınal Aslan,36,Erkek,Konya,Lise,Serbest Meslek,23134.23,Boşanmış,1743,2019-11-16
C00021,Tanbay Şener,34,Kadın,Samsun,Yüksek Lisans,Ücretli Çalışan,18332.92,Boşanmış,1223,2020-08-12
C00022,Arş. Gör. Yurtgüven Yüksel,25,Kadın,Kayseri,Lise,İşveren,28728.26,Evli,1839,2016-09-18
C00023,Öğr. Kasim Aslan,39,Kadın,İzmir,Lisans,Ücretli Çalışan,31306.77,Bekar,1590,2021-09-19
C00024,Dr. Günkurt Şanlı Öcalan,32,Kadın,İstanbul,Ön Lisans,Ücretli Çalışan,23450.05,Boşanmış,1884,2017-09-07
C00025,Eflâtun İlgi Türk,39,Kadın,İstanbul,Ön Lisans,Ücretli Çalışan,40299.31,Bekar,845,2023-07-13
C00026,Rabbiye Aslan,49,Kadın,İstanbul,Ön Lisans,Ücretli Çalışan,20726.56,Evli,1425,2017-12-21
C00027,Dirlik Çamurcuoğlu,41,Erkek,Samsun,Yüksek Lisans,Ücretli Çalışan,8148.54,Evli,1325,2022-12-30
C00028,Gülşa Şensoy,44,Erkek,Ankara,Lisans,Ücretli Çalışan,38756.44,Bekar,1370,2017-10-12
C00029,Öğr. Sevican Manço Eraslan,30,Erkek,İstanbul,Lisans,Ücretli Çalışan,15902.15,Evli,1728,2015-01-30
C00030,Erdibay Korutürk,43,Kadın,İstanbul,Yüksek Lisans,Ücretli Çalışan,15703.01,Boşanmış,1628,2015-10-18
C00031,İlklima Şafak,41,Erkek,Antalya,Lise,Ücretli Çalışan,30819.11,Evli,1324,2023-02-10
C00032,Nevsale Bilgin Yaman,36,Erkek,İstanbul,Ön Lisans,Emekli,16706.47,Dul,1094,2017-02-18
C00033,Dr. Aysuna Bilge Demir,43,Erkek,Ankara,Ön Lisans,Ücretli Çalışan,22414.76,Bekar,1501,2022-07-21
C00034,Tekbay Aksu,37,Kadın,İstanbul,Lisans,Serbest Meslek,10541.58,Bekar,1274,2017-10-15
C00035,Yrd. Doç. Banü Nurşan Kısakürek,35,Erkek,İstanbul,Lise,Ücretli Çalışan,13890.71,Dul,1339,2017-10-20
C00036,Arş. Gör. Hüda Çağlar Bilge Akça,44,Kadın,Ankara,Yüksek Lisans,Emekli,46573.34,Bekar,1503,2015-07-27
C00037,Uraltay Gül,43,Kadın,Samsun,Yüksek Lisans,Serbest Meslek,19273.75,Evli,1020,2016-11-12
C00038,Us Sadittin İnönü Aslan,39,Erkek,İstanbul,Ön Lisans,Ücretli Çalışan,20477.94,Bekar,1900,2016-11-05
C00039,Dilfeza Arslan,37,Erkek,İstanbul,Lisans,Ücretli Çalışan,22826.93,Dul,1491,2018-03-14
C00040,Uz. Servinaz Adila Gül,25,Erkek,İstanbul,Lise,Ücretli Çalışan,33331.9,Bekar,1687,2021-06-30
C00041,Tomurcuk İnönü,49,Kadın,Adana,Lise,Serbest Meslek,13237.06,Dul,1730,2020-08-21
C00042,Arş. Gör. Baba Bilge,23,Kadın,İstanbul,Lisans,Emekli,25954.12,Evli,1900,2015-10-08
C00043,Türknur Şennur Akar,28,Kadın,Ankara,Yüksek Lisans,Serbest Meslek,15446.94,Evli,1524,2021-06-29
C00044,Karaer İnönü,33,Kadın,Ankara,Lisans,Serbest Meslek,9918.94,Boşanmış,1397,2017-12-04
C00045,Arş. Gör. Özakan İhsanoğlu,27,Erkek,İstanbul,Ön Lisans,Ücretli Çalışan,24664.41,Boşanmış,1270,2020-02-16
C00046,Sümeyye Hayrioğlu,58,Kadın,İstanbul,Lisans,Ücretli Çalışan,14010.13,Bekar,1299,2015-10-28
C00047,Bayan Dilfeza İhsanoğlu Arsoy,49,Erkek,İstanbul,Lise,Ücretli Çalışan,11454.19,Bekar,1436,2024-11-10
C00048,Hayrünnisa Ağbegim Yüksel,55,Erkek,İstanbul,Lisans,Ücretli Çalışan,9668.54,Boşanmış,1426,2021-11-10
C00049,Atilhan Gül,43,Kadın,Antalya,Lisans,İşsiz,28334.07,Bekar,910,2024-11-05
C00050,Av. Behiza İnönü Duran,24,Kadın,Mersin,Lisans,Ücretli Çalışan,25206.92,Evli,1494,2018-01-20
C00051,Başok Ülker,43,Kadın,Adana,Lise,Ücretli Çalışan,23292.85,Boşanmış,1329,2020-09-01
C00052,Arş. Gör. Firdevis Eraslan Fırat,42,Kadın,İstanbul,Ön Lisans,Ücretli Çalışan,22740.04,Boşanmış,1321,2015-06-30
C00053,Öğr. Zerafet Gülper Demirel,62,Kadın,Bursa,Lise,Ücretli Çalışan,24667.08,Dul,1202,2021-03-09
C00054,Piran Nurda Dumanlı,47,Kadın,İstanbul,Yüksek Lisans,Serbest Meslek,12853.78,Evli,1576,2021-02-12
C00055,Dr. Hoşkadem Hadrey Erdoğan Şama,53,Erkek,Bursa,Lise,Ücretli Çalışan,13776.13,Evli,1620,2015-06-21
C00056,Soykut Durmuş,44,Kadın,Mersin,Lise,Ücretli Çalışan,28851.78,Evli,1900,2022-06-24
C00057,Yrd. Doç. Duruk Abdülahat Erdoğan,37,Erkek,Denizli,Lisans,Ücretli Çalışan,14197.47,Evli,1157,2024-09-11
C00058,Eflâtun Arcan Akçay,30,Kadın,Mersin,İlkokul,Ücretli Çalışan,19250.73,Boşanmış,1585,2023-10-10
C00059,Gürsal Arkut Zorlu,43,Kadın,İstanbul,Lisans,Emekli,28918.37,Bekar,1463,2019-04-16
C00060,Çev. Tüzeer Nurullah Bilir,57,Erkek,İstanbul,Lisans,Emekli,17692.65,Dul,1900,2018-12-03
C00061,Yigit İhsanoğlu,47,Kadın,İstanbul,Lisans,Ücretli Çalışan,13551.86,Dul,1112,2018-09-06
C00062,Öğr. Sonnur Sezgin Seven,45,Kadın,Samsun,Lise,Ücretli Çalışan,18023.68,Dul,1678,2022-08-15
C00063,Aykutalp Sakarya,45,Erkek,Eskişehir,Lise,İşsiz,19287.78,Boşanmış,1008,2017-01-01
C00064,Okt. Safinaz Revza Ertaş,21,Erkek,İstanbul,Lisans,Serbest Meslek,16302.41,Boşanmış,1634,2023-03-04
C00065,Ulu Tunçboğa Şensoy,42,Erkek,Bursa,Lisans,İşveren,11377.78,Dul,1423,2025-02-01
C00066,Altınkaya Koşukhan Gül Şama,44,Erkek,İstanbul,Ön Lisans,Serbest Meslek,13390.01,Evli,1418,2019-01-31
C00067,Erdursun Dalkılıç Akar Duran,40,Erkek,Bursa,Lisans,Ücretli Çalışan,11916.31,Bekar,1469,2023-01-27
C00068,Uz. Sadiye Gülbiye Aslan Ertaş,46,Erkek,Antalya,Lise,Emekli,32447.32,Boşanmış,1723,2021-03-20
C00069,Av. Arıkol Mirbadin Sezgin,23,Erkek,Antalya,Ön Lisans,Ücretli Çalışan,13068.74,Evli,1428,2021-11-26
C00070,Aliihsan Tunahan Duran Karadeniz,46,Erkek,İzmir,İlkokul,Serbest Meslek,25128.84,Boşanmış,1900,2017-05-10
C00071,Aygutalp İhsanoğlu,46,Erkek,İzmir,Ön Lisans,Ücretli Çalışan,33223.23,Evli,1738,2020-09-24
C00072,Uz. Köker Nurullah Güçlü,47,Kadın,Antalya,Lise,Ücretli Çalışan,17294.24,Boşanmış,1689,2016-01-18
C00073,Koçak Akçay,30,Kadın,Antalya,Lise,İşveren,17915.68,Evli,1378,2016-08-26
C00074,Burakhan Kasim Yılmaz,40,Kadın,Denizli,Lisans,Ücretli Çalışan,56477.43,Bekar,1033,2020-02-09
C00075,Kaver İhsanoğlu Çetin,48,Kadın,Adana,Ön Lisans,Ücretli Çalışan,9645.8,Dul,1262,2017-09-26
C00076,Çev. Safinaz Çisem Ülker Demirel,53,Kadın,Mersin,Yüksek Lisans,Ücretli Çalışan,20515.3,Bekar,1230,2023-09-24
C00077,Uz. Gülev Arslan Bilir,31,Kadın,Gaziantep,Lisans,Ücretli Çalışan,27060.19,Dul,1317,2015-07-25
C00078,Sezal Zahid Duran,42,Kadın,İzmir,Lisans,Serbest Meslek,20343.31,Boşanmış,1337,2023-06-21
C00079,Çakırca Gücal Yorulmaz,65,Erkek,Gaziantep,Lisans,Emekli,26509.64,Evli,953,2023-05-05
C00080,Sittik Nevsal Zorlu,42,Erkek,İstanbul,Lise,Emekli,14797.24,Boşanmış,1553,2023-08-03
C00081,Bay Oruç Çorlu,30,Erkek,Bursa,Lise,İşveren,18927.45,Bekar,1626,2023-01-01
C00082,Dr. Sökmen Erdoğan,50,Erkek,Ankara,Yüksek Lisans,Ücretli Çalışan,11612.84,Bekar,1296,2016-07-20
C00083,Öğr. Baydu Serda Yüksel,34,Erkek,Antalya,Lisans,Ücretli Çalışan,14853.66,Bekar,1821,2019-08-27
C00084,Tayaydın Atalay Seven,44,Erkek,Ankara,Lise,Ücretli Çalışan,11300.5,Dul,1609,2019-05-15
C00085,Kader Bilir,65,Kadın,Kayseri,Lisans,Emekli,31717.04,Dul,1080,2020-05-07
C00086,Hayel Eraslan,34,Erkek,İstanbul,Ön Lisans,Ücretli Çalışan,35246.09,Dul,1323,2021-01-13
C00087,Emal Ülker Şensoy,45,Kadın,İzmir,Lise,Serbest Meslek,28242.56,Dul,1268,2015-04-29
C00088,Sevginur Misra İhsanoğlu,39,Erkek,Adana,Lisans,Ücretli Çalışan,8000.0,Evli,1123,2021-12-23
C00089,Abdülhadi Ertaş,36,Erkek,Bursa,Lisans,Ücretli Çalışan,11367.32,Bekar,1788,2022-03-17
C00090,Aru Safet Bilir Zorlu,22,Erkek,İstanbul,Lise,Ücretli Çalışan,16349.95,Boşanmış,1452,2017-05-16
C00091,Emine. İhsanoğlu,57,Erkek,Konya,Ön Lisans,Ücretli Çalışan,10444.83,Dul,1670,2017-10-30
C00092,Behiza Hezniye Arsoy Arslan,40,Erkek,İstanbul,Lisans,İşveren,12814.35,Boşanmış,1495,2017-07-07
C00093,Öğr. İvecen Duran,42,Kadın,Adana,Yüksek Lisans,Serbest Meslek,15212.95,Evli,1517,2024-05-30
C00094,Şevketfeza Yosma Yılmaz,35,Kadın,İstanbul,Ön Lisans,Ücretli Çalışan,20974.92,Bekar,1665,2021-04-29
C00095,Cuheyna Enfes Eraslan,59,Erkek,Antalya,Lisans,Emekli,11418.42,Evli,1873,2021-10-17
C00096,Bahaddin Zoral Durmuş Manço,18,Kadın,Konya,Lise,Serbest Meslek,18614.51,Boşanmış,1567,2016-03-18
C00097,Lezize Tevetoğlu,43,Erkek,Bursa,Yüksek Lisans,Serbest Meslek,15059.81,Dul,1447,2019-06-13
C00098,Yaşattin Şama,34,Kadın,İstanbul,Lisans,Emekli,15287.42,Evli,1672,2016-02-22
C00099,Uzsoy Şener,44,Erkek,Kayseri,Lisans,Serbest Meslek,14591.45,Bekar,1604,2023-12-06
C00100,Tülin Soylu,43,Kadın,Ankara,Ön Lisans,İşsiz,28732.61,Boşanmış,1377,2015-10-10
C00101,Ayçan Çorlu,30,Erkek,İstanbul,Ön Lisans,Ücretli Çalışan,15489.51,Dul,1686,2016-03-08
C00102,Av. Kısmet Aynımah Yılmaz,47,Erkek,Bursa,Lisans,Ücretli Çalışan,19743.79,Evli,1529,2019-11-19
C00103,Elvan Şener,55,Erkek,Bursa,Yüksek Lisans,Ücretli Çalışan,15272.25,Dul,1636,2020-03-19
C00104,Feyha Korutürk,37,Erkek,Ankara,Lise,Ücretli Çalışan,18070.63,Bekar,1774,2018-02-16
C00105,Arş. Gör. Salimet Övün Yılmaz Demir,49,Kadın,Adana,Lisans,Emekli,28740.98,Dul,1786,2018-10-09
C00106,Uğurkan Akçay,40,Erkek,İstanbul,Lise,Ücretli Çalışan,27088.89,Boşanmış,1422,2018-10-26
C00107,Sancak Türk,43,Erkek,İzmir,Lisans,Ücretli Çalışan,18796.68,Evli,1524,2015-12-17
C00108,İldeş Çalım Manço Şafak,47,Erkek,İzmir,Lisans,Ücretli Çalışan,13791.4,Dul,1900,2022-03-30
C00109,Aköz Hançer,27,Erkek,Konya,Lise,Serbest Meslek,11540.47,Evli,1669,2019-07-15
C00110,Aygönenç Neslinur Bilir Tarhan,49,Erkek,Antalya,Ön Lisans,Serbest Meslek,26393.0,Boşanmış,1657,2019-10-09
C00111,Dr. Ağakişi Hükümdar Öcalan,39,Erkek,Ankara,Ön Lisans,İşsiz,13309.53,Boşanmış,1118,2017-10-26
C00112,Yrd. Doç. Fehmiye Havali Bilge,31,Kadın,Ankara,Lisans,Ücretli Çalışan,30909.04,Evli,1463,2017-02-23
C00113,Prof. Ürfettin Akçay,30,Erkek,İstanbul,Lisans,Ücretli Çalışan,17246.7,Boşanmış,1603,2016-02-16
C00114,Bayan Gül Müsemma Çetin,33,Erkek,İstanbul,Lise,İşveren,13766.6,Bekar,1440,2022-12-10
C00115,Prof. Huban Kerime Aksu,42,Erkek,İstanbul,Lise,Ücretli Çalışan,15865.08,Boşanmış,1382,2022-10-27
C00116,Kaygusuz Akver Akdeniz Güçlü,42,Erkek,İstanbul,İlkokul,Emekli,10387.54,Boşanmış,988,2020-04-06
C00117,Öğr. İdiris Münif Ergül,31,Erkek,İstanbul,Lise,Ücretli Çalışan,18105.1,Dul,1577,2016-04-12
C00118,Haliye Habibe Yıldırım,57,Erkek,İzmir,Lisans,İşveren,29317.7,Bekar,1460,2016-09-13
C00119,Korugan Şama,39,Erkek,İstanbul,Lise,Ücretli Çalışan,12693.71,Dul,1375,2021-10-19
C00120,Belgizar Öcalan,36,Kadın,Konya,Ön Lisans,Serbest Meslek,23045.44,Dul,1293,2018-05-02
C00121,Necva Şensoy,46,Erkek,Ankara,Lisans,Emekli,39724.86,Bekar,1432,2023-07-22
C00122,Zehranur Şama Akça,44,Kadın,İstanbul,Lise,Ücretli Çalışan,27188.92,Evli,1399,2016-12-12
C00123,Barışcan Akgündüz,42,Kadın,İstanbul,Ön Lisans,Serbest Meslek,20043.63,Dul,1524,2018-04-07
C00124,Gözem Zengin,30,Erkek,Antalya,Lisans,Ücretli Çalışan,20151.41,Dul,1624,2015-10-19
C00125,Ayduru Sakarya,57,Erkek,Konya,Lisans,Serbest Meslek,30689.38,Evli,1900,2019-10-08
C00126,Okt. Minibe Seblâ Tevetoğlu,30,Kadın,Bursa,Yüksek Lisans,Ücretli Çalışan,29511.77,Evli,1545,2015-10-20
C00127,Kaşif Seydo Akar Eraslan,66,Erkek,Bursa,Lisans,Ücretli Çalışan,13853.12,Boşanmış,1170,2019-12-04
C00128,Yamin Merzuk Yılmaz,32,Erkek,Antalya,Yüksek Lisans,Ücretli Çalışan,8000.0,Dul,1248,2019-11-29
C00129,Jankat Şafak,30,Kadın,Mersin,Lisans,Ücretli Çalışan,21325.89,Boşanmış,1585,2015-04-16
C00130,Tümer Çamurcuoğlu,62,Kadın,Trabzon,Lisans,Ücretli Çalışan,30567.44,Boşanmış,1355,2021-06-18
C00131,Minibe Ülker,29,Kadın,İzmir,Lisans,Ücretli Çalışan,24868.66,Boşanmış,1169,2017-01-13
C00132,Yeneral Ginyas Zorlu Hançer,61,Erkek,Bursa,Ön Lisans,İşsiz,33885.69,Bekar,1102,2020-04-09
C00133,Okt. Rahiye Mehdiye Durmuş,19,Erkek,Ankara,Lise,Ücretli Çalışan,36652.71,Evli,1391,2018-09-12
C00134,Dalkılıç Seven,54,Erkek,İstanbul,Yüksek Lisans,Ücretli Çalışan,9725.51,Bekar,1230,2020-02-06
C00135,Gökperi Mansız Durdu,40,Erkek,Ankara,Doktora,Ücretli Çalışan,20356.21,Dul,1387,2024-09-12
C00136,Rayla Zülbiye Karadeniz,47,Kadın,Antalya,Lisans,Ücretli Çalışan,12327.29,Dul,1344,2015-08-11
C00137,Göken Arslan,41,Erkek,Bursa,Ön Lisans,Ücretli Çalışan,25121.96,Dul,1677,2023-07-10
C00138,Melihcan Çetin,26,Erkek,İzmir,Yüksek Lisans,Ücretli Çalışan,9993.08,Dul,1699,2024-11-16
C00139,Seçgül Dumanlı,43,Kadın,İstanbul,Lisans,Serbest Meslek,14231.04,Evli,1767,2022-12-17
C00140,Dr. Gülşeref Umuşan Güçlü Çetin,41,Kadın,İzmir,Lise,Ücretli Çalışan,33883.51,Bekar,1516,2020-03-05
C00141,Dr. Atgun Arslan,64,Kadın,İzmir,Lisans,Emekli,43910.26,Boşanmış,1397,2019-08-29
C00142,Büşranur Alemdar,51,Erkek,İstanbul,Lisans,İşveren,26646.66,Dul,1842,2017-02-19
C00143,Dr. Gönen Ebuakil Sezgin,28,Kadın,Kayseri,Lise,Emekli,27138.89,Dul,1724,2018-10-24
C00144,Bilender Yıldırım,18,Erkek,Gaziantep,Lise,Emekli,11702.22,Boşanmış,750,2024-05-23
C00145,Ercihan Nerim Mansız,36,Erkek,Kayseri,Ön Lisans,Serbest Meslek,27526.21,Dul,1875,2018-11-14
C00146,Möhsim Seven,40,Erkek,İzmir,Lise,Ücretli Çalışan,41476.28,Evli,1154,2022-10-27
C00147,Yekda Sezer,19,Erkek,İstanbul,Lisans,Ücretli Çalışan,19438.36,Bekar,1516,2018-07-27
C00148,Taçnur Gülen Yüksel,39,Erkek,Ankara,Lisans,Serbest Meslek,8000.0,Evli,1357,2020-07-21
C00149,Turabi Sezer,24,Kadın,İzmir,Lisans,İşsiz,26939.6,Bekar,1231,2024-10-20
C00150,Çapkan Bilge,28,Kadın,İzmir,Ön Lisans,İşveren,15815.72,Evli,1235,2019-08-07
C00151,Özakan Mazlum Bilgin Akçay,39,Kadın,İstanbul,Lisans,Emekli,30632.42,Boşanmış,1213,2018-10-18
C00152,Bayan Çolpan Hurican Çamurcuoğlu Akdeniz,46,Erkek,Bursa,Yüksek Lisans,Serbest Meslek,15699.5,Dul,1301,2018-07-21
C00153,Mücellib Bektaşi Sezgin Ertaş,38,Erkek,Kayseri,İlkokul,Serbest Meslek,12508.22,Bekar,1241,2017-08-19
C00154,Selmin Mansız,25,Erkek,Trabzon,Lisans,Serbest Meslek,48248.8,Dul,1508,2016-02-08
C00155,Av. Zülbiye Semat Akçay,31,Kadın,Ankara,Lisans,İşveren,21944.92,Bekar,1471,2015-07-08
C00156,Doç. Nerim Dumanlı,37,Kadın,İstanbul,Ön Lisans,Ücretli Çalışan,26275.05,Evli,1689,2017-09-27
C00157,Hoşkadem Karadeniz,33,Kadın,İstanbul,Lise,Ücretli Çalışan,15380.9,Dul,1431,2021-12-13
C00158,Yahşi Soylu,18,Erkek,Eskişehir,Lise,Serbest Meslek,10078.54,Dul,1641,2022-02-25
C00159,Çev. Meşhur Asalet Demirel,59,Erkek,Antalya,Yüksek Lisans,Ücretli Çalışan,17817.45,Dul,1644,2025-02-08
C00160,Hasret Kumral Şama,43,Kadın,İstanbul,Yüksek Lisans,Ücretli Çalışan,79657.89,Boşanmış,1779,2022-03-02
C00161,Zeride Çorlu,38,Erkek,İzmir,Lise,İşsiz,12964.98,Dul,698,2024-07-27
C00162,Binbaşar Bilgin,42,Kadın,Ankara,Ön Lisans,Ücretli Çalışan,14180.77,Boşanmış,1024,2022-11-04
C00163,Fayize Demirel Bilir,32,Erkek,İstanbul,Lisans,Ücretli Çalışan,12250.27,Bekar,1801,2025-03-18
C00164,Kıvılcım Seven,50,Erkek,Gaziantep,Yüksek Lisans,Serbest Meslek,19858.99,Evli,1869,2021-10-22
C00165,Zeyno Ertaş,40,Kadın,Bursa,Lisans,İşveren,13526.72,Evli,1760,2022-01-17
C00166,Bayan Gülsü Sabır Kısakürek,46,Kadın,Ankara,Ön Lisans,Ücretli Çalışan,12496.94,Boşanmış,1332,2023-03-19
C00167,Çoğay Durdu,29,Erkek,Ankara,Ön Lisans,Ücretli Çalışan,10697.23,Evli,1611,2016-06-25
C00168,Sunay Yılmaz Akça,62,Erkek,İzmir,Yüksek Lisans,İşveren,10621.6,Evli,1520,2017-11-18
C00169,Meleknur Orçin Akdeniz Akçay,32,Erkek,Samsun,Lise,Emekli,16007.19,Boşanmış,1311,2024-01-08
C00170,Arş. Gör. Zöhrehan Şefiye Akçay,29,Kadın,İstanbul,Yüksek Lisans,Ücretli Çalışan,20370.33,Dul,1292,2024-06-26
C00171,Öğr. Durmuşali Esentürk Şafak,43,Erkek,İstanbul,Ön Lisans,İşveren,19484.86,Boşanmış,1440,2021-01-06
C00172,Bayan Oluş Şama Ülker,29,Erkek,Antalya,Lisans,Ücretli Çalışan,15374.31,Dul,1688,2024-03-22
C00173,Firdevis Karadeniz Ertaş,46,Erkek,İstanbul,Lise,Serbest Meslek,12837.17,Bekar,1404,2021-12-12
C00174,Tayyip Duran,49,Erkek,Eskişehir,Lise,Emekli,9402.85,Bekar,1475,2022-02-15
C00175,Koldan Zengin,32,Erkek,Bursa,Lise,İşveren,25764.93,Bekar,1309,2015-06-02
C00176,Atatöre Şensoy,18,Erkek,İstanbul,Lise,Ücretli Çalışan,9581.66,Evli,1312,2019-05-11
C00177,Uz. Sevsevil Gülbeyan Yorulmaz,43,Erkek,Bursa,Lisans,Ücretli Çalışan,13267.3,Dul,1539,2022-05-06
C00178,Nurmelek Hayrioğlu,20,Erkek,Bursa,Yüksek Lisans,Ücretli Çalışan,19346.45,Boşanmış,1117,2015-05-15
C00179,Muvaffak Hayrioğlu,32,Kadın,Ankara,Yüksek Lisans,Serbest Meslek,20360.04,Boşanmış,1284,2016-02-11
C00180,Nurmelek Aslan,35,Erkek,İzmir,Doktora,İşsiz,31345.68,Boşanmış,1075,2015-09-06
C00181,Çev. Bidayet Sirap Yıldırım,50,Kadın,Samsun,Yüksek Lisans,Ücretli Çalışan,11987.65,Dul,1512,2016-01-11
C00182,Hiçsönmez Eba Şensoy,57,Kadın,İstanbul,Lise,Serbest Meslek,8000.0,Evli,1180,2023-10-29
C00183,Özaslan Şensoy,46,Kadın,Gaziantep,Lisans,Serbest Meslek,18190.04,Evli,1592,2024-02-13
C00184,Çağlasın Akdurmuş Akça,32,Erkek,Konya,Lisans,Emekli,20722.29,Bekar,1421,2018-02-09
C00185,Öğr. Şahat Adıgün Mansız,54,Kadın,Denizli,Lisans,Emekli,22347.94,Evli,1544,2016-03-26
C00186,Enes Yaman,35,Kadın,İstanbul,Ön Lisans,Serbest Meslek,16003.73,Evli,1391,2021-08-08
C00187,Dr. Dilşat Durdu Akça,44,Kadın,İstanbul,Lise,Ücretli Çalışan,16490.78,Dul,1572,2020-11-24
C00188,Nafii Sezer,64,Kadın,İzmir,Lisans,Ücretli Çalışan,29495.89,Bekar,1418,2020-01-26
C00189,Nili Aksu,54,Kadın,Adana,Yüksek Lisans,Ücretli Çalışan,16586.86,Boşanmış,990,2020-02-20
C00190,Över İlalmış Aksu Hançer,27,Kadın,İstanbul,Ön Lisans,Serbest Meslek,8588.19,Dul,1292,2019-10-13
C00191,Seyithan Akatay İhsanoğlu Hançer,40,Erkek,Adana,Ön Lisans,Serbest Meslek,42378.51,Bekar,1581,2018-08-12
C00192,Permun Akça Demirel,37,Kadın,İstanbul,Lisans,Serbest Meslek,28947.31,Boşanmış,947,2019-04-10
C00193,Arıkol Zengin,42,Erkek,İzmir,Lisans,İşsiz,28194.7,Bekar,850,2023-11-23
C00194,Dr. Vedat Önel Hançer,53,Kadın,Ankara,Yüksek Lisans,Serbest Meslek,23209.65,Dul,1396,2018-10-20
C00195,Özpınar Selâtin Çetin Türk,47,Erkek,Ankara,Lise,İşveren,55371.03,Dul,1545,2018-07-04
C00196,Yıldız Samahat Ülker Arsoy,42,Erkek,Samsun,Lisans,Serbest Meslek,16208.44,Dul,1287,2015-10-02
C00197,Orgün Şensoy,49,Kadın,İstanbul,Lise,Ücretli Çalışan,13558.41,Boşanmış,1397,2024-02-08
C00198,Akyıldız Akdeniz,34,Kadın,Bursa,Lisans,Ücretli Çalışan,24724.28,Boşanmış,1583,2022-07-07
C00199,Av. Tangül Deha Şafak,52,Erkek,Kayseri,Yüksek Lisans,Ücretli Çalışan,15843.15,Dul,1432,2024-09-25
C00200,Sevim Fayize Şafak Akçay,28,Kadın,Samsun,Lisans,Emekli,16318.72,Boşanmış,1554,2016-02-29
C00201,Şöhret Sezgin,49,Kadın,İstanbul,Ön Lisans,Serbest Meslek,13161.16,Bekar,1597,2018-12-05
C00202,Öğr. Seblâ Alemdar Gül,56,Erkek,İstanbul,Lise,İşveren,24005.68,Evli,1900,2024-01-20
C00203,Musaffa Akdeniz,30,Kadın,Bursa,Lisans,Ücretli Çalışan,11383.33,Boşanmış,935,2015-04-29
C00204,Av. Atnan Eşref Akgündüz,57,Erkek,Eskişehir,Ön Lisans,Ücretli Çalışan,26754.68,Evli,1486,2024-10-02
C00205,Öğr. Sezen Üge Mansız Ülker,43,Erkek,İstanbul,Lisans,Ücretli Çalışan,12010.42,Bekar,1900,2016-01-11
C00206,Nades Yıldırım Soylu,41,Kadın,Ankara,Ön Lisans,Serbest Meslek,20936.05,Evli,1681,2019-02-24
C00207,Gülbeyan Soylu,45,Erkek,Konya,Lisans,Ücretli Çalışan,22042.94,Bekar,1302,2024-11-27
C00208,Hürdoğan Sezgin,45,Kadın,Adana,İlkokul,Ücretli Çalışan,46486.21,Bekar,1836,2018-01-19
C00209,Narhanim Aslan,59,Erkek,İzmir,Ön Lisans,Ücretli Çalışan,15834.6,Boşanmış,1252,2017-06-01
C00210,Çisem Yılmaz,38,Kadın,Ankara,Lise,İşveren,20436.47,Dul,1773,2020-11-28
C00211,Atilhan Yüksel,19,Kadın,İstanbul,Doktora,Serbest Meslek,39667.9,Bekar,1380,2015-02-01
C00212,Öğr. Çilga Hazine Sezer,34,Kadın,Konya,Lisans,Ücretli Çalışan,12639.13,Boşanmış,966,2018-09-05
C00213,Dr. Tanses Dumanlı Çetin,49,Erkek,Adana,Lise,Ücretli Çalışan,20598.9,Dul,1177,2020-12-21
C00214,Aygutalp Arslan,24,Erkek,İstanbul,Yüksek Lisans,Serbest Meslek,17135.32,Bekar,1837,2019-11-22
C00215,Öğr. Uğurtan Erbil Hançer,36,Kadın,Kayseri,Lisans,Ücretli Çalışan,10133.33,Dul,1318,2022-12-16
C00216,Sonnur Çağlar Fırat Ergül,36,Erkek,İstanbul,İlkokul,Serbest Meslek,8000.0,Boşanmış,1366,2016-12-04
C00217,Doç. Zümre Münezzer Ergül,37,Erkek,Gaziantep,Yüksek Lisans,İşveren,27263.19,Bekar,1900,2019-11-24
C00218,Çev. Meryeme Hüda Bilgin Demir,53,Kadın,Ankara,Ön Lisans,İşveren,17658.99,Bekar,1223,2019-06-10
C00219,Gülel Demir,70,Erkek,İstanbul,Lisans,Emekli,20468.62,Bekar,1463,2020-09-21
C00220,Öğr. Doğuhan Korutürk,39,Kadın,Mersin,Lise,Serbest Meslek,21788.51,Evli,1463,2017-08-25
C00221,Çev. İnsaf İnönü Fırat,33,Erkek,İstanbul,Lisans,Ücretli Çalışan,15582.65,Bekar,1491,2016-12-26
C00222,Cemiyle Gülgüzel Arslan,33,Erkek,İzmir,Lisans,İşsiz,14461.13,Dul,1126,2022-08-21
C00223,Okt. Cebesoy Gökay Yılmaz,36,Erkek,Kayseri,Lisans,Emekli,39214.3,Evli,797,2019-12-07
C00224,Eskinalp Türk,53,Erkek,Bursa,Lisans,Ücretli Çalışan,34917.32,Bekar,981,2018-12-12
C00225,Saydam Feza Sezer,35,Erkek,İzmir,İlkokul,Ücretli Çalışan,16862.57,Boşanmış,1148,2024-04-29
C00226,Tezcan Bilge,30,Kadın,Bursa,Lisans,Ücretli Çalışan,12091.29,Dul,1818,2021-07-05
C00227,Dr. Akyıldız Durdu Arslan,51,Kadın,Ankara,Lisans,Serbest Meslek,35319.83,Evli,1680,2018-08-09
C00228,Öğr. Selcen Şama Akçay,26,Kadın,Samsun,Ön Lisans,Serbest Meslek,15740.08,Boşanmış,1622,2023-01-04
C00229,Erginel Nezihi Demir,25,Kadın,İstanbul,Lisans,Ücretli Çalışan,27469.99,Dul,1439,2020-11-16
C00230,Koçak Soylu,35,Kadın,Ankara,Yüksek Lisans,Ücretli Çalışan,27444.8,Dul,1611,2019-08-02
C00231,Seydo Şener,35,Kadın,Konya,Lisans,İşveren,33580.42,Bekar,1229,2018-09-12
C00232,Binışık Bilgütay Sezgin,47,Erkek,İstanbul,Lisans,Ücretli Çalışan,26027.15,Evli,1422,2018-09-27
C00233,Binay Huban Demir,43,Kadın,Eskişehir,Lise,Ücretli Çalışan,11350.29,Dul,1611,2016-06-12
C00234,Yrd. Doç. Şahdiye Hafıza Öcalan,37,Kadın,Ankara,Ön Lisans,Serbest Meslek,15752.82,Boşanmış,1762,2024-02-13
C00235,Serfinaz Çamurcuoğlu Dumanlı,31,Kadın,Bursa,Ön Lisans,Ücretli Çalışan,10574.41,Boşanmış,990,2015-03-16
C00236,İncifir Sanavber Hançer,47,Kadın,Samsun,Lise,Ücretli Çalışan,11201.54,Dul,1818,2017-02-25
C00237,Tandoğdu Zeynelabidin Sakarya,18,Kadın,İstanbul,Lise,Ücretli Çalışan,42762.01,Bekar,1472,2020-09-10
C00238,Teber Bilir,38,Kadın,Antalya,Yüksek Lisans,İşveren,15596.26,Evli,1599,2021-09-12
C00239,Bidayet Aksu,39,Kadın,İstanbul,Lisans,Ücretli Çalışan,32744.35,Evli,1528,2023-02-01
C00240,Uz. Savni Arıel Aksu,41,Erkek,Ankara,Lisans,Ücretli Çalışan,16922.08,Dul,1485,2021-11-05
C00241,Kösemen Dumanlı,43,Erkek,İstanbul,Lise,Ücretli Çalışan,9231.94,Dul,1042,2025-02-19
C00242,Çev. Atiyye Bilgin Arslan,48,Erkek,Antalya,Lisans,İşveren,21523.26,Dul,1454,2020-03-06
C00243,Servinaz Belkize Tarhan,40,Erkek,İzmir,Ön Lisans,İşveren,23304.73,Evli,1365,2024-02-28
C00244,Çev. Özerdinç Özinal Şener,30,Kadın,Kayseri,Lise,Ücretli Çalışan,21766.57,Dul,1255,2024-10-20
C00245,Mazlum Demir,44,Kadın,Adana,Lisans,Ücretli Çalışan,9263.5,Bekar,1637,2018-03-13
C00246,Dr. Bilgütay Erten Alemdar,45,Kadın,İstanbul,Yüksek Lisans,Ücretli Çalışan,22364.12,Evli,1745,2024-04-26
C00247,Arpağ Yorulmaz,59,Kadın,Gaziantep,Yüksek Lisans,Ücretli Çalışan,31459.82,Bekar,1039,2019-08-27
C00248,Prof. Gökten Tevetoğlu,24,Erkek,İstanbul,Doktora,Ücretli Çalışan,15045.46,Boşanmış,1426,2017-07-08
C00249,Sehel Edaviye Ertaş,46,Kadın,Gaziantep,Lisans,Ücretli Çalışan,14377.44,Evli,1426,2016-07-17
C00250,Rahiye Kumral Zorlu,30,Erkek,Antalya,Lise,Ücretli Çalışan,15135.78,Dul,1148,2020-01-12
C00251,Öğr. Bezek Tevetoğlu Türk,28,Kadın,İstanbul,Lise,Serbest Meslek,10848.06,Evli,1136,2021-02-25
C00252,Doç. Musaffa Şehreban Eraslan,52,Erkek,İstanbul,Lise,Emekli,13000.86,Boşanmış,1900,2016-05-14
C00253,Aydinç Bilgin,45,Erkek,Bursa,Lisans,Ücretli Çalışan,21659.0,Bekar,1285,2016-03-30
C00254,Çoğay Tarhan,48,Erkek,Bursa,İlkokul,İşveren,15382.15,Evli,1530,2023-01-22
C00255,Ünsever Türk,70,Erkek,İstanbul,Ön Lisans,Ücretli Çalışan,19087.2,Dul,1787,2017-02-06
C00256,Öğr. Rafih Şensoy,31,Kadın,İzmir,Ön Lisans,Serbest Meslek,19619.03,Bekar,1900,2019-05-19
C00257,Çev. Gülbani İlper Şafak Şener,32,Kadın,Bursa,Doktora,Emekli,45053.32,Boşanmış,1636,2023-05-20
C00258,Dr. Sirap Ergül Seven,33,Kadın,Ankara,Lisans,Ücretli Çalışan,26491.61,Bekar,1743,2023-08-27
C00259,Mujde Ülker,47,Erkek,İstanbul,Ön Lisans,Serbest Meslek,9832.01,Boşanmış,1198,2024-02-15
C00260,Boztaş Gürelcem Seven Sezer,37,Erkek,Denizli,Ön Lisans,Serbest Meslek,19273.86,Evli,1655,2024-02-06
C00261,Çev. Rabbiye Alemdar İnönü,42,Erkek,İstanbul,Lise,Ücretli Çalışan,10928.13,Evli,1475,2024-12-07
C00262,Muvaffak Avşin Hayrioğlu,47,Erkek,İzmir,Doktora,Ücretli Çalışan,25639.92,Dul,1770,2017-11-03
C00263,Muvahhide Demir,50,Kadın,İstanbul,Yüksek Lisans,Ücretli Çalışan,24504.97,Bekar,1482,2024-09-16
C00264,Vacibe Alemdar Yılmaz,20,Erkek,İstanbul,Ön Lisans,Serbest Meslek,24181.14,Dul,1471,2023-05-03
C00265,Öğr. Ayşenur Gülenay Fırat Arsoy,43,Erkek,Ankara,Lise,Ücretli Çalışan,11220.11,Dul,1109,2019-02-13
C00266,Dr. Selime İnönü Yorulmaz,52,Erkek,Gaziantep,Lisans,Emekli,19578.75,Bekar,1630,2019-10-30
C00267,Ertuncay Durmuş,40,Kadın,İzmir,Lise,Serbest Meslek,20199.04,Bekar,1734,2018-09-05
C00268,Ferihan Dumanlı,33,Erkek,Ankara,Lisans,Serbest Meslek,20811.36,Evli,1384,2022-09-26
C00269,Dr. Asiman Şener Tevetoğlu,34,Erkek,İstanbul,Yüksek Lisans,Ücretli Çalışan,17341.76,Boşanmış,1555,2021-11-23
C00270,Doç. Bozbağ Görgünay Durmuş,34,Erkek,Bursa,Lisans,İşsiz,35069.61,Bekar,996,2015-11-04
C00271,Savni Seven,37,Erkek,Ankara,Lisans,Serbest Meslek,16352.25,Evli,1861,2015-05-08
C00272,Ebuakil Karadeniz,42,Erkek,İstanbul,Lise,Ücretli Çalışan,31708.18,Boşanmış,1128,2019-01-23
C00273,Mürit Baturay Şensoy Karadeniz,43,Kadın,Bursa,Lisans,Ücretli Çalışan,29742.55,Boşanmış,1520,2019-03-04
C00274,Oliver İhsanoğlu,52,Kadın,Bursa,Lisans,Ücretli Çalışan,15791.39,Dul,1852,2018-07-11
C00275,Ufukay Kutgün Seven,67,Kadın,Samsun,İlkokul,Serbest Meslek,16927.97,Evli,1388,2020-08-06
C00276,Öğr. Heva Ertaş Durmuş,57,Kadın,İstanbul,Lise,Ücretli Çalışan,40570.95,Dul,1369,2017-05-28
C00277,Kayrabay Akar,34,Erkek,Antalya,Doktora,İşsiz,17556.81,Evli,883,2016-05-17
C00278,Arifcan Aslan,28,Kadın,İzmir,Yüksek Lisans,Ücretli Çalışan,12684.51,Dul,1188,2015-12-26
C00279,Okt. Türknur Kerime Alemdar,39,Erkek,Antalya,Lisans,İşveren,22145.66,Boşanmış,1887,2024-12-29
C00280,Fazul Gül,28,Kadın,Adana,Yüksek Lisans,Ücretli Çalışan,31037.3,Evli,1446,2023-11-25
C00281,İmrihan İde Ülker,39,Kadın,İstanbul,Lise,Ücretli Çalışan,27002.07,Evli,1219,2017-08-27
C00282,Av. Faize Dumanlı Duran,44,Kadın,Ankara,Lisans,İşveren,21480.56,Dul,1623,2024-01-05
C00283,Okt. Müsemma Durmuş İnönü,43,Kadın,Bursa,Lise,İşsiz,60167.35,Boşanmış,1060,2019-06-19
C00284,Sevdinar İhsanoğlu Hayrioğlu,33,Erkek,İzmir,Lisans,İşsiz,15056.83,Bekar,1081,2016-05-28
C00285,Veis Yüksel,32,Kadın,Ankara,Lisans,İşsiz,34032.03,Boşanmış,1575,2016-06-09
C00286,Hasgül Akdeniz Öcalan,33,Kadın,Konya,Lise,Emekli,13703.96,Bekar,1457,2024-04-28
C00287,Bayan Muarra Sonnur Demirel,33,Kadın,Ankara,Lise,Ücretli Çalışan,26497.86,Evli,1550,2018-11-18
C00288,Nüdret Ülker Çetin,21,Erkek,Kayseri,Lise,Emekli,39989.71,Boşanmış,1828,2016-05-27
C00289,Okyalaz Türk,32,Kadın,İzmir,Lise,Serbest Meslek,16739.63,Evli,1571,2016-12-02
C00290,Onuker Zengin,44,Erkek,Kayseri,Lisans,Serbest Meslek,26805.03,Bekar,1900,2015-11-29
C00291,Cemiyle Bilge,37,Erkek,Antalya,Lisans,Ücretli Çalışan,13915.61,Dul,1035,2021-12-06
C00292,Dr. Yekbun Sevgen Yılmaz Gül,31,Erkek,Mersin,Lisans,Serbest Meslek,19635.47,Boşanmış,1900,2020-06-01
C00293,Kürşad Bilge,33,Erkek,İstanbul,Lise,Ücretli Çalışan,22041.99,Bekar,1495,2016-10-09
C00294,Arıel Güçlü,54,Erkek,İzmir,Lise,Ücretli Çalışan,62138.41,Evli,1367,2018-07-04
C00295,Naide Mansız,34,Erkek,Adana,Yüksek Lisans,Emekli,31884.41,Dul,1630,2016-06-19
C00296,Bezek Akdeniz Şama,62,Kadın,Ankara,Ön Lisans,İşveren,25919.94,Boşanmış,1410,2020-01-16
C00297,Miyesser Şener Demirel,47,Kadın,İstanbul,Yüksek Lisans,Ücretli Çalışan,32824.05,Dul,1705,2017-10-13
C00298,Av. Zevlüde Türk Mansız,46,Kadın,Gaziantep,Yüksek Lisans,İşsiz,32209.08,Boşanmış,1512,2017-02-16
C00299,Elöve Şener,56,Erkek,Trabzon,Ön Lisans,İşveren,26686.67,Boşanmış,1458,2020-07-30
C00300,Halenur Burcuhan Şafak,41,Erkek,İzmir,Yüksek Lisans,Ücretli Çalışan,34300.97,Evli,1295,2021-07-17
C00301,Çetinsu Temizkal Demirel Bilge,44,Kadın,İstanbul,Lisans,Ücretli Çalışan,16697.22,Dul,1507,2018-03-16
C00302,Mishat Buyrukhan Sezer Hançer,55,Kadın,Ankara,Yüksek Lisans,Ücretli Çalışan,21720.13,Boşanmış,1511,2023-07-26
C00303,Alattin Hayrioğlu,23,Kadın,Ankara,Lisans,Ücretli Çalışan,27884.16,Evli,1581,2019-01-24
C00304,Filit Idık Arsoy,65,Kadın,Ankara,Ön Lisans,Serbest Meslek,17352.64,Boşanmış,1554,2024-04-03
C00305,Uz. Hezniye Yurtseven Seven,42,Kadın,İstanbul,Lise,İşsiz,40532.28,Boşanmış,1196,2023-11-30
C00306,Uz. Cannur Çorlu,43,Erkek,Adana,Lise,İşsiz,26201.01,Dul,1266,2020-08-10
C00307,Hazine Soylu Çamurcuoğlu,34,Kadın,İstanbul,Lise,Ücretli Çalışan,21749.38,Dul,1768,2020-10-28
C00308,Ekmel Ertaş,27,Kadın,Ankara,Lisans,Ücretli Çalışan,21159.33,Evli,1324,2019-05-29
C00309,Sevim Eraslan,54,Erkek,Bursa,Lisans,İşsiz,10042.34,Dul,960,2022-12-12
C00310,Ülfet Ertaş,44,Erkek,Gaziantep,Ön Lisans,Serbest Meslek,40315.28,Bekar,1483,2019-09-03
C00311,Zöhrehan Ferhan Erdoğan,33,Kadın,Bursa,Lise,Serbest Meslek,46468.07,Evli,1137,2023-02-02
C00312,Okt. İmrihan Melikkan Şener Şafak,18,Erkek,İstanbul,Lisans,Ücretli Çalışan,24294.53,Dul,1294,2016-08-28
C00313,Sevgen Akdeniz,27,Kadın,İstanbul,Yüksek Lisans,İşveren,27412.66,Bekar,1560,2017-02-20
C00314,Gülmisal Nurveren Akdeniz,33,Erkek,Ankara,Ön Lisans,Ücretli Çalışan,11202.17,Evli,1598,2019-08-08
C00315,Dr. Havali Kısakürek Durdu,47,Erkek,Kayseri,Lisans,Ücretli Çalışan,19060.45,Bekar,1900,2022-11-30
C00316,Ümray Mehdiye Sezer Arslan,27,Kadın,İzmir,Doktora,Ücretli Çalışan,10031.78,Dul,1207,2020-11-22
C00317,İnançlı Ülker,39,Kadın,İzmir,Lisans,Ücretli Çalışan,22236.78,Boşanmış,1439,2022-07-31
C00318,Kâzime Yılmaz Durdu,44,Erkek,Bursa,Lise,İşveren,11348.12,Evli,1740,2018-02-16
C00319,Tali Âdem Soylu,39,Kadın,Samsun,Doktora,Serbest Meslek,32951.21,Boşanmış,1585,2022-11-27
C00320,Hanbiken Şemsinisa Sezgin,45,Erkek,Ankara,Lise,Ücretli Çalışan,25755.29,Boşanmış,1611,2018-03-24
C00321,Gürcüye Gülev Mansız Eraslan,47,Erkek,Mersin,Ön Lisans,Ücretli Çalışan,36247.24,Boşanmış,1549,2023-09-02
C00322,Tekecan Sakarya,48,Erkek,İstanbul,Yüksek Lisans,İşveren,19141.59,Bekar,1860,2018-11-19
C00323,Gökçil Özertem Dumanlı,31,Erkek,Adana,Lise,Emekli,44820.6,Boşanmış,1449,2021-04-21
C00324,Sezal Kader Gül,22,Kadın,İstanbul,Lisans,Serbest Meslek,21113.06,Evli,1249,2017-09-20
C00325,Aybora Çamurcuoğlu,50,Kadın,Bursa,Lise,Ücretli Çalışan,14858.38,Dul,1268,2018-09-14
C00326,Müferrih Ruhugül Akçay,18,Kadın,Antalya,Lise,Serbest Meslek,16259.98,Evli,814,2019-07-25
C00327,Bekbay Çetin,20,Erkek,İzmir,Lise,Serbest Meslek,28062.42,Boşanmış,1616,2018-08-08
C00328,Yurtseven Tule Çamurcuoğlu Aslan,45,Kadın,Mersin,Lise,Ücretli Çalışan,12898.43,Evli,1368,2020-12-31
C00329,Çev. İlmafer Akça,39,Kadın,Eskişehir,Lise,Serbest Meslek,11834.05,Evli,1755,2025-04-24
C00330,Prof. Mehdiye Korutürk Bilge,50,Erkek,Konya,Lise,Ücretli Çalışan,18043.96,Boşanmış,1506,2024-10-31
C00331,Dilşat Ertaş,42,Erkek,İzmir,Lise,Ücretli Çalışan,8000.0,Boşanmış,1318,2018-03-11
C00332,Berran İnönü,31,Erkek,Mersin,Lise,Ücretli Çalışan,12698.9,Dul,1309,2018-01-22
C00333,Av. Ulutay Yilmaz Tarhan,61,Kadın,Ankara,Lisans,Ücretli Çalışan,26592.36,Boşanmış,1357,2023-01-22
C00334,Çolpan Arsoy Çorlu,46,Erkek,Konya,Lisans,Ücretli Çalışan,37410.62,Evli,1731,2016-12-19
C00335,Alaz Eraslan Duran,40,Erkek,Gaziantep,Lisans,Serbest Meslek,14896.45,Bekar,1554,2019-06-30
C00336,Muvaffak Kanak Tarhan Korutürk,44,Kadın,Denizli,Ön Lisans,Serbest Meslek,29817.09,Evli,1658,2015-01-28
C00337,İlklima Kısakürek,52,Kadın,Ankara,Lise,Ücretli Çalışan,15664.37,Boşanmış,1829,2018-05-21
C00338,Deryanur Hasgül Güçlü Yıldırım,42,Kadın,İstanbul,Ön Lisans,Serbest Meslek,50709.44,Evli,1327,2015-09-12
C00339,Şeref Bilgin,60,Erkek,Ankara,Ön Lisans,Serbest Meslek,21786.81,Boşanmış,1337,2022-09-28
C00340,Tenvir Alemdar,34,Erkek,Ankara,Lise,Ücretli Çalışan,17254.77,Evli,1606,2020-05-12
C00341,Doç. Menişan Rehime Demir Yaman,46,Erkek,Ankara,Lisans,Ücretli Çalışan,15395.57,Dul,1493,2023-06-30
C00342,Aktemür Göken Soylu,65,Kadın,Konya,Lisans,Ücretli Çalışan,43364.41,Bekar,1609,2020-11-22
C00343,Aytek Elöve Akgündüz Duran,40,Erkek,İstanbul,Lisans,Ücretli Çalışan,21036.5,Bekar,1653,2024-04-17
C00344,Kerman Ertaş,27,Kadın,Bursa,Lise,Ücretli Çalışan,17750.71,Boşanmış,1082,2024-07-31
C00345,Zeride Sabihe Zengin Korutürk,44,Kadın,Antalya,Lisans,Ücretli Çalışan,26668.49,Dul,1379,2016-01-08
C00346,Kıvılcım Şensoy,58,Erkek,Gaziantep,Ön Lisans,Emekli,11480.5,Dul,973,2020-02-15
C00347,İvecen Oganer Mansız Seven,42,Erkek,Antalya,Lise,Serbest Meslek,31926.58,Bekar,1900,2019-06-10
C00348,Atiyye Sezer,34,Kadın,Adana,Lisans,Ücretli Çalışan,32383.57,Bekar,1490,2019-10-02
C00349,Günsel Selvi Dumanlı Akça,37,Kadın,İzmir,Lise,Ücretli Çalışan,29662.74,Bekar,1663,2020-04-17
C00350,Av. Işıman Ayvas Tarhan,21,Erkek,İstanbul,Lise,Ücretli Çalışan,38732.84,Dul,1765,2019-03-14
C00351,Zinnure Neval Yorulmaz Gülen,32,Erkek,Ankara,Yüksek Lisans,İşsiz,23815.97,Dul,1343,2019-03-19
C00352,Gülev Demir,43,Kadın,Antalya,Lise,Ücretli Çalışan,15558.5,Evli,1332,2021-01-09
C00353,Dr. Gülşa Şahinder Yıldırım Yorulmaz,39,Kadın,Adana,Lise,Ücretli Çalışan,33783.51,Bekar,1635,2023-06-25
C00354,Heva Yaman,35,Erkek,İzmir,Lisans,Ücretli Çalışan,28205.28,Dul,787,2020-12-18
C00355,Argu Karadeniz,53,Kadın,İstanbul,Lise,Ücretli Çalışan,9110.01,Boşanmış,1289,2017-02-11
C00356,Songurkan Bilir,26,Kadın,İstanbul,Lisans,Emekli,11129.93,Bekar,1630,2017-09-12
C00357,Okt. Öngen Bilgen Çetin,34,Kadın,Bursa,Ön Lisans,Ücretli Çalışan,23293.43,Bekar,1488,2017-09-29
C00358,Eyyüp Akdeniz,45,Erkek,Ankara,Lisans,Serbest Meslek,20631.41,Bekar,1179,2016-07-27
C00359,Bedri Duran,51,Erkek,İstanbul,Yüksek Lisans,Ücretli Çalışan,15959.5,Boşanmış,1110,2021-06-23
C00360,Gökperi Demir,34,Erkek,İstanbul,Yüksek Lisans,Serbest Meslek,39157.29,Evli,1712,2019-08-21
C00361,Behrem Yılmaz,35,Kadın,İzmir,Lisans,Ücretli Çalışan,17031.74,Evli,1419,2022-01-08
C00362,Havse İncifir Hayrioğlu Yıldırım,64,Erkek,İstanbul,Lise,Serbest Meslek,23667.8,Dul,1607,2023-10-24
C00363,Çev. Alkor Yaman,52,Erkek,Ankara,Lise,Ücretli Çalışan,22191.29,Evli,1435,2023-06-18
C00364,Arş. Gör. Dilsitan Banü Güçlü,37,Kadın,Kayseri,Lise,Ücretli Çalışan,19298.44,Evli,1490,2024-01-14
C00365,Prof. Nevsale Uğur Zengin Sakarya,48,Kadın,İzmir,Yüksek Lisans,Ücretli Çalışan,20401.74,Evli,1683,2019-05-10
C00366,Arş. Gör. Güverçin Şirivan Türk Gül,39,Kadın,Ankara,Lise,Ücretli Çalışan,20648.25,Dul,1000,2024-07-01
C00367,Sevican Asu Yorulmaz,50,Kadın,İstanbul,Ön Lisans,Ücretli Çalışan,23293.27,Bekar,1749,2024-10-18
C00368,Av. Rafia Şafak Tarhan,18,Kadın,İzmir,Yüksek Lisans,Ücretli Çalışan,51009.57,Boşanmış,1385,2018-05-26
C00369,Okanay Yavuz Çamurcuoğlu Dumanlı,53,Kadın,İstanbul,Lise,İşsiz,12481.99,Bekar,1253,2023-05-18
C00370,Atagün Hayrioğlu,27,Erkek,Eskişehir,Lisans,İşsiz,15052.57,Evli,1698,2019-06-13
C00371,Apaydın Yaman,37,Erkek,Konya,Ön Lisans,Emekli,21979.05,Boşanmış,1677,2018-06-17
C00372,İlper Durmuş,45,Erkek,İzmir,Lisans,Ücretli Çalışan,21326.13,Dul,1591,2023-07-17
C00373,Nurser Tevetoğlu,68,Kadın,Ankara,Ön Lisans,İşveren,19420.25,Evli,1550,2023-04-25
C00374,Servinaz Tülin Tevetoğlu,52,Erkek,İzmir,Lisans,Ücretli Çalışan,32777.14,Dul,1796,2018-04-24
C00375,Dr. Dilşat Âlemşah Gül,47,Erkek,İstanbul,Lisans,Ücretli Çalışan,11916.12,Evli,1788,2020-08-07
C00376,Melihcan Dumanlı,26,Erkek,İstanbul,Lisans,Serbest Meslek,22838.11,Dul,1311,2020-03-02
C00377,Öğr. Hanedan İmam Ertaş,39,Erkek,İstanbul,Lisans,Ücretli Çalışan,23108.21,Dul,1580,2017-01-23
C00378,Ruhugül Gül Sakarya,45,Kadın,İzmir,Lisans,Emekli,41199.03,Bekar,1573,2024-03-04
C00379,Salimet Hayrioğlu,37,Kadın,Ankara,Lisans,Serbest Meslek,30755.96,Evli,1797,2015-10-06
C00380,Nurdeniz Manço,25,Kadın,İstanbul,Ön Lisans,Serbest Meslek,26077.55,Bekar,1675,2021-12-05
C00381,Dr. Buşra Karadeniz Çorlu,36,Erkek,Antalya,İlkokul,Serbest Meslek,37014.61,Dul,1462,2015-02-18
C00382,Mengi Sakarya,41,Erkek,İzmir,Lise,Ücretli Çalışan,18437.05,Dul,1503,2024-01-16
C00383,Elvan Çisem Yorulmaz Zengin,26,Kadın,İstanbul,Lise,Emekli,10425.16,Evli,1738,2017-09-14
C00384,Dürrüşehvar Seven,29,Erkek,Gaziantep,Lise,Ücretli Çalışan,12757.49,Dul,841,2015-11-20
C00385,Safinaz Ayçan Arslan Tevetoğlu,32,Erkek,İzmir,Lise,Ücretli Çalışan,10988.56,Evli,1790,2018-05-13
C00386,Nefaret Cuheyna Durdu,52,Kadın,Antalya,Yüksek Lisans,Serbest Meslek,14622.73,Bekar,1900,2016-01-18
C00387,Bişar Ülker,51,Erkek,İzmir,Lise,Ücretli Çalışan,17219.98,Bekar,875,2022-11-18
C00388,Öğr. Deryanur Ergül Akdeniz,67,Erkek,Kayseri,Lisans,Ücretli Çalışan,10664.68,Boşanmış,968,2021-05-06
C00389,Dilşat Laze Durdu Bilgin,52,Kadın,Mersin,Yüksek Lisans,İşsiz,59747.86,Evli,1566,2017-05-15
C00390,Av. Övün Şilan Tarhan,46,Erkek,İstanbul,Yüksek Lisans,Emekli,26046.52,Boşanmış,1673,2025-01-31
C00391,Tanbay İhsanoğlu,49,Kadın,İstanbul,Yüksek Lisans,Ücretli Çalışan,22618.79,Bekar,1526,2017-04-28
C00392,Asiman Akçay,39,Erkek,Eskişehir,Lise,Serbest Meslek,14196.01,Evli,1309,2021-05-10
C00393,Mevlüdiye Çamurcuoğlu,19,Erkek,Antalya,Lisans,İşveren,19067.63,Dul,1172,2023-06-22
C00394,Necva Yılmaz,26,Kadın,İzmir,Doktora,Serbest Meslek,21610.88,Bekar,1848,2016-02-05
C00395,Av. Beyda Durdu,51,Kadın,Ankara,Lisans,Ücretli Çalışan,9830.79,Dul,1132,2023-09-04
C00396,Belgizar Manço Korutürk,51,Erkek,Konya,Ön Lisans,Ücretli Çalışan,12808.71,Evli,1323,2018-12-28
C00397,Aydinç Korutürk,46,Erkek,Ankara,Lisans,Serbest Meslek,12890.49,Dul,1406,2015-12-18
C00398,Karataş Seven,23,Erkek,Konya,Lisans,İşveren,15205.08,Bekar,1499,2018-01-02
C00399,Okt. Ferhan Nirgül Hançer Gül,20,Kadın,Adana,Lise,Ücretli Çalışan,24299.56,Bekar,1415,2016-01-10
C00400,Özpetek Tevetoğlu,46,Erkek,Ankara,Lisans,Ücretli Çalışan,22043.24,Bekar,1841,2016-06-26
C00401,Alkor Manço,41,Erkek,Ankara,Lisans,Ücretli Çalışan,16428.41,Dul,1530,2016-02-28
C00402,Prof. Tartış Yorulmaz,46,Erkek,İzmir,Lisans,Ücretli Çalışan,20373.43,Boşanmış,1510,2024-09-07
C00403,Esenbay Dumanlı,31,Erkek,Ankara,Lisans,Ücretli Çalışan,14789.82,Evli,1029,2021-05-31
C00404,Öğr. Şemsinisa Selime Seven,60,Erkek,İstanbul,Lise,Ücretli Çalışan,11387.39,Boşanmış,1206,2020-07-12
C00405,Günebakan İnönü,31,Kadın,Ankara,Ön Lisans,Ücretli Çalışan,29813.48,Dul,1426,2023-10-11
C00406,Hazrat Melihcan Demir Arslan,54,Erkek,Samsun,Lisans,Ücretli Çalışan,14719.51,Dul,1449,2021-08-29
C00407,Arş. Gör. Meveddet Türk Bilgin,29,Erkek,İstanbul,Lise,Serbest Meslek,52329.58,Dul,1203,2018-09-22
C00408,Şahıgül Yorulmaz Yılmaz,43,Erkek,Gaziantep,Lise,İşveren,26507.94,Boşanmış,1603,2019-10-30
C00409,Giz Akça,37,Kadın,Ankara,Lisans,İşveren,18799.41,Evli,1510,2020-05-16
C00410,Çıvgın Yaman,38,Erkek,Samsun,Lise,Ücretli Çalışan,30753.09,Dul,1900,2021-06-16
C00411,Maksüde Hayrioğlu,33,Erkek,Ankara,Lisans,İşveren,10759.98,Dul,1357,2019-02-04
C00412,Abdülahat Oldağ Korutürk Şafak,70,Kadın,Bursa,Lisans,Ücretli Çalışan,13881.97,Bekar,1789,2023-02-26
C00413,Uz. Kavurt Duran,60,Kadın,Ankara,Lise,Ücretli Çalışan,15535.54,Bekar,1642,2024-03-08
C00414,Arş. Gör. Sebattin İvecen Ülker,59,Erkek,Antalya,Lise,İşveren,16804.34,Boşanmış,1449,2017-09-18
C00415,Benek Permun Bilge Korutürk,33,Kadın,Adana,Lisans,Ücretli Çalışan,12624.06,Bekar,1217,2020-01-14
C00416,Merzuk Adlan Ertaş,25,Erkek,Bursa,Lisans,İşsiz,20238.41,Dul,1027,2021-02-04
C00417,Gözel Durdu,42,Erkek,Antalya,Lisans,Ücretli Çalışan,9895.61,Bekar,1462,2016-03-23
C00418,Yrd. Doç. Rana Rümeysa Arslan,50,Erkek,İstanbul,Lisans,İşveren,8125.96,Dul,1473,2023-06-10
C00419,Kutay Afer Hayrioğlu Aksu,54,Erkek,İstanbul,Lise,Ücretli Çalışan,11564.11,Evli,1798,2020-09-22
C00420,Av. Nevsale Birsan Şafak Akdeniz,45,Kadın,Ankara,Ön Lisans,Serbest Meslek,14512.2,Evli,1366,2018-11-13
C00421,Erbil Merzuk Zengin Gülen,46,Erkek,İstanbul,Ön Lisans,İşsiz,20623.83,Bekar,1354,2016-04-20
C00422,Kopan Bilge,28,Kadın,Ankara,Lise,İşveren,21508.69,Evli,1146,2020-11-04
C00423,Nalân Güverçin Şama,38,Erkek,İstanbul,Lisans,Ücretli Çalışan,13269.74,Dul,1196,2018-07-30
C00424,Dr. Oymak Şener,54,Kadın,Gaziantep,Lise,Ücretli Çalışan,32568.13,Boşanmış,1652,2022-04-08
C00425,Ruhsat Oymak Akar Akçay,26,Kadın,Eskişehir,Lisans,Ücretli Çalışan,17285.38,Evli,1803,2021-03-10
C00426,Necva Fadıla Yüksel Sakarya,41,Erkek,Samsun,Lise,Ücretli Çalışan,56596.27,Dul,1598,2022-01-23
C00427,Erinçer Akar,42,Erkek,Ankara,Lisans,Ücretli Çalışan,17342.19,Evli,1533,2020-01-16
C00428,Yrd. Doç. Birgit İnönü,38,Erkek,İstanbul,Lise,Serbest Meslek,27409.61,Boşanmış,1739,2023-06-09
C00429,Cantez Akça,30,Kadın,Bursa,Lisans,Serbest Meslek,10948.36,Evli,920,2019-02-07
C00430,Öğr. Özdeş İnönü Zengin,46,Erkek,İstanbul,Lisans,Ücretli Çalışan,12130.58,Dul,841,2020-12-01
C00431,Dr. Özge Musaffa Bilge Şener,44,Erkek,Bursa,Lisans,İşsiz,61196.78,Bekar,1218,2018-11-26
C00432,Fatinur Dumanlı,50,Erkek,Bursa,Lisans,Ücretli Çalışan,20677.95,Boşanmış,1475,2025-04-20
C00433,Nayil Dumanlı,51,Kadın,Antalya,Lise,Serbest Meslek,17489.86,Evli,1566,2018-06-04
C00434,Kâzime İslime Yorulmaz,43,Erkek,Antalya,Lisans,Ücretli Çalışan,14755.32,Dul,1628,2021-09-08
C00435,Türknur Beray Hançer Ertaş,37,Erkek,Ankara,Ön Lisans,Ücretli Çalışan,14184.64,Evli,1514,2021-03-22
C00436,Bayan Açılay Nili Karadeniz Arslan,29,Erkek,İstanbul,Lise,Ücretli Çalışan,20184.73,Dul,1497,2021-12-12
C00437,Tolonbay Bilge,53,Erkek,Samsun,Ön Lisans,Ücretli Çalışan,24676.69,Evli,1493,2024-02-22
C00438,Tanyolaç Tevetoğlu,49,Erkek,Ankara,Ön Lisans,Ücretli Çalışan,37256.94,Dul,1639,2020-06-24
C00439,Seyhan Zengin Durmuş,40,Kadın,Konya,Lise,Ücretli Çalışan,11044.34,Bekar,1113,2018-01-30
C00440,Muktedir Ünübol Durdu,36,Erkek,İstanbul,Ön Lisans,Ücretli Çalışan,15149.45,Dul,1453,2021-03-01
C00441,Gündüzalp Tevetoğlu,40,Kadın,İstanbul,Lisans,Ücretli Çalışan,25294.99,Boşanmış,1482,2021-01-29
C00442,Arş. Gör. Fatinur Yorulmaz Dumanlı,45,Kadın,Konya,Ön Lisans,İşveren,20517.09,Evli,1006,2019-10-08
C00443,Ürfettin Şabettin Şama Demirel,28,Kadın,İstanbul,Doktora,Ücretli Çalışan,18679.1,Dul,1197,2017-12-12
C00444,Onursu Şensoy,47,Kadın,Ankara,Doktora,Ücretli Çalışan,39689.34,Evli,1804,2017-05-09
C00445,Bay Erdogan Demirel,37,Erkek,Kayseri,Lisans,İşveren,38980.89,Dul,1537,2016-11-10
C00446,Öğr. Yazgül Yasemen Mansız Aksu,35,Kadın,Gaziantep,Lisans,Serbest Meslek,15122.95,Boşanmış,1424,2020-12-20
C00447,Nurbanu Limon Kısakürek Seven,35,Kadın,Ankara,Lisans,Ücretli Çalışan,21518.91,Boşanmış,1540,2021-06-03
C00448,Şahnuray Yorulmaz,40,Kadın,İstanbul,Lisans,Ücretli Çalışan,24260.92,Dul,1797,2025-04-21
C00449,Bağdat Şama,51,Erkek,Kayseri,Lise,Ücretli Çalışan,10216.87,Evli,741,2017-10-19
C00450,Sağıt Umman Kısakürek Arslan,51,Erkek,Gaziantep,Lisans,Ücretli Çalışan,10774.15,Dul,1323,2020-06-27
C00451,Şefiye Bilge,25,Erkek,Bursa,Ön Lisans,Ücretli Çalışan,8858.29,Bekar,1515,2022-02-08
C00452,Güçyeter Çorlu,49,Kadın,Ankara,Lisans,İşveren,15376.11,Boşanmış,852,2020-02-06
C00453,Hiçsönmez Hançer,33,Erkek,Bursa,Yüksek Lisans,İşsiz,23773.14,Bekar,850,2023-03-13
C00454,Elifnur Tevetoğlu Demirel,42,Erkek,Kayseri,Lisans,İşsiz,19793.53,Dul,1364,2017-06-11
C00455,Gönen Durmuş,41,Kadın,İzmir,Lise,İşsiz,12863.11,Boşanmış,1399,2018-10-15
C00456,Mükrüme Alemdar Yaman,38,Kadın,İzmir,Ön Lisans,Ücretli Çalışan,19686.98,Boşanmış,1266,2025-01-10
C00457,Tonguç Ülker,34,Kadın,İstanbul,Lisans,Serbest Meslek,13384.32,Dul,1336,2015-03-08
C00458,Arş. Gör. Nevsale Alsoy Arsoy,60,Kadın,Ankara,İlkokul,Ücretli Çalışan,10749.82,Dul,976,2017-04-08
C00459,Gülay Günar Şama,57,Kadın,Mersin,Lise,İşsiz,18138.72,Boşanmış,1052,2016-01-18
C00460,Öğr. Hafıza Yaman Manço,52,Erkek,İstanbul,Lisans,Serbest Meslek,15176.04,Evli,1900,2015-08-01
C00461,Galip Akdeniz,48,Erkek,Adana,Lisans,Ücretli Çalışan,16001.53,Dul,1900,2022-05-08
C00462,Ortak Ömür Duran Karadeniz,32,Kadın,İstanbul,Ön Lisans,Ücretli Çalışan,27832.03,Evli,1574,2021-08-28
C00463,Tuğtaş Halidun Akgündüz,55,Erkek,İstanbul,Lisans,Ücretli Çalışan,40242.54,Bekar,1508,2024-08-24
C00464,Sücaettin Kısakürek,30,Kadın,İzmir,Lise,Ücretli Çalışan,24513.7,Bekar,1330,2023-03-13
C00465,Buhari Akçay,64,Kadın,Ankara,Yüksek Lisans,İşveren,21193.31,Evli,1408,2019-04-17
C00466,Doç. Metinkaya Türk,42,Kadın,Bursa,Lisans,İşveren,10870.34,Bekar,1137,2020-12-12
C00467,Okt. Havse Selvi Mansız,54,Kadın,Ankara,Lisans,Serbest Meslek,14829.85,Evli,1118,2025-04-25
C00468,Seniha Hasgül Duran,46,Erkek,Kayseri,Lise,Ücretli Çalışan,33981.34,Bekar,1679,2016-07-27
C00469,Çev. Ünsever Özdil Güçlü,51,Erkek,Ankara,Ön Lisans,İşveren,14177.94,Evli,1024,2017-10-11
C00470,Kamar Tarhan,58,Kadın,İstanbul,Lisans,Ücretli Çalışan,17236.66,Boşanmış,1437,2023-09-26
C00471,Öğr. Lezize Nursim Zorlu Fırat,55,Kadın,Kayseri,Lisans,Emekli,25598.87,Boşanmış,1573,2017-04-21
C00472,Uz. Gülnaziye Şehza Yaman,65,Kadın,Adana,Lise,Ücretli Çalışan,14919.39,Bekar,1611,2023-10-16
C00473,Ayülker Şensoy,40,Kadın,İzmir,Lise,Emekli,22490.91,Dul,1842,2022-02-26
C00474,Av. Nura Durmuş İhsanoğlu,46,Kadın,Denizli,Yüksek Lisans,Serbest Meslek,25393.11,Evli,1768,2019-05-04
C00475,Yasan Şehamet Fırat Akdeniz,35,Erkek,Ankara,Lisans,Emekli,13661.76,Dul,1078,2023-08-22
C00476,Fenni Atatöre İnönü Aksu,18,Kadın,İstanbul,Lise,Ücretli Çalışan,50276.51,Bekar,1144,2023-11-07
C00477,Serda Akçay,37,Erkek,Bursa,Lisans,Ücretli Çalışan,17596.13,Dul,1576,2019-10-01
C00478,İntihap Şafak,49,Kadın,Bursa,Lisans,Serbest Meslek,29354.85,Evli,1354,2018-02-10
C00479,Dölensoy Alemdar,37,Kadın,İzmir,Lise,Ücretli Çalışan,22632.92,Evli,1437,2021-01-06
C00480,Okt. Arziye Ruhide Yorulmaz Gülen,59,Kadın,Ankara,Ön Lisans,Ücretli Çalışan,24858.09,Evli,1683,2015-08-26
C00481,Hatin Nüdret Çorlu Arsoy,47,Erkek,İstanbul,Lisans,Ücretli Çalışan,33794.83,Bekar,1545,2018-06-20
C00482,Bay Gümüştekin Ayvas Karadeniz,24,Kadın,İstanbul,Lisans,Serbest Meslek,23857.64,Bekar,1257,2016-11-02
C00483,Eşim Yaman,33,Erkek,İzmir,Lisans,Ücretli Çalışan,25948.36,Boşanmış,1809,2016-11-14
C00484,Feremez İnançlı Güçlü,40,Erkek,Adana,Lise,Ücretli Çalışan,22901.89,Bekar,1900,2018-10-04
C00485,Çerçi Demirel,42,Erkek,İzmir,Lise,İşveren,64264.16,Bekar,1641,2020-07-25
C00486,Öğr. Şöhret Yılmaz Akçay,18,Erkek,İstanbul,Yüksek Lisans,Ücretli Çalışan,27973.24,Evli,1515,2019-02-15
C00487,Adlan Eraslan,55,Kadın,Mersin,Lisans,Ücretli Çalışan,26982.17,Bekar,1465,2017-07-24
C00488,İzgü Manço,25,Kadın,İstanbul,Yüksek Lisans,Serbest Meslek,18141.18,Evli,1287,2015-07-08
C00489,Dr. Mahter Havse Hançer,33,Erkek,Eskişehir,Lise,Ücretli Çalışan,25974.23,Bekar,1900,2021-03-14
C00490,Alcan Enes Seven Şener,44,Erkek,İstanbul,Lise,İşveren,11635.93,Boşanmış,1491,2018-01-16
C00491,Dr. Dilcan Ticen Tevetoğlu Duran,54,Erkek,İstanbul,Lisans,İşveren,15147.6,Bekar,1466,2017-01-04
C00492,Temirhan Zorlu,40,Kadın,Samsun,Lise,Ücretli Çalışan,13999.76,Dul,1542,2024-09-17
C00493,Doç. Beyler Feyruz Şafak,38,Erkek,Ankara,Lisans,Ücretli Çalışan,24071.64,Bekar,1278,2019-02-20
C00494,Tanyolaç Ergül,34,Erkek,Adana,Lise,Ücretli Çalışan,27586.22,Boşanmış,1406,2021-08-20
C00495,Yrd. Doç. Kızıltunç Cindoruk Ülker,60,Kadın,Adana,Lisans,İşsiz,16649.97,Evli,1276,2016-09-08
C00496,Recepali Arsoy,51,Erkek,İstanbul,Lisans,Ücretli Çalışan,10527.39,Bekar,939,2018-10-04
C00497,Remazan Duran,21,Erkek,Kayseri,Lisans,Ücretli Çalışan,35177.53,Bekar,1282,2017-04-20
C00498,Kibar Bilge,70,Kadın,Ankara,Yüksek Lisans,Ücretli Çalışan,15461.19,Evli,1546,2022-12-24
C00499,Bayan Nürice Arsoy Eraslan,58,Kadın,Eskişehir,Yüksek Lisans,Ücretli Çalışan,49155.39,Dul,1900,2022-11-10
C00500,Hüsmen Çetin,54,Erkek,Denizli,Lise,Emekli,31597.34,Bekar,1608,2020-09-01
C00501,Hazrat Yüksel,49,Erkek,İstanbul,Lisans,Ücretli Çalışan,15552.34,Dul,1295,2022-06-06
C00502,Öncel Seçme Korutürk İnönü,39,Kadın,İstanbul,Yüksek Lisans,İşsiz,18461.02,Dul,1106,2022-11-10
C00503,Emiş Türk,48,Erkek,Ankara,Lise,İşveren,30634.66,Bekar,1522,2017-04-10
C00504,Zöhrehan Naide Alemdar Şensoy,57,Kadın,İstanbul,Lise,Ücretli Çalışan,11923.18,Dul,1331,2018-07-10
C00505,Av. Özakan Tarhan,31,Erkek,Samsun,Lise,Ücretli Çalışan,8604.65,Boşanmış,1359,2020-03-12
C00506,Doç. Söyler Gülbeyan Sezgin Yaman,38,Kadın,İstanbul,Lisans,Ücretli Çalışan,39381.54,Boşanmış,1657,2024-04-07
C00507,Yağızkurt Öcalan,27,Kadın,İstanbul,Yüksek Lisans,Serbest Meslek,45905.57,Evli,1805,2016-01-09
C00508,Bayan Mecide Gülsalın Türk Çetin,46,Erkek,Ankara,İlkokul,Serbest Meslek,17999.19,Boşanmış,1260,2017-12-01
C00509,Aköz Hayrioğlu,35,Kadın,İstanbul,Ön Lisans,İşveren,32530.61,Dul,1900,2021-03-27
C00510,Varlık Pesent Alemdar,58,Kadın,İstanbul,Lise,Serbest Meslek,15994.78,Evli,1220,2016-05-12
C00511,Çev. Aycagül İnönü Şensoy,41,Kadın,İstanbul,Lisans,Ücretli Çalışan,8993.0,Boşanmış,1460,2022-09-12
C00512,Ferat Ergül,38,Kadın,Bursa,Lise,Serbest Meslek,16159.83,Bekar,1101,2015-03-31
C00513,Turabi Güçal Aslan,46,Kadın,Mersin,Ön Lisans,İşsiz,15682.25,Evli,927,2016-01-12
C00514,Öztürk Kamar Şafak Akgündüz,18,Erkek,İstanbul,Yüksek Lisans,Emekli,19685.12,Bekar,1823,2016-11-19
C00515,Sejda Akçay Kısakürek,59,Erkek,Gaziantep,Ön Lisans,Emekli,16224.97,Bekar,1309,2019-04-17
C00516,Güldünya Soylu,45,Kadın,Ankara,Yüksek Lisans,Serbest Meslek,12717.4,Boşanmış,1455,2018-02-20
C00517,Okt. Vezrife Aslan Sezgin,49,Kadın,İstanbul,Lisans,Ücretli Çalışan,34617.68,Evli,1474,2022-04-05
C00518,Yunt Şafak,37,Erkek,Mersin,Ön Lisans,Ücretli Çalışan,13425.46,Bekar,1173,2018-02-19
C00519,Melihcan Tevetoğlu,37,Erkek,İstanbul,Yüksek Lisans,Ücretli Çalışan,23513.13,Evli,1728,2022-01-27
C00520,Arş. Gör. Filit Hayrioğlu,30,Kadın,Denizli,Lisans,İşsiz,39015.33,Boşanmış,1152,2020-05-18
C00521,Asım Günşen Ülker Arslan,39,Erkek,Ankara,Lisans,Ücretli Çalışan,14239.21,Boşanmış,773,2019-05-10
C00522,Semat Şefiye Demirel,50,Kadın,Ankara,Lise,Ücretli Çalışan,27766.34,Boşanmış,1429,2015-08-28
C00523,Uz. Selvi Necva Dumanlı,40,Erkek,İzmir,Lisans,İşveren,25138.92,Evli,1109,2016-10-15
C00524,Yunt Huzuri Mansız,33,Kadın,İstanbul,Lisans,Ücretli Çalışan,28493.15,Bekar,1186,2023-07-27
C00525,Çev. Açılay Bergen Ülker,43,Kadın,Bursa,Doktora,İşsiz,10824.18,Dul,1216,2018-12-24
C00526,Nezengül Zorlu Sezgin,39,Kadın,İstanbul,Lisans,Emekli,9635.32,Boşanmış,1631,2025-04-01
C00527,Bay Beyda Akdeniz,31,Erkek,Samsun,Lisans,Serbest Meslek,13840.94,Evli,1430,2024-05-20
C00528,Bayan Egenur Bediriye Yüksel Öcalan,53,Erkek,İzmir,Lise,İşsiz,12618.01,Bekar,1115,2016-01-05
C00529,Nevsale Nurtaç Akça Durdu,45,Kadın,İstanbul,Ön Lisans,Ücretli Çalışan,27225.18,Boşanmış,1544,2025-04-17
C00530,Talayer Birsen Tarhan,35,Kadın,Ankara,Lise,Serbest Meslek,13733.38,Boşanmış,1401,2015-09-01
C00531,Okt. Nura Selvi İnönü Erdoğan,27,Kadın,Konya,Lisans,Ücretli Çalışan,8000.0,Boşanmış,1489,2015-10-25
C00532,Rohat Arsoy,50,Erkek,Bursa,Lise,Ücretli Çalışan,8000.0,Boşanmış,1127,2016-07-12
C00533,Minibe Şensoy Aslan,47,Erkek,Konya,Yüksek Lisans,İşsiz,50305.66,Boşanmış,1225,2016-12-14
C00534,Dr. Akatay Zahid Akçay,31,Erkek,İstanbul,Lisans,Serbest Meslek,18355.72,Evli,1843,2019-03-30
C00535,Arş. Gör. Nürice Çamurcuoğlu Durmuş,32,Erkek,İstanbul,Lisans,Ücretli Çalışan,13910.0,Dul,1259,2024-07-16
C00536,Eroğul Önsal Eraslan Demirel,28,Kadın,İstanbul,Lise,İşsiz,21061.49,Evli,1626,2022-03-04
C00537,Öğr. Şevketfeza Macide Sezer Çamurcuoğlu,43,Erkek,İstanbul,Lisans,Serbest Meslek,17790.87,Evli,1427,2018-11-21
C00538,Öğr. Dürrüşehvar Yaman Akdeniz,21,Kadın,Bursa,Yüksek Lisans,İşsiz,29655.4,Boşanmış,1120,2020-01-04
C00539,Musafet Akçay,37,Kadın,İstanbul,Lise,Ücretli Çalışan,83859.53,Boşanmış,1574,2023-10-29
C00540,Dr. Muhiye Nazlihan Demirel Erdoğan,30,Kadın,İstanbul,Ön Lisans,Ücretli Çalışan,16450.96,Dul,1787,2016-11-12
C00541,Melûl Ferhan Demirel,41,Erkek,Mersin,Ön Lisans,Emekli,10433.48,Dul,1569,2016-02-20
C00542,Prof. Işıkay Zorlu,31,Kadın,İstanbul,Lise,İşveren,46304.02,Bekar,1770,2018-04-22
C00543,Dr. Denizalp Özkent Yaman,34,Erkek,Samsun,Lise,Ücretli Çalışan,35470.53,Evli,1516,2024-12-15
C00544,Prof. Okseven Akatay Arsoy,50,Kadın,İzmir,Yüksek Lisans,Ücretli Çalışan,24788.37,Bekar,1288,2018-10-16
C00545,Silanur Âlemşah Yaman Mansız,32,Erkek,Antalya,Ön Lisans,Serbest Meslek,31681.32,Evli,1416,2021-10-23
C00546,Apaydın Hançer,35,Kadın,İstanbul,Lise,Emekli,12967.41,Evli,1445,2019-08-04
C00547,Söyler Fırat Seven,64,Erkek,Antalya,Lise,Serbest Meslek,12327.78,Bekar,1386,2015-07-23
C00548,Av. Ümray Beray Yaman,56,Erkek,İstanbul,Ön Lisans,Ücretli Çalışan,19228.74,Dul,1613,2015-12-25
C00549,Beray Dumanlı,27,Erkek,İstanbul,İlkokul,Ücretli Çalışan,24166.88,Evli,1453,2022-02-27
C00550,Dr. Vefia Nazende Yaman Akgündüz,51,Kadın,İzmir,Lise,Ücretli Çalışan,34007.07,Dul,1900,2020-04-12
C00551,Prof. Bedi Şafak,46,Erkek,İstanbul,Lisans,Ücretli Çalışan,23077.38,Evli,1548,2019-02-28
C00552,İsak Bayzettin Fırat,35,Erkek,İstanbul,İlkokul,Emekli,23209.52,Dul,1386,2020-03-19
C00553,Göken Aksu,42,Erkek,İzmir,Lise,Ücretli Çalışan,36059.26,Bekar,1248,2015-12-18
C00554,Okt. Yankı Bilgin,53,Erkek,Denizli,Lisans,Serbest Meslek,36051.43,Bekar,1470,2024-06-05
C00555,Vezrife Lâle Akdeniz Çorlu,18,Erkek,Samsun,Lisans,Ücretli Çalışan,15160.98,Dul,1744,2021-06-03
C00556,Gülkadın Şener,39,Erkek,İstanbul,Ön Lisans,Emekli,12712.16,Bekar,1213,2020-08-18
C00557,Efil Şener,50,Kadın,İstanbul,Lisans,Serbest Meslek,25489.71,Evli,1440,2016-11-15
C00558,Şirivan Zahfer Çorlu,35,Kadın,İstanbul,Ön Lisans,İşsiz,16709.1,Dul,989,2017-04-07
C00559,Yrd. Doç. Sezginbaş Manço,59,Kadın,Gaziantep,Lise,İşsiz,17239.45,Bekar,1524,2015-12-23
C00560,Dr. Taşkan Gül,58,Erkek,İzmir,Yüksek Lisans,Ücretli Çalışan,31233.29,Dul,1392,2025-04-14
C00561,Özdeş Türk,44,Erkek,İstanbul,Lise,Emekli,19714.55,Bekar,1234,2025-05-16
C00562,Atalay Türk,43,Kadın,Konya,Yüksek Lisans,Ücretli Çalışan,11724.45,Boşanmış,1676,2024-11-04
C00563,Gülözge Öcalan,34,Erkek,Antalya,Lisans,Ücretli Çalışan,21818.68,Dul,1570,2015-06-03
C00564,Yrd. Doç. Asu Tercan Akgündüz,36,Erkek,İstanbul,Lisans,Ücretli Çalışan,25952.21,Dul,1381,2015-06-08
C00565,Menişan Süner Yüksel,50,Erkek,Antalya,İlkokul,Ücretli Çalışan,10875.95,Dul,1411,2025-04-29
C00566,Melaha Ertaş Erdoğan,63,Erkek,İstanbul,Lisans,Ücretli Çalışan,12706.27,Boşanmış,1210,2018-06-27
C00567,Boynak Meşhur Seven,46,Erkek,Kayseri,Lisans,Ücretli Çalışan,21607.85,Evli,1587,2016-07-04
C00568,Öğr. Gülseren Şama Tevetoğlu,45,Erkek,Konya,Lise,Ücretli Çalışan,26519.21,Dul,1777,2021-10-13
C00569,Gözel Bilge,44,Kadın,Ankara,Yüksek Lisans,Serbest Meslek,17879.93,Dul,1668,2023-04-23
C00570,Nazi Gülen,62,Erkek,Gaziantep,Lisans,Ücretli Çalışan,18775.63,Evli,1256,2015-09-26
C00571,Çetinsu Arsoy,53,Erkek,İstanbul,Yüksek Lisans,Ücretli Çalışan,18879.43,Bekar,956,2016-12-12
C00572,Gümüştekin Eral Ertaş Demir,50,Kadın,Gaziantep,Lise,Ücretli Çalışan,15663.72,Dul,1477,2015-07-27
C00573,Serda Yüksel,43,Kadın,İstanbul,Lisans,Emekli,21714.27,Dul,1637,2022-02-15
C00574,Aytek Yorulmaz,34,Kadın,İstanbul,Ön Lisans,Emekli,25106.89,Dul,1395,2016-12-28
C00575,Nurveren Şöhret Seven,48,Erkek,Bursa,Lise,İşsiz,26289.25,Evli,986,2024-05-24
C00576,Av. Bozerk Üzer Hayrioğlu,53,Kadın,İstanbul,Ön Lisans,Emekli,15659.24,Evli,1662,2024-07-29
C00577,Gülev İnönü,44,Kadın,Kayseri,Lisans,Serbest Meslek,45578.1,Evli,1444,2018-01-07
C00578,Öğr. Paker Ertaş,35,Kadın,Kayseri,Yüksek Lisans,Serbest Meslek,19756.96,Bekar,1424,2020-04-25
C00579,Çev. Tercan Yıldırım Çorlu,49,Kadın,Bursa,İlkokul,Emekli,9630.21,Boşanmış,1076,2021-10-27
C00580,Tülin Ertaş Yüksel,27,Erkek,Adana,Lisans,İşveren,30565.84,Boşanmış,1900,2019-10-02
C00581,Siper Ergül,38,Erkek,İzmir,Lise,Emekli,18472.35,Boşanmış,1477,2022-08-05
C00582,Aliihsan Fatih Soylu,53,Erkek,Bursa,İlkokul,Ücretli Çalışan,13130.47,Boşanmış,1439,2021-04-18
C00583,Çev. Zehranur Yılmaz Akdeniz,51,Erkek,İstanbul,Lise,Serbest Meslek,24971.55,Bekar,1547,2018-10-09
C00584,Memili Bellisan Akgündüz Eraslan,52,Erkek,Kayseri,Lise,İşsiz,8000.0,Boşanmış,1269,2017-02-10
C00585,Rahiye Neşrin Türk Gülen,32,Kadın,Mersin,Lisans,Ücretli Çalışan,8744.81,Dul,1507,2022-05-29
C00586,Serda Selaheddin Akar,56,Kadın,Adana,Lisans,Ücretli Çalışan,18734.99,Boşanmış,1738,2017-11-28
C00587,Çağlar Mahter Erdoğan Kısakürek,59,Erkek,Ankara,İlkokul,Emekli,36015.75,Evli,1869,2018-11-06
C00588,Prof. Zümre Lerze Alemdar Mansız,48,Kadın,Antalya,Lisans,Serbest Meslek,20618.52,Dul,1099,2025-03-02
C00589,Başok Aytek Gülen Arsoy,37,Erkek,İzmir,Lisans,Emekli,13636.96,Evli,1882,2018-04-18
C00590,Ömriye Akça,37,Kadın,Adana,Lisans,Ücretli Çalışan,21066.56,Evli,1637,2022-08-16
C00591,Evrim Gülmisal Tevetoğlu Zorlu,40,Kadın,İstanbul,Lise,Emekli,42734.98,Boşanmış,1304,2019-09-19
C00592,Tomurcuk Türk Türk,42,Erkek,Ankara,Lisans,İşveren,14269.62,Dul,1049,2024-07-18
C00593,Beren Yayak Şama,32,Kadın,Kayseri,Lisans,Ücretli Çalışan,19600.95,Bekar,1392,2020-04-18
C00594,Arş. Gör. Sevgen Manço Tevetoğlu,31,Kadın,Kayseri,Ön Lisans,Emekli,10584.62,Boşanmış,1319,2019-08-20
C00595,Günşen İhsanoğlu,21,Kadın,İstanbul,Lise,Ücretli Çalışan,28057.89,Dul,1440,2021-05-21
C00596,Feyzin Gülen,22,Erkek,İstanbul,Yüksek Lisans,Emekli,17341.47,Evli,1191,2023-09-26
C00597,İzel Nades Zorlu,43,Erkek,Bursa,Lise,Ücretli Çalışan,36432.0,Bekar,1031,2015-01-20
C00598,Doç. Özbilge Hançer Güçlü,41,Kadın,Konya,Lise,Ücretli Çalışan,18544.72,Evli,1667,2020-06-28
C00599,Kanak Şama,42,Kadın,İstanbul,Ön Lisans,İşveren,14208.76,Dul,1300,2019-07-11
C00600,Kızıltunç Siper Hançer Çetin,30,Erkek,Ankara,İlkokul,Ücretli Çalışan,32344.63,Evli,1505,2023-03-12
C00601,Sücaettin Güçlü,62,Kadın,Mersin,Lisans,Ücretli Çalışan,19393.68,Evli,1322,2015-03-15
C00602,Üçgül Durdu,21,Kadın,İstanbul,Yüksek Lisans,Serbest Meslek,8853.67,Boşanmış,903,2016-06-12
C00603,Doç. Aliseydi Siper Güçlü,43,Erkek,İstanbul,Lisans,Ücretli Çalışan,25057.44,Boşanmış,1104,2018-04-06
C00604,Arş. Gör. Tekiner Gül,50,Erkek,Ankara,Lisans,Ücretli Çalışan,16036.5,Evli,1536,2018-11-04
C00605,Fadıla Alemdar Tarhan,59,Erkek,Ankara,Lise,İşsiz,29839.18,Dul,1152,2015-03-20
C00606,Bay Serol Vezat Demir,29,Kadın,İstanbul,İlkokul,Ücretli Çalışan,8000.0,Evli,1200,2016-05-19
C00607,Adlan Dumanlı,37,Kadın,Ankara,Lisans,Ücretli Çalışan,12781.69,Bekar,1347,2021-08-29
C00608,Rıfkıye Manço,40,Kadın,Antalya,İlkokul,İşsiz,18012.38,Bekar,1057,2019-09-04
C00609,Doç. Gülseren Revza Zorlu,42,Kadın,İzmir,Ön Lisans,Ücretli Çalışan,24315.6,Evli,1227,2017-04-21
C00610,Av. Balca Demirel Yaman,56,Kadın,Ankara,Lisans,Serbest Meslek,19065.49,Boşanmış,1504,2021-12-25
C00611,Seha Hayrioğlu,48,Kadın,Ankara,Yüksek Lisans,Serbest Meslek,22135.71,Bekar,1738,2018-03-03
C00612,Arş. Gör. Nurgil Hayrioğlu Akçay,43,Kadın,İzmir,Lisans,Ücretli Çalışan,15129.52,Boşanmış,1590,2024-04-28
C00613,Arş. Gör. Natalia Zöhrehan Ergül Tarhan,26,Kadın,Ankara,Ön Lisans,Ücretli Çalışan,20928.18,Evli,1491,2015-06-11
C00614,Şeref Güçlü,37,Kadın,Antalya,Ön Lisans,Ücretli Çalışan,18810.27,Evli,1029,2015-01-12
C00615,Erdibay Aslan,33,Kadın,Mersin,Lisans,Ücretli Çalışan,20780.71,Dul,1539,2016-09-02
C00616,Hadrey Melaha Öcalan,27,Kadın,Adana,Lise,Emekli,35227.01,Boşanmış,1243,2022-03-24
C00617,Gülter Tan Hayrioğlu,51,Erkek,İstanbul,Lise,Ücretli Çalışan,24154.78,Evli,1338,2024-10-20
C00618,Okt. Örfiye İhsanoğlu İhsanoğlu,61,Erkek,Ankara,Lisans,Ücretli Çalışan,11647.69,Dul,1609,2023-04-14
C00619,Mahnaz Demir,52,Kadın,İstanbul,Lise,Ücretli Çalışan,14738.54,Evli,1728,2018-09-08
C00620,Peren Alemdar Ergül,36,Erkek,Samsun,Lise,Ücretli Çalışan,22695.28,Bekar,1565,2019-03-07
C00621,Fetullah Türk,38,Kadın,İstanbul,Ön Lisans,İşveren,28706.07,Dul,1698,2018-01-18
C00622,Beste Nazimet İhsanoğlu,19,Erkek,Konya,Lisans,İşveren,35844.78,Evli,1004,2016-04-08
C00623,Dr. Ildız Söyler Bilir Akar,52,Kadın,Denizli,Lisans,Ücretli Çalışan,33091.02,Bekar,1227,2019-09-01
C00624,Özay Sezer,35,Erkek,Gaziantep,Lisans,Emekli,12117.83,Evli,1286,2021-11-08
C00625,Ergül Sakarya,36,Erkek,Bursa,Yüksek Lisans,Ücretli Çalışan,28306.51,Evli,1827,2020-06-01
C00626,Öğr. Aliihsan Tüzeer Akçay,56,Kadın,Mersin,Ön Lisans,Emekli,15475.67,Bekar,1407,2017-12-07
C00627,Dr. Elhan Alkor Sakarya,19,Kadın,Antalya,Lisans,Serbest Meslek,13868.27,Evli,1541,2022-07-06
C00628,Okt. Solma Cemiyle Tarhan,59,Kadın,Ankara,Lisans,Emekli,11436.25,Dul,1191,2018-11-17
C00629,Abdulsemet Durmuş,39,Erkek,İstanbul,Lisans,Serbest Meslek,22608.3,Bekar,1297,2015-02-17
C00630,Öğr. Tunguç İhsanoğlu,45,Kadın,İzmir,Ön Lisans,Serbest Meslek,16103.18,Dul,1496,2024-10-01
C00631,Öğr. Gülnaziye İnönü Arslan,46,Erkek,Ankara,Lise,Ücretli Çalışan,19988.05,Boşanmış,1390,2015-07-26
C00632,Macide Şensoy,38,Erkek,Ankara,Lise,Ücretli Çalışan,19153.42,Dul,1407,2019-12-25
C00633,Ökkaş Ayaydın Şensoy,36,Erkek,İstanbul,Ön Lisans,İşveren,40920.7,Boşanmış,1640,2016-05-01
C00634,Arş. Gör. Zennun Yigit Akdeniz,36,Kadın,İstanbul,Ön Lisans,İşsiz,27272.37,Bekar,1136,2024-04-05
C00635,Cannur Ledün Akgündüz,54,Erkek,Mersin,Lisans,Ücretli Çalışan,23537.24,Dul,1473,2018-10-28
C00636,Bay İşcan Gülen,45,Kadın,Gaziantep,Lisans,Ücretli Çalışan,9829.13,Boşanmış,1098,2021-04-13
C00637,Uz. Maksüde Akgündüz Türk,25,Erkek,Adana,Ön Lisans,İşveren,21254.51,Dul,1900,2016-04-12
C00638,Gençay Durdu,66,Kadın,İstanbul,Ön Lisans,Ücretli Çalışan,26558.97,Boşanmış,1625,2021-02-21
C00639,Hakikat Fenni Ertaş Şensoy,18,Kadın,İstanbul,Lise,Ücretli Çalışan,15612.03,Evli,1223,2024-03-20
C00640,Uz. Tuğçe Ertaş Aslan,32,Erkek,İstanbul,Lisans,Serbest Meslek,18477.98,Evli,1381,2016-05-09
C00641,Ünsever Demir,18,Erkek,İstanbul,Lisans,Emekli,27904.96,Evli,1111,2023-01-14
C00642,Feyzin Gül,42,Erkek,İstanbul,Lisans,Ücretli Çalışan,50682.56,Bekar,1270,2023-08-29
C00643,Dr. Irıs Gülder Yılmaz Korutürk,18,Erkek,Antalya,Yüksek Lisans,Emekli,17523.5,Evli,1655,2020-08-05
C00644,Mehdiye Durdu,63,Kadın,İzmir,Ön Lisans,Ücretli Çalışan,11460.97,Dul,1504,2025-05-14
C00645,Cannur Mansız,34,Kadın,Antalya,Lise,Ücretli Çalışan,19002.45,Evli,1900,2016-02-29
C00646,Salimet Zorlu Hayrioğlu,21,Erkek,İzmir,Ön Lisans,Ücretli Çalışan,22341.09,Evli,1536,2018-01-25
C00647,Koçak Ülker,53,Erkek,Denizli,Ön Lisans,Ücretli Çalışan,20828.81,Evli,1577,2016-07-19
C00648,Cezayir Berksay Güçlü Hayrioğlu,35,Erkek,Kayseri,Lisans,Ücretli Çalışan,22496.32,Boşanmış,1414,2022-12-25
C00649,Bay Ermutlu Kayrabay Yüksel,47,Kadın,İstanbul,Lisans,Serbest Meslek,16876.47,Boşanmış,1594,2022-09-13
C00650,Prof. Kerime Mümtaze Hançer Zengin,39,Kadın,Denizli,Lisans,Ücretli Çalışan,33081.27,Evli,1487,2020-08-25
C00651,Ermutlu Şensoy,18,Erkek,Adana,Lisans,Ücretli Çalışan,35167.04,Dul,1193,2021-07-15
C00652,Hatin Balca Ülker Demir,32,Erkek,Antalya,Yüksek Lisans,Serbest Meslek,15244.17,Boşanmış,1843,2024-11-03
C00653,Çev. Fermuta Rayla Tarhan Zorlu,18,Kadın,İzmir,İlkokul,İşveren,81796.26,Evli,1684,2015-08-06
C00654,Duha Mehdiye Arsoy,42,Kadın,İstanbul,Lisans,Serbest Meslek,19444.08,Boşanmış,1571,2022-08-31
C00655,Öğr. Bektaşi Nezihi Manço,46,Kadın,Antalya,Lise,Ücretli Çalışan,26644.74,Bekar,1638,2019-01-09
C00656,Doç. Şelâle Nurda Seven Sezer,41,Kadın,Bursa,Lisans,İşveren,18236.82,Evli,1462,2023-04-29
C00657,Prof. Zelha Sezgin Ülker,37,Erkek,İstanbul,Lisans,Serbest Meslek,33196.39,Boşanmış,1648,2022-10-09
C00658,Çinerk Yüksel,18,Erkek,Ankara,Yüksek Lisans,Serbest Meslek,26773.16,Boşanmış,1468,2021-03-11
C00659,Remazan Dumanlı,39,Erkek,İstanbul,Yüksek Lisans,Ücretli Çalışan,16733.48,Dul,1781,2024-04-22
C00660,Besey Özdeş Demir Yorulmaz,51,Erkek,Adana,Lisans,Ücretli Çalışan,14075.7,Evli,1481,2023-09-15
C00661,Serol Duran,28,Kadın,İstanbul,Lise,Serbest Meslek,10712.56,Bekar,1223,2017-02-04
C00662,Burakhan Hayrioğlu,50,Kadın,Ankara,Ön Lisans,İşsiz,30604.62,Boşanmış,1348,2016-06-16
C00663,Dr. Gülsiye İlkbahar Soylu Çorlu,48,Erkek,İstanbul,Ön Lisans,Ücretli Çalışan,25141.63,Evli,1339,2015-06-13
C00664,Prof. Azade Servinaz Yaman Zorlu,45,Erkek,Bursa,Lisans,Ücretli Çalışan,28572.05,Boşanmış,1688,2020-07-02
C00665,Öğr. Özdeş Ağbegim Durmuş,54,Erkek,İstanbul,Lisans,İşveren,27412.02,Evli,1587,2017-01-23
C00666,Dr. Meveddet Amre Gülen Eraslan,52,Kadın,Ankara,Lisans,Ücretli Çalışan,19693.92,Bekar,1279,2018-12-02
C00667,Âdem Bilir,38,Kadın,Antalya,Lise,Ücretli Çalışan,14254.01,Boşanmış,1211,2017-06-13
C00668,Alanalp Şafak,38,Erkek,Trabzon,Lisans,İşsiz,13952.46,Bekar,1023,2016-04-14
C00669,Banü Zevlüde Yorulmaz İhsanoğlu,18,Erkek,İstanbul,Lisans,Serbest Meslek,21938.14,Evli,1420,2015-06-13
C00670,Necdat Türk,30,Erkek,Ankara,Lisans,Serbest Meslek,26813.49,Bekar,1734,2019-04-30
C00671,Rehime Gülay Öcalan,20,Erkek,İstanbul,Lisans,Ücretli Çalışan,14140.15,Boşanmış,1107,2020-10-07
C00672,Çıdal Şensoy,28,Erkek,İzmir,Lise,İşveren,28948.21,Evli,1451,2018-08-05
C00673,Okt. Nursim Seniha Bilge,36,Kadın,İstanbul,Yüksek Lisans,Ücretli Çalışan,8089.01,Bekar,1538,2022-01-11
C00674,Nurey Çorlu Tarhan,25,Kadın,Kayseri,Ön Lisans,Ücretli Çalışan,20475.2,Bekar,1569,2017-04-22
C00675,Tunçboğa Bilge,56,Erkek,Bursa,Yüksek Lisans,Ücretli Çalışan,11059.34,Evli,625,2015-04-08
C00676,Durgadin Gözem Duran Gülen,42,Erkek,İstanbul,Lise,Ücretli Çalışan,44811.95,Evli,1809,2023-11-28
C00677,Yurdanur Bilgin,42,Kadın,Bursa,Lise,Ücretli Çalışan,15974.74,Boşanmış,1701,2019-07-28
C00678,Çelem Yıldırım,28,Erkek,Ankara,İlkokul,Ücretli Çalışan,24695.12,Bekar,1626,2020-12-30
C00679,Seyyide Zinnure Şafak,52,Kadın,Adana,Lisans,Ücretli Çalışan,68998.98,Bekar,1598,2019-01-05
C00680,Hanbiken Yüksel Ertaş,33,Kadın,İstanbul,Lisans,Emekli,19702.32,Bekar,1017,2018-02-27
C00681,Fehmiye Kübran Akar İhsanoğlu,31,Erkek,Ankara,Lisans,İşveren,16577.85,Bekar,1368,2020-04-25
C00682,Akgöl Ünsever Ülker Seven,41,Kadın,İstanbul,Ön Lisans,Ücretli Çalışan,13765.37,Boşanmış,1660,2022-02-10
C00683,Ensari Bilir,40,Erkek,Samsun,İlkokul,Ücretli Çalışan,19847.13,Evli,1418,2016-05-19
C00684,Azettin Tevetoğlu,41,Erkek,İzmir,Yüksek Lisans,Ücretli Çalışan,28891.25,Boşanmış,1283,2017-05-10
C00685,Muhammet Süha Tarhan,32,Erkek,İstanbul,Yüksek Lisans,Serbest Meslek,17384.31,Evli,1163,2016-10-21
C00686,Ercihan Zihni Türk,30,Erkek,İstanbul,Lise,Ücretli Çalışan,16085.94,Bekar,1718,2024-07-19
C00687,Sehel Bilgin Duran,43,Erkek,Bursa,Lise,İşveren,21744.49,Bekar,1712,2017-10-23
C00688,Çağlasın Bilge,38,Erkek,Samsun,Ön Lisans,Ücretli Çalışan,23758.82,Evli,1474,2016-02-14
C00689,Berksay Onurcan Arslan,43,Kadın,Mersin,Lise,Ücretli Çalışan,15332.94,Dul,890,2018-09-06
C00690,Av. Yücelen Sevindik Hayrioğlu,38,Erkek,Antalya,Lise,Serbest Meslek,37806.51,Boşanmış,1731,2024-01-22
C00691,Havali Hançer,51,Erkek,İstanbul,Lise,Ücretli Çalışan,34761.26,Evli,1522,2022-12-27
C00692,Tuğrulhan Fırat,42,Erkek,İstanbul,Ön Lisans,Serbest Meslek,15094.06,Boşanmış,1420,2024-11-04
C00693,Öğr. Ginyas Evcimen Yorulmaz,47,Erkek,Ankara,Lise,Ücretli Çalışan,34260.49,Bekar,1465,2016-12-20
C00694,Dr. Umutcan Şafak,34,Kadın,Kayseri,Yüksek Lisans,Serbest Meslek,19935.11,Evli,1650,2024-12-29
C00695,Bayan Nazende Akça Şensoy,22,Erkek,Adana,Lisans,Ücretli Çalışan,8000.0,Bekar,1162,2025-01-02
C00696,Yaşar Hayrioğlu Sezer,25,Kadın,Gaziantep,Lisans,Ücretli Çalışan,15856.53,Evli,1463,2025-03-01
C00697,Öğr. Faize Melûl Kısakürek,34,Erkek,İzmir,Doktora,Ücretli Çalışan,38315.52,Dul,1581,2022-05-02
C00698,Prof. Safet Güçlü,43,Erkek,Ankara,Yüksek Lisans,İşveren,26370.29,Boşanmış,1215,2016-07-02
C00699,Av. Ebuakil Ginyas Akdeniz,52,Kadın,Ankara,Lisans,Ücretli Çalışan,19262.32,Evli,1667,2024-07-05
C00700,Ümmet Ertaş,27,Kadın,Adana,Lise,İşsiz,9905.13,Evli,1304,2017-01-03
C00701,Selaheddin Kırat Seven,44,Kadın,Adana,Ön Lisans,Serbest Meslek,13280.83,Boşanmış,1162,2015-06-15
C00702,Kerman Yüksel,53,Erkek,İstanbul,Lise,Ücretli Çalışan,11669.86,Evli,1790,2015-06-25
C00703,Gülseren Şama,29,Erkek,Ankara,Yüksek Lisans,Serbest Meslek,26563.05,Bekar,1417,2015-06-13
C00704,Muktedir Akdeniz,47,Erkek,İstanbul,Yüksek Lisans,İşsiz,15601.91,Boşanmış,1179,2024-05-12
C00705,Büreyre Zebirce Gül Karadeniz,40,Kadın,Ankara,Ön Lisans,Serbest Meslek,12695.66,Bekar,1565,2020-10-17
C00706,Aliseydi Aslan,33,Kadın,İzmir,Ön Lisans,Ücretli Çalışan,17982.06,Boşanmış,1251,2020-06-17
C00707,Şehza Tevetoğlu Türk,18,Kadın,İzmir,Lise,İşveren,18288.68,Evli,1900,2017-07-31
C00708,Coşkun Sezgin,49,Erkek,İstanbul,Lise,Ücretli Çalışan,19758.38,Boşanmış,1434,2021-10-01
C00709,Nihai Bilir,40,Kadın,Antalya,Ön Lisans,Serbest Meslek,25494.13,Boşanmış,1204,2023-01-29
C00710,Merba Çamurcuoğlu,53,Erkek,İzmir,Lisans,Ücretli Çalışan,27499.46,Dul,1679,2015-04-02
C00711,Dirlik İhsanoğlu,45,Kadın,Bursa,Lise,Ücretli Çalışan,20107.08,Bekar,1668,2024-12-27
C00712,Ziyaettin Demir,47,Kadın,İstanbul,Yüksek Lisans,Serbest Meslek,16995.12,Dul,1356,2021-09-20
C00713,Öğr. Şehreban Demirel Bilir,41,Kadın,Kayseri,Lisans,İşsiz,40016.98,Boşanmış,910,2015-12-18
C00714,Hayrünnisa Durmuş Hayrioğlu,22,Erkek,Kayseri,Lise,Ücretli Çalışan,21464.21,Dul,1432,2021-09-27
C00715,Nurseda Sidar Duran,42,Kadın,Bursa,Lisans,Ücretli Çalışan,22242.92,Evli,1444,2023-02-14
C00716,Meveddet Kader Arsoy Zorlu,57,Erkek,Bursa,Lise,Serbest Meslek,9697.21,Dul,1172,2019-04-28
C00717,Öğr. Canur Sezgin Gül,38,Kadın,İstanbul,Yüksek Lisans,Ücretli Çalışan,9514.43,Dul,1336,2024-04-08
C00718,Prof. Muhiye Çamurcuoğlu Bilir,59,Kadın,İstanbul,Yüksek Lisans,Ücretli Çalışan,20118.58,Bekar,1557,2024-11-04
C00719,Mihriye Rojnu Türk Durdu,24,Kadın,İstanbul,Lisans,İşveren,15102.83,Bekar,1326,2025-01-21
C00720,Doç. Bican Aclan Eraslan,36,Erkek,İzmir,Ön Lisans,Emekli,35480.54,Bekar,1599,2022-10-28
C00721,Çev. Fayize Gülinaz Şama,26,Kadın,Eskişehir,Ön Lisans,Ücretli Çalışan,22268.47,Dul,1624,2018-12-06
C00722,Öğr. Serda İvecen Yüksel,53,Kadın,Ankara,Lise,Serbest Meslek,40588.63,Evli,1246,2025-03-16
C00723,Arş. Gör. Nafile Eraslan İnönü,30,Erkek,Bursa,Lisans,Emekli,11317.32,Boşanmış,1281,2017-02-13
C00724,Doç. Tanses Ertaş Aksu,45,Kadın,Bursa,Lise,Ücretli Çalışan,31079.4,Bekar,1481,2019-03-17
C00725,Ganiye Esengün Gül Duran,36,Erkek,Ankara,Lise,Serbest Meslek,21338.99,Dul,1291,2022-04-22
C00726,Uz. Zeyno Şensoy Yorulmaz,65,Erkek,Kayseri,Ön Lisans,Serbest Meslek,9667.77,Boşanmış,1426,2021-11-11
C00727,Şahat Şekim Erdoğan,64,Erkek,Adana,Ön Lisans,Ücretli Çalışan,19991.45,Dul,1452,2017-01-02
C00728,Çopur Abdurrahman Seven,35,Erkek,İstanbul,Lise,Ücretli Çalışan,18376.42,Boşanmış,1843,2023-09-07
C00729,Şali Şener,18,Kadın,Kayseri,Lisans,Serbest Meslek,39737.28,Evli,1064,2020-01-04
C00730,Dr. Yalın Binbaşar Yılmaz,36,Kadın,İstanbul,Lisans,İşveren,16429.6,Boşanmış,1647,2023-12-25
C00731,Oranlı Ertaş,20,Kadın,İstanbul,Yüksek Lisans,Serbest Meslek,24537.99,Bekar,1900,2024-01-08
C00732,Badegül Şüküfe Çamurcuoğlu Güçlü,23,Kadın,İzmir,Lisans,Ücretli Çalışan,21706.52,Bekar,1254,2015-09-20
C00733,Bayan Ahter Duran Durmuş,45,Erkek,İstanbul,İlkokul,Ücretli Çalışan,20102.84,Dul,1339,2019-06-30
C00734,Bayan Almast Yurdaser Gül,45,Erkek,Adana,Lisans,Serbest Meslek,44889.39,Evli,1452,2022-03-07
C00735,Zebirce Arslan,48,Kadın,İstanbul,Lisans,Ücretli Çalışan,11136.99,Boşanmış,1140,2017-03-08
C00736,Onuker Alemdar,45,Kadın,Bursa,Lisans,Ücretli Çalışan,38865.11,Boşanmış,1588,2017-09-06
C00737,Prof. Gül Deniz Çamurcuoğlu,36,Kadın,İstanbul,Lise,Serbest Meslek,19924.02,Dul,1187,2018-12-17
C00738,Recepali Bilgütay Yüksel Akar,47,Erkek,Bursa,Lisans,Serbest Meslek,29645.03,Bekar,1386,2025-04-22
C00739,Nejdet Aslan,34,Erkek,Adana,Lisans,Ücretli Çalışan,22463.46,Boşanmış,1390,2018-11-24
C00740,Beste Arsoy Gülen,39,Erkek,İstanbul,Yüksek Lisans,İşsiz,51270.7,Dul,1158,2019-07-13
C00741,Yrd. Doç. Heva Hafıza Hançer Tarhan,35,Erkek,İstanbul,Lisans,Serbest Meslek,14892.4,Bekar,1566,2020-08-22
C00742,Tunçboğa Akdeniz,37,Kadın,Gaziantep,Yüksek Lisans,Ücretli Çalışan,14880.13,Boşanmış,1710,2022-10-14
C00743,Aygutalp Kâmil Kısakürek,57,Erkek,İzmir,Lisans,Ücretli Çalışan,15211.54,Boşanmış,1033,2023-09-12
C00744,Çalım Güçlü Yorulmaz,52,Erkek,Mersin,Yüksek Lisans,Ücretli Çalışan,14645.91,Dul,1577,2016-04-21
C00745,Yadigar Aksu,18,Erkek,Bursa,Doktora,Ücretli Çalışan,29782.28,Evli,1117,2023-12-22
C00746,Omaca Akdeniz,48,Erkek,İzmir,İlkokul,Ücretli Çalışan,20058.79,Boşanmış,1261,2017-10-13
C00747,Dr. Müret Özgün Akdeniz,35,Erkek,Antalya,Lisans,Ücretli Çalışan,27142.15,Bekar,1526,2021-03-21
C00748,Rezzak Akınal Bilgin Bilir,47,Erkek,Ankara,Lise,Emekli,48503.84,Boşanmış,1068,2017-01-18
C00749,Çev. Aysevim İhsanoğlu Erdoğan,59,Kadın,İzmir,Lise,Emekli,20888.63,Evli,1235,2024-10-14
C00750,Zilfa Durdu,24,Kadın,İstanbul,Lise,Ücretli Çalışan,18304.38,Boşanmış,1650,2016-09-30
C00751,Cebesoy Şenkal Hayrioğlu,38,Kadın,Eskişehir,Lisans,İşveren,39340.89,Dul,1137,2021-11-19
C00752,Dincer Zengin,39,Kadın,Kayseri,Ön Lisans,Ücretli Çalışan,11343.76,Boşanmış,1470,2020-07-09
C00753,Çağa Alemdar,50,Erkek,İzmir,Doktora,Emekli,16492.44,Boşanmış,808,2019-06-18
C00754,Berrin Hançer Aksu,42,Kadın,İstanbul,Lisans,Ücretli Çalışan,24258.74,Dul,1601,2021-01-23
C00755,Yrd. Doç. İyiyürek Şendoğan Kısakürek,54,Erkek,Ankara,Lisans,Ücretli Çalışan,12308.26,Evli,1550,2020-02-16
C00756,Nurveren İnönü,54,Erkek,Ankara,İlkokul,İşsiz,8952.03,Evli,1179,2019-04-04
C00757,Özgür Sezer,33,Erkek,Ankara,Yüksek Lisans,Serbest Meslek,19212.47,Evli,1586,2021-02-24
C00758,Onat Korutürk,34,Erkek,İzmir,Lisans,Ücretli Çalışan,14704.83,Boşanmış,1388,2017-01-23
C00759,Ayşeana Canur Şafak Bilgin,26,Kadın,Ankara,Lisans,Ücretli Çalışan,12226.72,Boşanmış,1549,2024-07-31
C00760,Hariz Tevetoğlu,26,Erkek,İstanbul,Lise,Ücretli Çalışan,26898.9,Evli,1615,2024-02-17
C00761,Müferrih Yıldırım Şener,19,Erkek,Gaziantep,Lisans,Ücretli Çalışan,14692.55,Dul,1598,2017-03-14
C00762,Serfinaz Soylu,28,Kadın,İzmir,İlkokul,Ücretli Çalışan,16171.7,Dul,1615,2020-08-08
C00763,Okt. Saydam Karanbay Şafak,49,Erkek,Konya,Lise,Ücretli Çalışan,17797.4,Bekar,1350,2019-06-20
C00764,Dr. Sonad Ülker,57,Kadın,İstanbul,Lisans,Ücretli Çalışan,43586.59,Dul,1744,2024-05-29
C00765,Binay Öcalan Mansız,41,Erkek,Adana,Lise,Serbest Meslek,13853.32,Boşanmış,1172,2021-04-14
C00766,Hinet Beray Çorlu,46,Erkek,Ankara,Ön Lisans,Serbest Meslek,24059.36,Boşanmış,1850,2024-09-22
C00767,Feden Kısakürek,47,Kadın,Bursa,Lisans,Serbest Meslek,10133.62,Evli,1642,2023-10-02
C00768,Zeynelabidin Kısakürek,28,Erkek,Antalya,Ön Lisans,Ücretli Çalışan,16767.75,Dul,1562,2024-12-22
C00769,Nevise Sakarya,63,Erkek,İzmir,Yüksek Lisans,Ücretli Çalışan,80778.28,Evli,1651,2022-03-08
C00770,Abdulsemet Akça,37,Erkek,Ankara,Lisans,İşveren,25349.84,Dul,1721,2024-07-09
C00771,Selçuk Nevgin İnönü,36,Kadın,İstanbul,Lise,Emekli,44705.2,Boşanmış,1517,2022-04-28
C00772,Ceyhun Yaman,45,Erkek,Bursa,Ön Lisans,Ücretli Çalışan,26894.2,Dul,1605,2023-10-04
C00773,Cindoruk Şafak,50,Erkek,Adana,Lisans,Emekli,15096.77,Dul,1320,2019-08-23
C00774,Arş. Gör. Çilga Uyanser Seven Sakarya,26,Kadın,İstanbul,Lise,Ücretli Çalışan,24288.92,Boşanmış,1694,2023-05-05
C00775,Ayaydın Ergül,45,Kadın,İstanbul,Ön Lisans,Serbest Meslek,42341.44,Bekar,1498,2015-09-19
C00776,Sücaettin Tevetoğlu,48,Erkek,İzmir,İlkokul,Emekli,12194.43,Dul,1243,2020-11-16
C00777,Nurşan Yılmaz,48,Kadın,İstanbul,Lisans,İşveren,29205.02,Bekar,1426,2022-05-06
C00778,Rojnu Oguş Öcalan,39,Erkek,Ankara,Lise,Emekli,10066.38,Boşanmış,1250,2019-12-21
C00779,Yolal Akçay,50,Kadın,İzmir,Lise,Serbest Meslek,25818.39,Bekar,1625,2022-06-10
C00780,Yrd. Doç. Ramadan Bünyamün Tarhan,40,Erkek,Kayseri,Ön Lisans,Ücretli Çalışan,19993.82,Boşanmış,1334,2021-02-24
C00781,Ganiye Yaman Aslan,48,Kadın,Bursa,Ön Lisans,Ücretli Çalışan,24087.25,Dul,1623,2020-11-14
C00782,Kezban Tasvir Manço,33,Erkek,Mersin,Ön Lisans,Serbest Meslek,8000.0,Evli,1654,2024-01-10
C00783,Börteçin Şafak,34,Erkek,Ankara,Lise,Ücretli Çalışan,13517.64,Boşanmış,1553,2015-02-13
C00784,Sadeti Hançer,35,Kadın,Ankara,Ön Lisans,Ücretli Çalışan,32111.56,Bekar,1654,2022-09-18
C00785,Prof. Berrin Arsoy Eraslan,48,Erkek,İstanbul,Lisans,Emekli,10778.62,Boşanmış,1642,2021-09-11
C00786,Doç. Teber Okyalaz Tevetoğlu,43,Kadın,İzmir,Lise,Ücretli Çalışan,16879.0,Dul,1535,2019-06-05
C00787,Müfit Sakarya,18,Erkek,Gaziantep,Lise,Ücretli Çalışan,23954.08,Bekar,1162,2019-09-26
C00788,Göken Yılmaz,23,Erkek,İstanbul,Lisans,Serbest Meslek,10046.09,Boşanmış,1578,2019-08-19
C00789,Müsemma Karadeniz Mansız,32,Kadın,İstanbul,Lise,Ücretli Çalışan,39742.54,Dul,1366,2021-12-05
C00790,Mümtaze Dumanlı Şama,19,Erkek,İstanbul,İlkokul,Ücretli Çalışan,12058.97,Bekar,1608,2020-12-31
C00791,Av. İçimbike Erem Hançer,38,Kadın,İstanbul,Lise,Ücretli Çalışan,15572.64,Dul,1540,2023-02-26
C00792,Şefiye Akça,46,Kadın,İstanbul,Ön Lisans,Ücretli Çalışan,32952.73,Boşanmış,1862,2019-09-18
C00793,Nihai Hayrioğlu,35,Erkek,Trabzon,Ön Lisans,Ücretli Çalışan,10973.94,Bekar,1276,2018-09-14
C00794,Öğr. Gümüştekin Arslan,43,Kadın,İstanbul,Lisans,Ücretli Çalışan,12917.12,Bekar,1140,2021-02-02
C00795,Yrd. Doç. Henife Hayrioğlu Kısakürek,44,Kadın,Mersin,Lise,Ücretli Çalışan,19498.77,Dul,1508,2024-04-15
C00796,Pekkan Arsoy,30,Kadın,Ankara,Doktora,Ücretli Çalışan,17967.5,Evli,1268,2023-04-10
C00797,Seler Demiryürek Zengin Duran,50,Kadın,İzmir,Lisans,İşsiz,31756.8,Evli,758,2020-04-20
C00798,Dr. Öge Durmuş,28,Erkek,Eskişehir,Lise,Ücretli Çalışan,10163.54,Bekar,1217,2023-05-09
C00799,Yunt Ertaş,38,Kadın,İstanbul,Lisans,Emekli,10380.24,Evli,1109,2019-01-16
C00800,Metinkaya Sezgin,27,Kadın,Denizli,Lise,Emekli,21878.73,Dul,1477,2018-08-22
C00801,Behiza Rehime Tarhan,31,Erkek,Bursa,Ön Lisans,Ücretli Çalışan,21581.02,Evli,1363,2015-02-06
C00802,Uz. Merba Yüksel Eraslan,36,Erkek,Antalya,Lise,İşsiz,42321.62,Bekar,1555,2017-10-15
C00803,Yağın Şafak,24,Kadın,Antalya,Lise,Ücretli Çalışan,28951.57,Bekar,1622,2015-09-02
C00804,Beray Dumanlı Tevetoğlu,26,Kadın,Antalya,Lisans,Ücretli Çalışan,28809.2,Evli,1884,2020-06-21
C00805,Yrd. Doç. Rabbiye Duran Zorlu,26,Erkek,Gaziantep,Ön Lisans,Ücretli Çalışan,13188.81,Evli,1634,2015-03-29
C00806,Arş. Gör. Aycagül Nevgin Sezer,43,Erkek,Adana,Lise,Serbest Meslek,25544.17,Bekar,1585,2020-06-10
C00807,Baki Öcalan,44,Erkek,İzmir,Ön Lisans,Serbest Meslek,10971.84,Evli,1641,2021-02-04
C00808,Dr. Tümer Hürdoğan Aksu,54,Erkek,İstanbul,Lisans,Ücretli Çalışan,17975.66,Evli,1489,2015-10-10
C00809,Selatin Tolonbay Tarhan,21,Erkek,İstanbul,Lise,Ücretli Çalışan,25119.87,Boşanmış,1563,2020-02-03
C00810,Müret Çetin Şafak,39,Erkek,Adana,Yüksek Lisans,Ücretli Çalışan,33056.02,Boşanmış,1416,2023-09-14
C00811,Abdülkerim Aytuna Eraslan Bilgin,46,Erkek,Adana,Lisans,Serbest Meslek,12596.21,Dul,1374,2017-02-16
C00812,Öğr. Karakucak Kiramettin Ertaş,37,Erkek,Konya,Lise,Ücretli Çalışan,22057.07,Boşanmış,1407,2018-08-14
C00813,Hazrat Yıldırım,38,Erkek,İstanbul,Lisans,Ücretli Çalışan,28903.59,Bekar,1390,2015-06-29
C00814,Dr. Mehdiye Seven Çamurcuoğlu,20,Kadın,İstanbul,İlkokul,İşveren,43796.66,Bekar,1765,2020-06-11
C00815,Barışcan Karadeniz,24,Kadın,Bursa,Lisans,Ücretli Çalışan,27183.58,Dul,1294,2020-11-23
C00816,Hidir Hançer,43,Erkek,İstanbul,Lise,Serbest Meslek,22751.83,Bekar,1441,2015-02-23
C00817,Sevdinar Çetin,30,Kadın,Antalya,Yüksek Lisans,Emekli,14607.01,Bekar,1110,2020-04-01
C00818,Ramadan Güçlü,30,Kadın,Ankara,Lisans,İşveren,19336.89,Dul,1321,2024-03-21
C00819,Sultane Canseven Dumanlı Gül,48,Kadın,Gaziantep,Lise,Ücretli Çalışan,38919.89,Bekar,1354,2023-03-27
C00820,Okt. Bediriye Melûl Türk Sezgin,42,Erkek,İstanbul,Lise,Ücretli Çalışan,24955.72,Bekar,1618,2016-02-19
C00821,Ahsen Şendoğan Şama Şensoy,40,Erkek,İstanbul,Lisans,Serbest Meslek,27839.39,Evli,1620,2021-05-23
C00822,Uluğbey Özçam Aksu İhsanoğlu,25,Kadın,İzmir,Lisans,Serbest Meslek,29469.77,Bekar,1721,2023-08-05
C00823,Arş. Gör. Cangür Savni Aksu,30,Erkek,Antalya,Lisans,Serbest Meslek,20273.54,Dul,1670,2024-11-25
C00824,Örfiye Şafak,37,Kadın,İzmir,Lisans,Ücretli Çalışan,32300.57,Evli,1900,2020-12-26
C00825,Öğr. Rana Gülcegün Akçay Şener,30,Erkek,Eskişehir,Yüksek Lisans,İşsiz,10705.68,Boşanmış,1175,2024-06-22
C00826,Öğr. Asiman Şilan Akgündüz,48,Erkek,Gaziantep,Lise,Ücretli Çalışan,17963.73,Evli,1863,2021-04-25
C00827,Muktedir Zengin,23,Erkek,Konya,Yüksek Lisans,Ücretli Çalışan,27222.89,Boşanmış,1268,2019-01-14
C00828,Öğr. Adviye Günar Bilir,60,Erkek,Samsun,İlkokul,İşsiz,48855.97,Bekar,1028,2018-03-11
C00829,Ballı Durdu,33,Kadın,Trabzon,Lise,Serbest Meslek,29343.15,Boşanmış,1403,2017-06-27
C00830,Öztürk Sadittin Akçay Arsoy,39,Erkek,İstanbul,Lisans,Ücretli Çalışan,20159.38,Boşanmış,1020,2025-04-22
C00831,Gülkadın Ertaş,39,Kadın,İstanbul,Ön Lisans,Serbest Meslek,14612.35,Evli,1256,2016-07-20
C00832,Eroğul Tınal Bilge Soylu,57,Kadın,İstanbul,Lisans,Ücretli Çalışan,11322.78,Bekar,1583,2021-05-25
C00833,Şahinder Kısakürek,36,Kadın,Adana,Lisans,Ücretli Çalışan,17572.81,Dul,1697,2016-12-09
C00834,İmrihan Demir Ergül,44,Kadın,Bursa,Lise,Ücretli Çalışan,25765.09,Dul,1742,2015-11-18
C00835,Sevginur Goncafer Alemdar Tarhan,36,Erkek,Ankara,Lisans,İşveren,15130.89,Dul,1228,2024-09-24
C00836,Şirivan İrfan Çorlu,30,Kadın,Adana,Lisans,Ücretli Çalışan,75138.81,Bekar,1811,2022-02-09
C00837,Gözel Demir,23,Erkek,İstanbul,Lisans,İşveren,10991.68,Boşanmış,1420,2021-01-20
C00838,Çev. Basım Cercis Arsoy,46,Erkek,İzmir,Lise,Serbest Meslek,25514.39,Bekar,1436,2022-07-22
C00839,Ozansü Kısakürek,38,Erkek,Denizli,Lisans,Serbest Meslek,23099.03,Bekar,1521,2017-06-28
C00840,Yrd. Doç. Eriş Ümray Kısakürek,18,Erkek,İstanbul,Lise,Ücretli Çalışan,17972.36,Dul,1207,2021-05-29
C00841,Uz. Tagangül Zelha Sezer,42,Erkek,İstanbul,Ön Lisans,Serbest Meslek,76371.63,Dul,1591,2023-09-05
C00842,Arş. Gör. Buyrukhan Soylu,36,Kadın,İzmir,Lise,Serbest Meslek,30176.26,Dul,1620,2022-04-25
C00843,Esengün Güldünya Hayrioğlu,45,Kadın,İstanbul,Lise,Serbest Meslek,26188.69,Dul,1900,2018-08-17
C00844,Yrd. Doç. Ayşeana Neval Akça Yılmaz,26,Kadın,İstanbul,Ön Lisans,Serbest Meslek,24664.85,Boşanmış,1268,2018-11-27
C00845,Uz. Gülhisar Alemdar Kısakürek,46,Erkek,Bursa,İlkokul,Ücretli Çalışan,13181.78,Boşanmış,1275,2016-11-24
C00846,Öğr. Tanyu Seven Demirel,36,Erkek,Bursa,Ön Lisans,İşsiz,30918.73,Evli,1449,2017-03-28
C00847,Öğr. Fügen Bilay Durdu Yıldırım,25,Kadın,Adana,Yüksek Lisans,Serbest Meslek,20429.2,Bekar,1322,2023-04-18
C00848,Çev. Akif Evcimen Bilgin,24,Kadın,Kayseri,Lisans,Ücretli Çalışan,18076.04,Bekar,1342,2018-11-07
C00849,Gabel Sevginur Durdu,69,Kadın,Ankara,Ön Lisans,Serbest Meslek,24217.53,Boşanmış,1155,2017-05-06
C00850,Arş. Gör. Umuşan Demir Durdu,33,Kadın,İstanbul,Lisans,Serbest Meslek,31559.26,Boşanmış,1900,2021-02-25
C00851,Ertün Önsal Duran Alemdar,20,Kadın,Antalya,Lisans,Ücretli Çalışan,8552.97,Dul,1767,2021-07-15
C00852,Zeyno Aykut İnönü Gül,44,Kadın,İstanbul,Lise,Emekli,13484.12,Evli,1473,2023-11-07
C00853,Arş. Gör. Günver Sahil Sakarya Korutürk,18,Erkek,İstanbul,Lisans,Serbest Meslek,19960.67,Bekar,1501,2015-09-30
C00854,Çev. Akif Muktedir Eraslan,51,Erkek,Antalya,Yüksek Lisans,Ücretli Çalışan,12628.95,Boşanmış,1401,2024-09-10
C00855,Birgül Sehel Bilge Demir,28,Erkek,Kayseri,Lisans,Ücretli Çalışan,22357.62,Evli,1276,2019-04-09
C00856,Öğr. Ürfettin Zekayi Zengin,35,Kadın,Mersin,Ön Lisans,Ücretli Çalışan,12732.12,Bekar,1542,2017-02-02
C00857,Şeref Samahat Aksu Mansız,50,Erkek,İzmir,Lisans,Ücretli Çalışan,17933.41,Bekar,1509,2017-10-10
C00858,Özdil Bilir,22,Erkek,Ankara,Ön Lisans,Emekli,17416.02,Evli,1367,2015-03-17
C00859,Ülküdeş Yorulmaz,71,Erkek,Ankara,Lise,Ücretli Çalışan,12083.73,Boşanmış,1746,2024-02-08
C00860,Yıldız Leyli Tevetoğlu Duran,51,Erkek,Kayseri,Yüksek Lisans,Ücretli Çalışan,22613.14,Bekar,1900,2021-03-23
C00861,Okt. Yahşikan Arslan,44,Kadın,İstanbul,Yüksek Lisans,Emekli,23744.87,Evli,1446,2015-12-26
C00862,Ümmahan Kerime Akça,54,Kadın,Ankara,Lisans,Serbest Meslek,32643.83,Dul,1343,2018-07-03
C00863,Bengibay Çapkan Çetin Seven,24,Erkek,Ankara,Lise,Emekli,18190.57,Evli,1179,2021-07-07
C00864,Eyyüp Turabi Yaman,39,Kadın,Kayseri,Lise,Ücretli Çalışan,34781.72,Evli,1385,2019-10-28
C00865,Erenalp Manço,39,Kadın,Antalya,Lisans,İşsiz,20457.61,Evli,1432,2018-07-24
C00866,Hoşkadem İnönü,18,Kadın,İstanbul,Lisans,Ücretli Çalışan,15168.63,Evli,1472,2023-02-26
C00867,Tangül Manço Durdu,54,Erkek,Mersin,Ön Lisans,Ücretli Çalışan,15972.82,Dul,1030,2018-05-27
C00868,Ruhide Kısakürek,47,Erkek,İstanbul,Lise,Ücretli Çalışan,14974.24,Evli,1082,2017-01-26
C00869,Dr. Büşranur Rahiye Zorlu Korutürk,32,Erkek,Bursa,Lisans,Ücretli Çalışan,18342.27,Evli,1348,2017-08-03
C00870,Nili Ertaş,18,Erkek,İstanbul,Lisans,Serbest Meslek,29842.23,Evli,1738,2020-08-19
C00871,Okt. İklim Yılmaz Bilge,47,Erkek,Adana,Ön Lisans,İşveren,11944.68,Dul,1329,2020-07-05
C00872,Yönetmen Ertaş,39,Kadın,İstanbul,İlkokul,Ücretli Çalışan,26093.92,Bekar,1667,2025-05-18
C00873,Ballı Zaliha Gülen Bilir,31,Erkek,İstanbul,Lisans,Ücretli Çalışan,20679.5,Evli,1614,2023-07-01
C00874,Av. Gülüs Taçnur Aslan,57,Kadın,Eskişehir,Doktora,Ücretli Çalışan,27365.21,Dul,1697,2022-09-18
C00875,Lâle Şama,41,Erkek,Mersin,Ön Lisans,Ücretli Çalışan,37598.02,Bekar,1602,2021-10-26
C00876,Selâtin Akdeniz,29,Erkek,Adana,Ön Lisans,Serbest Meslek,37478.27,Bekar,1674,2020-11-02
C00877,Prof. Naz Akçay Tarhan,34,Erkek,Gaziantep,İlkokul,Ücretli Çalışan,16062.27,Evli,1574,2020-10-25
C00878,Alattin Ayvas Şener,45,Kadın,İzmir,Lisans,Ücretli Çalışan,21780.74,Bekar,1577,2017-02-16
C00879,Bayan Edaviye Ferhan Dumanlı Ertaş,60,Erkek,Mersin,Lisans,Ücretli Çalışan,32279.72,Boşanmış,1547,2020-03-04
C00880,Mehmed Akar,51,Erkek,Bursa,Lise,Ücretli Çalışan,12523.53,Evli,1479,2020-03-13
C00881,Toğan Hançer,61,Erkek,İstanbul,Lisans,İşveren,18067.67,Evli,1288,2023-09-25
C00882,Av. Eskinalp Çorlu,32,Kadın,Ankara,Lise,Serbest Meslek,12205.78,Bekar,1183,2017-01-02
C00883,Hurşide Bilay Arsoy Ülker,35,Kadın,Mersin,Lise,Ücretli Çalışan,10588.19,Boşanmış,1383,2022-10-04
C00884,Bay Kopan Şener,50,Kadın,Adana,Lise,Serbest Meslek,13246.78,Bekar,1759,2022-12-02
C00885,Hasgül Sanavber Şensoy,46,Erkek,İstanbul,Lisans,Ücretli Çalışan,31690.15,Evli,1335,2019-04-01
C00886,Yahşikan Sakarya,50,Kadın,Konya,Yüksek Lisans,Serbest Meslek,12193.15,Evli,1602,2016-10-26
C00887,Dorukhan Güçlü,42,Kadın,Konya,Lise,Emekli,25564.58,Boşanmış,1166,2018-06-21
C00888,Bekbay Zengin,29,Erkek,İstanbul,Lise,Serbest Meslek,26075.53,Evli,1262,2017-04-10
C00889,Arş. Gör. Uraltay Monis Yılmaz,45,Erkek,İstanbul,Ön Lisans,Ücretli Çalışan,10772.89,Dul,1592,2021-02-04
C00890,Vaysal Şama,25,Erkek,İstanbul,Lisans,İşveren,25553.64,Dul,1656,2020-02-02
C00891,Maksur Vahittin Yaman Güçlü,31,Kadın,Bursa,İlkokul,Ücretli Çalışan,25897.77,Boşanmış,1565,2021-12-13
C00892,Eflâtun Kısakürek,33,Kadın,İstanbul,Lise,Serbest Meslek,12659.34,Boşanmış,889,2015-05-31
C00893,Yönetmen Sezgin,44,Kadın,Antalya,Lisans,Ücretli Çalışan,9856.03,Boşanmış,1403,2018-09-18
C00894,Ağakişi Gözel Arsoy Akgündüz,36,Kadın,İstanbul,Doktora,Emekli,27054.65,Evli,1384,2022-07-15
C00895,Ergül Nursim Öcalan,36,Kadın,Samsun,Lisans,Ücretli Çalışan,27704.27,Boşanmış,1583,2015-05-27
C00896,Tiğin Tarhan,43,Erkek,Ankara,Yüksek Lisans,Ücretli Çalışan,24616.46,Bekar,1116,2023-07-04
C00897,Argu Fırat,49,Kadın,İstanbul,Lise,Ücretli Çalışan,26254.98,Boşanmış,1245,2018-09-10
C00898,Tandoğdu Şensoy,37,Kadın,Antalya,Lisans,Ücretli Çalışan,19580.94,Bekar,1466,2021-05-29
C00899,Öğr. Hudavent Gül,44,Kadın,İzmir,Lisans,Serbest Meslek,37953.43,Boşanmış,1770,2019-10-16
C00900,Tekecan Korutürk,24,Erkek,İstanbul,Lisans,Serbest Meslek,26368.66,Boşanmış,1752,2025-05-25
C00901,Kınel Mansız,44,Erkek,İzmir,Lisans,Ücretli Çalışan,32563.3,Dul,1900,2024-01-23
C00902,Av. Günsel Birben Akçay Sakarya,52,Kadın,Antalya,Doktora,Ücretli Çalışan,22296.59,Bekar,1761,2016-04-29
C00903,Çağa Demir,41,Kadın,Adana,Lise,Ücretli Çalışan,20145.91,Dul,1412,2019-08-23
C00904,Necva Şafak Hayrioğlu,58,Erkek,İzmir,Lisans,Ücretli Çalışan,13790.11,Bekar,1763,2022-03-08
C00905,Erdogan Aslan,45,Erkek,İstanbul,Lise,Ücretli Çalışan,10618.07,Boşanmış,1471,2020-09-06
C00906,Erdursun Durmuş,18,Kadın,İstanbul,Lise,Ücretli Çalışan,26409.49,Dul,1641,2023-02-15
C00907,Arziye Menfeat Bilir,32,Kadın,Gaziantep,Lise,Serbest Meslek,21069.81,Boşanmış,1900,2025-05-05
C00908,Çakırca Gülen,33,Erkek,Konya,Lisans,Serbest Meslek,12375.72,Dul,1750,2016-09-28
C00909,Ayşenur Hayrünnisa Soylu,63,Erkek,İzmir,Lisans,Serbest Meslek,19963.54,Bekar,1752,2024-05-13
C00910,Dilhuş Yüksel Soylu,56,Erkek,İzmir,İlkokul,Ücretli Çalışan,14269.53,Boşanmış,1258,2023-12-19
C00911,Rezzak Akgündüz,54,Erkek,İstanbul,Lise,Emekli,42542.4,Bekar,1600,2018-10-21
C00912,Ismık İhsanoğlu,29,Kadın,Bursa,Ön Lisans,İşsiz,48736.21,Bekar,1087,2024-09-11
C00913,Emine. Kısakürek,35,Erkek,Antalya,Lise,İşveren,23249.81,Bekar,1888,2018-01-17
C00914,Okt. Zöhrehan Goncafer İnönü,50,Erkek,Kayseri,Ön Lisans,Ücretli Çalışan,24021.14,Boşanmış,1615,2017-06-04
C00915,Prof. Benice Yıldırım Zengin,40,Kadın,İstanbul,Lisans,Ücretli Çalışan,25620.88,Evli,867,2025-03-30
C00916,Abuzar Eraslan,36,Kadın,Konya,Yüksek Lisans,Ücretli Çalışan,22216.6,Evli,1212,2017-02-18
C00917,Akçabay İhsanoğlu,44,Erkek,Adana,Lisans,Ücretli Çalışan,18178.37,Boşanmış,1900,2016-08-09
C00918,Özger Korkmazalp Zorlu,58,Kadın,Gaziantep,Yüksek Lisans,İşveren,16161.51,Evli,1462,2017-04-20
C00919,Tule Ruhugül Şafak,39,Erkek,Ankara,Yüksek Lisans,Serbest Meslek,16264.71,Bekar,1548,2015-01-17
C00920,Bilay Şener Duran,30,Kadın,Antalya,Lisans,Ücretli Çalışan,11982.75,Bekar,1535,2018-09-27
C00921,Ezgütekin Çorlu,47,Kadın,İstanbul,Lisans,Ücretli Çalışan,13877.97,Boşanmış,1603,2015-04-03
C00922,Beste Umuşan Çamurcuoğlu,32,Erkek,Bursa,Lise,Serbest Meslek,22335.32,Evli,1705,2017-02-27
C00923,Ünlen Manço,39,Erkek,Konya,Lisans,Ücretli Çalışan,24456.06,Boşanmış,1370,2016-09-03
C00924,Paksu Zengin,37,Kadın,İstanbul,Lisans,Ücretli Çalışan,18167.02,Bekar,1313,2017-04-26
C00925,Gönen Sezer,37,Erkek,İstanbul,Yüksek Lisans,Ücretli Çalışan,9928.07,Boşanmış,1257,2021-06-09
C00926,Doç. Hayel Ağbegim Yüksel,36,Kadın,Ankara,Yüksek Lisans,Ücretli Çalışan,17760.27,Dul,1439,2015-07-27
C00927,Merdi Demir,39,Erkek,Mersin,Lise,Ücretli Çalışan,24729.41,Dul,1718,2015-08-09
C00928,Yrd. Doç. Şennur Azade Hançer Ülker,32,Erkek,İstanbul,Lisans,Ücretli Çalışan,11597.67,Dul,1119,2021-11-29
C00929,Dr. Abdürreşit Demirel,34,Erkek,Gaziantep,Lisans,Ücretli Çalışan,17011.34,Bekar,1307,2025-05-07
C00930,Vâlâ Yılmaz,24,Erkek,İzmir,Lise,İşveren,16232.09,Dul,1465,2016-02-03
C00931,Öğr. Heyvetullah Fırat,47,Erkek,İzmir,Yüksek Lisans,Ücretli Çalışan,15508.75,Evli,1396,2024-08-28
C00932,Fitnat Arsoy,28,Erkek,Eskişehir,Ön Lisans,Emekli,19650.39,Boşanmış,1247,2023-11-05
C00933,Çamok Öcalan,46,Erkek,İzmir,İlkokul,Emekli,8922.76,Dul,1250,2016-04-07
C00934,Duha Öcalan,43,Erkek,Kayseri,Lise,Ücretli Çalışan,21649.24,Boşanmış,1900,2021-10-11
C00935,Hakikat Sezgin,44,Kadın,Ankara,Lisans,Serbest Meslek,12685.0,Bekar,1356,2018-08-27
C00936,Çev. Yazgül Banü Eraslan,18,Kadın,Konya,Lisans,Serbest Meslek,19220.45,Dul,1211,2021-08-15
C00937,Olca Ertaş,50,Kadın,İzmir,Doktora,Ücretli Çalışan,15563.86,Dul,1470,2015-09-28
C00938,Azade Ticen Akdeniz Durdu,32,Erkek,Konya,Ön Lisans,Ücretli Çalışan,43585.64,Boşanmış,1419,2021-02-08
C00939,Okt. Boynak Eraslan,61,Kadın,Antalya,Lise,Serbest Meslek,28749.29,Dul,1620,2016-04-13
C00940,Server Uludağ Gül Demir,44,Erkek,Ankara,Lise,Serbest Meslek,23794.48,Dul,1018,2016-12-22
C00941,Doç. Otay Abdulgazi Türk,36,Erkek,İstanbul,Lise,Ücretli Çalışan,29153.23,Dul,1487,2018-09-03
C00942,Ercihan Türk,23,Kadın,İstanbul,Lisans,Ücretli Çalışan,19465.87,Bekar,1846,2023-06-28
C00943,Okt. Nurtaç Çamurcuoğlu Manço,54,Kadın,İzmir,Lise,Ücretli Çalışan,19381.96,Dul,1737,2017-03-12
C00944,Av. Aksay Durmuş,35,Erkek,İstanbul,Lisans,Ücretli Çalışan,9258.13,Boşanmış,1148,2025-04-20
C00945,Öğr. Mukbile Huban Seven,58,Erkek,Adana,Yüksek Lisans,Emekli,17618.47,Bekar,1399,2021-07-14
C00946,Koncagül Alemdar,36,Erkek,Kayseri,Yüksek Lisans,Ücretli Çalışan,46951.08,Bekar,1900,2019-02-21
C00947,Serhatmehmet Arsoy,66,Kadın,İstanbul,Lisans,Emekli,18553.8,Boşanmış,1533,2016-03-25
C00948,Onuker Ulu Akçay Yorulmaz,21,Kadın,İstanbul,Lisans,Emekli,38739.71,Dul,1088,2022-01-04
C00949,Öğr. Ülfet Fırat,42,Erkek,Ankara,Ön Lisans,Ücretli Çalışan,12163.73,Evli,1232,2022-06-06
C00950,Koçak Argu Akgündüz,29,Kadın,İstanbul,Ön Lisans,Ücretli Çalışan,15160.61,Boşanmış,1365,2024-06-02
C00951,Av. Limon Mezide Hayrioğlu Çorlu,33,Erkek,Trabzon,Lisans,Ücretli Çalışan,28998.53,Evli,1223,2015-02-17
C00952,Bayan Nili Gülper Arslan Durdu,42,Kadın,İstanbul,Yüksek Lisans,Ücretli Çalışan,34478.17,Dul,1371,2016-07-10
C00953,Henife Sezen Arsoy,31,Erkek,Kayseri,Yüksek Lisans,Ücretli Çalışan,17966.5,Dul,1794,2021-12-27
C00954,Prof. Gülinaz Gül Akçay,42,Erkek,İzmir,Ön Lisans,Ücretli Çalışan,15692.74,Boşanmış,1620,2017-07-13
C00955,Uz. Abdurrahman Kürşad Yıldırım,26,Kadın,Bursa,Lisans,Ücretli Çalışan,27081.65,Evli,1602,2022-12-26
C00956,Arş. Gör. Hekmet Terlan Karadeniz,36,Erkek,Eskişehir,Lisans,Ücretli Çalışan,13665.59,Bekar,1158,2015-06-05
C00957,Hakikat Yılmaz,46,Erkek,İstanbul,Ön Lisans,Serbest Meslek,34649.59,Bekar,1340,2016-08-04
C00958,Mesude Sakarya Bilir,45,Erkek,İzmir,Lise,Serbest Meslek,8000.0,Bekar,1233,2017-10-01
C00959,Öğr. Okbay Altuğ Manço,39,Kadın,Antalya,Lisans,Ücretli Çalışan,13235.3,Boşanmış,1145,2021-11-16
C00960,Büşranur Türk,31,Erkek,İzmir,İlkokul,Ücretli Çalışan,22731.04,Dul,1453,2020-09-30
C00961,Av. Rahmet Kırat Sezer,18,Erkek,Ankara,Yüksek Lisans,Emekli,8000.0,Boşanmış,1108,2018-03-30
C00962,Sevican Bilkay Zengin Sakarya,45,Erkek,Adana,Lisans,Ücretli Çalışan,8000.0,Bekar,1255,2022-01-21
C00963,Tevs Alemdar,33,Kadın,Bursa,Lisans,Ücretli Çalışan,37225.6,Boşanmış,1403,2024-01-27
C00964,Bergen Zengin Durdu,44,Kadın,İstanbul,Lise,Serbest Meslek,21238.39,Bekar,967,2024-07-19
C00965,Mertel Törel Yaman,49,Erkek,İstanbul,Lise,İşveren,21958.91,Boşanmış,1627,2015-02-28
C00966,Çev. Ermutlu Şerafeddin Hayrioğlu,80,Kadın,Eskişehir,Lisans,Serbest Meslek,8000.0,Dul,1811,2019-02-23
C00967,Müferrih Hayrioğlu Dumanlı,36,Erkek,Konya,Lise,İşveren,22681.34,Evli,1488,2023-12-19
C00968,Hasgül Erdoğan,34,Kadın,Ankara,Lise,Ücretli Çalışan,15422.38,Evli,1582,2021-09-05
C00969,Benol Öcalan,21,Kadın,Gaziantep,Lisans,Emekli,27938.49,Dul,1275,2023-08-22
C00970,Borahan Baba Aksu Dumanlı,26,Erkek,Adana,Lise,Ücretli Çalışan,16276.77,Boşanmış,1814,2015-08-11
C00971,Okt. Rebihat Duyguhan Duran Ergül,33,Kadın,İstanbul,Ön Lisans,Serbest Meslek,23419.03,Dul,1317,2018-05-19
C00972,Musafet Hançer,49,Kadın,Ankara,Lisans,Ücretli Çalışan,27132.25,Dul,1900,2017-12-11
C00973,Çev. Dursadiye Burcuhan Aksu Sezgin,37,Erkek,İstanbul,Yüksek Lisans,Ücretli Çalışan,26927.27,Dul,1524,2019-04-14
C00974,Şefiye Ayhan Bilir,55,Kadın,İstanbul,Lisans,Serbest Meslek,14422.22,Boşanmış,1566,2024-06-20
C00975,Fadıla Çorlu,37,Erkek,Ankara,Lise,Ücretli Çalışan,19362.92,Bekar,1522,2017-11-11
C00976,Okt. Kopan Oğurata Yorulmaz,43,Erkek,İzmir,Lisans,Serbest Meslek,18914.74,Evli,1553,2023-03-27
C00977,Jaruthip Gökperi Yıldırım,58,Kadın,İzmir,Lisans,Serbest Meslek,31053.05,Evli,1717,2018-07-07
C00978,Sernur Durmuş Korutürk,34,Kadın,Gaziantep,İlkokul,Ücretli Çalışan,13357.61,Bekar,1618,2020-11-21
C00979,Dr. Müslum Açıkel Sezgin,50,Erkek,Ankara,Lisans,Ücretli Çalışan,38665.45,Boşanmış,1349,2017-03-01
C00980,Bayman Yılmaz,37,Kadın,İstanbul,Lisans,Ücretli Çalışan,9530.31,Evli,1281,2021-09-21
C00981,İntihap Özaslan Bilgin,51,Kadın,İstanbul,Lisans,Serbest Meslek,16156.49,Dul,1660,2022-05-12
C00982,Demiriz Alemdar,37,Kadın,Mersin,Lisans,İşveren,23059.33,Boşanmış,1213,2018-04-21
C00983,Nurbanu Tarhan Şener,41,Kadın,Bursa,Yüksek Lisans,Ücretli Çalışan,8000.0,Boşanmış,1333,2023-08-18
C00984,Sidki Zengin,20,Erkek,İstanbul,Lisans,Ücretli Çalışan,34293.03,Boşanmış,1614,2023-09-19
C00985,Bergen Yıldırım,45,Erkek,Ankara,Lise,Ücretli Çalışan,39515.68,Boşanmış,1262,2016-12-29
C00986,Demiriz Akçay,60,Erkek,Denizli,Lise,Ücretli Çalışan,30317.68,Dul,1440,2016-12-31
C00987,Prof. Elgin Büreyre Akçay Akdeniz,53,Kadın,İstanbul,Lisans,Serbest Meslek,12114.62,Evli,1173,2021-11-19
C00988,Dürrüşehvar Türk,32,Erkek,Adana,Lise,Serbest Meslek,15708.54,Bekar,1235,2015-10-16
C00989,Bayan Gabel Ümmühan Şafak Alemdar,54,Erkek,Konya,İlkokul,Serbest Meslek,17738.9,Dul,1588,2016-09-01
C00990,Temime Yıldırım Kısakürek,33,Kadın,Eskişehir,Lisans,Serbest Meslek,8784.36,Boşanmış,1447,2016-09-12
C00991,Uz. Nejdet Günar Çamurcuoğlu,18,Erkek,Bursa,Lisans,Serbest Meslek,19324.22,Dul,1077,2020-05-12
C00992,Çev. Fahrullah Dumanlı,63,Kadın,İzmir,İlkokul,Ücretli Çalışan,30034.84,Dul,1526,2016-05-11
C00993,Akmaner Mansız,55,Erkek,Ankara,Lise,Serbest Meslek,13618.14,Bekar,1515,2022-02-02
C00994,Dr. Galip Oliver Seven,42,Kadın,Ankara,Yüksek Lisans,İşsiz,22444.68,Boşanmış,1538,2015-11-26
C00995,Bayan Birgül Aslan Kısakürek,48,Erkek,Bursa,Lise,İşveren,22695.58,Bekar,1086,2019-04-23
C00996,Lütfi Akar,28,Erkek,Antalya,Yüksek Lisans,Serbest Meslek,18859.67,Boşanmış,1523,2020-06-15
C00997,Dr. Öğet Sami Çetin,26,Erkek,Adana,Lise,Ücretli Çalışan,58997.75,Evli,1879,2015-04-14
C00998,Kaygusuz Çetin,47,Kadın,İzmir,Lise,Serbest Meslek,20587.03,Boşanmış,1446,2020-08-08
C00999,Süheyda Zinnure Çetin Soylu,28,Erkek,Samsun,İlkokul,Ücretli Çalışan,20637.52,Boşanmış,1564,2015-08-18
C01000,Özgün Turcein Hayrioğlu Kısakürek,25,Kadın,Ankara,Lise,Ücretli Çalışan,23164.57,Dul,1461,2022-08-09
C01001,Gülay Yıldırım,18,Kadın,Adana,Lise,Emekli,13532.19,Bekar,1156,2015-06-01
C01002,Şahinder Bilgin,62,Erkek,Antalya,Ön Lisans,Serbest Meslek,25602.59,Bekar,1166,2017-09-21
C01003,Ürfettin Öcalan,45,Kadın,İstanbul,Lisans,Serbest Meslek,9933.95,Boşanmış,1650,2024-03-15
C01004,Ağbegim Sezgin,34,Erkek,Bursa,Lisans,İşveren,19108.03,Bekar,1831,2024-03-03
C01005,Arş. Gör. Neslinur Öcalan Zengin,24,Kadın,İzmir,Lisans,İşveren,10628.53,Evli,1154,2015-09-16
C01006,Uz. Ayşan Erdogan Ülker,52,Erkek,Ankara,Lisans,İşveren,10059.72,Dul,671,2018-08-21
C01007,Çev. Saba İbrahim Çetin,34,Kadın,Ankara,Yüksek Lisans,Ücretli Çalışan,25547.21,Evli,1800,2023-07-28
C01008,Çopur Durmuşali Durdu,34,Kadın,Ankara,Lise,Ücretli Çalışan,16561.86,Evli,1788,2023-06-30
C01009,Neptün İhsanoğlu Karadeniz,18,Erkek,İzmir,Ön Lisans,Ücretli Çalışan,16733.46,Bekar,1467,2016-06-30
C01010,Uz. Emirşan Zengin,45,Erkek,Konya,İlkokul,Ücretli Çalışan,15844.65,Dul,1508,2015-11-27
C01011,Neval Çamurcuoğlu,18,Kadın,Eskişehir,Lisans,Ücretli Çalışan,14820.82,Boşanmış,1413,2019-09-01
C01012,Yahşikan Sezer,28,Erkek,Antalya,Lise,Serbest Meslek,20466.46,Boşanmış,1611,2020-11-12
C01013,Özpetek Özdeş Manço Durdu,35,Kadın,Eskişehir,Lisans,Ücretli Çalışan,21519.37,Bekar,1259,2021-09-08
C01014,İşcan Sezgin,37,Erkek,Bursa,Lise,Ücretli Çalışan,26228.38,Boşanmış,1539,2018-11-25
C01015,Arş. Gör. Mevlüdiye Akçay Soylu,32,Kadın,İstanbul,Doktora,Ücretli Çalışan,22046.24,Bekar,1678,2021-12-10
C01016,Aybora Alpin Bilgin,18,Kadın,İzmir,Lisans,Ücretli Çalışan,33576.55,Evli,1335,2018-02-06
C01017,Bay Resulcan Nezihi Yılmaz,45,Kadın,Konya,Lisans,Ücretli Çalışan,34158.31,Dul,1157,2020-07-30
C01018,Şilan Akar,31,Kadın,İstanbul,Ön Lisans,Ücretli Çalışan,17503.45,Evli,1304,2019-11-16
C01019,Hariz Demirel,60,Erkek,İstanbul,Lisans,Ücretli Çalışan,13554.21,Evli,1241,2016-10-09
C01020,Prof. Şavki Bilge,42,Erkek,İzmir,Lise,İşveren,11603.16,Evli,1281,2023-02-02
C01021,Aşhan Yıldırım,43,Erkek,Ankara,Lisans,Ücretli Çalışan,17157.88,Boşanmış,1476,2017-07-31
C01022,Songurkan Demirel,33,Erkek,İstanbul,Lise,İşveren,10081.81,Dul,1460,2024-10-03
C01023,Öngen Demir,61,Kadın,İstanbul,Lisans,Ücretli Çalışan,20096.09,Bekar,1556,2024-12-26
C01024,Benice Nurda Demirel Akça,48,Kadın,Eskişehir,Ön Lisans,Ücretli Çalışan,11257.63,Dul,1805,2019-03-10
C01025,İmge Sakarya Şama,42,Kadın,Bursa,Doktora,Ücretli Çalışan,41536.82,Evli,1316,2018-10-07
C01026,Musaffa Erem Aksu,61,Kadın,İstanbul,Lise,Ücretli Çalışan,28249.19,Dul,1638,2020-02-22
C01027,Prof. Tagangül Miyesser Akçay,42,Erkek,İstanbul,Lise,Ücretli Çalışan,17821.52,Evli,1800,2023-11-08
C01028,Habibe İnsaf Alemdar Akçay,41,Kadın,Bursa,Lisans,İşveren,8224.05,Evli,1100,2015-12-21
C01029,Mesude Gül Sezer,37,Erkek,Kayseri,Lise,Ücretli Çalışan,22913.91,Dul,1485,2024-05-21
C01030,Elamiye Görsev Gül,54,Kadın,Adana,Lisans,Ücretli Çalışan,8283.36,Evli,1415,2017-10-12
C01031,Vâlâ Akça,18,Kadın,Mersin,Lisans,Ücretli Çalışan,28053.55,Evli,1396,2025-03-31
C01032,Özpetek Türk Akçay,45,Kadın,Ankara,İlkokul,Serbest Meslek,13510.91,Dul,1699,2023-03-24
C01033,Şevketfeza Bilgin,52,Kadın,Ankara,Ön Lisans,İşveren,25915.46,Bekar,1467,2020-01-28
C01034,Olca Berran Şama Korutürk,46,Kadın,İzmir,İlkokul,Ücretli Çalışan,14499.92,Dul,1593,2017-06-11
C01035,Emrullah Ergül,59,Erkek,İstanbul,Doktora,Ücretli Çalışan,32266.18,Bekar,1317,2020-05-19
C01036,Fügen Şener,44,Kadın,Antalya,Yüksek Lisans,Serbest Meslek,11137.65,Bekar,1523,2020-02-07
C01037,İlgi Demirel,45,Kadın,Kayseri,Ön Lisans,Ücretli Çalışan,8591.96,Boşanmış,1089,2022-01-11
C01038,Semine Yılmaz,36,Kadın,Kayseri,Lise,Ücretli Çalışan,17406.75,Boşanmış,1197,2020-12-14
C01039,Gülçe Yüksel,44,Erkek,Adana,Lisans,Ücretli Çalışan,22318.32,Evli,1451,2023-11-01
C01040,Hiçsönmez Eraslan,30,Erkek,Adana,Lise,Serbest Meslek,31949.7,Boşanmış,1900,2024-12-16
C01041,Yeneral Abdulbekir Yorulmaz Kısakürek,34,Erkek,Ankara,Lisans,Ücretli Çalışan,15131.36,Boşanmış,1622,2019-02-09
C01042,Doç. Sabihe Fitnat Akgündüz Seven,35,Kadın,İzmir,Lisans,Ücretli Çalışan,18718.57,Evli,1684,2018-10-03
C01043,Öğr. Necva Duran Kısakürek,18,Kadın,Bursa,Lisans,Ücretli Çalışan,36070.7,Evli,1438,2023-06-12
C01044,İmren Nihai Çetin Bilge,35,Kadın,Ankara,Yüksek Lisans,Serbest Meslek,19145.91,Dul,1490,2018-02-09
C01045,Uz. Musafet Aru Sezgin,19,Erkek,Ankara,Ön Lisans,Ücretli Çalışan,39054.84,Bekar,1430,2020-04-09
C01046,Fuzuli Adıgün Hayrioğlu,45,Erkek,İzmir,Ön Lisans,Serbest Meslek,30582.93,Bekar,1244,2017-02-10
C01047,Damlanur Erdoğan,45,Erkek,İstanbul,Ön Lisans,Emekli,17668.9,Evli,1671,2018-03-27
C01048,Gelengül Akgündüz,18,Kadın,İstanbul,Lise,İşsiz,19061.15,Evli,989,2020-07-25
C01049,Feryas Gül Erdoğan,45,Kadın,İzmir,Lisans,Ücretli Çalışan,24625.06,Boşanmış,1323,2019-09-03
C01050,Hami Tevetoğlu,31,Kadın,İzmir,Ön Lisans,İşsiz,18962.16,Bekar,995,2018-04-09
C01051,Doç. Asu Şafak Akça,50,Kadın,Kayseri,Lise,Ücretli Çalışan,16879.53,Boşanmış,773,2019-08-14
C01052,Yrd. Doç. Merdi Aksu,35,Erkek,İzmir,Lisans,Serbest Meslek,12489.65,Dul,972,2020-02-19
C01053,Azettin Güçal Bilir,25,Kadın,Mersin,Lise,Ücretli Çalışan,20936.18,Boşanmış,1832,2017-07-17
C01054,Kürşad Sezer,43,Erkek,Konya,İlkokul,Ücretli Çalışan,15169.98,Boşanmış,1613,2018-03-10
C01055,Lezize Hançer,34,Kadın,Bursa,Lise,Ücretli Çalışan,14580.35,Boşanmış,1091,2017-01-16
C01056,Dr. Aliabbas Kocabaş Durdu,18,Kadın,İstanbul,Lise,İşsiz,16722.9,Boşanmış,1179,2021-06-11
C01057,Uz. Ayşenur Arsoy Yılmaz,38,Erkek,Ankara,Lise,Ücretli Çalışan,16528.06,Bekar,1263,2022-06-19
C01058,Dr. Mefharet Şamiha Güçlü,47,Erkek,İstanbul,Ön Lisans,Ücretli Çalışan,11018.06,Evli,1574,2020-12-25
C01059,Aytek Yıldırım,27,Kadın,Ankara,Ön Lisans,Ücretli Çalışan,14205.78,Evli,1013,2020-02-20
C01060,Cabir Şener,33,Kadın,İstanbul,Lisans,Emekli,30911.72,Boşanmış,1588,2022-04-05
C01061,Bidayet Sonnur Akdeniz,51,Erkek,Mersin,Yüksek Lisans,Serbest Meslek,25209.2,Evli,1224,2023-12-20
C01062,Gökçebalan Özdil Gülen Güçlü,36,Erkek,Ankara,Lise,Serbest Meslek,14029.4,Dul,1712,2025-02-04
C01063,Dr. Kaver Çorlu Şensoy,25,Kadın,Ankara,Ön Lisans,Ücretli Çalışan,29797.03,Evli,1723,2020-01-01
C01064,Güldam Arsoy Akgündüz,61,Erkek,İstanbul,Lisans,Ücretli Çalışan,16574.84,Evli,1678,2023-10-06
C01065,Nirgül Akçay Dumanlı,67,Erkek,İstanbul,Lise,Emekli,15094.13,Dul,1076,2022-08-05
C01066,Ersel Meşhur Ertaş,18,Kadın,Denizli,Ön Lisans,Serbest Meslek,27466.45,Dul,949,2018-07-25
C01067,Hafıza Karadeniz,35,Kadın,Mersin,Ön Lisans,Serbest Meslek,24265.02,Evli,1546,2023-01-11
C01068,Özdeş Yorulmaz,45,Erkek,Ankara,İlkokul,Emekli,22027.14,Boşanmış,1779,2018-12-10
C01069,Çağa Sezer,28,Erkek,Kayseri,Lise,Ücretli Çalışan,14696.32,Dul,1186,2023-04-26
C01070,Atilhan Türkmen Ergül Sezgin,49,Erkek,İstanbul,Lisans,İşsiz,29887.01,Dul,1332,2023-03-04
C01071,Prof. İnsaf Halenur Durmuş,54,Kadın,Gaziantep,Lisans,Emekli,11729.73,Evli,1756,2017-05-01
C01072,Şahinbey Kenter Alemdar,58,Erkek,İstanbul,Yüksek Lisans,Ücretli Çalışan,27751.08,Dul,1900,2015-12-29
C01073,Arş. Gör. Subutiye Ümmahan Akgündüz,20,Erkek,Ankara,Lisans,Ücretli Çalışan,15740.6,Evli,1236,2017-03-27
C01074,Öğr. Geray Aslanhan Gülen,48,Erkek,İstanbul,Ön Lisans,Ücretli Çalışan,12424.64,Boşanmış,1569,2024-05-11
C01075,Onuker Serezli Akçay,56,Erkek,İzmir,Ön Lisans,Serbest Meslek,27250.89,Bekar,1570,2023-11-15
C01076,Baykan Akça,28,Erkek,Ankara,Lisans,Ücretli Çalışan,13614.86,Dul,1692,2016-05-23
C01077,Uz. Fügen Gülüs Sezgin Akar,49,Erkek,Ankara,Ön Lisans,Serbest Meslek,19583.47,Evli,1395,2015-04-27
C01078,Akınal Şafak,18,Erkek,İzmir,Doktora,Ücretli Çalışan,12309.37,Boşanmış,1777,2021-07-08
C01079,Ushan Şafak,24,Erkek,Kayseri,Lisans,Ücretli Çalışan,21704.31,Dul,1671,2022-10-14
C01080,İlim Şener,24,Erkek,İzmir,Lisans,İşveren,21657.77,Boşanmış,1654,2016-10-29
C01081,İyiyürek Tevetoğlu,40,Kadın,Ankara,Yüksek Lisans,Serbest Meslek,72459.38,Evli,1082,2019-01-03
C01082,Muhiye Çamurcuoğlu,52,Erkek,Ankara,Lisans,Ücretli Çalışan,18439.29,Boşanmış,1692,2015-07-19
C01083,Atılgan Kısakürek,45,Kadın,İzmir,Lisans,Ücretli Çalışan,14329.56,Evli,1437,2023-07-30
C01084,Çalım Hayrioğlu Akdeniz,18,Kadın,İzmir,Yüksek Lisans,Ücretli Çalışan,26146.26,Boşanmış,1494,2018-01-16
C01085,Vildane Ertaş,47,Erkek,İstanbul,Lisans,Serbest Meslek,32085.3,Evli,1591,2015-02-22
C01086,Özel Sezer,41,Erkek,Ankara,Ön Lisans,Ücretli Çalışan,13406.83,Boşanmış,1201,2025-04-30
C01087,Dr. Ruhide Fatigül Manço,54,Kadın,İstanbul,Lisans,Emekli,38038.38,Evli,1400,2023-12-01
C01088,Baba Selatin Öcalan Sakarya,40,Kadın,Ankara,Yüksek Lisans,Emekli,13265.52,Bekar,1633,2024-03-07
C01089,Zebirce Nazende Akgündüz,47,Kadın,İzmir,Lise,Ücretli Çalışan,47741.1,Boşanmış,1280,2016-07-23
C01090,Çev. Nurtaç Sırriye Durdu,35,Erkek,İstanbul,Lise,İşveren,22118.08,Bekar,1661,2017-06-29
C01091,Bayan Goncafer Aslan Gülen,37,Kadın,Antalya,Lise,Ücretli Çalışan,13455.83,Evli,1600,2016-06-17
C01092,Tatu Tevetoğlu,48,Erkek,Antalya,Lisans,İşsiz,13196.1,Bekar,1438,2015-03-19
C01093,Ayduru Gülen Akgündüz,54,Erkek,İstanbul,Lise,İşveren,21171.97,Bekar,1519,2020-04-05
C01094,Havse Yorulmaz,46,Erkek,İstanbul,Lise,Ücretli Çalışan,13524.17,Bekar,1387,2023-06-18
C01095,Çev. Nurbanu Yıldırım Şama,18,Kadın,Eskişehir,Lise,Ücretli Çalışan,29566.73,Evli,1029,2017-01-26
C01096,Mezide Leyli Karadeniz,58,Kadın,İstanbul,Lisans,Serbest Meslek,17179.05,Boşanmış,1447,2021-07-02
C01097,Av. Canur Bilge Bilgin,32,Kadın,Kayseri,Lisans,Ücretli Çalışan,17507.46,Evli,1854,2020-08-30
C01098,Ginyas Korutürk,18,Kadın,Gaziantep,Lisans,Serbest Meslek,35405.92,Evli,1504,2023-01-10
C01099,Prof. Mujde Kifaye Gül Seven,25,Erkek,İstanbul,Lisans,Ücretli Çalışan,12284.69,Bekar,1799,2023-02-19
C01100,Coşkun Dumanlı,28,Kadın,Eskişehir,Yüksek Lisans,Ücretli Çalışan,11860.78,Dul,1664,2019-02-10
C01101,İlkim Seven,44,Kadın,Ankara,Yüksek Lisans,Serbest Meslek,13068.15,Evli,1434,2024-05-12
C01102,Prof. Vecide Bilge Arsoy,27,Erkek,Ankara,Lisans,Ücretli Çalışan,32707.83,Dul,1765,2016-04-07
C01103,Paker Özinal Aksu,46,Erkek,İstanbul,Lise,İşveren,23452.85,Evli,1900,2020-07-23
C01104,Görgünay Demirel,39,Erkek,İzmir,İlkokul,İşveren,11709.51,Boşanmış,1492,2020-07-15
C01105,Erbay Öcalan Akdeniz,65,Erkek,İzmir,Lisans,Ücretli Çalışan,12624.04,Dul,1289,2017-07-14
C01106,Candeniz Akar,44,Erkek,Denizli,Ön Lisans,Serbest Meslek,19452.73,Bekar,1254,2025-01-12
C01107,Şabettin Yorulmaz,53,Erkek,Eskişehir,Ön Lisans,İşveren,56614.38,Bekar,1549,2022-07-24
C01108,Bay Mücellib Aliihsan Çamurcuoğlu,29,Kadın,Ankara,Lisans,Ücretli Çalışan,9926.55,Bekar,1444,2016-05-03
C01109,Gülmisal Kutun Arsoy Alemdar,53,Erkek,Antalya,Doktora,Ücretli Çalışan,24681.9,Evli,1499,2015-09-23
C01110,Arş. Gör. Permun Ecegül Tarhan Yıldırım,32,Kadın,Ankara,Lisans,Ücretli Çalışan,12191.89,Dul,1588,2016-05-17
C01111,Okt. Odkanlı Suphi Dumanlı,50,Erkek,Adana,Lise,Ücretli Çalışan,9940.99,Boşanmış,1777,2023-06-25
C01112,Av. Nehip Zengin,46,Erkek,Ankara,Lisans,İşveren,37414.65,Dul,1164,2020-06-07
C01113,Nazende Fidaye Karadeniz Akçay,23,Kadın,Konya,Lise,Ücretli Çalışan,18638.11,Boşanmış,1545,2020-06-27
C01114,Burcuhan Arslan,61,Kadın,İstanbul,Lisans,Ücretli Çalışan,27384.58,Bekar,1439,2020-08-02
C01115,Kelâmi Yorulmaz,27,Kadın,Ankara,Lisans,Serbest Meslek,34665.5,Evli,1258,2018-05-25
C01116,Av. Serhatmehmet Öcalan,59,Kadın,Konya,Lisans,Serbest Meslek,17536.28,Dul,1897,2023-11-22
C01117,Duruöz Şensoy,48,Erkek,Antalya,Ön Lisans,Ücretli Çalışan,18738.81,Boşanmış,1370,2021-01-30
C01118,Dr. Dilder Eryıldız Şensoy,35,Kadın,Samsun,İlkokul,Ücretli Çalışan,24166.98,Dul,1519,2024-11-13
C01119,Arş. Gör. Altınçiçek Akise Güçlü,32,Erkek,İzmir,Yüksek Lisans,Emekli,18498.89,Dul,1479,2020-02-26
C01120,Topuz Akçay,18,Kadın,İzmir,Yüksek Lisans,Ücretli Çalışan,24493.81,Boşanmış,1175,2024-12-02
C01121,Eba Eraslan,26,Erkek,Ankara,Lise,Serbest Meslek,9327.25,Dul,931,2020-06-19
C01122,Kâzime Safinaz Akçay,23,Erkek,Antalya,Lisans,İşveren,14486.04,Dul,1788,2020-05-03
C01123,Nebiha Ertaş Eraslan,33,Kadın,İzmir,Ön Lisans,Serbest Meslek,21590.04,Dul,1600,2021-08-17
C01124,Nakip Hançer,41,Erkek,Konya,Lise,İşsiz,19247.77,Bekar,921,2015-04-26
C01125,İlklima Sakarya Yılmaz,57,Kadın,Gaziantep,Lise,Serbest Meslek,44946.96,Bekar,1079,2023-08-01
C01126,Övün İçimbike Tevetoğlu Arslan,27,Erkek,Ankara,Ön Lisans,Emekli,17572.41,Boşanmış,1218,2019-08-15
C01127,Deryanur Sümerya Erdoğan,46,Kadın,İstanbul,Lisans,Ücretli Çalışan,14361.09,Bekar,1900,2025-03-17
C01128,Kısmet Şener,54,Erkek,İstanbul,Lise,Serbest Meslek,21931.04,Boşanmış,1756,2015-06-03
C01129,Kısmet Eraslan,53,Erkek,İzmir,Yüksek Lisans,Ücretli Çalışan,15463.28,Boşanmış,1295,2015-03-25
C01130,Gülenay Fatigül Fırat,40,Kadın,Denizli,Ön Lisans,Serbest Meslek,29370.21,Dul,1534,2018-08-13
C01131,Bay Ülküdeş Öğet Sezgin,21,Erkek,İstanbul,Lisans,Serbest Meslek,13887.29,Boşanmış,1281,2020-07-27
C01132,Muhiye Tarhan Yaman,39,Erkek,İstanbul,Lise,Ücretli Çalışan,48418.83,Dul,1153,2017-04-06
C01133,Turabi Soylu,46,Kadın,Kayseri,Lisans,Ücretli Çalışan,38952.6,Boşanmış,1900,2017-12-22
C01134,Işın Rıfkıye Gülen,35,Erkek,Gaziantep,Lisans,Ücretli Çalışan,24863.18,Bekar,1642,2023-01-18
C01135,Aybet Zengin Demirel,42,Kadın,Bursa,Lise,İşveren,19063.29,Dul,1608,2019-10-16
C01136,Hayali Gül,18,Kadın,Antalya,Lise,Ücretli Çalışan,27090.31,Boşanmış,1451,2019-11-09
C01137,Dr. Sabih Tezcan Çetin,37,Erkek,İstanbul,Ön Lisans,Serbest Meslek,50065.53,Dul,1331,2022-07-13
C01138,Dr. Neval Zorlu Hançer,35,Kadın,Mersin,Lisans,İşveren,48834.83,Evli,1291,2021-06-20
C01139,Av. Tutkun Akgündüz,33,Erkek,İstanbul,Lisans,Ücretli Çalışan,18654.42,Dul,1710,2021-05-07
C01140,Çev. Aytek Güçlü,42,Kadın,İzmir,Ön Lisans,Serbest Meslek,11140.23,Evli,1246,2017-09-11
C01141,Zihni Eraslan,32,Erkek,Kayseri,Ön Lisans,Ücretli Çalışan,19249.7,Bekar,1606,2022-02-09
C01142,Dr. Hakikat Şensoy,45,Erkek,İstanbul,Lise,Ücretli Çalışan,8962.41,Evli,1645,2017-11-16
C01143,Dölensoy Ergül,43,Kadın,Ankara,Lise,Serbest Meslek,37161.9,Evli,1611,2015-04-24
C01144,Doç. Gökten Mahir Çetin,53,Erkek,İzmir,Lisans,Ücretli Çalışan,24586.32,Dul,1836,2019-09-25
C01145,Nura Eraslan,46,Kadın,İstanbul,Lise,Serbest Meslek,19071.27,Bekar,1900,2017-11-24
C01146,Seyyide Duha Güçlü,50,Erkek,Antalya,Lise,İşveren,25801.42,Bekar,1180,2023-02-07
C01147,Temuçin Siper Zengin,24,Kadın,İstanbul,Yüksek Lisans,Ücretli Çalışan,22736.39,Boşanmış,1456,2021-09-30
C01148,Necdat Akgündüz,32,Kadın,Mersin,Ön Lisans,Ücretli Çalışan,21235.77,Boşanmış,1897,2022-07-14
C01149,Onat Demir,48,Kadın,Ankara,Lisans,Serbest Meslek,11926.83,Evli,1352,2017-08-24
C01150,Yurdaser Hançer Seven,30,Kadın,İzmir,Lisans,Ücretli Çalışan,16739.64,Boşanmış,1396,2020-07-26
C01151,Şinasi Binbaşar Yaman,34,Kadın,Bursa,Lisans,Emekli,11329.77,Boşanmış,1308,2018-09-10
C01152,Hatem Seven,33,Erkek,Gaziantep,Lisans,İşveren,8000.0,Dul,1893,2017-06-11
C01153,Uz. Misra Gülay Öcalan Çorlu,53,Kadın,İstanbul,Lise,Ücretli Çalışan,16825.73,Dul,1504,2017-11-07
C01154,Okt. Görsev Hayrioğlu Şener,25,Kadın,İzmir,Ön Lisans,Emekli,42747.9,Bekar,1900,2018-07-20
C01155,Abdulmenaf Musafet Aslan,41,Erkek,Antalya,Yüksek Lisans,Ücretli Çalışan,31589.78,Evli,1543,2019-01-26
C01156,Çeviköz Öcalan,23,Erkek,Gaziantep,İlkokul,Ücretli Çalışan,16558.91,Bekar,1452,2024-06-08
C01157,Yrd. Doç. Çopur Aksu,34,Kadın,Antalya,Lisans,Serbest Meslek,18062.73,Evli,1477,2017-11-02
C01158,Prof. Birsan Yaman Mansız,39,Erkek,Bursa,Lisans,Serbest Meslek,20404.61,Bekar,1234,2020-12-30
C01159,Dr. Sanavber Rakide Şafak,31,Erkek,Ankara,Yüksek Lisans,Emekli,11180.62,Dul,1584,2025-05-27
C01160,Öğr. Adviye Türk Duran,18,Erkek,Ankara,Yüksek Lisans,İşsiz,33493.8,Evli,1486,2018-05-03
C01161,Yönetmen Arsoy,36,Kadın,Eskişehir,Lisans,Ücretli Çalışan,8000.0,Dul,1289,2023-11-08
C01162,Gündüzalp İnönü,39,Kadın,Gaziantep,Yüksek Lisans,Ücretli Çalışan,12647.7,Dul,1251,2023-04-07
C01163,Adasal Tarhan,58,Erkek,Adana,Yüksek Lisans,Ücretli Çalışan,26882.14,Bekar,1268,2024-03-30
C01164,Tecimer Gül,20,Erkek,İzmir,Ön Lisans,Ücretli Çalışan,17203.05,Boşanmış,1366,2020-01-31
C01165,Öğr. Vahittin Hayret Hançer,45,Kadın,Bursa,Lise,Serbest Meslek,15663.8,Dul,1627,2023-11-15
C01166,Ağakişi Kısakürek,63,Kadın,Ankara,Lisans,Serbest Meslek,28766.75,Boşanmış,1487,2021-06-16
C01167,Fügen Basriye Alemdar,37,Kadın,İstanbul,Lisans,Ücretli Çalışan,16975.0,Evli,1795,2024-07-01
C01168,Gençay Fetullah Ertaş,32,Erkek,Konya,Lise,Serbest Meslek,20340.11,Dul,1512,2024-10-17
C01169,Saçı Akgündüz,33,Erkek,İstanbul,Lisans,Serbest Meslek,10747.09,Boşanmış,1460,2023-12-19
C01170,Hatem Akçay,39,Kadın,Ankara,Lise,Ücretli Çalışan,24961.96,Dul,1366,2024-05-11
C01171,Okt. Gülenay Aksu Akça,54,Kadın,İstanbul,İlkokul,Emekli,13432.76,Evli,1768,2025-03-03
C01172,Altınbike Bilgin Bilgin,19,Erkek,İstanbul,Lisans,Ücretli Çalışan,24237.26,Evli,1538,2015-07-23
C01173,Dirlik Gül,30,Erkek,Bursa,Lise,Ücretli Çalışan,24124.36,Boşanmış,1819,2016-11-27
C01174,Soyselçuk Zorlu,18,Kadın,İstanbul,Lisans,Emekli,24990.1,Dul,756,2024-04-11
C01175,Dr. Kalgay Demirel,28,Kadın,İstanbul,Lise,Serbest Meslek,41486.56,Boşanmış,1354,2018-03-25
C01176,Karanbay Timurtaş Eraslan,25,Erkek,İstanbul,Yüksek Lisans,Serbest Meslek,18231.9,Evli,1900,2024-03-29
C01177,Suphi Alexandru Ülker,18,Kadın,Ankara,Ön Lisans,Ücretli Çalışan,12418.1,Evli,1674,2015-04-28
C01178,Tunçboğa İşcan Yıldırım Yorulmaz,62,Erkek,İstanbul,Ön Lisans,Ücretli Çalışan,19023.99,Evli,1190,2019-02-23
C01179,Kızıltunç Mishat Kısakürek Demir,65,Erkek,İstanbul,Ön Lisans,Serbest Meslek,40843.34,Boşanmış,1669,2022-10-09
C01180,Soykan Sezer,30,Kadın,Adana,Lisans,Ücretli Çalışan,19495.46,Boşanmış,1459,2015-10-27
C01181,Diken Sezer,43,Kadın,İstanbul,Yüksek Lisans,Ücretli Çalışan,38290.25,Dul,1719,2025-03-09
C01182,Giz Seven,27,Kadın,İstanbul,Lisans,Ücretli Çalışan,37027.77,Dul,1578,2018-05-24
C01183,Törel Rahmet Aslan Mansız,48,Erkek,İstanbul,Yüksek Lisans,İşsiz,38558.94,Bekar,942,2021-07-05
C01184,Lutfi Karadeniz,39,Kadın,İzmir,Yüksek Lisans,Ücretli Çalışan,15691.05,Dul,1108,2016-06-24
C01185,Ozansü Yelesen Mansız Demir,44,Erkek,İstanbul,Lise,Ücretli Çalışan,61709.95,Bekar,1039,2016-06-07
C01186,Dilsitan Deha Soylu,39,Erkek,Adana,Yüksek Lisans,Ücretli Çalışan,26588.77,Boşanmış,1530,2025-02-14
C01187,Tanbay Akar,38,Erkek,İzmir,Ön Lisans,Emekli,11107.24,Evli,1398,2018-07-16
C01188,Yasemen Akar,30,Erkek,Konya,Lise,Serbest Meslek,8000.0,Dul,1678,2015-08-06
C01189,Rengül Mehdiye Aksu Türk,51,Kadın,İstanbul,İlkokul,Ücretli Çalışan,20399.13,Boşanmış,1557,2016-10-31
C01190,Öğr. Süleyla Şama Yüksel,52,Erkek,İstanbul,Yüksek Lisans,Serbest Meslek,22047.46,Dul,1726,2015-06-17
C01191,Abid Ülker,36,Erkek,İzmir,Lise,Ücretli Çalışan,35968.28,Evli,1580,2016-05-21
C01192,Bali Karadeniz,42,Kadın,Kayseri,Lise,Ücretli Çalışan,11253.93,Evli,1451,2023-05-30
C01193,Uz. Burcuhan Öcalan Zorlu,30,Erkek,İzmir,Lisans,Ücretli Çalışan,14954.58,Evli,1176,2021-07-18
C01194,Yigit Gül,27,Kadın,İzmir,Lisans,İşsiz,51851.91,Dul,1552,2025-04-28
C01195,Erinçer Toköz Bilgin Ertaş,63,Erkek,Antalya,Yüksek Lisans,Ücretli Çalışan,11495.34,Bekar,1397,2018-03-10
C01196,Kardelen Sezen Yorulmaz,24,Kadın,Ankara,Lisans,Serbest Meslek,14573.17,Bekar,1070,2024-05-21
C01197,Üstün Cangür Bilge Türk,54,Kadın,İstanbul,Lisans,Ücretli Çalışan,16675.51,Dul,1767,2020-02-03
C01198,Nevgin Mihriye Şafak,47,Erkek,Bursa,İlkokul,Serbest Meslek,56198.06,Bekar,1130,2022-05-11
C01199,Aypar Şerafeddin İnönü Akgündüz,55,Erkek,Ankara,Lisans,Serbest Meslek,33386.22,Evli,1256,2017-05-15
C01200,Abdülhadi Şevket Yaman,52,Erkek,Ankara,Lise,Emekli,23185.1,Bekar,1403,2021-02-19
C01201,Okt. Hıfzullah Akçay,30,Erkek,İstanbul,Lise,İşsiz,14420.42,Evli,1612,2023-08-24
C01202,Yrd. Doç. Kezban Büşranur Arsoy Alemdar,40,Kadın,İstanbul,Lise,Emekli,28337.99,Dul,1262,2023-09-28
C01203,Gülbiye Demir,30,Kadın,İstanbul,Ön Lisans,Ücretli Çalışan,32431.75,Dul,1162,2023-04-03
C01204,Pürçek Ertaş Aslan,35,Erkek,Mersin,Lisans,İşveren,20237.9,Boşanmış,1527,2022-06-18
C01205,Susam Sezgin Seven,37,Erkek,İzmir,Ön Lisans,Ücretli Çalışan,23816.14,Dul,1673,2020-05-05
C01206,Dr. Bekbay Sezer,48,Erkek,İstanbul,Ön Lisans,Ücretli Çalışan,12789.61,Boşanmış,1308,2021-11-19
C01207,Şavki Bozerk Sakarya,54,Erkek,İstanbul,Lisans,Ücretli Çalışan,29809.76,Dul,1156,2022-08-02
C01208,Yrd. Doç. Süner Özyurt Tarhan,44,Kadın,Eskişehir,Lisans,Ücretli Çalışan,8182.87,Bekar,1391,2018-04-05
C01209,Uz. Şerman Nurmelek Öcalan Ergül,62,Kadın,Mersin,Ön Lisans,Ücretli Çalışan,13009.67,Evli,1171,2016-06-07
C01210,Utkucan Akgündüz,49,Erkek,Kayseri,Lisans,Serbest Meslek,9954.1,Boşanmış,1221,2021-05-17
C01211,Nurcan Çamurcuoğlu,47,Kadın,Eskişehir,Lisans,Ücretli Çalışan,14981.5,Dul,1321,2019-08-19
C01212,Dr. Rezin Dumanlı Türk,48,Erkek,Ankara,Lisans,Ücretli Çalışan,24093.46,Bekar,1566,2016-04-11
C01213,Ermutlu Şensoy,35,Erkek,İstanbul,Lise,Serbest Meslek,23541.67,Dul,1469,2015-07-05
C01214,Akyıldız Demirel,45,Erkek,Ankara,Lisans,Ücretli Çalışan,15936.71,Dul,1454,2021-12-30
C01215,Dr. Hami Rafih Fırat,28,Erkek,Samsun,Yüksek Lisans,İşveren,19618.86,Evli,1297,2017-05-14
C01216,Mengüç Tuğtaş Gül Yüksel,26,Erkek,Kayseri,Lise,Ücretli Çalışan,22390.62,Bekar,1553,2015-01-24
C01217,Okt. Nurşan Manço Karadeniz,49,Kadın,İstanbul,Ön Lisans,Ücretli Çalışan,16415.7,Dul,1602,2024-09-28
C01218,Abdülsamed Toktuğ İhsanoğlu,46,Erkek,Ankara,Lisans,Serbest Meslek,24346.62,Boşanmış,1293,2022-09-29
C01219,Arş. Gör. Şendoğan Güçlü,41,Erkek,Gaziantep,Lise,Serbest Meslek,23479.03,Evli,1501,2015-02-26
C01220,Av. Firdevis Erdoğan İnönü,18,Kadın,Antalya,Lise,Ücretli Çalışan,21423.0,Bekar,1900,2017-05-07
C01221,Okt. Hazine Şama Aslan,35,Kadın,Bursa,Ön Lisans,Ücretli Çalışan,14362.35,Evli,1473,2015-12-19
C01222,Ortak Dündaralp Durmuş,43,Erkek,İstanbul,Ön Lisans,Ücretli Çalışan,34089.03,Bekar,1185,2016-11-11
C01223,Rahiye Alemdar Yüksel,48,Erkek,Samsun,Ön Lisans,Emekli,25995.79,Dul,1424,2021-07-25
C01224,Mülâyim Dumanlı,44,Erkek,İzmir,Lisans,Ücretli Çalışan,31674.14,Bekar,1718,2018-09-29
C01225,Dr. Teybet Semine Hayrioğlu Demir,26,Erkek,Denizli,Lisans,Ücretli Çalışan,28827.1,Boşanmış,1483,2015-06-01
C01226,Doç. Alsoy Sakarya Gülen,40,Erkek,İzmir,Lisans,Ücretli Çalışan,20597.78,Dul,1462,2017-08-07
C01227,Bayan Çolpan Zülfüye Yılmaz,54,Kadın,Ankara,Lise,Serbest Meslek,19193.5,Bekar,1220,2018-01-02
C01228,Özinal Tevetoğlu,35,Erkek,Mersin,Lise,Emekli,21599.22,Boşanmış,1767,2020-01-11
C01229,Tüzenur Özay Bilir,47,Kadın,İstanbul,Lisans,Serbest Meslek,13592.31,Dul,1900,2018-11-09
C01230,Okt. Nezengül Ayşenur Alemdar Bilgin,43,Kadın,Bursa,Lisans,Ücretli Çalışan,35380.84,Dul,1462,2016-06-21
C01231,Okt. Örfiye Şamiha Güçlü Demirel,46,Erkek,Samsun,Lisans,Emekli,29078.69,Boşanmış,1764,2023-12-05
C01232,Sernur Dilsitan Sakarya İnönü,52,Kadın,Bursa,Lise,Ücretli Çalışan,29510.12,Bekar,1421,2022-06-25
C01233,Bay Hasbek Hürdoğan Karadeniz,33,Kadın,İstanbul,Lisans,Ücretli Çalışan,23148.22,Bekar,1733,2023-11-25
C01234,Züheyla Yalın Arsoy,37,Erkek,Ankara,Lise,Ücretli Çalışan,32187.3,Bekar,1863,2015-03-16
C01235,Alanalp Burakhan Soylu Yaman,29,Erkek,Ankara,Lise,Ücretli Çalışan,13675.83,Bekar,1344,2024-01-18
C01236,Dr. Hürüyet Şerman Akar,43,Erkek,İstanbul,Lise,Ücretli Çalışan,15739.75,Evli,1838,2020-06-15
C01237,Baykan İhsanoğlu,45,Erkek,Konya,Lisans,Ücretli Çalışan,20287.32,Boşanmış,1141,2025-01-19
C01238,Günebakan Ertaş Alemdar,24,Kadın,Antalya,Yüksek Lisans,Ücretli Çalışan,22616.93,Dul,886,2023-12-17
C01239,Yağızkurt Şama,52,Kadın,Denizli,Lisans,Ücretli Çalışan,18561.24,Bekar,1900,2024-03-27
C01240,Çelikkan Kıvılcım Türk İhsanoğlu,67,Kadın,İstanbul,Lise,Serbest Meslek,18367.68,Evli,1473,2025-03-20
C01241,Öncel Muratcan Ertaş Ülker,51,Erkek,Antalya,Lisans,Ücretli Çalışan,42891.45,Dul,1090,2023-03-20
C01242,Oliver Yılmaz,18,Kadın,Bursa,Lise,Emekli,15064.32,Evli,1525,2016-05-18
C01243,Saydam Mengüç Karadeniz,45,Erkek,Samsun,Lisans,İşveren,32253.99,Bekar,1200,2017-10-01
C01244,Arş. Gör. Görsev Sezer Zengin,18,Erkek,Ankara,Lisans,İşveren,29322.38,Bekar,1212,2017-12-25
C01245,Doç. Ğanim Yaman,18,Erkek,Ankara,Lisans,Ücretli Çalışan,21274.8,Evli,1618,2023-06-13
C01246,Kenter Tutkun Tevetoğlu Tevetoğlu,38,Erkek,Konya,Lise,İşveren,16219.48,Dul,1460,2019-08-21
C01247,Tuğçe Akgündüz,35,Erkek,Samsun,Lisans,Emekli,10865.84,Boşanmış,1161,2015-05-02
C01248,Rıfkıye Tevetoğlu Çamurcuoğlu,46,Kadın,Adana,Lisans,Ücretli Çalışan,23034.66,Bekar,1542,2015-12-14
C01249,Çev. Korkmazalp Hayali Arslan,28,Erkek,Denizli,Lise,Ücretli Çalışan,18367.23,Bekar,955,2019-05-30
C01250,Prof. Emiş Eriş Seven Tevetoğlu,42,Kadın,Mersin,Lise,İşveren,37910.6,Boşanmış,1131,2019-09-14
C01251,Züheyla Minibe Demirel,32,Erkek,Adana,Lise,Ücretli Çalışan,23111.79,Boşanmış,1813,2015-02-02
C01252,Denizalp Bilir,34,Kadın,Antalya,Ön Lisans,İşveren,14595.77,Evli,887,2024-12-14
C01253,Nazi Emine. Demirel,41,Erkek,Antalya,Yüksek Lisans,Ücretli Çalışan,49957.81,Dul,1569,2023-09-12
C01254,Arş. Gör. Salurbay Sezer,39,Erkek,İstanbul,Lisans,Ücretli Çalışan,23038.85,Dul,1497,2023-02-18
C01255,Divan İnönü,30,Kadın,İzmir,Lisans,Serbest Meslek,28867.62,Evli,1556,2016-01-16
C01256,Özay Süheyda Zengin Durdu,40,Erkek,İzmir,Lisans,Ücretli Çalışan,12849.82,Evli,1705,2015-04-06
C01257,Dr. Zahfer Macide Akgündüz,47,Erkek,İstanbul,Lisans,Ücretli Çalışan,15540.2,Dul,1750,2020-08-31
C01258,Prof. Alabezek Yasemen Sakarya,34,Kadın,Kayseri,Lise,Ücretli Çalışan,14018.01,Boşanmış,1190,2016-05-22
C01259,Kayagün Manço,18,Kadın,Ankara,Lisans,Ücretli Çalışan,24641.67,Bekar,962,2020-01-31
C01260,Tınal Alpin Akar,25,Kadın,Gaziantep,Doktora,Ücretli Çalışan,8000.0,Evli,1358,2018-12-05
C01261,Feryas Arslan,38,Kadın,Adana,Lisans,Ücretli Çalışan,17205.54,Evli,1239,2016-03-07
C01262,Eşim Karadeniz,25,Kadın,Gaziantep,Ön Lisans,Ücretli Çalışan,24562.26,Bekar,1362,2016-08-23
C01263,Uğurkan Özdil Arslan,43,Erkek,İstanbul,Lise,Serbest Meslek,13381.63,Evli,1425,2020-05-04
C01264,Çağdan Duran,55,Kadın,Ankara,Lisans,Ücretli Çalışan,25946.05,Dul,1396,2024-10-11
C01265,Idık Üzer Dumanlı,43,Erkek,Bursa,Doktora,Ücretli Çalışan,17884.7,Dul,1501,2023-03-17
C01266,Tanır Uluman Korutürk Durmuş,36,Kadın,İstanbul,Lise,İşsiz,18509.68,Dul,1273,2016-06-13
C01267,Doç. Topuz Seha Kısakürek,28,Kadın,Antalya,Ön Lisans,İşsiz,12617.68,Bekar,752,2023-05-16
C01268,Arş. Gör. Özdil Özpınar Sezgin,20,Erkek,Eskişehir,Lise,Ücretli Çalışan,11524.41,Dul,1339,2016-03-27
C01269,Aysuna Nurser Kısakürek,29,Erkek,İstanbul,Lise,Ücretli Çalışan,25112.64,Boşanmış,1508,2018-06-02
C01270,Prof. Mihriye Çalım Yorulmaz,18,Erkek,İstanbul,İlkokul,İşsiz,26762.02,Evli,1342,2016-08-05
C01271,Züfer Eraslan,28,Erkek,İstanbul,Yüksek Lisans,İşveren,24078.78,Boşanmış,1285,2017-06-02
C01272,Taygan Bilge,41,Erkek,İstanbul,Lisans,Ücretli Çalışan,11282.13,Bekar,931,2024-10-05
C01273,Av. Hadrey Nilcan İnönü Zengin,35,Erkek,Bursa,Lisans,Ücretli Çalışan,18851.01,Boşanmış,1400,2023-10-06
C01274,Örik Gül,25,Kadın,Konya,Lisans,Ücretli Çalışan,16648.0,Dul,1567,2023-07-17
C01275,Fuzuli Dumanlı,39,Erkek,İstanbul,Lisans,Ücretli Çalışan,21636.25,Bekar,1332,2023-12-21
C01276,Dr. Arıel Akçay,54,Erkek,Ankara,Yüksek Lisans,Serbest Meslek,11739.59,Boşanmış,1501,2021-01-24
C01277,Doç. Oğuzman Demir,54,Erkek,Adana,Lisans,Ücretli Çalışan,24745.74,Evli,1449,2022-12-06
C01278,Ayhan Şafak Aslan,33,Erkek,İzmir,Lise,Ücretli Çalışan,31768.78,Bekar,1144,2017-02-27
C01279,Elvan Aksu,28,Kadın,Samsun,Lisans,İşsiz,16665.55,Dul,1529,2020-08-20
C01280,Afife Şama,44,Kadın,Antalya,Lisans,Emekli,12892.22,Bekar,1262,2018-01-31
C01281,Doç. Fehmiye Aygönenç Manço İhsanoğlu,32,Kadın,Gaziantep,Lisans,İşveren,14481.03,Dul,1624,2015-12-13
C01282,Şahinder Yorulmaz,23,Erkek,Ankara,İlkokul,İşveren,41107.73,Bekar,1627,2018-10-24
C01283,Tanses Ümmahan Durmuş,53,Erkek,İstanbul,Lisans,Ücretli Çalışan,16182.36,Dul,1462,2017-11-19
C01284,Benice Muarra Fırat Bilgin,22,Kadın,İzmir,Lise,Ücretli Çalışan,15739.08,Evli,1543,2017-11-12
C01285,Arş. Gör. Arcan Çetin,55,Kadın,Ankara,Ön Lisans,İşveren,12109.91,Evli,1288,2015-08-30
C01286,Öğr. Sami Duran,38,Erkek,İstanbul,Lisans,Serbest Meslek,10634.88,Boşanmış,1527,2019-05-17
C01287,Büreyre Ergül Bilgin,31,Kadın,Ankara,Lise,Ücretli Çalışan,18252.81,Dul,1387,2024-04-13
C01288,Tükelalp Şama,30,Kadın,İstanbul,Lisans,Emekli,19867.29,Evli,1406,2020-07-12
C01289,Nevise Arslan,35,Erkek,Samsun,Lise,Ücretli Çalışan,14359.86,Boşanmış,1459,2020-03-18
C01290,Çağa Mansız,59,Kadın,İzmir,Ön Lisans,Serbest Meslek,21225.3,Evli,1749,2025-03-31
C01291,Arş. Gör. Akise Demir Ülker,23,Erkek,İzmir,Lisans,Emekli,21396.71,Bekar,1105,2017-10-05
C01292,Semat Hazine Akçay Şensoy,22,Kadın,Ankara,Ön Lisans,İşveren,14289.54,Bekar,1597,2024-06-28
C01293,Bay Us Günden Kısakürek,51,Kadın,Konya,Lise,Serbest Meslek,22233.43,Evli,1116,2023-10-09
C01294,Kelâmi Erinçer Duran Gül,37,Erkek,Samsun,Lisans,Ücretli Çalışan,22828.5,Bekar,1543,2015-01-05
C01295,Aral Vefia Alemdar,18,Erkek,Antalya,Lise,İşveren,13351.14,Bekar,1283,2025-05-03
C01296,Vacibe Tüzenur Dumanlı Soylu,46,Erkek,Gaziantep,Ön Lisans,Ücretli Çalışan,8000.0,Boşanmış,1339,2024-06-12
C01297,Gazel Tunahan Akar,41,Erkek,İstanbul,Lisans,Serbest Meslek,29211.72,Bekar,1673,2018-05-16
C01298,Vacibe Çorlu,46,Kadın,Gaziantep,Lisans,Ücretli Çalışan,13905.32,Boşanmış,902,2024-11-06
C01299,Börteçin Önel Duran Duran,35,Erkek,Mersin,Yüksek Lisans,Ücretli Çalışan,31280.0,Boşanmış,1848,2023-06-11
C01300,Tecimer Erdoğan,48,Erkek,İstanbul,Doktora,Serbest Meslek,24178.12,Boşanmış,1594,2017-05-12
C01301,Tınal Şener,33,Erkek,İstanbul,Lisans,Ücretli Çalışan,18797.38,Bekar,1900,2021-10-29
C01302,Uygun Şafak,28,Kadın,Antalya,Ön Lisans,Ücretli Çalışan,41218.83,Dul,1419,2023-07-21
C01303,Diken Safet Karadeniz Sezer,55,Kadın,Konya,Lisans,Ücretli Çalışan,10582.25,Bekar,1526,2021-01-15
C01304,Dr. Benek Feden Yıldırım,31,Erkek,Antalya,Ön Lisans,Ücretli Çalışan,10542.08,Dul,1434,2024-04-12
C01305,Doç. Müret Aydar Çorlu Erdoğan,52,Erkek,İstanbul,Lisans,Serbest Meslek,13626.56,Bekar,1005,2016-05-26
C01306,Cavit Özlü Eraslan,38,Kadın,Ankara,Lise,Ücretli Çalışan,19161.42,Bekar,1637,2023-07-04
C01307,Sevdi Alemdar,51,Erkek,İstanbul,Lisans,Ücretli Çalışan,19404.56,Boşanmış,1900,2024-01-25
C01308,Çev. Köktaş Kerman Dumanlı,42,Kadın,Denizli,Yüksek Lisans,Serbest Meslek,17053.45,Bekar,1097,2018-02-23
C01309,Saygın Hayrioğlu Yıldırım,36,Kadın,İstanbul,Doktora,Ücretli Çalışan,17130.67,Dul,1740,2016-03-30
C01310,Durgadin Duran Yılmaz,45,Erkek,İstanbul,Lise,Emekli,11722.72,Evli,1383,2015-09-25
C01311,Çelem Korutürk,48,Kadın,İstanbul,Yüksek Lisans,Serbest Meslek,39640.8,Evli,1721,2024-11-17
C01312,Vezat Şemsettin Erdoğan,49,Erkek,İstanbul,Lisans,Ücretli Çalışan,20476.61,Boşanmış,1597,2022-08-20
C01313,Turcein Deha Arslan Çetin,54,Erkek,İstanbul,Ön Lisans,Serbest Meslek,10940.76,Bekar,1292,2024-07-29
C01314,Şemsinisa Birben Arslan,30,Erkek,Kayseri,Ön Lisans,Emekli,23638.19,Bekar,1767,2022-08-17
C01315,Öğr. Peren Asu Güçlü Aksu,32,Erkek,Ankara,Lisans,Ücretli Çalışan,8000.0,Evli,1276,2015-07-12
C01316,Uz. Çakar Kiramettin Çetin,50,Erkek,İzmir,Lise,Ücretli Çalışan,25385.5,Dul,1607,2017-03-08
C01317,Evrim Meleknur Tarhan,36,Kadın,Trabzon,Lise,Ücretli Çalışan,11208.59,Dul,1508,2015-11-01
C01318,Aksoy Çağlar Bilge Durmuş,29,Kadın,İstanbul,Lise,Emekli,53254.82,Bekar,1602,2015-04-25
C01319,Baytal Türk,33,Kadın,Bursa,Lisans,Ücretli Çalışan,15136.69,Boşanmış,1476,2024-06-04
C01320,Serol Tevetoğlu,37,Kadın,İzmir,Yüksek Lisans,Ücretli Çalışan,32944.35,Bekar,1546,2024-03-19
C01321,Zelha Durmuş Akça,31,Kadın,Samsun,Lisans,Ücretli Çalışan,46662.6,Dul,1512,2023-07-27
C01322,Göknur Bilir,49,Erkek,Bursa,Lise,Ücretli Çalışan,15158.22,Bekar,1590,2025-04-12
C01323,Gülüs Risalet Akçay Şensoy,43,Erkek,Mersin,Lisans,Ücretli Çalışan,8515.62,Evli,1883,2015-09-11
C01324,Boztaş Akçay,55,Erkek,İstanbul,Lisans,Emekli,16668.27,Dul,1184,2015-09-27
C01325,Yrd. Doç. İyiyürek Erginel Akar,44,Kadın,İzmir,Lise,Ücretli Çalışan,20723.3,Dul,1588,2019-07-04
C01326,Cemalettin Ufukay Sezgin Durdu,42,Erkek,İstanbul,Lisans,Ücretli Çalışan,25029.45,Bekar,1861,2020-02-01
C01327,Şerafeddin Çavuldur İhsanoğlu,46,Erkek,Kayseri,Lisans,Ücretli Çalışan,12427.35,Boşanmış,1720,2022-04-20
C01328,Dr. Zülfüye Benice Arslan Ülker,59,Kadın,İzmir,Lise,Emekli,82324.62,Evli,1179,2016-03-18
C01329,Erensoy Sakarya,42,Kadın,Bursa,Lisans,Ücretli Çalışan,8000.0,Evli,1518,2022-02-23
C01330,Yoruç Zengin,33,Erkek,Ankara,Lisans,Ücretli Çalışan,47360.82,Dul,1306,2017-01-31
C01331,Okt. Nesfe Yaman Ülker,19,Kadın,İstanbul,Lise,Ücretli Çalışan,16121.86,Dul,926,2020-10-02
C01332,Dr. Fenni Tayaydın Erdoğan,49,Erkek,Ankara,Yüksek Lisans,İşsiz,8000.0,Evli,1107,2016-08-26
C01333,Gülşahin Soylu,18,Erkek,İstanbul,Doktora,Ücretli Çalışan,17255.15,Evli,1830,2015-08-23
C01334,Okt. Şüküfe Meryeme Sezer Zengin,44,Kadın,Ankara,Lise,Ücretli Çalışan,13513.28,Evli,1372,2022-03-08
C01335,Selâtin Durdu,40,Kadın,Ankara,Lisans,Emekli,24653.73,Dul,1118,2021-09-22
C01336,Misra Samahat Aksu Yılmaz,47,Erkek,Bursa,Ön Lisans,Serbest Meslek,8000.0,Evli,1222,2016-03-05
C01337,Hinet Çetin,34,Kadın,İzmir,Yüksek Lisans,Ücretli Çalışan,26502.57,Evli,1505,2022-10-10
C01338,Doç. Zeynelabidin Tiğin Şafak,23,Kadın,İstanbul,Lisans,Ücretli Çalışan,12794.28,Boşanmış,1349,2024-01-20
C01339,Nevgin Yaman,39,Kadın,Ankara,Lisans,Serbest Meslek,15358.04,Bekar,1379,2019-01-26
C01340,Süheyda Ertaş,48,Erkek,İstanbul,Lise,Ücretli Çalışan,15788.52,Boşanmış,1477,2019-12-09
C01341,Okt. Merva Tagangül Durmuş Sakarya,66,Erkek,İstanbul,İlkokul,Ücretli Çalışan,10502.23,Evli,917,2018-03-09
C01342,Dr. Tamaydın Çorlu,49,Erkek,Adana,Lise,Ücretli Çalışan,14685.42,Evli,1300,2017-01-01
C01343,Esengün Akçay,30,Kadın,Kayseri,Yüksek Lisans,Ücretli Çalışan,17731.36,Bekar,1899,2024-04-28
C01344,Ersel Gül,49,Erkek,Antalya,Yüksek Lisans,Serbest Meslek,29377.98,Boşanmış,1145,2017-05-11
C01345,Yunt Erdoğan,26,Kadın,Ankara,Ön Lisans,Ücretli Çalışan,8000.0,Evli,1177,2020-11-28
C01346,Şendoğan Zorlu,51,Erkek,Kayseri,Lise,İşsiz,25150.32,Evli,1164,2024-11-24
C01347,Üstün Zengin,39,Kadın,İstanbul,Ön Lisans,Emekli,14617.89,Boşanmış,1391,2018-07-26
C01348,İrfan Bilir Çamurcuoğlu,49,Kadın,Eskişehir,Lisans,Serbest Meslek,9632.05,Evli,1454,2024-07-31
C01349,Savak Erkılıç Duran,51,Kadın,Ankara,Lise,Ücretli Çalışan,16534.51,Boşanmış,1675,2024-10-15
C01350,Dr. Faize Arsoy Gülen,73,Erkek,İstanbul,Lise,Ücretli Çalışan,19016.19,Dul,1598,2023-11-14
C01351,Prof. Soyselçuk Yümun Akdeniz,31,Kadın,İstanbul,Ön Lisans,Serbest Meslek,21624.09,Boşanmış,1615,2020-08-04
C01352,Enfes Sezen Zorlu,42,Kadın,Ankara,Ön Lisans,Ücretli Çalışan,12596.03,Dul,1431,2023-01-10
C01353,Koray Arsoy,57,Erkek,İstanbul,Ön Lisans,İşsiz,24388.97,Bekar,1460,2017-04-28
C01354,Törel Yüksel,37,Kadın,İzmir,Lise,Ücretli Çalışan,27929.96,Evli,1569,2018-06-07
C01355,Prof. Oğuzman Yaman,28,Erkek,Bursa,Yüksek Lisans,Ücretli Çalışan,23001.95,Boşanmış,1252,2017-11-08
C01356,Uz. Gül Özgün Akça Durdu,32,Kadın,Adana,Lise,Serbest Meslek,21702.83,Boşanmış,1574,2017-07-31
C01357,Zahid Gül,25,Erkek,İzmir,Lise,Serbest Meslek,32025.69,Dul,1643,2020-03-30
C01358,Okt. Ayhan Bilgin İnönü,31,Erkek,Gaziantep,Lise,Ücretli Çalışan,9977.49,Dul,1343,2015-04-12
C01359,Öğr. Ballı Eraslan Arsoy,34,Kadın,İstanbul,Lise,Ücretli Çalışan,20971.36,Bekar,1409,2018-04-21
C01360,Bay Türkmen Dilder Fırat,18,Kadın,Konya,Yüksek Lisans,İşveren,16734.77,Bekar,1343,2016-04-30
C01361,Oguş Simten Çamurcuoğlu Ertaş,47,Kadın,İzmir,Lise,Ücretli Çalışan,14556.75,Boşanmış,1799,2017-10-21
C01362,Akçabay Toy Hayrioğlu,18,Erkek,İstanbul,Lisans,Ücretli Çalışan,35955.07,Evli,1363,2024-08-03
C01363,Yahşikan Ramadan Şener Karadeniz,50,Erkek,İstanbul,Lise,İşveren,20659.09,Boşanmış,1784,2023-10-13
C01364,Kandef Zengin,35,Erkek,Gaziantep,Lisans,İşsiz,12156.52,Bekar,1455,2020-04-17
C01365,Öğr. Tunçboğa Kısakürek,38,Kadın,Kayseri,Lise,Serbest Meslek,22019.89,Evli,1808,2020-04-27
C01366,İmrihan Besey Fırat Eraslan,27,Erkek,Adana,Ön Lisans,Ücretli Çalışan,26055.15,Bekar,1352,2018-07-06
C01367,Habibe Fırat Gülen,38,Erkek,Konya,Lisans,İşveren,20589.27,Evli,1124,2019-12-02
C01368,Nazi Tagangül Çetin Güçlü,30,Kadın,Ankara,Lisans,Ücretli Çalışan,36606.56,Evli,1721,2018-06-05
C01369,Ongay Akgündüz,39,Kadın,İzmir,Lisans,Emekli,22234.61,Boşanmış,1386,2018-10-23
C01370,Meşhur Aksu,56,Erkek,Antalya,Ön Lisans,Ücretli Çalışan,18212.1,Boşanmış,1557,2018-08-28
C01371,Dr. Oğuzman Toktuğ Aslan,53,Kadın,Eskişehir,Lise,Serbest Meslek,14047.26,Boşanmış,1769,2021-05-16
C01372,Biltaş Akçay,21,Erkek,Denizli,Lise,Serbest Meslek,41495.45,Dul,1326,2015-09-18
C01373,Okt. Sıylıhan Demirel,37,Kadın,İzmir,Lise,Ücretli Çalışan,8514.24,Dul,1266,2022-03-02
C01374,Tuğrulhan Efser Seven Sezgin,27,Kadın,İstanbul,Lisans,Emekli,15162.18,Evli,1425,2015-05-12
C01375,Dilsitan Güçlü,51,Erkek,İstanbul,Lise,İşveren,21882.04,Dul,1576,2018-03-08
C01376,Öğr. Gülözge Zengin Aksu,26,Erkek,Antalya,Lise,Ücretli Çalışan,13408.72,Bekar,1829,2019-02-18
C01377,Bayan Heva Aynilhayat Yaman,31,Kadın,Ankara,Yüksek Lisans,Ücretli Çalışan,41994.49,Dul,1439,2016-10-05
C01378,Uz. Tekiner Zorlu,40,Kadın,İzmir,Ön Lisans,İşsiz,32262.61,Bekar,1537,2019-05-13
C01379,Serol Bilender Yorulmaz,38,Kadın,İstanbul,Lise,İşsiz,16735.55,Dul,1206,2024-03-04
C01380,Çev. Celilay Fırat,44,Erkek,İstanbul,Lisans,Serbest Meslek,29764.95,Boşanmış,1501,2021-08-03
C01381,Şahıgül Durdu Şener,47,Erkek,İstanbul,İlkokul,Ücretli Çalışan,41658.55,Evli,1595,2019-12-31
C01382,Yelesen Gül,43,Erkek,Bursa,Lise,Ücretli Çalışan,10061.69,Boşanmış,722,2025-03-17
C01383,Binay Güngören Dumanlı,44,Erkek,İzmir,Lisans,Serbest Meslek,19097.81,Bekar,1371,2018-03-25
C01384,Av. Sümerya Aksu Bilgin,42,Erkek,Ankara,Lisans,Serbest Meslek,19395.93,Boşanmış,1781,2019-05-21
C01385,Yrd. Doç. Evde İldeş Alemdar,41,Kadın,Ankara,Lise,Serbest Meslek,14241.06,Dul,1627,2020-02-19
C01386,Yrd. Doç. Tuğcan Zorlu,37,Kadın,Antalya,Lise,Ücretli Çalışan,25259.09,Bekar,1380,2017-09-08
C01387,Fügen Gül,32,Kadın,İstanbul,Lisans,Emekli,20699.73,Boşanmış,1463,2022-06-23
C01388,Servinaz Tevetoğlu,45,Kadın,Mersin,Ön Lisans,Emekli,17660.92,Bekar,1000,2019-02-19
C01389,Efser Kısakürek,34,Kadın,İzmir,Lisans,Ücretli Çalışan,28487.43,Dul,1425,2020-01-22
C01390,Emine. Sakarya Yıldırım,37,Kadın,İzmir,Ön Lisans,Ücretli Çalışan,31066.01,Bekar,1322,2022-03-01
C01391,Razı Bilge,21,Erkek,Ankara,Lisans,Serbest Meslek,18540.56,Evli,1298,2019-06-13
C01392,Av. Fatigül Şelâle Sakarya,28,Erkek,İstanbul,Yüksek Lisans,Ücretli Çalışan,18417.93,Boşanmış,1622,2022-07-08
C01393,Öğr. Tanyolaç Tevetoğlu,39,Erkek,İzmir,Lise,Serbest Meslek,22882.82,Evli,1900,2023-01-01
C01394,Özdal Rüknettin Zorlu,35,Kadın,İzmir,Lise,İşsiz,22589.87,Evli,1092,2016-11-29
C01395,Aygutalp Nural Ülker Yaman,29,Kadın,İstanbul,Lise,İşveren,15318.12,Dul,1380,2016-11-20
C01396,Önsal Tarhan,44,Kadın,Antalya,Lise,Ücretli Çalışan,57358.95,Boşanmış,1320,2016-12-29
C01397,Arş. Gör. Sabır Niğmet Bilge,35,Kadın,Mersin,Lisans,Ücretli Çalışan,19372.21,Dul,1598,2022-10-24
C01398,Veis Rohat Şafak,43,Kadın,Ankara,Lise,Ücretli Çalışan,35519.71,Bekar,893,2021-09-16
C01399,Prof. Nural Özger Öcalan,18,Erkek,Konya,Yüksek Lisans,Ücretli Çalışan,15944.27,Boşanmış,1694,2025-03-11
C01400,Necilal Zengin Sezgin,21,Kadın,İstanbul,İlkokul,Ücretli Çalışan,8000.0,Bekar,1442,2018-10-12
C01401,Mazlum Bellisan Eraslan Güçlü,42,Kadın,İstanbul,Yüksek Lisans,İşveren,12202.62,Evli,1133,2023-02-13
C01402,Av. Atatöre Fehim Tevetoğlu,28,Erkek,İzmir,Lisans,Ücretli Çalışan,20946.79,Boşanmış,1343,2021-04-21
C01403,Çev. Güler Afife Demirel,45,Kadın,Eskişehir,Ön Lisans,Serbest Meslek,8000.0,Dul,1165,2016-05-09
C01404,Seyfullah Fırat,26,Kadın,Ankara,Lise,Ücretli Çalışan,17758.98,Dul,1365,2022-05-02
C01405,Rahmet Abdülahat Kısakürek Şensoy,49,Erkek,İstanbul,Lise,Ücretli Çalışan,8632.58,Boşanmış,1391,2022-04-16
C01406,Uçan Sezgin,46,Kadın,İstanbul,Lise,Serbest Meslek,45958.37,Boşanmış,1379,2023-08-10
C01407,Rehime Arsoy,43,Kadın,Adana,Lisans,Serbest Meslek,8850.79,Evli,782,2017-10-28
C01408,Bişar Mecit Şensoy Zengin,50,Erkek,Denizli,Lisans,İşsiz,19880.56,Evli,1514,2018-09-22
C01409,Kader Akdeniz,23,Erkek,Denizli,Lisans,Ücretli Çalışan,25183.79,Bekar,1887,2018-10-04
C01410,Yrd. Doç. Neşrin Şevketfeza Aslan,45,Erkek,Ankara,Lisans,Ücretli Çalışan,22571.91,Evli,1502,2020-08-24
C01411,Gülseren Seven Durmuş,21,Kadın,İstanbul,Lisans,Serbest Meslek,36680.77,Bekar,1267,2018-06-19
C01412,Uz. Niğmet Durmuş Durmuş,46,Erkek,Adana,Lisans,Ücretli Çalışan,9863.88,Bekar,1085,2016-07-17
C01413,Çev. Mesude Durdu Ergül,57,Erkek,İstanbul,Ön Lisans,Ücretli Çalışan,17046.74,Bekar,1863,2017-09-02
C01414,Eriş Akdeniz Bilge,39,Erkek,Adana,Lise,Emekli,8700.59,Boşanmış,1563,2018-07-24
C01415,Çakırca Efser Dumanlı Çetin,32,Kadın,İzmir,Doktora,Serbest Meslek,27293.67,Boşanmış,1506,2023-06-02
C01416,Dr. Doğanalp Zorlu,21,Erkek,Ankara,Lise,Ücretli Çalışan,21459.71,Bekar,1900,2025-03-02
C01417,Naide Sezgin Durmuş,45,Kadın,Gaziantep,Lisans,Emekli,19421.13,Evli,1728,2021-10-26
C01418,Boztaş Kete Şener,42,Erkek,İstanbul,Lisans,Emekli,21901.06,Bekar,1187,2024-10-02
C01419,Ülfet Çorlu,42,Kadın,İstanbul,Doktora,Ücretli Çalışan,31759.58,Evli,1290,2016-05-29
C01420,Nebih İhsanoğlu,57,Kadın,İstanbul,Lise,Ücretli Çalışan,19124.63,Dul,1278,2018-06-29
C01421,Dr. Banü Kandef Bilgin,51,Kadın,İstanbul,Lise,Ücretli Çalışan,17517.27,Evli,1689,2018-05-26
C01422,Beyhatun Şennur Türk Gül,36,Erkek,Samsun,Lise,Ücretli Çalışan,19400.97,Dul,1623,2015-11-24
C01423,Rabbiye Mansız Şensoy,43,Erkek,Ankara,Lise,İşsiz,8119.39,Dul,819,2019-09-28
C01424,Şahinder Açılay Akça,51,Erkek,Konya,Lisans,Ücretli Çalışan,18779.83,Dul,1369,2015-03-23
C01425,Dr. Oktüremiş Dumanlı,23,Erkek,Kayseri,Lisans,İşveren,12260.26,Boşanmış,794,2021-09-03
C01426,Denkel Akdeniz,38,Kadın,İstanbul,Ön Lisans,Ücretli Çalışan,15225.14,Dul,1258,2018-03-06
C01427,Gülhisar Avunç Çetin,39,Erkek,İstanbul,Lise,Ücretli Çalışan,23477.24,Dul,1900,2017-03-12
C01428,Yrd. Doç. Bünyamün Uludağ Türk,21,Kadın,İstanbul,Yüksek Lisans,Ücretli Çalışan,33581.19,Boşanmış,1663,2020-07-05
C01429,Hayel Abiye Aksu Çorlu,30,Erkek,Samsun,Doktora,Ücretli Çalışan,21839.08,Boşanmış,1385,2019-04-23
C01430,Pürçek Ergül,42,Kadın,Ankara,İlkokul,Ücretli Çalışan,39305.08,Bekar,1651,2019-04-26
C01431,Rayla Zengin Akar,46,Kadın,İstanbul,Ön Lisans,Emekli,16421.73,Boşanmış,1088,2023-08-26
C01432,Zamir Demirel,37,Erkek,İzmir,Ön Lisans,Emekli,34302.51,Boşanmış,1078,2022-10-23
C01433,Aybora Durmuş,27,Erkek,Eskişehir,Lisans,Ücretli Çalışan,21095.62,Evli,1253,2020-05-10
C01434,Öncel İldeş Ergül,30,Erkek,Bursa,Lisans,Ücretli Çalışan,16471.4,Evli,1158,2017-12-06
C01435,Kısmet Hafıza Tevetoğlu Akar,28,Kadın,İstanbul,Lisans,Serbest Meslek,27351.94,Evli,1173,2015-02-20
C01436,Öğr. Ümray Adviye Eraslan Akçay,20,Kadın,Bursa,Yüksek Lisans,Ücretli Çalışan,15010.25,Dul,1602,2022-12-02
C01437,Arş. Gör. Deniz Öncel Erdoğan,37,Kadın,İzmir,Lise,Serbest Meslek,16170.41,Dul,1511,2016-11-10
C01438,Narhanim Doğannur Sezgin,19,Erkek,Antalya,Lisans,İşveren,24899.86,Dul,1515,2021-07-28
C01439,Zelha Alemdar,35,Erkek,Adana,Yüksek Lisans,Ücretli Çalışan,31340.49,Bekar,1218,2016-03-23
C01440,Selmin Kısakürek,53,Erkek,Gaziantep,Lise,Serbest Meslek,21365.27,Evli,1415,2023-05-23
C01441,Prof. Heva İnönü Şama,39,Erkek,İstanbul,Lise,Ücretli Çalışan,18991.2,Dul,1805,2015-01-07
C01442,Dr. Sevla İmge Bilge Yıldırım,27,Erkek,İzmir,Lisans,Ücretli Çalışan,14141.46,Dul,1639,2016-11-29
C01443,Dr. Işin Erdoğan Kısakürek,32,Kadın,Antalya,Lise,Ücretli Çalışan,29888.82,Evli,1900,2020-08-20
C01444,Dr. Vâlâ Efser Sezgin,35,Erkek,İzmir,Lise,Emekli,27081.69,Evli,1171,2015-08-30
C01445,Risalet Ergül,49,Kadın,İstanbul,Yüksek Lisans,Serbest Meslek,21801.65,Dul,1618,2019-12-11
C01446,Vezat Karadeniz,32,Kadın,Kayseri,Lise,Serbest Meslek,9438.12,Boşanmış,1505,2015-12-18
C01447,Huban Arslan,18,Erkek,İstanbul,İlkokul,Ücretli Çalışan,17278.05,Evli,1655,2020-05-11
C01448,Korugan Tarhan,42,Kadın,İstanbul,Lise,Ücretli Çalışan,47894.42,Bekar,1756,2022-06-18
C01449,Beriye Durmuş,32,Kadın,İstanbul,Lisans,Serbest Meslek,20176.85,Bekar,1488,2019-03-19
C01450,Öğr. Gücal Ergül,21,Erkek,Eskişehir,Ön Lisans,Serbest Meslek,13053.62,Boşanmış,1159,2021-10-11
C01451,Server Aslan,18,Erkek,Antalya,Lise,Ücretli Çalışan,20360.91,Boşanmış,1357,2024-02-28
C01452,Doç. Ushan İhsanoğlu,19,Erkek,Antalya,Ön Lisans,Ücretli Çalışan,23906.26,Bekar,1598,2018-12-29
C01453,Oliver Korutürk,42,Kadın,İstanbul,Yüksek Lisans,Emekli,17225.9,Dul,1607,2023-02-18
C01454,Elöve Korutürk,48,Kadın,İstanbul,Lise,İşveren,22887.17,Boşanmış,1293,2022-11-04
C01455,Av. Ertan Dilder Bilgin,43,Kadın,Ankara,Lisans,İşveren,34131.17,Dul,1350,2020-10-10
C01456,İyiyürek Yüksel,65,Kadın,İstanbul,Lisans,Ücretli Çalışan,15732.22,Boşanmış,1508,2015-03-10
C01457,Ferahdiba Deniz Demir Çamurcuoğlu,31,Kadın,Samsun,Lisans,Serbest Meslek,22036.86,Dul,1064,2017-08-14
C01458,Ulutay Ülker,33,Erkek,Adana,Lisans,Serbest Meslek,12192.12,Boşanmış,1413,2019-10-19
C01459,Yrd. Doç. Ahter İnönü Akdeniz,51,Erkek,Denizli,Yüksek Lisans,Emekli,26654.22,Bekar,867,2023-03-27
C01460,Şemsettin Nural Arsoy,64,Kadın,Adana,Yüksek Lisans,Ücretli Çalışan,22762.64,Bekar,1305,2016-06-07
C01461,Tasvir Akçay,41,Kadın,Ankara,Lisans,Ücretli Çalışan,21574.89,Dul,1333,2016-11-19
C01462,Tanses Akçay,42,Kadın,İzmir,Lisans,Emekli,15163.36,Evli,1358,2017-05-16
C01463,Pesent Bilgin,31,Kadın,İstanbul,Doktora,Ücretli Çalışan,10459.83,Bekar,1416,2016-10-18
C01464,Alparslan Fırat,47,Erkek,Mersin,Lisans,Emekli,25126.98,Evli,1664,2023-01-24
C01465,Öğr. Zeride Atiyye Zorlu,43,Erkek,Samsun,Lisans,Ücretli Çalışan,15682.07,Evli,1709,2025-05-07
C01466,Pembesin Gökperi Ertaş Demir,23,Erkek,İstanbul,Lisans,Ücretli Çalışan,13289.08,Evli,1058,2021-06-17
C01467,Okt. Akgüneş Akyıldız Tarhan Bilir,52,Kadın,Bursa,Ön Lisans,İşveren,30462.6,Dul,1621,2022-05-02
C01468,İhsan Sakarya Hayrioğlu,52,Erkek,Gaziantep,Lise,Serbest Meslek,13417.6,Bekar,1467,2018-04-06
C01469,Şeyda Işın Akçay Durmuş,38,Kadın,Ankara,Lisans,Ücretli Çalışan,29175.86,Evli,1471,2023-05-08
C01470,Havali Aslan,35,Erkek,İstanbul,Lise,Emekli,25422.98,Dul,1679,2021-06-21
C01471,Yrd. Doç. Naz Arsoy Akçay,31,Erkek,İstanbul,Lisans,Serbest Meslek,19390.06,Dul,1235,2019-10-02
C01472,Öğr. Gülözge Seven Sezer,18,Erkek,Konya,Yüksek Lisans,Ücretli Çalışan,21811.81,Evli,1572,2020-10-29
C01473,Nezize Rabbiye Aslan Dumanlı,43,Kadın,İstanbul,İlkokul,Serbest Meslek,8289.1,Dul,1292,2018-07-18
C01474,Yrd. Doç. Behrem Durdu,18,Erkek,Gaziantep,Ön Lisans,Ücretli Çalışan,36914.71,Dul,1148,2016-08-26
C01475,Av. Ayşan Yertan Aslan,55,Kadın,Adana,Lisans,Serbest Meslek,30504.86,Bekar,1274,2021-09-19
C01476,Arş. Gör. Mengi Şükri Kısakürek,26,Kadın,İstanbul,Lisans,Ücretli Çalışan,23334.0,Dul,1288,2022-01-28
C01477,Bican Sezgin,41,Erkek,İstanbul,Yüksek Lisans,İşveren,16038.18,Bekar,1054,2024-02-01
C01478,Necmettin Sezgin,18,Kadın,Kayseri,Yüksek Lisans,Ücretli Çalışan,22070.74,Evli,1279,2022-11-08
C01479,Cansin Seven,33,Kadın,Kayseri,Lisans,Serbest Meslek,27258.99,Boşanmış,1793,2024-02-21
C01480,Uz. Vefia Duran Gül,36,Kadın,Trabzon,Lisans,Serbest Meslek,17098.24,Boşanmış,1625,2019-09-27
C01481,Tagangül Hançer,23,Erkek,Adana,Ön Lisans,Serbest Meslek,22035.69,Boşanmış,1557,2018-03-02
C01482,Özay Akdeniz,48,Kadın,Antalya,Lisans,Serbest Meslek,8337.02,Bekar,1189,2016-06-20
C01483,Korkmazalp Ayvas Sezer,29,Kadın,Kayseri,Lisans,Ücretli Çalışan,20846.66,Dul,1620,2022-05-05
C01484,Bay Doğanşah Alemdar,57,Kadın,Ankara,Ön Lisans,Ücretli Çalışan,15950.82,Evli,1375,2017-05-09
C01485,Sultane Karadeniz,53,Kadın,Adana,İlkokul,Ücretli Çalışan,22775.93,Bekar,1816,2022-08-10
C01486,Muktedir Zülgarni Şama Eraslan,43,Kadın,Ankara,Doktora,İşveren,11840.69,Evli,1046,2025-05-20
C01487,Nevgin Örfiye Durmuş İhsanoğlu,21,Erkek,Denizli,Lise,Ücretli Çalışan,26847.37,Bekar,1717,2016-04-25
C01488,Nazende Yıldırım,62,Erkek,Bursa,Yüksek Lisans,İşsiz,29126.32,Dul,1510,2017-09-30
C01489,Dr. Necva Şelâle Akar,33,Kadın,Ankara,Lise,Ücretli Çalışan,11844.43,Evli,1592,2022-04-27
C01490,Prof. Fenni Ergül,45,Kadın,Konya,Yüksek Lisans,Serbest Meslek,20917.68,Dul,1596,2018-02-01
C01491,Ummahani Soylu,43,Erkek,Ankara,Lise,Serbest Meslek,35515.25,Bekar,1823,2016-05-14
C01492,Dr. Nurser Şilan Arslan Ertaş,46,Kadın,İstanbul,Lisans,Ücretli Çalışan,29161.69,Dul,1628,2018-01-26
C01493,Börteçin Şener,34,Kadın,Konya,Lise,Serbest Meslek,28013.84,Dul,1151,2022-03-25
C01494,Sadeti Şener,52,Erkek,Bursa,Lise,Serbest Meslek,11643.05,Bekar,1451,2023-01-02
C01495,Benek Çorlu Aksu,29,Kadın,Ankara,Lisans,Emekli,25566.16,Dul,1451,2021-03-27
C01496,Haliye Hayrioğlu,20,Erkek,İstanbul,Lisans,İşveren,24084.29,Bekar,1275,2023-06-14
C01497,Maynur Demirel,50,Kadın,İstanbul,Lisans,İşveren,19942.26,Evli,1598,2015-01-22
C01498,Şehza Şensoy,28,Erkek,İstanbul,Lise,Serbest Meslek,15287.65,Evli,1385,2022-04-27
C01499,Koncagül Akgündüz Dumanlı,50,Erkek,Kayseri,İlkokul,Ücretli Çalışan,42396.44,Bekar,1298,2020-09-04
C01500,İmrihan Yahşi Dumanlı Seven,52,Kadın,Ankara,Yüksek Lisans,Ücretli Çalışan,8000.0,Bekar,1081,2017-10-14
C01501,Uz. Şinasi Yıldırım,28,Erkek,Antalya,Ön Lisans,Ücretli Çalışan,10844.04,Dul,984,2022-10-18
C01502,Yurdanur Yüksel,44,Erkek,Bursa,Lisans,Ücretli Çalışan,18100.04,Bekar,1594,2022-06-07
C01503,Beyhatun Bilir,48,Kadın,İstanbul,Lise,İşveren,22460.82,Evli,1664,2016-07-03
C01504,Öğr. Ağakişi Sakarya,39,Kadın,Bursa,Lise,Serbest Meslek,11682.57,Dul,1644,2015-11-01
C01505,Necmettin Durmuş,32,Erkek,Ankara,Yüksek Lisans,Ücretli Çalışan,13081.86,Dul,1335,2020-02-12
C01506,Akatay Ömür Gülen,29,Erkek,Antalya,Yüksek Lisans,Ücretli Çalışan,16517.18,Evli,1586,2021-01-04
C01507,Ağmur Eraslan,44,Erkek,Trabzon,Lisans,Ücretli Çalışan,13306.08,Evli,1258,2023-01-05
C01508,Atgun Şensoy,52,Kadın,Ankara,Lise,Ücretli Çalışan,24918.86,Dul,1900,2019-04-02
C01509,Mevlüdiye Bilgin Yüksel,54,Kadın,İstanbul,Lise,Ücretli Çalışan,33353.96,Bekar,1153,2022-09-02
C01510,Selmin Egenur Yaman,49,Kadın,Ankara,Lise,Ücretli Çalışan,19459.72,Boşanmış,1362,2023-09-22
C01511,Bay Akmaner Ülker,42,Kadın,İstanbul,Lise,Ücretli Çalışan,30495.83,Evli,1625,2019-03-31
C01512,Mücevher Sultane Ertaş Bilge,29,Kadın,İstanbul,Lisans,İşsiz,27836.59,Boşanmış,1060,2021-08-08
C01513,Zülbiye Dumanlı,42,Erkek,İstanbul,Lise,İşveren,17387.25,Boşanmış,1445,2021-03-09
C01514,Veis Duran,49,Kadın,Mersin,Lise,Ücretli Çalışan,12480.38,Dul,1866,2017-01-10
C01515,Yrd. Doç. Sücaettin Ertaş,18,Erkek,İzmir,Lise,Ücretli Çalışan,15230.41,Bekar,1512,2022-09-13
C01516,Arş. Gör. Zahfer Meyhanim Çamurcuoğlu,47,Kadın,Antalya,Lise,Ücretli Çalışan,19049.31,Boşanmış,1485,2015-08-05
C01517,Sümerya Zerafet Bilgin Sezgin,44,Erkek,Antalya,Lise,Emekli,17962.09,Dul,1808,2022-12-04
C01518,Milay Hançer,50,Erkek,Denizli,Lisans,Ücretli Çalışan,29518.46,Boşanmış,1258,2018-02-03
C01519,Risalet Jaruthip Manço Hançer,39,Kadın,Ankara,Yüksek Lisans,İşsiz,17409.83,Boşanmış,968,2019-07-24
C01520,Abdiş Fırat,44,Kadın,Bursa,Lise,İşveren,15647.39,Evli,1663,2016-01-19
C01521,Hayret Arslan,27,Kadın,İstanbul,Lise,Ücretli Çalışan,43198.81,Dul,1275,2024-01-24
C01522,Arş. Gör. Akgüneş Sezer İhsanoğlu,42,Erkek,Antalya,Yüksek Lisans,Emekli,28462.33,Evli,1317,2020-05-18
C01523,Prof. Sunay Hançer Yılmaz,50,Kadın,Ankara,Lisans,Ücretli Çalışan,11462.86,Bekar,1743,2023-01-04
C01524,Prof. Maşide Şahinder Bilgin,40,Erkek,İstanbul,Lisans,Ücretli Çalışan,15239.03,Bekar,1425,2021-10-23
C01525,Sarpkın Arsoy,49,Kadın,Antalya,Yüksek Lisans,Ücretli Çalışan,15321.24,Evli,1312,2016-12-17
C01526,Kınel Akgündüz,37,Kadın,İzmir,Yüksek Lisans,Ücretli Çalışan,11735.42,Dul,1835,2020-07-22
C01527,Öğr. Hurican Fidaye Demirel,33,Erkek,Samsun,Lise,Ücretli Çalışan,28976.13,Evli,1552,2024-04-29
C01528,Nuriyet Bilgin Eraslan,28,Kadın,İstanbul,Ön Lisans,Ücretli Çalışan,19877.04,Boşanmış,1696,2017-05-22
C01529,Maksur Şener,37,Erkek,İstanbul,Lise,Ücretli Çalışan,34094.82,Bekar,1755,2020-03-11
C01530,Arş. Gör. Çopur Özçam Çamurcuoğlu,51,Erkek,İstanbul,İlkokul,Emekli,16206.29,Dul,1190,2018-09-07
C01531,Lüfen Şensoy,32,Kadın,İstanbul,Yüksek Lisans,Ücretli Çalışan,21770.44,Evli,1636,2019-07-05
C01532,Risalet Akar,18,Kadın,Ankara,Lise,Ücretli Çalışan,19857.74,Evli,1459,2019-08-10
C01533,Cenan Yaman,36,Erkek,İstanbul,Lisans,Ücretli Çalışan,35634.63,Boşanmış,1605,2017-07-15
C01534,Dilcan Sevdinar Mansız,55,Erkek,İstanbul,Ön Lisans,Ücretli Çalışan,18084.63,Evli,1734,2021-01-06
C01535,Çev. Tanyu Gülenay Hayrioğlu Yıldırım,59,Kadın,Denizli,Lisans,İşveren,35963.58,Dul,1226,2016-10-24
C01536,Aliabbas Duran,36,Erkek,İstanbul,Yüksek Lisans,Ücretli Çalışan,17063.14,Evli,1622,2016-03-29
C01537,Cihandide Sakarya,48,Kadın,İstanbul,Ön Lisans,Ücretli Çalışan,13663.7,Boşanmış,1396,2025-02-07
C01538,Kifaye Efil Demirel,18,Kadın,Samsun,Yüksek Lisans,Ücretli Çalışan,38134.52,Boşanmış,1291,2016-05-01
C01539,Doç. Akgüneş Harbinaz Çorlu Manço,40,Erkek,Konya,Lisans,Ücretli Çalışan,17338.03,Boşanmış,1786,2023-06-04
C01540,Okseven Bilir,18,Erkek,İzmir,Yüksek Lisans,İşveren,19781.95,Dul,1393,2016-06-22
C01541,Sabır Hançer,34,Kadın,Konya,Lise,Ücretli Çalışan,43338.73,Boşanmış,1278,2020-08-10
C01542,Okt. Seyyide Sezer Çetin,49,Kadın,İstanbul,Lisans,Ücretli Çalışan,23395.85,Dul,1815,2021-09-11
C01543,Gürsal Atagün Karadeniz,31,Erkek,İzmir,Lise,Serbest Meslek,14330.77,Bekar,1654,2023-07-14
C01544,Alpin Aslan,45,Kadın,Adana,Lise,Ücretli Çalışan,9944.53,Boşanmış,1245,2023-08-07
C01545,Benek Duran Güçlü,44,Erkek,Trabzon,Lise,Ücretli Çalışan,29056.4,Dul,1330,2017-03-23
C01546,Öğr. Şahmettin Eraslan,18,Kadın,Antalya,Lisans,Ücretli Çalışan,25221.46,Evli,1114,2017-02-11
C01547,Akyıldız Demir Öcalan,18,Kadın,İstanbul,Lise,İşsiz,8000.0,Bekar,1223,2018-01-26
C01548,Öğr. Ömür Mirbadin Yüksel,41,Kadın,Ankara,Lisans,İşsiz,18005.9,Bekar,1567,2024-09-10
C01549,Demirok Münif Korutürk,47,Erkek,İzmir,Lisans,Ücretli Çalışan,41247.06,Evli,1151,2017-06-27
C01550,Ramadan Tümkurt Bilir Güçlü,39,Erkek,İstanbul,Ön Lisans,Ücretli Çalışan,9628.46,Bekar,1322,2018-05-31
C01551,Mihrab İhsanoğlu Hayrioğlu,37,Erkek,İstanbul,Ön Lisans,Ücretli Çalışan,26422.63,Dul,1511,2017-10-08
C01552,Dr. Yurdanur Türk,47,Kadın,İstanbul,İlkokul,Ücretli Çalışan,27352.09,Boşanmış,1900,2017-05-18
C01553,Ergönül Noman Şener Hançer,36,Erkek,Mersin,Lise,Ücretli Çalışan,13049.95,Evli,1441,2017-10-30
C01554,Ismık Akgündüz,30,Erkek,Ankara,Lise,Emekli,38827.43,Bekar,1389,2022-08-29
C01555,Türabi Durdali Demir,33,Kadın,Ankara,Lisans,Serbest Meslek,16121.48,Boşanmış,1679,2023-05-02
C01556,Dr. Merdi Günkurt Yılmaz,38,Erkek,İstanbul,Lise,İşveren,14931.82,Dul,1796,2015-12-24
C01557,Prof. Evrimer Zengin,29,Kadın,Bursa,Lisans,Emekli,20251.92,Bekar,1623,2021-07-30
C01558,Kopan Özger Yüksel Yılmaz,20,Kadın,İstanbul,Ön Lisans,İşsiz,24738.53,Bekar,876,2015-11-03
C01559,Seçme Özdal Sezer,49,Erkek,Ankara,Ön Lisans,Emekli,12923.56,Evli,1513,2020-12-25
C01560,Doç. Şahdiye Manço Arsoy,53,Kadın,İstanbul,Ön Lisans,Serbest Meslek,29367.57,Boşanmış,1562,2024-12-30
C01561,Erdursun Aksu,37,Erkek,Mersin,Ön Lisans,Emekli,15376.74,Bekar,1827,2025-03-19
C01562,Dr. Naide İhsanoğlu İnönü,31,Erkek,Ankara,Yüksek Lisans,Ücretli Çalışan,12497.95,Bekar,1546,2016-11-14
C01563,Altuğ Hüryaşar Şensoy,30,Kadın,İstanbul,Yüksek Lisans,Serbest Meslek,12996.97,Bekar,1019,2023-11-28
C01564,Vâlâ Duran,34,Kadın,Adana,Ön Lisans,İşsiz,19202.16,Bekar,1280,2016-11-08
C01565,Bağdaş N˜zamett˜n Bilgin Hayrioğlu,51,Erkek,İzmir,Ön Lisans,Ücretli Çalışan,25263.2,Boşanmış,1452,2017-04-27
C01566,Sehel Gülgen Yıldırım Sezer,37,Kadın,Bursa,Lisans,Ücretli Çalışan,25073.6,Bekar,1818,2024-11-10
C01567,Neslinur Gül Yaman,41,Erkek,İzmir,Lisans,Emekli,16137.34,Boşanmış,1211,2018-05-27
C01568,Aygönenç Soylu,22,Erkek,Antalya,Lisans,Emekli,26898.38,Evli,1524,2017-07-06
C01569,Arş. Gör. Mefharet Zeyno Sezer Soylu,46,Kadın,İstanbul,Lisans,Ücretli Çalışan,18809.23,Boşanmış,1851,2025-05-26
C01570,Semender Akçay,34,Kadın,Bursa,Lise,Ücretli Çalışan,30634.16,Evli,1490,2020-12-29
C01571,Muvahhide Simber Aslan Bilge,32,Erkek,Bursa,Doktora,Ücretli Çalışan,26020.47,Boşanmış,1602,2015-12-07
C01572,Dr. Ruhsat Manço,44,Erkek,Adana,Ön Lisans,Emekli,20672.82,Boşanmış,1450,2018-08-22
C01573,Çev. Kandef Zevlüde Arsoy Ertaş,68,Kadın,Gaziantep,Lise,İşsiz,33959.21,Boşanmış,1400,2016-12-24
C01574,Örik Şener,41,Kadın,İzmir,Doktora,Ücretli Çalışan,31357.88,Bekar,1629,2023-02-07
C01575,Güldam Akgündüz Yıldırım,40,Erkek,Samsun,Lise,Serbest Meslek,17385.57,Evli,1479,2024-02-28
C01576,Hayel Mujde Gül Erdoğan,18,Erkek,İstanbul,Lisans,Ücretli Çalışan,21911.58,Dul,1297,2016-09-29
C01577,Gülev Fırat Tarhan,59,Erkek,Ankara,Yüksek Lisans,Ücretli Çalışan,20104.62,Bekar,1202,2020-07-24
C01578,Prof. Âlemşah Manço Mansız,39,Kadın,Gaziantep,Lise,Ücretli Çalışan,12447.13,Dul,1498,2023-03-07
C01579,Musaffa Rengül Şensoy,43,Erkek,İstanbul,Lise,Ücretli Çalışan,30669.62,Evli,1302,2024-03-02
C01580,Dilcan Sakarya,40,Kadın,İstanbul,Lise,Ücretli Çalışan,10783.15,Evli,1555,2020-02-07
C01581,Alaaddin Karadeniz,46,Erkek,İstanbul,Lisans,Emekli,24912.18,Bekar,1460,2021-10-07
C01582,Cavit Bilge,44,Erkek,İstanbul,Lisans,Ücretli Çalışan,41025.64,Bekar,1428,2016-06-25
C01583,Denkel Bahaddin Soylu,41,Kadın,İstanbul,Yüksek Lisans,Ücretli Çalışan,12225.06,Bekar,1162,2023-11-20
C01584,Ayvas Türk,41,Kadın,İzmir,Lisans,İşsiz,32753.66,Bekar,1155,2017-04-08
C01585,Tangül Fırat Mansız,37,Erkek,Gaziantep,Lise,Ücretli Çalışan,16595.75,Dul,1366,2016-09-24
C01586,Aytöz Arsoy,43,Erkek,Bursa,Lise,Ücretli Çalışan,10160.21,Bekar,1700,2016-02-26
C01587,Yrd. Doç. Yekda Arkut Yılmaz,32,Kadın,İzmir,Lisans,Ücretli Çalışan,27580.29,Evli,1182,2015-01-05
C01588,Turabi Soylu,48,Kadın,İstanbul,Ön Lisans,Emekli,26967.16,Boşanmış,1556,2022-05-08
C01589,Nasuf Sezgin,28,Erkek,Antalya,Lisans,Ücretli Çalışan,22298.99,Bekar,1204,2020-07-07
C01590,Ismık Sağıt Korutürk,36,Kadın,İstanbul,Yüksek Lisans,Ücretli Çalışan,31673.51,Boşanmış,1699,2019-01-03
C01591,Av. Nili Ağbegim Alemdar,40,Erkek,İstanbul,Yüksek Lisans,Ücretli Çalışan,12853.06,Bekar,1541,2025-01-16
C01592,Yosma Türk,40,Kadın,İstanbul,Lisans,Ücretli Çalışan,8000.0,Evli,1575,2022-08-14
C01593,İyiyürek Hançer,39,Erkek,Bursa,Lise,Ücretli Çalışan,34238.4,Bekar,1226,2018-01-15
C01594,Doğuhan Fırat,18,Erkek,Eskişehir,Lisans,Emekli,22597.35,Bekar,1452,2023-11-06
C01595,Azettin Yolal Bilgin Duran,19,Kadın,Konya,Lise,Ücretli Çalışan,12831.72,Evli,1900,2019-05-19
C01596,Gülev Akar Fırat,36,Erkek,Gaziantep,Lise,Ücretli Çalışan,27692.91,Dul,1337,2023-02-24
C01597,Yrd. Doç. Teber Cebesoy Durmuş,18,Kadın,Ankara,Lise,Ücretli Çalışan,18460.41,Dul,1353,2018-12-15
C01598,Doç. Deha Ünsever Ergül,35,Erkek,İzmir,Doktora,Ücretli Çalışan,18928.27,Boşanmış,1566,2016-07-20
C01599,Doç. Salimet Cuheyna Aksu Çetin,38,Kadın,Ankara,Lisans,İşveren,11284.63,Dul,1501,2020-12-21
C01600,Arş. Gör. Koçkan Zorlu,18,Kadın,Ankara,Lisans,Ücretli Çalışan,8000.0,Dul,1484,2020-11-28
C01601,Ferhan Duran,46,Kadın,Antalya,Lise,Serbest Meslek,19422.2,Bekar,1151,2017-04-12
C01602,Okt. Miray Zümre Hayrioğlu Akdeniz,31,Kadın,Ankara,Ön Lisans,İşsiz,17707.86,Evli,821,2025-04-30
C01603,Risalet Sanur Alemdar Gül,31,Erkek,Ankara,Lisans,Ücretli Çalışan,26730.18,Evli,1856,2018-04-22
C01604,Şennur Yüksel,34,Erkek,İstanbul,Lisans,Ücretli Çalışan,28012.88,Bekar,1021,2023-05-18
C01605,Karanbay Öcalan,47,Kadın,Ankara,İlkokul,Ücretli Çalışan,13880.26,Dul,1456,2019-03-03
C01606,Nevgin Dumanlı,37,Kadın,Antalya,Lise,Ücretli Çalışan,36104.99,Evli,1281,2015-05-04
C01607,Öğr. Abiye Ayasun Arslan Tevetoğlu,47,Kadın,İstanbul,Lise,Ücretli Çalışan,17574.81,Dul,1460,2016-09-05
C01608,Rabih Yaman,37,Erkek,Adana,Lisans,İşveren,13622.08,Boşanmış,1376,2020-04-09
C01609,Ahter Melûl Bilgin,39,Erkek,Ankara,Lisans,Ücretli Çalışan,22215.78,Bekar,1521,2018-03-20
C01610,Şükri Hayrioğlu,49,Kadın,Mersin,İlkokul,Ücretli Çalışan,30199.45,Evli,1237,2020-08-23
C01611,Öncel Alemdar,50,Erkek,Gaziantep,Lisans,Ücretli Çalışan,11686.02,Dul,1526,2021-03-19
C01612,Çağlar Zorlu,47,Erkek,Eskişehir,Lisans,Serbest Meslek,8433.0,Evli,1403,2019-10-02
C01613,Aykutalp Türk,34,Erkek,Denizli,Lisans,Emekli,14165.37,Evli,1677,2023-05-02
C01614,Okt. Ferahdiba Eriş Eraslan Arsoy,32,Kadın,İstanbul,Lise,Ücretli Çalışan,13865.1,Bekar,1398,2024-02-27
C01615,Öğr. Erinçer Ürfettin Hançer,48,Erkek,Ankara,Lisans,Serbest Meslek,18699.61,Dul,1791,2016-11-06
C01616,Serezli Gülen,46,Erkek,Bursa,Lise,Ücretli Çalışan,8000.0,Bekar,1247,2016-03-03
C01617,Yıldır Erdoğan,33,Erkek,İstanbul,Lise,Ücretli Çalışan,24728.52,Bekar,843,2015-09-25
C01618,Süner Akçay,70,Kadın,Adana,Lise,Ücretli Çalışan,25310.17,Evli,1537,2022-02-27
C01619,Av. Ünsever Alemdar Çamurcuoğlu,54,Kadın,İstanbul,Doktora,Emekli,57219.17,Bekar,1677,2021-04-28
C01620,Sökmen Toker Hançer Türk,51,Erkek,İstanbul,Lise,İşsiz,21137.64,Boşanmış,1184,2015-02-04
C01621,Beste Öcalan Yorulmaz,34,Erkek,Samsun,Lisans,İşsiz,13742.52,Boşanmış,928,2023-06-07
C01622,Nazıdil Akgündüz,23,Erkek,Denizli,Lisans,Ücretli Çalışan,19261.39,Bekar,998,2018-09-19
C01623,Öğr. Duyguhan Halenur Korutürk,42,Kadın,İzmir,Lisans,Ücretli Çalışan,19607.18,Bekar,1536,2021-08-02
C01624,Temuçin Öcalan,33,Erkek,Bursa,Yüksek Lisans,İşveren,79585.5,Boşanmış,1840,2016-10-22
C01625,Ayşenur Hançer Fırat,25,Erkek,İstanbul,Lisans,Ücretli Çalışan,22132.24,Evli,1347,2024-12-01
C01626,Gümüştekin Sakip Durdu,27,Kadın,Konya,Lise,Ücretli Çalışan,10904.9,Boşanmış,1488,2020-01-07
C01627,Günver Zorlu,31,Erkek,İstanbul,Lisans,İşveren,30807.75,Dul,1748,2015-06-13
C01628,Uz. Aliihsan Ulu Gül,56,Erkek,İstanbul,Doktora,Emekli,13580.99,Bekar,1458,2016-09-16
C01629,Semat İnönü Tevetoğlu,47,Erkek,İstanbul,İlkokul,Serbest Meslek,16100.73,Boşanmış,1307,2021-02-19
C01630,Dölensoy Şafak,59,Kadın,İzmir,Ön Lisans,Emekli,22078.8,Evli,1618,2018-04-25
C01631,Pembesin Fadıla Yaman,30,Erkek,Bursa,Ön Lisans,Ücretli Çalışan,11514.03,Bekar,1237,2017-01-03
C01632,Bilay Güçlü,38,Erkek,İstanbul,Ön Lisans,Serbest Meslek,12346.17,Boşanmış,1377,2023-07-23
C01633,Sarpkın Korugan Eraslan,19,Kadın,Eskişehir,Doktora,Emekli,12039.87,Dul,1427,2015-06-12
C01634,Korugan Zorlu,47,Erkek,Ankara,Yüksek Lisans,Ücretli Çalışan,16708.21,Evli,1245,2019-12-11
C01635,Prof. Elvan Erbay Güçlü,27,Erkek,Ankara,Lisans,Ücretli Çalışan,16848.71,Dul,1661,2017-12-12
C01636,N˜zamett˜n Gülen,51,Kadın,Bursa,Lisans,Emekli,15939.58,Evli,1171,2022-11-06
C01637,Seha Mansız,43,Kadın,İstanbul,Lise,İşveren,13758.46,Dul,1250,2016-10-10
C01638,Öğr. Arpağ Erten Öcalan,55,Kadın,İstanbul,Yüksek Lisans,Serbest Meslek,28917.49,Bekar,1539,2018-11-30
C01639,Okt. Ünal Bitül Demir,24,Erkek,İstanbul,Lise,Ücretli Çalışan,21919.42,Bekar,1685,2025-04-15
C01640,Öğr. Neşrin Nazıdil Akar,35,Erkek,Konya,Lise,İşsiz,36607.24,Boşanmış,1543,2015-09-22
C01641,Nazende Tevetoğlu,59,Erkek,İstanbul,Lisans,Ücretli Çalışan,22864.93,Bekar,1646,2018-02-14
C01642,Öktürk Hançer,56,Kadın,Samsun,Lise,Ücretli Çalışan,24375.34,Evli,1374,2018-08-04
C01643,Okt. Tarancı Alemdar,34,Erkek,İstanbul,Lisans,Serbest Meslek,22188.95,Dul,1177,2020-04-23
C01644,Yrd. Doç. Eşim Selcen Türk İhsanoğlu,38,Kadın,Kayseri,Yüksek Lisans,Ücretli Çalışan,32644.97,Dul,952,2018-01-10
C01645,Öğr. Uygun Karaer Manço,58,Kadın,İstanbul,Lise,Ücretli Çalışan,33026.59,Dul,1385,2015-12-01
C01646,Barak Korutürk,46,Erkek,Kayseri,Lisans,Ücretli Çalışan,19958.62,Boşanmış,1807,2017-01-23
C01647,Eraycan Taygan İhsanoğlu,51,Kadın,Mersin,Ön Lisans,İşveren,10614.41,Boşanmış,1526,2016-11-04
C01648,İsmet Alemdar,37,Erkek,İzmir,Lisans,Ücretli Çalışan,20687.29,Evli,1317,2022-10-24
C01649,Alaz Naz Sezer,60,Erkek,Gaziantep,Lisans,Ücretli Çalışan,31825.65,Evli,1315,2015-11-15
C01650,Göknur Muktedir Güçlü Yıldırım,23,Kadın,Ankara,Doktora,Serbest Meslek,16754.92,Boşanmış,1528,2015-02-28
C01651,Gülçe Korutürk,42,Erkek,Eskişehir,Ön Lisans,Ücretli Çalışan,35028.24,Boşanmış,1697,2016-04-10
C01652,Deviner Duran,51,Erkek,İstanbul,Lisans,İşveren,23088.38,Dul,1152,2024-05-02
C01653,Zülbiye Güçlü,37,Erkek,Bursa,Lisans,Emekli,32113.78,Bekar,1447,2017-06-14
C01654,Vargın Sezer,46,Kadın,Ankara,Lisans,Serbest Meslek,17267.19,Evli,1242,2021-09-27
C01655,Karataş Zengin,38,Erkek,İstanbul,Lise,Ücretli Çalışan,22904.1,Bekar,1336,2019-02-25
C01656,Erik Cabir Yorulmaz,37,Kadın,Ankara,Lise,İşveren,13059.11,Bekar,1659,2022-11-04
C01657,Gülper Koncagül Yorulmaz,36,Erkek,Ankara,Ön Lisans,Ücretli Çalışan,38320.49,Dul,1882,2020-11-12
C01658,Dr. Akgüneş Bediriye Kısakürek Ülker,39,Erkek,İstanbul,Lise,İşsiz,12659.94,Dul,578,2019-03-09
C01659,Nevgin Bilge,22,Kadın,İzmir,Ön Lisans,Ücretli Çalışan,10740.47,Dul,1644,2022-02-10
C01660,Adlan Feza Bilge Akgündüz,41,Kadın,Trabzon,Lisans,Ücretli Çalışan,23749.63,Bekar,944,2016-01-03
C01661,Hanim Kısakürek Zorlu,25,Erkek,İstanbul,Lisans,Serbest Meslek,29708.42,Bekar,1571,2022-02-07
C01662,Gülel Nurkan Bilge Tevetoğlu,38,Kadın,Antalya,Yüksek Lisans,Ücretli Çalışan,25698.27,Evli,1900,2017-07-01
C01663,Cihandide Akar,37,Erkek,İstanbul,Yüksek Lisans,İşveren,20562.34,Bekar,1548,2018-12-07
C01664,Arş. Gör. Amre Aygönenç Yüksel İhsanoğlu,68,Erkek,Ankara,Lisans,İşsiz,8000.0,Dul,1270,2015-02-01
C01665,Müveddet Tangül Gülen,38,Kadın,İzmir,Lise,Emekli,25720.59,Boşanmış,1295,2018-06-13
C01666,Bay Heyvetullah Tarhan,39,Erkek,Antalya,İlkokul,İşveren,27450.37,Dul,1900,2015-05-14
C01667,Neptün Menişan Yüksel Zorlu,49,Kadın,Konya,Lisans,Ücretli Çalışan,13607.42,Boşanmış,1274,2018-10-04
C01668,Balca Şener,34,Erkek,İstanbul,Doktora,Ücretli Çalışan,8883.59,Evli,1297,2021-11-29
C01669,Nürice Akgündüz,48,Kadın,Gaziantep,Lisans,Serbest Meslek,11232.82,Evli,1642,2022-02-19
C01670,Sayrak Akça,45,Kadın,Ankara,Lise,Ücretli Çalışan,14322.61,Evli,1344,2019-11-27
C01671,Hadrey Manço,59,Kadın,İzmir,Lisans,Ücretli Çalışan,27725.19,Dul,1502,2024-06-15
C01672,Pekkan Ülker,37,Erkek,Gaziantep,Lise,İşveren,20629.43,Boşanmış,1372,2017-04-14
C01673,Atılgan Gül,18,Kadın,Ankara,Lisans,Ücretli Çalışan,49960.1,Evli,1458,2015-04-24
C01674,Yahşi Tarhan Mansız,44,Kadın,Bursa,İlkokul,Serbest Meslek,19417.72,Evli,1316,2020-02-02
C01675,Öğr. Ensari Serol Manço,37,Erkek,İstanbul,Lisans,Serbest Meslek,9703.8,Evli,1900,2018-05-01
C01676,Çev. Şehza Mümtaze Dumanlı,25,Kadın,Adana,Lisans,Ücretli Çalışan,12526.67,Dul,1269,2023-08-22
C01677,Dilder Şensoy,55,Kadın,İstanbul,Yüksek Lisans,Ücretli Çalışan,20060.92,Bekar,1190,2022-02-27
C01678,Sezginbaş Duran,55,Kadın,İstanbul,Yüksek Lisans,İşsiz,27693.42,Bekar,1354,2016-03-14
C01679,Berkal Hançer,48,Erkek,Mersin,Lise,Ücretli Çalışan,58539.84,Dul,1900,2024-06-21
C01680,Melihcan Çamurcuoğlu,31,Kadın,Ankara,Ön Lisans,Ücretli Çalışan,41388.08,Bekar,1595,2019-08-22
C01681,Turabi İhsanoğlu,45,Kadın,İstanbul,Ön Lisans,Ücretli Çalışan,9306.59,Boşanmış,1337,2022-02-08
C01682,Okt. Arcan Durmuş,30,Kadın,İstanbul,İlkokul,Emekli,28929.77,Evli,1727,2022-05-25
C01683,Cevheri Gülşahin Karadeniz Akgündüz,18,Kadın,İstanbul,Lise,Serbest Meslek,19733.72,Boşanmış,1700,2020-06-05
C01684,Yunt Yıldırım,37,Kadın,İstanbul,Lisans,İşsiz,27669.3,Bekar,1307,2017-02-28
C01685,Rojnu Seven,44,Kadın,İzmir,Lisans,Serbest Meslek,17639.72,Evli,1195,2024-09-20
C01686,Selmin Kutun Manço,26,Kadın,İstanbul,Lise,Ücretli Çalışan,27424.95,Bekar,1504,2023-02-28
C01687,Bahaddin Yaman,38,Kadın,İstanbul,Ön Lisans,Serbest Meslek,16469.24,Bekar,1423,2018-11-28
C01688,Bay Çinerk Mansız,52,Erkek,İzmir,Lisans,Serbest Meslek,17139.49,Dul,1164,2020-09-30
C01689,Şelâle Durdu,48,Kadın,İstanbul,Lise,Emekli,18175.06,Boşanmış,1467,2019-05-29
C01690,Yrd. Doç. Ekmel Ekber Tarhan,59,Erkek,İstanbul,Lise,Ücretli Çalışan,19746.82,Dul,1572,2019-11-11
C01691,Idık Çorlu,25,Erkek,Bursa,Lise,Emekli,18054.47,Boşanmış,1612,2021-12-26
C01692,Uz. Turcein Akdeniz Tevetoğlu,21,Erkek,Ankara,Lisans,Ücretli Çalışan,21815.59,Boşanmış,1445,2025-01-25
C01693,Doç. Nurda Akçay Akdeniz,40,Kadın,Ankara,Yüksek Lisans,Serbest Meslek,31784.1,Boşanmış,1583,2021-07-31
C01694,Tanyu Güçlü Yaman,57,Erkek,Ankara,Lise,Ücretli Çalışan,12744.88,Boşanmış,1413,2019-10-25
C01695,Öğr. Ecemiş Türk,41,Erkek,İstanbul,Lise,İşveren,12318.23,Boşanmış,1619,2019-03-04
C01696,Prof. Algış Kitan Akça,67,Erkek,İstanbul,Lise,Ücretli Çalışan,19778.43,Bekar,1626,2023-01-15
C01697,Öğr. Gülselin Gülsevil Erdoğan,41,Erkek,İzmir,Lise,Ücretli Çalışan,14456.32,Evli,924,2021-04-19
C01698,Öğr. Tarancı Soylu,31,Erkek,Bursa,Lisans,Ücretli Çalışan,10653.23,Bekar,1806,2021-04-16
C01699,Sevginur Akgündüz,38,Kadın,Bursa,Lisans,Ücretli Çalışan,17057.35,Dul,1722,2018-07-25
C01700,Öğr. Kutay Örik Türk,26,Kadın,İstanbul,Lisans,İşveren,14113.84,Dul,1397,2015-07-11
C01701,Mihriye Gülen Mansız,52,Erkek,İstanbul,Ön Lisans,İşsiz,24978.19,Boşanmış,1282,2021-08-18
C01702,Ramadan Baki Dumanlı,40,Kadın,İstanbul,Lisans,Ücretli Çalışan,23863.52,Bekar,1550,2025-03-23
C01703,Av. Aylil Hilayda Fırat Duran,27,Kadın,Kayseri,Ön Lisans,Ücretli Çalışan,20347.95,Bekar,1231,2018-10-13
C01704,Aygönenç Durmuş Kısakürek,40,Kadın,İzmir,Lisans,Serbest Meslek,16053.92,Dul,1900,2023-02-10
C01705,Cüneyit Feyruz Dumanlı,39,Erkek,Adana,Ön Lisans,Ücretli Çalışan,10594.52,Boşanmış,1346,2020-07-15
C01706,Merim Öcalan Alemdar,46,Erkek,İstanbul,Doktora,Serbest Meslek,42319.95,Dul,1352,2024-07-08
C01707,Sevsevil Fitnat Şafak,21,Kadın,Kayseri,Yüksek Lisans,Serbest Meslek,28784.05,Bekar,1074,2015-04-30
C01708,Şeyda Ayşenur Sezer,34,Kadın,İstanbul,Doktora,Ücretli Çalışan,17748.76,Dul,1482,2017-07-16
C01709,Müzekker Karadeniz,48,Kadın,Adana,Lisans,Ücretli Çalışan,14652.48,Bekar,1311,2022-09-20
C01710,Dr. Tomurcuk Dilhuş Akçay Öcalan,39,Erkek,Mersin,İlkokul,Emekli,21318.26,Bekar,1484,2018-05-31
C01711,Kocabaş Seven,45,Erkek,Antalya,Lisans,Ücretli Çalışan,29135.94,Dul,1598,2018-01-10
C01712,Serfinaz Yıldırım,45,Kadın,Bursa,Lise,Serbest Meslek,9779.07,Boşanmış,1392,2024-08-31
C01713,Öğr. Suat Akçay,45,Erkek,Bursa,Lisans,Ücretli Çalışan,27667.77,Evli,1326,2021-06-25
C01714,Muvaffak Çorlu,32,Erkek,Denizli,Lise,Ücretli Çalışan,15392.79,Dul,1634,2017-07-14
C01715,Muvahhide Sezer,52,Erkek,Adana,Ön Lisans,Ücretli Çalışan,16591.45,Evli,1726,2022-05-25
C01716,Doç. Yümun Demir,41,Kadın,Antalya,Lise,Serbest Meslek,18846.29,Dul,1447,2015-09-04
C01717,Bariş Demirel,48,Kadın,İzmir,Ön Lisans,Ücretli Çalışan,23075.11,Dul,1900,2016-03-04
C01718,Dr. Neyran Binay Fırat Demirel,29,Erkek,Konya,Lise,Ücretli Çalışan,25163.4,Dul,1367,2022-05-08
C01719,Umuşan Mansız Akça,29,Kadın,Eskişehir,Lise,Ücretli Çalışan,19833.14,Boşanmış,1534,2019-04-29
C01720,Öğr. Satrettin Kısakürek,75,Kadın,Konya,Lise,İşsiz,18345.4,Boşanmış,937,2019-09-29
C01721,Öge Cabir Çamurcuoğlu,43,Erkek,Samsun,Lisans,Ücretli Çalışan,8000.0,Bekar,1357,2016-08-26
C01722,Özgün Bilge,40,Kadın,Adana,Lise,Ücretli Çalışan,28497.46,Dul,1743,2017-02-05
C01723,Buhari Bilge,33,Erkek,Antalya,Ön Lisans,Ücretli Çalışan,18624.32,Boşanmış,1308,2016-04-29
C01724,Cebesoy Öcalan,26,Kadın,Ankara,Lise,Emekli,22912.84,Dul,1141,2020-08-18
C01725,Lütfi Gökçebalan Hançer,35,Erkek,İstanbul,Lise,Ücretli Çalışan,12735.79,Bekar,1517,2015-07-21
C01726,Çev. Gülbani Duha Akçay Yaman,61,Erkek,İstanbul,Lise,Serbest Meslek,11095.39,Evli,916,2021-08-30
C01727,Abdulkadir Mansız,38,Erkek,İzmir,Lise,Ücretli Çalışan,20071.66,Bekar,1554,2022-04-01
C01728,Akyıldız Ertaş,34,Kadın,İstanbul,Lise,Ücretli Çalışan,18209.75,Bekar,1591,2021-06-14
C01729,Av. Teybet Duran Sezgin,52,Kadın,İzmir,Lise,Ücretli Çalışan,8268.66,Dul,1287,2019-05-25
C01730,Tanak Akgündüz,42,Kadın,Adana,Yüksek Lisans,Ücretli Çalışan,13186.0,Boşanmış,1812,2020-07-21
C01731,Öğr. Günsel Zengin Ülker,32,Kadın,Ankara,Lise,Ücretli Çalışan,19563.45,Boşanmış,1639,2023-03-25
C01732,Öğr. Rengül Dumanlı Çorlu,32,Kadın,İzmir,Lisans,Ücretli Çalışan,8682.3,Dul,1272,2023-04-16
C01733,Ercihan Akgündüz,52,Kadın,İstanbul,Lisans,Ücretli Çalışan,17126.76,Evli,1288,2017-02-06
C01734,Çolpan Alemdar,51,Erkek,İstanbul,İlkokul,Ücretli Çalışan,17173.99,Dul,1372,2019-10-19
C01735,Aliabbas Akçay,41,Kadın,Denizli,Yüksek Lisans,Ücretli Çalışan,28193.24,Evli,1900,2022-08-14
C01736,Alpcan Şensoy,49,Kadın,Bursa,Yüksek Lisans,İşveren,33588.13,Bekar,1373,2020-06-23
C01737,Aycagül Ezgin Akdeniz Türk,27,Erkek,İstanbul,Lisans,Emekli,20497.31,Boşanmış,1486,2024-05-14
C01738,Müret Birgül Yorulmaz,27,Kadın,Adana,Lisans,Ücretli Çalışan,18418.62,Bekar,1599,2018-06-01
C01739,Kızıltunç Cavit Aksu Tarhan,44,Erkek,İzmir,Lisans,İşveren,25007.46,Boşanmış,1572,2022-06-10
C01740,Şerman Şadıman Durdu,33,Erkek,İzmir,Lisans,Ücretli Çalışan,15815.48,Boşanmış,1200,2022-12-18
C01741,Öğr. Çamok Zengin,61,Erkek,İstanbul,Lisans,Ücretli Çalışan,20051.37,Bekar,1443,2016-08-28
C01742,Aybet Büşranur Öcalan Hançer,28,Kadın,Antalya,Lise,İşsiz,74685.86,Dul,951,2015-05-07
C01743,Nili Akçay,34,Erkek,Ankara,Lisans,Ücretli Çalışan,24031.64,Evli,1650,2025-04-28
C01744,Begim İnönü Şafak,51,Kadın,Samsun,Yüksek Lisans,İşsiz,44955.29,Dul,1346,2024-10-28
C01745,Feza Güçlü,27,Erkek,Eskişehir,Lise,Ücretli Çalışan,17754.15,Boşanmış,1576,2019-05-21
C01746,Bayman Sezer,64,Erkek,Ankara,İlkokul,Serbest Meslek,10625.24,Boşanmış,1680,2024-05-09
C01747,Mümtaze Fırat,42,Erkek,Konya,Lisans,Serbest Meslek,29057.26,Boşanmış,1474,2018-03-27
C01748,Arş. Gör. Gülçe Gülçe Mansız,29,Kadın,İzmir,Lisans,Ücretli Çalışan,27942.18,Dul,1663,2022-08-21
C01749,Baki Serhatmehmet Gül,51,Erkek,Bursa,Lisans,Ücretli Çalışan,19811.4,Boşanmış,1350,2020-06-17
C01750,Nuretdin Gül,21,Erkek,İstanbul,İlkokul,Ücretli Çalışan,28816.92,Boşanmış,1525,2024-04-04
C01751,Salimet Şennur Akdeniz,28,Kadın,İzmir,İlkokul,Serbest Meslek,15640.86,Boşanmış,1383,2022-05-28
C01752,Işın Fırat,22,Kadın,İstanbul,Ön Lisans,İşveren,13794.74,Boşanmış,1016,2023-10-22
C01753,Elifnur Şirivan Durdu Soylu,35,Kadın,Samsun,Lisans,Emekli,14293.87,Evli,933,2023-03-22
C01754,Öğr. Gülay Akgündüz Mansız,64,Kadın,İstanbul,İlkokul,Ücretli Çalışan,35018.9,Boşanmış,1305,2017-10-15
C01755,Doç. Fetullah Dayar Yılmaz,43,Erkek,Ankara,Yüksek Lisans,İşveren,24049.25,Bekar,1797,2025-01-05
C01756,Akalan Nafii Şener Çetin,30,Erkek,Bursa,Lise,Ücretli Çalışan,32579.81,Dul,1363,2022-08-12
C01757,Zekayi Şemsettin Bilir Sezgin,23,Kadın,Antalya,Lise,Emekli,27608.02,Evli,1702,2019-09-02
C01758,Öğr. Aysema Müveddet Ergül,71,Erkek,Ankara,Lise,Serbest Meslek,11615.82,Dul,1554,2021-02-13
C01759,Abdülsamed Şener,35,Erkek,İstanbul,Lisans,Ücretli Çalışan,28353.66,Boşanmış,1132,2020-08-25
C01760,Uğan Arslan,24,Erkek,İzmir,Ön Lisans,Emekli,14056.73,Dul,1279,2019-08-08
C01761,Begim Hançer,32,Kadın,Samsun,Ön Lisans,Ücretli Çalışan,26811.19,Evli,1756,2021-11-24
C01762,Türcan Zümre Hayrioğlu,47,Kadın,Bursa,Ön Lisans,Emekli,41293.25,Boşanmış,1563,2015-08-08
C01763,Bariş Tarhan,25,Erkek,İstanbul,Lisans,İşveren,36809.8,Dul,1348,2024-01-21
C01764,Nasiba Gülen,50,Erkek,Gaziantep,Lise,İşveren,40464.5,Boşanmış,1614,2024-04-22
C01765,İsmet Akçay,22,Kadın,Ankara,Lise,İşsiz,13184.6,Boşanmış,1350,2021-05-05
C01766,Gürsal Karadeniz,37,Erkek,Kayseri,Lise,Ücretli Çalışan,20656.97,Bekar,1689,2022-11-13
C01767,Söyler Çamurcuoğlu,48,Kadın,İzmir,Yüksek Lisans,Ücretli Çalışan,22594.46,Evli,1447,2017-07-04
C01768,Prof. Aybet Şensoy Yaman,36,Kadın,Ankara,Lise,Emekli,29320.86,Bekar,1598,2024-01-13
C01769,Uz. Sevla Akçay Bilge,36,Kadın,İstanbul,İlkokul,Ücretli Çalışan,32433.61,Bekar,1467,2020-10-30
C01770,Seyhan Çetin,29,Kadın,İstanbul,İlkokul,Ücretli Çalışan,14164.06,Dul,1135,2019-05-20
C01771,Doç. Azize Yahşi Hançer,36,Kadın,İstanbul,Ön Lisans,Ücretli Çalışan,34723.64,Evli,1298,2024-03-13
C01772,Çilga Duran,42,Erkek,Gaziantep,Lisans,Ücretli Çalışan,14831.22,Bekar,1314,2019-11-06
C01773,Dinçkol Durdu,21,Kadın,İstanbul,Lisans,Ücretli Çalışan,18047.42,Evli,1371,2016-11-30
C01774,Nejdet Erdoğan,46,Kadın,İzmir,Lise,Ücretli Çalışan,22036.96,Bekar,1200,2021-08-08
C01775,Fami Karadeniz,53,Erkek,Ankara,Lisans,Ücretli Çalışan,21908.64,Bekar,1549,2020-03-15
C01776,Hanedan Kısakürek,39,Erkek,İstanbul,Lise,Ücretli Çalışan,15788.06,Bekar,1554,2021-04-30
C01777,Yrd. Doç. Tali Kısakürek,45,Erkek,İstanbul,Lisans,Ücretli Çalışan,9080.61,Dul,1245,2015-06-24
C01778,Yrd. Doç. Basım Bilge,36,Erkek,Samsun,Ön Lisans,Emekli,22365.54,Dul,1758,2018-02-08
C01779,Miray Atanur Aslan,30,Kadın,Ankara,Yüksek Lisans,Ücretli Çalışan,15929.33,Evli,1371,2018-11-29
C01780,Dr. Temime Havse Arsoy,30,Erkek,İzmir,Lise,Emekli,17047.62,Evli,1652,2018-12-12
C01781,Av. Menişan Güngören Fırat Hançer,27,Erkek,İzmir,Yüksek Lisans,Serbest Meslek,24161.52,Evli,1074,2018-02-14
C01782,Dr. Karakucak Çetin,33,Erkek,Eskişehir,Lise,İşveren,17183.93,Dul,1900,2019-03-23
C01783,Över Denkel Çamurcuoğlu,36,Kadın,Bursa,Yüksek Lisans,İşsiz,8000.0,Boşanmış,600,2016-06-14
C01784,Mishat Zorlu,40,Erkek,Bursa,Lisans,Serbest Meslek,26270.37,Bekar,1593,2015-07-04
C01785,Öztürk Güçlü,42,Kadın,İstanbul,Lisans,Ücretli Çalışan,33624.72,Dul,1365,2022-08-14
C01786,Cüneyit Şama,50,Kadın,Denizli,Lisans,Ücretli Çalışan,9562.39,Evli,1153,2016-03-07
C01787,Doç. Yazgül Hançer Öcalan,18,Kadın,Adana,Ön Lisans,Emekli,17611.72,Dul,1368,2025-05-06
C01788,Evde Öcalan,41,Erkek,İstanbul,Lisans,Ücretli Çalışan,20493.18,Bekar,1268,2019-12-14
C01789,İlgi Pehlil Tarhan Yaman,37,Kadın,Eskişehir,Lise,İşveren,10159.34,Dul,1720,2019-03-27
C01790,Yilmaz Türk,36,Kadın,İstanbul,Ön Lisans,Ücretli Çalışan,15994.52,Boşanmış,1897,2017-07-12
C01791,Öğr. Yalın Divan Yılmaz Hançer,25,Kadın,Ankara,Lisans,Ücretli Çalışan,12009.89,Evli,1105,2015-12-19
C01792,Uzsoy Şemsettin Tevetoğlu,39,Kadın,İstanbul,Lisans,Serbest Meslek,24203.06,Bekar,1684,2019-01-12
C01793,Güçyeter Ertaş,70,Kadın,Ankara,Lisans,İşveren,8000.0,Dul,1532,2017-02-17
C01794,Ağakişi Ramadan Öcalan,33,Erkek,İzmir,Ön Lisans,İşveren,15307.73,Evli,1345,2023-12-28
C01795,Anargül Ürper İnönü,29,Erkek,Bursa,Yüksek Lisans,Ücretli Çalışan,42533.03,Bekar,1710,2016-06-04
C01796,Gülçe Mujde Akar,40,Erkek,İstanbul,Ön Lisans,İşveren,36605.62,Bekar,1121,2021-09-29
C01797,Feremez Aslan,24,Kadın,İstanbul,Yüksek Lisans,Ücretli Çalışan,8000.0,Boşanmış,1125,2019-05-19
C01798,Selcen Ülker,41,Kadın,Kayseri,Lise,Serbest Meslek,20874.56,Boşanmış,1537,2015-11-03
C01799,Esentürk Bilgütay Aksu Aslan,23,Kadın,Kayseri,Yüksek Lisans,Ücretli Çalışan,28607.37,Boşanmış,1479,2019-06-24
C01800,Acar Tayyip Durmuş Zorlu,48,Kadın,Bursa,Yüksek Lisans,Serbest Meslek,8503.7,Boşanmış,1457,2022-04-29
C01801,Dilder Salurbay Ergül Durmuş,25,Erkek,Ankara,Lise,Ücretli Çalışan,16667.31,Bekar,1633,2016-07-24
C01802,Koncagül Manço,41,Erkek,Eskişehir,Lisans,Ücretli Çalışan,13586.16,Bekar,1381,2017-08-23
C01803,Ümmühan Hezniye Aksu,21,Kadın,Ankara,Lise,Ücretli Çalışan,33443.75,Dul,1368,2021-09-16
C01804,Görgünay Mansız,53,Kadın,Mersin,Ön Lisans,Serbest Meslek,15725.84,Evli,1369,2018-01-13
C01805,Zeride Dumanlı,30,Kadın,İstanbul,Lisans,Serbest Meslek,29562.98,Boşanmış,1322,2019-11-03
C01806,Bedri Akcivan Güçlü,47,Kadın,İstanbul,Lise,Ücretli Çalışan,16779.22,Evli,1006,2020-12-28
C01807,Baba Kayrabay Yorulmaz,33,Erkek,Antalya,Lisans,Serbest Meslek,11724.09,Dul,1388,2015-08-02
C01808,Mecit Gülen,25,Erkek,Antalya,Ön Lisans,Ücretli Çalışan,30232.98,Dul,1477,2021-02-28
C01809,Doç. Sözer Akçay,37,Erkek,İstanbul,Lisans,Ücretli Çalışan,26773.06,Boşanmış,1740,2018-12-11
C01810,Yrd. Doç. Neriban Mihrab Şama Alemdar,39,Erkek,Eskişehir,Lise,Ücretli Çalışan,14086.33,Bekar,936,2021-08-07
C01811,Yayak İnönü,31,Erkek,Adana,Yüksek Lisans,Ücretli Çalışan,15097.05,Bekar,1526,2023-12-29
C01812,Çağveren İnönü,35,Kadın,Gaziantep,Lise,Ücretli Çalışan,27161.88,Evli,1346,2019-12-02
C01813,Yrd. Doç. Emal Büşranur Alemdar Sezgin,39,Kadın,Ankara,Lisans,Ücretli Çalışan,33955.1,Evli,1585,2018-04-12
C01814,Dr. Sevdinar Meyhanim Tarhan Şensoy,39,Erkek,İzmir,Lise,Ücretli Çalışan,15201.13,Bekar,1341,2015-11-09
C01815,Öğr. Hansultan Hacile Manço Bilge,29,Kadın,İzmir,Lisans,Ücretli Çalışan,15623.74,Boşanmış,1688,2025-01-24
C01816,Nezengül Gülen,37,Kadın,Ankara,Lise,Emekli,10857.4,Boşanmış,1782,2023-10-01
C01817,Doç. Tümkurt Şama,43,Kadın,İzmir,Lise,Serbest Meslek,10581.64,Bekar,1269,2015-08-10
C01818,Servinaz Soylu,41,Erkek,Antalya,Lisans,Ücretli Çalışan,42918.85,Boşanmış,1222,2015-11-18
C01819,Annak Güçlü,51,Kadın,Kayseri,Lisans,Ücretli Çalışan,37412.83,Boşanmış,1342,2023-04-27
C01820,Hudavent Nihai Ertaş Akdeniz,36,Kadın,Ankara,Lisans,Serbest Meslek,12502.21,Evli,1329,2015-05-27
C01821,Çev. Öge Ergül,39,Erkek,Bursa,Ön Lisans,İşsiz,26818.37,Bekar,1492,2015-03-29
C01822,Oruç Sakarya,31,Kadın,İstanbul,Lisans,Ücretli Çalışan,8223.11,Boşanmış,1374,2024-04-11
C01823,Deniz Hayrioğlu Durmuş,43,Kadın,İstanbul,Lisans,İşsiz,22297.68,Dul,1138,2015-03-19
C01824,Özkent Hançer,41,Erkek,Ankara,Lise,Emekli,39416.91,Dul,1555,2017-01-25
C01825,Öğr. İrfan Rojnu Yüksel Mansız,35,Kadın,Antalya,İlkokul,Serbest Meslek,15913.31,Boşanmış,1457,2015-04-17
C01826,Arş. Gör. Bozbağ Nural Kısakürek,59,Erkek,Eskişehir,Yüksek Lisans,Emekli,18352.38,Evli,1455,2023-06-29
C01827,Hariz Bilir,34,Erkek,Kayseri,Lisans,Ücretli Çalışan,32680.78,Bekar,1900,2024-01-21
C01828,Prof. Sebigül Özlem Çetin,45,Erkek,Samsun,Yüksek Lisans,Ücretli Çalışan,20686.73,Boşanmış,1509,2024-08-17
C01829,Zinnure Sezer,18,Erkek,Ankara,Lisans,İşsiz,27870.33,Boşanmış,1173,2016-10-27
C01830,Uz. Törel Tüzeer Erdoğan,45,Erkek,Adana,Yüksek Lisans,İşsiz,14470.13,Evli,1003,2025-03-06
C01831,Dr. İsra Tevetoğlu Ertaş,35,Erkek,İstanbul,Lise,Ücretli Çalışan,31562.67,Boşanmış,1405,2018-10-14
C01832,Çilga Sakarya,64,Kadın,Bursa,Ön Lisans,Serbest Meslek,24194.68,Boşanmış,1181,2023-10-10
C01833,Uz. Meveddet Rayla Erdoğan Tevetoğlu,38,Kadın,İstanbul,Lisans,Serbest Meslek,14864.72,Boşanmış,831,2024-05-17
C01834,Uygun Üzer Tevetoğlu Öcalan,59,Kadın,Ankara,İlkokul,Ücretli Çalışan,27348.42,Bekar,1633,2020-03-25
C01835,Müjde Soylu Şensoy,41,Erkek,İzmir,Lisans,Ücretli Çalışan,10701.0,Evli,1259,2019-08-01
C01836,Aybora Duracan Alemdar,50,Kadın,İstanbul,Lisans,Ücretli Çalışan,12418.6,Boşanmış,747,2015-09-20
C01837,Sezginbaş Akçay,37,Erkek,Konya,Lise,Ücretli Çalışan,18698.7,Dul,1533,2016-06-05
C01838,Çelikkan Manço,48,Kadın,İstanbul,Lisans,Ücretli Çalışan,26553.65,Bekar,1564,2017-08-11
C01839,Mutasım Duran,54,Kadın,İstanbul,Lisans,Ücretli Çalışan,10061.42,Dul,1506,2021-07-03
C01840,Orçin Şöhret Durdu,47,Kadın,İstanbul,Lisans,Ücretli Çalışan,11409.45,Boşanmış,1004,2017-11-20
C01841,Öğr. Gülsiye Miyesser Hançer Durdu,31,Erkek,İzmir,İlkokul,Ücretli Çalışan,14798.87,Evli,1568,2018-12-03
C01842,Sebigül Nazende Çorlu,32,Erkek,İstanbul,Lise,Ücretli Çalışan,13556.79,Evli,1227,2018-08-27
C01843,Tanpınar Zorlu,53,Erkek,İstanbul,Ön Lisans,Serbest Meslek,20047.7,Boşanmış,1455,2016-08-09
C01844,Elamiye Akdeniz Arslan,38,Erkek,Ankara,Ön Lisans,Ücretli Çalışan,35647.25,Boşanmış,1312,2020-04-11
C01845,Kanpulat Sarıcabay Yorulmaz,55,Erkek,Bursa,Lise,Emekli,21910.55,Bekar,1419,2018-04-06
C01846,Yahşikan Durmuş,70,Kadın,İstanbul,Lise,Emekli,12393.93,Boşanmış,1251,2020-09-23
C01847,Dilara Lezize Bilge Yıldırım,25,Erkek,Eskişehir,Ön Lisans,Serbest Meslek,30595.49,Bekar,1900,2022-05-15
C01848,Öğr. Yadigar Suat Gülen,60,Erkek,Konya,Lisans,Serbest Meslek,34571.22,Bekar,1450,2017-07-08
C01849,Nursim Gülen,35,Erkek,İzmir,Lise,Serbest Meslek,9395.38,Bekar,1888,2021-10-22
C01850,Sebigül Duran Bilir,45,Erkek,Ankara,Lise,Ücretli Çalışan,15972.43,Boşanmış,1832,2025-03-20
C01851,Öğr. Berki Akar,28,Kadın,Konya,Doktora,Ücretli Çalışan,23932.2,Evli,1456,2020-02-11
C01852,Nevgin Karadeniz Seven,47,Kadın,Antalya,Ön Lisans,Ücretli Çalışan,19368.28,Dul,1137,2019-01-22
C01853,Fersan Bilge,40,Kadın,Eskişehir,Lisans,Ücretli Çalışan,31951.96,Evli,1492,2020-01-13
C01854,Bellisan Yılmaz,49,Kadın,İzmir,Lisans,İşveren,12450.45,Evli,1373,2025-05-19
C01855,Torhan Yıldırım,32,Erkek,Antalya,Lisans,Ücretli Çalışan,27893.29,Boşanmış,1507,2023-12-04
C01856,Yertan Akgündüz,48,Erkek,İstanbul,Ön Lisans,Ücretli Çalışan,32515.42,Evli,1672,2021-06-17
C01857,Dr. Sedife Yaman Çorlu,43,Kadın,Mersin,Yüksek Lisans,Ücretli Çalışan,12718.39,Bekar,1379,2016-11-14
C01858,Toker Sezgin,33,Erkek,Konya,Lisans,Ücretli Çalışan,17071.59,Dul,1406,2023-05-01
C01859,Av. Sevdinar Şehreban İhsanoğlu,28,Kadın,Gaziantep,İlkokul,Ücretli Çalışan,8260.15,Evli,1212,2015-10-27
C01860,Yrd. Doç. Gülay Sevcan Zorlu,42,Erkek,Mersin,Ön Lisans,Ücretli Çalışan,10865.2,Dul,1383,2022-10-25
C01861,Arş. Gör. Serda Nurveren Ergül,62,Erkek,İstanbul,Yüksek Lisans,Serbest Meslek,31583.04,Boşanmış,1900,2021-08-19
C01862,Uz. Masar Talayer Yılmaz,44,Kadın,Trabzon,İlkokul,Serbest Meslek,33704.26,Boşanmış,1319,2020-01-13
C01863,Av. Havali Demirel Zorlu,32,Erkek,Adana,Ön Lisans,Emekli,8000.0,Dul,1636,2022-11-07
C01864,Revza İhsanoğlu,58,Kadın,Adana,Lisans,Ücretli Çalışan,15538.41,Bekar,1436,2016-09-15
C01865,Avunç Aydar Durdu Güçlü,30,Erkek,Antalya,Ön Lisans,Emekli,23675.45,Boşanmış,1741,2019-12-02
C01866,Dilhuş İhsan Güçlü Sezer,19,Erkek,Samsun,Lise,Ücretli Çalışan,23962.55,Boşanmış,1350,2020-07-13
C01867,Besin Gül,41,Erkek,İstanbul,Ön Lisans,Ücretli Çalışan,24502.91,Evli,1452,2016-08-09
C01868,Seçgül Fırat,38,Kadın,Ankara,Lise,Ücretli Çalışan,18101.61,Boşanmış,1742,2016-02-12
C01869,Razı Akgündüz,45,Kadın,İstanbul,Lise,Ücretli Çalışan,22010.23,Dul,1182,2017-07-05
C01870,Erdemer Güçlü,35,Erkek,Eskişehir,Lise,Emekli,29863.76,Bekar,1469,2025-05-14
C01871,Utkucan Şener,47,Erkek,İstanbul,Lise,Ücretli Çalışan,44131.55,Evli,1759,2015-04-23
C01872,Şeyda Ayşeana Akçay,41,Kadın,Samsun,Lisans,Serbest Meslek,15836.22,Evli,861,2015-01-28
C01873,Zaliha Öcalan,37,Kadın,Ankara,Lise,Ücretli Çalışan,17210.83,Dul,1597,2023-03-18
C01874,Nayil Ertaş,38,Kadın,Gaziantep,Lise,Ücretli Çalışan,17254.47,Bekar,1055,2023-01-12
C01875,Yrd. Doç. Müret Seven Ergül,28,Kadın,Ankara,Ön Lisans,Serbest Meslek,24698.38,Boşanmış,1900,2015-12-22
C01876,Maksüde Fügen Türk,38,Erkek,Adana,Lise,Emekli,23098.32,Boşanmış,1698,2024-01-05
C01877,Özdeş Jaruthip Yorulmaz,30,Kadın,Adana,Lise,Ücretli Çalışan,23507.3,Boşanmış,1314,2018-02-04
C01878,Yrd. Doç. Ganiye Durdu Yorulmaz,50,Kadın,Antalya,Lise,Ücretli Çalışan,21335.58,Bekar,1574,2019-11-11
C01879,Arziye Mahigül Soylu,30,Erkek,İstanbul,Lisans,Ücretli Çalışan,27396.34,Bekar,1900,2022-02-11
C01880,Başay Zorlu,27,Kadın,İstanbul,Ön Lisans,Serbest Meslek,17104.7,Evli,1557,2022-07-21
C01881,Şerafeddin Çetin,49,Erkek,İstanbul,Lisans,Ücretli Çalışan,15493.94,Dul,791,2018-03-03
C01882,Hümeyra Yaman,56,Kadın,Samsun,Yüksek Lisans,Ücretli Çalışan,28063.58,Evli,1064,2015-01-14
C01883,Kâzime Akdeniz,32,Erkek,İzmir,Lise,Ücretli Çalışan,40363.54,Evli,1861,2015-06-08
C01884,Alaz Korutürk,51,Erkek,Bursa,Lisans,Ücretli Çalışan,18411.84,Evli,1520,2022-02-25
C01885,Tahir Cangür Çamurcuoğlu Zengin,38,Kadın,Kayseri,Lisans,Ücretli Çalışan,33113.88,Boşanmış,1281,2022-06-29
C01886,Tuyuğ Dumanlı,30,Erkek,Bursa,Lisans,Ücretli Çalışan,31401.9,Boşanmış,1488,2016-01-31
C01887,Gökçe Kader Çetin Sezer,56,Erkek,Ankara,Ön Lisans,Ücretli Çalışan,14732.62,Evli,1366,2022-06-06
C01888,Öğr. Cemalettin Öztürk Fırat,28,Kadın,İzmir,Lise,Ücretli Çalışan,19996.51,Bekar,1130,2018-11-24
C01889,Hayali Atgun Manço,34,Kadın,Konya,Ön Lisans,Serbest Meslek,10442.99,Dul,1553,2021-09-27
C01890,Şabettin Soylu,48,Kadın,İstanbul,Lise,Ücretli Çalışan,9148.83,Evli,1713,2024-12-23
C01891,Prof. Nurtaç Havse Ülker,69,Erkek,İstanbul,Lisans,Emekli,20347.29,Boşanmış,1299,2022-07-27
C01892,Doç. Fügen Gülözge Durdu Gül,73,Erkek,Gaziantep,Ön Lisans,Ücretli Çalışan,11008.95,Boşanmış,1385,2025-03-26
C01893,Ayşenur Kardelen İnönü Alemdar,42,Erkek,Adana,Lise,Ücretli Çalışan,36509.09,Bekar,1589,2018-06-17
C01894,Alkor Börteçin Ertaş Gülen,34,Kadın,Bursa,Lise,Ücretli Çalışan,12990.41,Evli,1294,2023-09-29
C01895,Çev. Sultane Korutürk Akça,27,Erkek,İstanbul,Lisans,Serbest Meslek,20363.95,Bekar,1358,2023-12-31
C01896,Öğr. Ushan Yalgın Kısakürek,22,Erkek,Eskişehir,Lisans,Ücretli Çalışan,35059.98,Bekar,1295,2022-05-06
C01897,Çev. Ezgin Fırat Bilge,24,Kadın,Ankara,Lise,Ücretli Çalışan,18477.03,Evli,1437,2024-05-26
C01898,Bayan Mahter Seniha Kısakürek,19,Kadın,İstanbul,Lise,Ücretli Çalışan,23138.23,Boşanmış,1158,2018-09-19
C01899,Yurdaser Tarhan,60,Kadın,Samsun,İlkokul,Ücretli Çalışan,25229.83,Bekar,1400,2023-06-20
C01900,Aytek Rüknettin Şener,31,Kadın,İzmir,Lisans,Emekli,19010.84,Bekar,1613,2016-10-04
C01901,Satıa Şerman Çamurcuoğlu Şensoy,39,Kadın,İstanbul,Lisans,Ücretli Çalışan,18074.88,Evli,1514,2015-05-19
C01902,Müşüre Aslan,32,Kadın,Gaziantep,Ön Lisans,Ücretli Çalışan,17078.19,Dul,978,2016-06-21
C01903,Canur Eraslan,51,Erkek,Kayseri,Lise,İşveren,22798.7,Dul,1306,2015-03-24
C01904,Sevsevil Öcalan Tarhan,62,Kadın,İstanbul,Lisans,Ücretli Çalışan,20726.27,Dul,1240,2017-03-06
C01905,Doç. Ulakbey Soykut Öcalan,50,Erkek,Konya,Ön Lisans,İşveren,23840.04,Bekar,1598,2018-05-22
C01906,Rahmet Şama,34,Kadın,İstanbul,Yüksek Lisans,Ücretli Çalışan,24409.39,Dul,1434,2019-03-23
C01907,Okt. Sargın Yılmaz,46,Kadın,İstanbul,Ön Lisans,Ücretli Çalışan,8457.21,Boşanmış,1271,2020-06-02
C01908,İsak Erdoğan,60,Kadın,Ankara,Doktora,Ücretli Çalışan,14112.55,Dul,1229,2019-03-07
C01909,Kınel Sakarya,34,Kadın,İzmir,Lisans,İşveren,11537.26,Bekar,827,2019-06-16
C01910,Uygun Mucahit Ergül Bilgin,37,Erkek,Ankara,Lisans,İşveren,21186.87,Boşanmış,1486,2018-09-23
C01911,Hüda Gülgen Türk,38,Kadın,İstanbul,Lise,Ücretli Çalışan,20320.15,Dul,1755,2021-08-27
C01912,Tayaydın Çorlu,37,Kadın,Ankara,Lisans,Ücretli Çalışan,15392.92,Evli,1429,2015-08-30
C01913,Suphi Turgut Akçay,46,Erkek,Ankara,Lisans,İşveren,37624.55,Evli,1342,2015-05-30
C01914,Sümeyye Şener,41,Erkek,Kayseri,Lise,Ücretli Çalışan,23208.2,Evli,1251,2023-06-20
C01915,Yamin Baydu Çorlu Akdeniz,40,Erkek,İzmir,Lise,Serbest Meslek,10305.64,Evli,937,2018-08-11
C01916,Karanbay Ülker,44,Erkek,İzmir,Yüksek Lisans,Ücretli Çalışan,16768.48,Bekar,1550,2025-05-01
C01917,Dr. Vaysal Akçay,39,Kadın,Ankara,Lisans,Ücretli Çalışan,12843.84,Evli,1368,2020-10-30
C01918,Mefharet Ertaş,25,Kadın,İstanbul,Yüksek Lisans,Serbest Meslek,37269.76,Bekar,1161,2015-06-09
C01919,Tezol Ertaş,37,Erkek,İstanbul,Lisans,Emekli,12468.71,Dul,1482,2016-07-26
C01920,Salimet Sezer,36,Erkek,Ankara,Lise,Serbest Meslek,15781.6,Dul,1713,2018-04-20
C01921,Irıs Aksu,40,Erkek,İzmir,Lisans,Serbest Meslek,25146.9,Boşanmış,1254,2021-04-28
C01922,Eyyüp Öcalan,23,Kadın,İstanbul,Lisans,Serbest Meslek,20915.45,Boşanmış,1340,2020-10-28
C01923,Kaygusuz Kerman Şama,47,Erkek,İzmir,Yüksek Lisans,Serbest Meslek,19226.43,Evli,1551,2016-11-03
C01924,Erkinel Üstün Eraslan,20,Erkek,İstanbul,Ön Lisans,Ücretli Çalışan,46620.55,Evli,1378,2020-04-11
C01925,Öğr. Arifcan Soylu,48,Kadın,Ankara,Lise,Ücretli Çalışan,13680.94,Bekar,1457,2021-01-11
C01926,Tandoğdu Gülen,24,Kadın,İstanbul,Ön Lisans,Ücretli Çalışan,24426.66,Evli,1331,2015-10-01
C01927,Dr. Okbay Sakarya,40,Kadın,Ankara,İlkokul,Ücretli Çalışan,27284.89,Evli,1191,2018-01-29
C01928,Salami Öcalan,31,Erkek,Bursa,Lise,Ücretli Çalışan,24484.51,Dul,1900,2017-11-09
C01929,Öğr. Şilan Deha Çamurcuoğlu,38,Kadın,İstanbul,Lise,Serbest Meslek,26004.15,Evli,1473,2018-02-20
C01930,Doç. Işın Cihan Türk Erdoğan,63,Kadın,İstanbul,Lisans,Ücretli Çalışan,9079.28,Dul,1403,2018-09-14
C01931,Serhatmehmet Gül,20,Erkek,Samsun,Lisans,Serbest Meslek,8000.0,Dul,1374,2017-05-07
C01932,Semat Yıldırım,41,Kadın,Denizli,Lise,Ücretli Çalışan,17532.71,Evli,1473,2016-08-10
C01933,Uz. Abiye İhsanoğlu Türk,77,Kadın,Ankara,Yüksek Lisans,Ücretli Çalışan,17744.33,Bekar,1627,2016-07-15
C01934,Kefser Manço Sezer,32,Erkek,Ankara,Ön Lisans,Ücretli Çalışan,22762.16,Boşanmış,1440,2020-08-11
C01935,Paksu Durdu,35,Kadın,İzmir,Ön Lisans,İşveren,45184.27,Dul,1794,2022-12-02
C01936,Paker Demirel,41,Erkek,Gaziantep,Lise,Ücretli Çalışan,8000.0,Bekar,1289,2024-11-26
C01937,Öğr. Seblâ Gülen Akdeniz,72,Kadın,Samsun,Yüksek Lisans,Serbest Meslek,17965.39,Boşanmış,1775,2022-12-23
C01938,Salami Bilgin,57,Erkek,İzmir,Ön Lisans,Ücretli Çalışan,21994.19,Boşanmış,1289,2022-09-08
C01939,Kayıt Sezer,18,Erkek,Antalya,Lise,Ücretli Çalışan,27115.84,Boşanmış,1216,2024-08-04
C01940,Dr. Özlem Duran İhsanoğlu,42,Erkek,Adana,Lise,Ücretli Çalışan,11356.9,Evli,1313,2019-04-16
C01941,Müveddet Merba Gülen Yorulmaz,40,Kadın,İstanbul,Ön Lisans,Ücretli Çalışan,22490.92,Evli,1221,2015-01-23
C01942,Kahir Duran,54,Erkek,İstanbul,Ön Lisans,Serbest Meslek,15235.71,Boşanmış,1081,2020-08-21
C01943,Bezek Karadeniz,38,Erkek,İstanbul,Lise,Emekli,20241.07,Dul,1500,2019-06-20
C01944,Prof. Maksüde Gülselin Akçay Durmuş,56,Erkek,İstanbul,Lise,Ücretli Çalışan,17918.66,Bekar,1470,2024-09-05
C01945,Kayıt Tuğrulhan Akar,26,Erkek,Trabzon,Lisans,Serbest Meslek,28832.23,Dul,1546,2016-12-12
C01946,Orçin Deniz Şener,34,Kadın,İstanbul,İlkokul,Ücretli Çalışan,8458.24,Evli,1741,2022-11-30
C01947,Tagangül Bilkay Akgündüz Şener,25,Kadın,İstanbul,Lisans,Serbest Meslek,15274.27,Bekar,1589,2015-08-18
C01948,Doç. Gülev Esengün Türk Akar,25,Kadın,Ankara,Yüksek Lisans,Ücretli Çalışan,10177.36,Boşanmış,849,2024-07-24
C01949,Yeneral Zengin,48,Kadın,Ankara,Lisans,Ücretli Çalışan,15594.38,Boşanmış,1900,2025-01-25
C01950,Öğr. Kete Amaç Çetin,28,Erkek,İzmir,Yüksek Lisans,Serbest Meslek,13165.39,Dul,1238,2019-09-02
C01951,Ticen Zahfer Karadeniz,42,Kadın,İstanbul,Lisans,İşveren,16129.55,Evli,1653,2023-03-05
C01952,Bayan Aycagül Nalân Yorulmaz Şama,28,Kadın,Ankara,Lise,Ücretli Çalışan,10703.05,Evli,930,2022-09-21
C01953,Kâmil Batırhan Bilir,18,Kadın,Bursa,Lisans,Ücretli Çalışan,15785.85,Bekar,1344,2018-06-28
C01954,Dr. Zehranur Faize Korutürk Zengin,32,Erkek,İstanbul,Ön Lisans,Ücretli Çalışan,34875.25,Bekar,1807,2021-05-08
C01955,Dr. Aksöğüt Zahid Manço,35,Kadın,İstanbul,Lise,Emekli,8890.47,Bekar,1198,2017-01-30
C01956,Dr. Altınbike Güçlü Çamurcuoğlu,32,Kadın,Konya,Lisans,Ücretli Çalışan,14828.25,Evli,1205,2022-02-26
C01957,Eraycan Vâlâ Şensoy,32,Kadın,Kayseri,Yüksek Lisans,Ücretli Çalışan,16748.37,Boşanmış,1341,2024-05-22
C01958,Abuzar Akçay,42,Kadın,Adana,Lisans,Serbest Meslek,23439.22,Boşanmış,1272,2015-08-07
C01959,Gökten İldem Çetin,55,Erkek,İstanbul,Lise,Ücretli Çalışan,12822.7,Boşanmış,975,2019-08-23
C01960,Mücellib Tanhan Aksu Karadeniz,44,Kadın,İstanbul,Lise,Ücretli Çalışan,13796.45,Boşanmış,1460,2017-11-28
C01961,İkiz Alemdar,18,Erkek,İstanbul,Ön Lisans,Serbest Meslek,37294.65,Boşanmış,1588,2018-11-29
C01962,Bariş Oldağ Tevetoğlu Sezgin,21,Erkek,Gaziantep,Lisans,İşveren,10245.05,Evli,1718,2015-05-31
C01963,Dr. Ülfet Derkay Şafak,31,Erkek,İstanbul,Lisans,Emekli,13692.68,Dul,773,2018-11-21
C01964,Rafia Hayrioğlu,35,Erkek,İstanbul,Lisans,Serbest Meslek,17989.19,Boşanmış,1678,2016-01-07
C01965,Utkucan Sevindik Duran Yaman,23,Kadın,İstanbul,Ön Lisans,Ücretli Çalışan,10055.46,Bekar,1412,2025-05-04
C01966,Gülşeref İnönü,52,Kadın,İzmir,Ön Lisans,Ücretli Çalışan,9827.91,Boşanmış,1650,2019-03-05
C01967,Sunel Candeniz Şama,40,Kadın,Ankara,Lise,Serbest Meslek,32575.39,Boşanmış,1482,2024-09-30
C01968,Baykan Aslan,18,Kadın,Ankara,Lise,Emekli,18612.98,Bekar,1645,2017-02-05
C01969,Çelikkan Seven,29,Erkek,İstanbul,Lisans,Emekli,16737.65,Bekar,1415,2019-12-04
C01970,Doç. Kanpulat Durmuş,18,Erkek,Bursa,Lisans,İşveren,42281.56,Dul,1194,2020-04-23
C01971,Öğr. Erbil İhsanoğlu,46,Erkek,Adana,Lisans,İşveren,19167.75,Dul,1814,2022-08-11
C01972,Bektaşi Ayşan Çetin,44,Kadın,Denizli,Yüksek Lisans,Ücretli Çalışan,17930.96,Bekar,1276,2019-09-21
C01973,Ferhan Yıldırım Akgündüz,49,Erkek,Samsun,Ön Lisans,Ücretli Çalışan,8577.96,Bekar,1541,2016-11-02
C01974,Dr. Ahter Yılmaz Akçay,26,Erkek,Mersin,Yüksek Lisans,Ücretli Çalışan,35014.85,Evli,1540,2021-05-15
C01975,Yaltırak Şensoy,47,Kadın,Antalya,Lisans,İşveren,20679.43,Bekar,1061,2016-01-06
C01976,Rumeysa Sultane Sezer,29,Kadın,Gaziantep,Ön Lisans,Ücretli Çalışan,26972.56,Evli,1541,2020-03-01
C01977,Dilder Manço,54,Kadın,İstanbul,Lise,Ücretli Çalışan,23896.17,Boşanmış,1258,2015-11-26
C01978,Yasemen Dumanlı,30,Kadın,Ankara,Lisans,Ücretli Çalışan,20875.11,Evli,921,2022-09-05
C01979,Öğr. Gökperi Şerman Sezer,60,Erkek,İstanbul,Lise,Serbest Meslek,24313.48,Bekar,1806,2020-04-12
C01980,Sözer Celilay Demirel,21,Erkek,Antalya,Yüksek Lisans,Ücretli Çalışan,34893.45,Dul,1900,2024-04-28
C01981,Yrd. Doç. Birsan Şener Alemdar,24,Kadın,Konya,Lise,Ücretli Çalışan,28201.51,Evli,1420,2018-07-27
C01982,Nazıdil Rıfkıye Yılmaz,21,Kadın,Ankara,Lise,İşveren,24879.46,Boşanmış,1628,2024-03-11
C01983,Öğr. Baturay Rohat Sakarya,32,Erkek,Bursa,Lisans,Serbest Meslek,33680.1,Boşanmış,1083,2020-06-23
C01984,Zerafet Türknur Bilgin Ertaş,22,Kadın,İstanbul,Lisans,Serbest Meslek,21193.9,Evli,1426,2019-02-20
C01985,Eyyüp Yorulmaz,31,Kadın,Bursa,Lisans,Ücretli Çalışan,28690.39,Bekar,1632,2022-03-29
C01986,Barak Çetin,50,Erkek,İstanbul,Lise,Ücretli Çalışan,18856.04,Dul,1650,2016-01-16
C01987,Uygun Akdeniz,34,Kadın,Ankara,Lise,Ücretli Çalışan,50222.5,Dul,1296,2022-07-28
C01988,Öğr. Göli Aksu Ülker,65,Kadın,İstanbul,Yüksek Lisans,İşveren,20245.74,Evli,1156,2016-10-31
C01989,Alparslan Tolonbay Arsoy,56,Kadın,İzmir,Lise,Ücretli Çalışan,21092.14,Bekar,1712,2022-05-10
C01990,Gülçe Sebigül Eraslan,54,Kadın,İstanbul,Lise,Emekli,23204.0,Dul,1311,2022-09-12
C01991,Şüküfe Sezgin,51,Erkek,Antalya,Lisans,Ücretli Çalışan,19937.15,Dul,1671,2023-08-26
C01992,Bayan Cuheyna Ayülker İhsanoğlu Duran,18,Erkek,İstanbul,Lisans,Ücretli Çalışan,24370.82,Dul,1260,2020-08-18
C01993,Uz. Özdoğdu Yıldırım,59,Erkek,Adana,Lisans,Ücretli Çalışan,26380.74,Boşanmış,1559,2016-04-02
C01994,Arş. Gör. Divan Erdoğan Akçay,45,Erkek,İzmir,Ön Lisans,İşveren,12717.08,Bekar,1785,2016-09-07
C01995,Doç. Monis Sulhi Zengin,63,Erkek,İstanbul,Lisans,Ücretli Çalışan,23785.02,Dul,1897,2019-11-17
C01996,Sabihe Akar,33,Erkek,İstanbul,Yüksek Lisans,Ücretli Çalışan,13923.02,Dul,1390,2019-02-12
C01997,Hanbiken Öcalan,45,Erkek,İstanbul,Lise,Ücretli Çalışan,16692.35,Boşanmış,1634,2023-08-07
C01998,Günser Efe Sakarya Yüksel,43,Erkek,İstanbul,Ön Lisans,İşveren,12717.85,Bekar,1509,2020-01-04
C01999,Av. Gülnaziye Nurey Akçay,50,Kadın,Bursa,Ön Lisans,Ücretli Çalışan,21529.11,Bekar,1788,2020-12-16
C02000,Dr. Nebih Sonad Soylu,25,Kadın,İstanbul,Lisans,Serbest Meslek,24601.87,Evli,1207,2023-02-24
C02001,Merzuk Beyzade Bilir,26,Erkek,Ankara,Lise,Ücretli Çalışan,15004.14,Dul,1264,2022-09-23
C02002,Uz. Nürice Nurda Yaman Ertaş,33,Erkek,İstanbul,Lise,Serbest Meslek,18099.37,Bekar,1709,2016-08-24
C02003,Temirhan Ergül,36,Kadın,Ankara,Doktora,Serbest Meslek,9764.11,Bekar,1665,2018-10-15
C02004,Gülselin Şama,29,Erkek,Ankara,İlkokul,Emekli,19410.62,Boşanmış,1571,2023-02-03
C02005,Akgöl Sezer,42,Kadın,Gaziantep,Ön Lisans,Serbest Meslek,32610.21,Bekar,1619,2023-11-25
C02006,Fami Benol Demir,29,Erkek,Trabzon,Lisans,Ücretli Çalışan,53122.35,Evli,1548,2022-10-14
C02007,Öğr. Rıfkıye Gilman İnönü Şama,38,Erkek,Bursa,Lise,İşveren,30753.73,Dul,1562,2018-01-30
C02008,Çev. Tahir Borataş Çetin,44,Kadın,İstanbul,Lisans,Serbest Meslek,61174.32,Dul,1431,2025-03-15
C02009,Yrd. Doç. Saydam Akdeniz,36,Erkek,İstanbul,Ön Lisans,Ücretli Çalışan,21003.84,Bekar,1767,2023-10-09
C02010,Dr. Kınel Rasul Soylu,21,Kadın,İstanbul,Ön Lisans,Ücretli Çalışan,8229.66,Boşanmış,1153,2016-02-02
C02011,Sudi Güçlü,20,Kadın,Antalya,Lise,Ücretli Çalışan,16462.26,Boşanmış,1545,2023-03-02
C02012,Çev. Alaz Samahat Korutürk Bilge,29,Erkek,Bursa,Lisans,Serbest Meslek,10487.38,Boşanmış,1397,2021-01-26
C02013,Öğr. Günşen Merdi Zengin,50,Kadın,Ankara,Lise,Ücretli Çalışan,9295.28,Dul,1585,2016-09-13
C02014,Yrd. Doç. Bilgütay Server Akçay,49,Erkek,İstanbul,Lisans,Ücretli Çalışan,30617.85,Dul,1804,2017-11-13
C02015,Ledün Türk,66,Kadın,Bursa,Lisans,Ücretli Çalışan,16979.44,Boşanmış,1527,2015-12-07
C02016,Nazlim Yıldır Öcalan,35,Erkek,Ankara,Lisans,Ücretli Çalışan,19948.11,Dul,1883,2022-07-25
C02017,Mazlum Ruhsat Gülen,23,Kadın,Bursa,Lise,Ücretli Çalışan,13528.15,Boşanmış,1644,2021-05-02
C02018,Prof. Canur Dumanlı Soylu,52,Kadın,Adana,Lise,Ücretli Çalışan,16925.74,Dul,1713,2017-08-19
C02019,Dr. Sağıt Çağdan Yılmaz,44,Kadın,Ankara,Yüksek Lisans,Ücretli Çalışan,39148.74,Bekar,1518,2016-02-02
C02020,Öğr. Emine. Neval Arslan,52,Kadın,Trabzon,Lisans,Ücretli Çalışan,65441.07,Evli,1649,2024-09-12
C02021,Dr. Aybora Aclan Güçlü,40,Erkek,İzmir,Ön Lisans,Ücretli Çalışan,27587.03,Evli,1408,2019-09-09
C02022,Feyha Sevim Akdeniz,68,Erkek,Ankara,Ön Lisans,Emekli,21612.6,Bekar,1391,2022-06-13
C02023,Muvaffak Ertaş,29,Erkek,İzmir,Lisans,Emekli,32654.86,Evli,1676,2024-08-19
C02024,Yahşikan Gülen,34,Erkek,İstanbul,Yüksek Lisans,Ücretli Çalışan,25832.87,Evli,1122,2025-05-12
C02025,Prof. Kapagan Şener,42,Erkek,İstanbul,Lisans,Emekli,24434.23,Boşanmış,1886,2023-07-22
C02026,Doç. Acarkan Belkize Kısakürek Akçay,30,Kadın,Antalya,Lise,Ücretli Çalışan,11212.02,Dul,1156,2019-09-10
C02027,Yurtseven Türk,23,Kadın,Bursa,Lise,Ücretli Çalışan,36369.86,Bekar,1807,2021-09-21
C02028,Saire Kitan Sezer,43,Erkek,Samsun,Lise,Serbest Meslek,34529.96,Evli,1533,2016-11-12
C02029,Özerdinç Tarhan,38,Erkek,Antalya,Yüksek Lisans,Serbest Meslek,17156.51,Bekar,1422,2023-05-02
C02030,Taygan Akgündüz,21,Erkek,İzmir,Yüksek Lisans,Serbest Meslek,22447.05,Evli,1409,2020-02-19
C02031,Azade Zorlu,48,Kadın,İstanbul,Yüksek Lisans,Ücretli Çalışan,20787.05,Evli,1459,2018-08-14
C02032,Ayçan Dilcan Kısakürek Arsoy,29,Kadın,Mersin,Lise,Ücretli Çalışan,20588.11,Dul,1684,2020-02-24
C02033,Yrd. Doç. Ayhan Neşrin Arsoy Akçay,26,Erkek,Denizli,Lisans,Ücretli Çalışan,20730.54,Dul,1558,2020-08-10
C02034,Seha Demirel,31,Erkek,Kayseri,Yüksek Lisans,Serbest Meslek,15297.81,Evli,1557,2020-03-08
C02035,Berkal Şama,26,Kadın,İstanbul,İlkokul,Serbest Meslek,23329.31,Dul,1276,2024-09-21
C02036,Arş. Gör. Bariş Toy Güçlü,52,Erkek,Kayseri,Lise,Ücretli Çalışan,57069.35,Dul,1284,2017-12-01
C02037,Çağdan Korutürk,46,Kadın,Adana,Lisans,Emekli,14370.98,Bekar,1600,2019-12-02
C02038,Okt. Huzuri Ertuncay Zorlu,24,Kadın,İstanbul,Ön Lisans,Ücretli Çalışan,24742.16,Bekar,1201,2019-01-28
C02039,Çev. Ayşenur Ballı Arsoy,37,Erkek,Ankara,Lise,Ücretli Çalışan,12531.97,Evli,1585,2024-07-01
C02040,Sernur Sırriye Zorlu Fırat,29,Kadın,Adana,Ön Lisans,Ücretli Çalışan,25549.78,Boşanmış,1413,2016-08-04
C02041,Nazlim Yankı Duran Tarhan,38,Erkek,İstanbul,Lise,Emekli,21300.59,Bekar,1269,2020-02-20
C02042,Serma Nilcan Sezgin,42,Erkek,Adana,Lisans,Emekli,39681.9,Boşanmış,1265,2018-04-24
C02043,Coşkun Akçay,54,Erkek,Konya,Lisans,Serbest Meslek,39110.41,Boşanmış,1295,2021-08-31
C02044,Dr. Bezek Paksu Akçay Akçay,22,Kadın,İstanbul,Lise,Ücretli Çalışan,22831.18,Evli,1283,2024-11-14
C02045,Berrin Değer Aksu,62,Erkek,Adana,Lise,Ücretli Çalışan,20245.01,Evli,1299,2021-05-14
C02046,Dilfeza Sezer,26,Erkek,Adana,Lisans,Serbest Meslek,32547.55,Evli,1357,2023-05-05
C02047,Olca Manço,40,Kadın,İstanbul,Lise,İşveren,30641.52,Dul,1378,2017-11-19
C02048,Ramadan Akça,39,Kadın,Kayseri,Lisans,Serbest Meslek,19782.33,Evli,1670,2021-07-21
C02049,Filit Seven,47,Erkek,Adana,Lisans,Ücretli Çalışan,18050.86,Dul,1515,2020-05-07
C02050,Nehip Ergül,35,Kadın,Denizli,Lisans,Serbest Meslek,10250.42,Boşanmış,1444,2020-11-13
C02051,Öğr. Alışık Maynur Akar,62,Erkek,Bursa,Yüksek Lisans,Ücretli Çalışan,13390.84,Dul,1186,2016-12-19
C02052,Ahat Bilge,29,Erkek,İstanbul,Yüksek Lisans,Ücretli Çalışan,27613.67,Boşanmış,1612,2017-07-09
C02053,Av. Rahmet Tolonbay Şama,38,Kadın,İstanbul,Lisans,Ücretli Çalışan,13185.74,Bekar,1403,2022-04-16
C02054,Yrd. Doç. Naz Müferrih Soylu,21,Erkek,İzmir,Yüksek Lisans,Ücretli Çalışan,21259.13,Bekar,1637,2024-06-02
C02055,Öğr. Merim Özlem Yaman Akçay,24,Kadın,Adana,Ön Lisans,Serbest Meslek,10000.26,Bekar,1694,2019-06-21
C02056,Gilman Jaruthip Bilgin,32,Erkek,İzmir,Lise,Serbest Meslek,33228.94,Bekar,1461,2023-12-13
C02057,Okt. Mahter Öcalan Akdeniz,38,Kadın,İstanbul,Lisans,Ücretli Çalışan,24277.03,Evli,1279,2022-09-26
C02058,Bilgen Huzuri Arslan,41,Kadın,İstanbul,Lisans,Emekli,16786.49,Evli,1129,2015-06-14
C02059,Uz. Feryas Zebirce Arslan Akçay,44,Erkek,İzmir,Lise,İşsiz,17703.39,Evli,1180,2023-03-23
C02060,Av. Yamin Sezer,25,Kadın,Mersin,Lise,İşveren,40787.47,Boşanmış,1719,2015-09-07
C02061,Boğatimur Yüksel,51,Kadın,Bursa,Lisans,Ücretli Çalışan,17370.87,Dul,1067,2016-02-07
C02062,Aköz Güleğen Durdu Yaman,63,Kadın,Ankara,Lisans,Ücretli Çalışan,19389.87,Evli,1312,2020-05-13
C02063,Çev. Nirgül Gülcegün Bilir Durmuş,45,Kadın,İzmir,Lise,Ücretli Çalışan,33698.36,Evli,1494,2021-09-16
C02064,Tümkurt Güleğen Ergül,55,Kadın,Bursa,Yüksek Lisans,Ücretli Çalışan,32446.57,Bekar,1230,2023-01-28
C02065,Karaca Dumanlı,31,Kadın,Bursa,Lisans,Emekli,30665.44,Dul,781,2015-01-03
C02066,Arş. Gör. Giz Demir,38,Erkek,Bursa,Ön Lisans,Ücretli Çalışan,10468.5,Evli,1260,2018-09-08
C02067,Kutay İhsanoğlu,36,Erkek,Samsun,Lise,Ücretli Çalışan,16963.0,Evli,1361,2018-10-29
C02068,Prof. Ezgin Akça Ertaş,26,Erkek,Bursa,Lise,Ücretli Çalışan,55902.26,Evli,1900,2020-06-20
C02069,Ferahdiba Yılmaz,26,Erkek,İzmir,Lise,Ücretli Çalışan,40617.43,Dul,1400,2022-07-19
C02070,Mehdiye Güçlü,41,Erkek,Ankara,Lisans,Ücretli Çalışan,19370.89,Evli,1335,2017-03-03
C02071,Ümmühan Fadile Sezgin,51,Kadın,İstanbul,Lisans,İşveren,21092.0,Boşanmış,1380,2023-08-06
C02072,Okt. Dilhuş Söyler Akçay Türk,24,Kadın,Antalya,Yüksek Lisans,Ücretli Çalışan,13331.46,Evli,889,2021-05-27
C02073,Umman Durmuş,40,Erkek,İstanbul,Lisans,Serbest Meslek,11631.83,Evli,1313,2024-07-23
C02074,Gökçebalan Akar Gülen Mansız,56,Kadın,Ankara,Lisans,Ücretli Çalışan,34189.87,Dul,1491,2022-04-30
C02075,Öğr. Hüsmen Aydınbey Hayrioğlu,38,Erkek,Konya,Lise,Serbest Meslek,46441.26,Boşanmış,1630,2020-04-17
C02076,Tanak Tiğin Akar,36,Erkek,Ankara,Lise,Emekli,10491.2,Boşanmış,1438,2024-04-19
C02077,Prof. Çıvgın Ezgütekin Akar,49,Erkek,Ankara,Lisans,Serbest Meslek,14999.27,Dul,1452,2015-01-24
C02078,Atatöre Duran,35,Erkek,İstanbul,Ön Lisans,İşveren,18346.34,Evli,878,2020-02-15
C02079,Dr. Birgül Uyanser Gülen Akar,37,Kadın,Gaziantep,Lise,İşveren,30829.16,Boşanmış,1342,2018-04-22
C02080,Okt. Şefiye Tevetoğlu Zorlu,40,Kadın,Ankara,Lisans,İşveren,14183.32,Boşanmış,1470,2021-04-04
C02081,Türabi Ismık Gülen,37,Kadın,Konya,Lisans,Serbest Meslek,13060.42,Dul,1713,2024-08-08
C02082,Yağızkurt Akdeniz,51,Kadın,İstanbul,Lise,Ücretli Çalışan,15180.88,Dul,1624,2023-02-02
C02083,Okt. Nüdret Nurbanu Yılmaz,46,Kadın,Konya,Ön Lisans,Serbest Meslek,26609.82,Dul,1076,2017-10-20
C02084,Nazi Necva Hançer,52,Erkek,İstanbul,Lise,Ücretli Çalışan,15423.31,Boşanmış,1410,2018-02-04
C02085,Av. Övün Birgül Bilir Gül,71,Erkek,Eskişehir,Lise,Ücretli Çalışan,22830.28,Evli,1403,2024-11-16
C02086,Doç. Ruhugül Selmin Arslan Aksu,18,Erkek,Denizli,Lisans,Serbest Meslek,37249.5,Evli,1083,2024-10-19
C02087,Doç. Ruhide Ervaniye Karadeniz,27,Erkek,Bursa,Lisans,Ücretli Çalışan,17169.53,Dul,1854,2017-10-01
C02088,Beyler Bilir,49,Erkek,İzmir,Lisans,Ücretli Çalışan,18563.88,Bekar,1577,2016-07-29
C02089,Subutiye Yaşar Şama,32,Kadın,Kayseri,Lisans,İşveren,21223.07,Boşanmış,1518,2024-07-27
C02090,Suat İnönü,51,Erkek,Adana,Lise,Ücretli Çalışan,30798.77,Boşanmış,1623,2020-04-02
C02091,Birsan Yılmaz Seven,35,Erkek,Ankara,Lisans,Ücretli Çalışan,27828.61,Boşanmış,1477,2017-11-11
C02092,Ruhide Akçay,27,Kadın,İstanbul,Lisans,Serbest Meslek,16622.63,Dul,1521,2019-06-12
C02093,Doç. Özpetek Ergül Akar Akçay,50,Kadın,Gaziantep,Lise,İşveren,18350.5,Boşanmış,1197,2015-03-08
C02094,Maksüde Durmuş Soylu,40,Kadın,Samsun,Yüksek Lisans,Serbest Meslek,20974.34,Boşanmış,1546,2023-11-11
C02095,İlim İlteriş Hançer,51,Erkek,Bursa,Lisans,Ücretli Çalışan,31524.35,Bekar,1351,2021-05-04
C02096,Tayyibe Öncel Korutürk,32,Kadın,İzmir,Lisans,Ücretli Çalışan,12480.35,Bekar,1554,2021-06-08
C02097,Öğr. Arziye Adal Manço Eraslan,57,Kadın,Adana,Lisans,Emekli,17295.7,Dul,1399,2024-03-03
C02098,Solma Edaviye Şensoy,57,Erkek,Mersin,Doktora,Ücretli Çalışan,25021.76,Evli,1609,2022-04-18
C02099,Rümeysa Gül Soylu,25,Kadın,Bursa,Lise,Ücretli Çalışan,27049.6,Dul,1267,2024-12-21
C02100,Bay Baydu Çoğay Aslan,26,Erkek,İstanbul,Lisans,Ücretli Çalışan,17050.81,Bekar,1353,2015-02-04
C02101,Dr. Şahıgül Korutürk Arsoy,37,Erkek,İstanbul,Yüksek Lisans,Ücretli Çalışan,10420.79,Boşanmış,1619,2020-12-20
C02102,Yrd. Doç. Seblâ Bilge Eraslan,53,Kadın,Konya,Lisans,Ücretli Çalışan,8297.39,Boşanmış,1624,2025-01-06
C02103,Doç. Dursadiye Arsoy Zorlu,30,Kadın,İstanbul,Lise,Emekli,29308.68,Boşanmış,1442,2017-01-13
C02104,Şefi Eraslan,40,Kadın,Konya,Lisans,Ücretli Çalışan,18337.55,Bekar,1803,2018-09-03
C02105,Yrd. Doç. Alsoy Manço,25,Kadın,Antalya,Lise,Emekli,26200.35,Evli,1735,2019-10-04
C02106,Sevsevil Akgündüz,48,Kadın,Eskişehir,Lise,İşsiz,56733.18,Boşanmış,1087,2015-04-22
C02107,Hüsmen Aksu,51,Erkek,İstanbul,Yüksek Lisans,Ücretli Çalışan,19001.23,Bekar,1808,2019-12-24
C02108,Esentürk Ismık Seven,39,Kadın,Ankara,Ön Lisans,Emekli,16738.32,Dul,1786,2017-03-24
C02109,Ayten Maksüde Arslan Fırat,34,Erkek,Bursa,Lise,Ücretli Çalışan,10554.14,Evli,1250,2020-09-06
C02110,Oğuzman Akar,47,Kadın,İstanbul,Lise,Emekli,37287.65,Dul,1487,2023-04-22
C02111,Prof. Aykutalp Tevetoğlu,55,Erkek,Ankara,Lise,Serbest Meslek,10816.43,Bekar,1269,2023-12-20
C02112,Arş. Gör. Güneri Bilge,36,Erkek,İstanbul,Lise,Ücretli Çalışan,18928.96,Dul,1521,2015-03-08
C02113,Menfeat Aslan,48,Erkek,Ankara,Yüksek Lisans,Ücretli Çalışan,16314.95,Boşanmış,1534,2019-01-16
C02114,Cannur Zaliha Zengin Ergül,39,Kadın,Ankara,Lisans,Emekli,13139.12,Boşanmış,1311,2017-07-28
C02115,Abid Yaman,38,Kadın,Antalya,Lisans,İşsiz,18503.47,Dul,1227,2015-03-06
C02116,Nurbanu Süzer Seven,40,Erkek,Adana,Yüksek Lisans,İşsiz,16407.06,Bekar,1538,2016-07-30
C02117,Feyzin Sakarya,25,Kadın,İzmir,Lise,İşveren,14408.35,Evli,1900,2016-07-28
C02118,Bişar Zorlu,27,Kadın,İstanbul,Lisans,Serbest Meslek,10837.96,Boşanmış,1563,2019-03-03
C02119,Av. Coşkun Özokçu Akçay,18,Kadın,Ankara,Lise,Serbest Meslek,17928.14,Evli,1900,2023-04-28
C02120,Ledün Münif Çamurcuoğlu Erdoğan,21,Kadın,Ankara,Yüksek Lisans,İşveren,8169.12,Evli,925,2015-05-03
C02121,İlalmış Behrem İhsanoğlu Yıldırım,50,Erkek,Ankara,Ön Lisans,Ücretli Çalışan,33062.32,Boşanmış,1371,2021-12-22
C02122,Okt. Mihrab Sezer Arsoy,48,Kadın,Ankara,Yüksek Lisans,Ücretli Çalışan,37257.74,Bekar,1900,2023-03-30
C02123,İdiris Dumanlı,37,Erkek,İstanbul,Ön Lisans,Emekli,8000.0,Evli,1134,2016-10-09
C02124,Goncafer Demirel,34,Erkek,Mersin,Lise,Ücretli Çalışan,17738.23,Bekar,1453,2016-04-05
C02125,Asiman Durgadin Bilgin,53,Erkek,Denizli,Yüksek Lisans,İşsiz,35365.53,Dul,1177,2016-07-04
C02126,Vahittin Manço,53,Kadın,Ankara,Ön Lisans,Emekli,23410.68,Boşanmış,1476,2016-06-09
C02127,Çev. Bağdaş Dinçsü Yaman,50,Erkek,Samsun,Lisans,Ücretli Çalışan,20589.02,Bekar,1900,2020-05-11
C02128,Mazlum Sezer,22,Kadın,İstanbul,Lisans,Ücretli Çalışan,15806.45,Evli,1388,2017-07-12
C02129,Asalet Adlan Öcalan Güçlü,45,Kadın,Adana,Lise,Serbest Meslek,35262.74,Bekar,1493,2017-10-20
C02130,Bayan Gülkadın Deryanur Türk,22,Kadın,Adana,Lise,Ücretli Çalışan,29118.57,Dul,1608,2022-06-30
C02131,Nayil Batırhan Çamurcuoğlu,18,Erkek,Adana,Lise,Serbest Meslek,19896.28,Dul,1022,2019-03-16
C02132,Aynilhayat Erdoğan,32,Kadın,Adana,Lisans,Serbest Meslek,13276.3,Bekar,1582,2023-11-28
C02133,Akmaral Cannur Çetin,41,Kadın,İstanbul,Lisans,Ücretli Çalışan,11175.55,Evli,1600,2016-10-25
C02134,Sıylıhan Diken Zengin Akçay,22,Kadın,Bursa,Ön Lisans,Ücretli Çalışan,23122.26,Boşanmış,1216,2017-02-08
C02135,Cezayir Ülker,35,Erkek,İzmir,Lise,Serbest Meslek,25007.27,Boşanmış,1630,2021-02-13
C02136,Asiman Burcuhan Manço Akdeniz,56,Erkek,Antalya,Lisans,Ücretli Çalışan,19206.15,Boşanmış,1576,2018-10-13
C02137,İde Ergül,34,Kadın,İstanbul,Lisans,İşsiz,21631.27,Dul,1329,2023-08-29
C02138,Feryas Tomurcuk Öcalan Gül,38,Kadın,Antalya,Lise,Ücretli Çalışan,8851.24,Boşanmış,1462,2015-09-16
C02139,Arş. Gör. Serda Arcan Sakarya,44,Erkek,Bursa,Yüksek Lisans,İşveren,14675.31,Evli,1058,2016-01-23
C02140,Risalet Bilir,57,Erkek,Gaziantep,Lise,Ücretli Çalışan,24863.36,Boşanmış,1442,2016-06-01
C02141,Fatih Aksu,26,Erkek,İzmir,Lisans,Emekli,13769.12,Bekar,1665,2024-09-21
C02142,Yolal Sakarya,41,Kadın,Ankara,Yüksek Lisans,İşsiz,15556.53,Evli,1347,2016-08-03
C02143,Onursu Akdeniz,30,Kadın,Konya,Lise,İşveren,39158.76,Boşanmış,1838,2020-11-22
C02144,Okt. İnsaf Akçay Dumanlı,34,Kadın,İzmir,Lisans,Serbest Meslek,15019.41,Bekar,845,2023-12-22
C02145,Cemalettin İyiyürek Ergül Kısakürek,22,Kadın,Antalya,Doktora,Ücretli Çalışan,10907.86,Evli,1333,2019-03-14
C02146,Öğr. Vacibe Haliye Seven,36,Kadın,Bursa,Yüksek Lisans,Ücretli Çalışan,10879.1,Evli,1309,2024-06-15
C02147,Çeviköz Gücal Demir Ertaş,46,Kadın,İzmir,Yüksek Lisans,Emekli,25273.9,Dul,985,2024-08-16
C02148,Rahmet Benol Soylu İnönü,38,Kadın,Samsun,Yüksek Lisans,Ücretli Çalışan,10694.63,Boşanmış,1605,2019-05-16
C02149,Mahter Çolpan Gül Türk,49,Erkek,Mersin,Ön Lisans,Emekli,13304.9,Evli,1148,2023-02-03
C02150,Günşen Soylu,34,Kadın,İstanbul,Lisans,Emekli,8000.0,Boşanmış,1423,2017-05-05
C02151,Kaşif Fehim Ertaş Tevetoğlu,36,Kadın,İstanbul,Ön Lisans,Emekli,30840.34,Evli,1185,2020-05-23
C02152,Selvi Hafıza Durmuş,32,Kadın,Ankara,Lise,İşveren,10117.92,Dul,1128,2019-05-21
C02153,Çev. Samahat Güler Akdeniz,25,Kadın,Gaziantep,Lise,Serbest Meslek,31200.46,Boşanmış,1325,2016-07-29
C02154,Şahmettin Sezgin,41,Kadın,Adana,Lisans,Emekli,16791.98,Evli,1142,2017-04-23
C02155,Dr. Nilcan Akçay Yılmaz,37,Erkek,Konya,İlkokul,Ücretli Çalışan,26097.54,Bekar,1198,2020-11-02
C02156,Dr. Damlanur Gülen Dumanlı,49,Kadın,Konya,Lisans,Ücretli Çalışan,13597.29,Evli,1259,2022-05-29
C02157,Baydu Manço,46,Kadın,İzmir,Lisans,Ücretli Çalışan,14786.26,Evli,1389,2015-10-16
C02158,Rabbiye Sezer Zengin,36,Erkek,Kayseri,Yüksek Lisans,Emekli,21125.07,Bekar,864,2019-04-12
C02159,Ziyaettin Büget Erdoğan Arsoy,18,Erkek,İstanbul,Ön Lisans,İşveren,26296.34,Evli,1679,2024-10-29
C02160,Hami Akar,29,Erkek,Adana,Lise,Serbest Meslek,17857.65,Bekar,1573,2015-12-29
C02161,Dürrüşehvar Bilgin Karadeniz,48,Erkek,İstanbul,Lisans,İşsiz,8002.79,Dul,878,2024-05-20
C02162,Doç. Ticen Laze İnönü,36,Erkek,Ankara,Lisans,Serbest Meslek,27348.39,Boşanmış,1900,2024-06-12
C02163,Pürçek Ergül,37,Erkek,Mersin,Lisans,Serbest Meslek,10581.48,Boşanmış,1480,2019-09-15
C02164,Dr. Şefiye Akça Gülen,55,Erkek,Denizli,Lise,Serbest Meslek,20923.04,Bekar,1273,2022-12-30
C02165,Arş. Gör. Laze Manço Öcalan,51,Kadın,Bursa,Lise,İşveren,26865.43,Dul,1243,2022-06-19
C02166,Dr. Dürrüşehvar Hurşide Soylu Soylu,44,Erkek,İzmir,Lisans,Ücretli Çalışan,31218.6,Dul,1795,2021-10-20
C02167,Dr. Bellisan Akdora Sakarya,39,Erkek,İstanbul,Lise,Ücretli Çalışan,16964.26,Bekar,1806,2021-06-15
C02168,İntihap Arcan Soylu,25,Kadın,Ankara,Lisans,Ücretli Çalışan,24278.85,Dul,1157,2024-02-22
C02169,Cebesoy Kısakürek,52,Kadın,Ankara,Lisans,Ücretli Çalışan,17745.36,Dul,1817,2021-06-06
C02170,Fayize Hançer,45,Kadın,Samsun,Lisans,Emekli,11493.66,Dul,1696,2022-07-03
C02171,Çetinsu Arısoy Ülker İnönü,58,Kadın,İzmir,İlkokul,Emekli,29644.41,Boşanmış,1269,2016-02-09
C02172,Prof. Sidar Akar Arslan,36,Erkek,Gaziantep,Lisans,Ücretli Çalışan,21278.28,Boşanmış,1324,2019-01-08
C02173,Öğr. Tuğçe Eraslan Duran,60,Erkek,Ankara,Yüksek Lisans,İşveren,21267.75,Boşanmış,824,2020-01-01
C02174,Zeride Duran,44,Erkek,İzmir,Doktora,İşveren,17040.18,Boşanmış,1481,2023-08-15
C02175,Çopur Türk,35,Kadın,İzmir,Yüksek Lisans,İşveren,28657.51,Boşanmış,1779,2023-04-22
C02176,Dr. Nurtaç Serda Hayrioğlu,43,Erkek,Konya,Lise,Ücretli Çalışan,17108.15,Dul,1489,2024-08-09
C02177,Selmin Ertaş Türk,40,Erkek,Bursa,Lisans,Ücretli Çalışan,13889.75,Evli,1524,2018-07-20
C02178,Cantez Sağcan Ülker,45,Kadın,Eskişehir,Lise,İşveren,39862.79,Dul,1813,2018-07-05
C02179,Fildan Tanyu Şafak,31,Kadın,Adana,Lise,Serbest Meslek,28828.92,Dul,1262,2018-12-07
C02180,Görklü Demirel,48,Erkek,Mersin,Lisans,Ücretli Çalışan,15796.18,Evli,1244,2018-08-15
C02181,Talibe İnönü Demir,43,Kadın,Bursa,Yüksek Lisans,Ücretli Çalışan,8000.0,Boşanmış,942,2023-06-27
C02182,Dr. Çevregül Tarhan Duran,37,Kadın,Ankara,Lisans,Serbest Meslek,20683.65,Evli,1407,2016-01-18
C02183,Öğr. Özay Akdeniz Aksu,21,Erkek,Kayseri,Lise,Ücretli Çalışan,13793.44,Boşanmış,1397,2020-12-22
C02184,Kiramettin Ersel Soylu,46,Kadın,Eskişehir,Lise,Ücretli Çalışan,19785.4,Boşanmış,1789,2021-11-17
C02185,Şüküfe Tarhan Ergül,44,Kadın,Ankara,Lise,Serbest Meslek,14237.65,Bekar,1309,2017-10-04
C02186,Mujde Bahtinur Yıldırım,23,Erkek,İstanbul,Lise,Ücretli Çalışan,18983.73,Evli,1698,2017-10-01
C02187,Başok Şabettin Arsoy,48,Erkek,Bursa,Lise,Emekli,37455.33,Bekar,1384,2018-04-30
C02188,İlkbahar Arziye İnönü Akçay,56,Kadın,Kayseri,Ön Lisans,Ücretli Çalışan,18269.95,Dul,1867,2019-08-25
C02189,Nurseda Sakarya,39,Kadın,Ankara,Lisans,Serbest Meslek,27398.79,Dul,1868,2022-01-13
C02190,Okt. Nesfe Rezin Ergül,37,Erkek,Adana,Lisans,Serbest Meslek,21988.5,Boşanmış,1822,2024-01-04
C02191,Tuğtaş Ercihan Yüksel,38,Erkek,Ankara,Yüksek Lisans,İşveren,10999.43,Evli,1900,2018-08-04
C02192,Dr. Görklü Sulhi Çorlu,34,Kadın,Samsun,Lise,Ücretli Çalışan,21406.29,Evli,1789,2023-12-03
C02193,Göknur Demir,32,Kadın,İstanbul,Yüksek Lisans,Ücretli Çalışan,12663.25,Dul,1443,2021-01-01
C02194,Ganiye Yıldırım,18,Kadın,Adana,Lisans,Ücretli Çalışan,17508.51,Evli,1481,2020-03-20
C02195,Aydar Ertaş,36,Kadın,İzmir,Ön Lisans,Ücretli Çalışan,9951.19,Dul,1778,2015-09-22
C02196,Yrd. Doç. Varlık Sadeti Aslan,41,Kadın,İstanbul,Ön Lisans,İşsiz,37949.76,Bekar,1154,2025-01-17
C02197,Vaysal Güçlü,29,Kadın,İstanbul,Ön Lisans,Ücretli Çalışan,22496.87,Boşanmış,1446,2021-05-22
C02198,Güleğen Kısakürek,25,Kadın,Adana,Ön Lisans,Ücretli Çalışan,38615.26,Evli,1344,2019-06-12
C02199,Musaffa Durdu Sakarya,18,Erkek,Ankara,Lisans,Ücretli Çalışan,36231.16,Boşanmış,1293,2018-09-15
C02200,Dr. Gülsiye Şama Soylu,32,Erkek,İstanbul,Lisans,Ücretli Çalışan,9005.36,Boşanmış,1815,2024-09-03
C02201,Fitnat Mansız,24,Kadın,Adana,Ön Lisans,Ücretli Çalışan,20461.54,Bekar,1648,2023-09-08
C02202,Nezengül Seblâ Akar,45,Kadın,İzmir,Lisans,İşsiz,19402.47,Evli,794,2017-10-16
C02203,Dr. Beriye Karadeniz Akdeniz,30,Kadın,Gaziantep,İlkokul,İşsiz,21687.91,Dul,1023,2023-03-04
C02204,Ferihan Eraslan,42,Kadın,İstanbul,Ön Lisans,Ücretli Çalışan,27086.33,Dul,1740,2024-01-10
C02205,Gencaslan Server Gülen,25,Erkek,İstanbul,Lise,Ücretli Çalışan,53556.41,Bekar,1691,2018-06-28
C02206,Yrd. Doç. Zoral Aydınbey Demirel,39,Erkek,Kayseri,Ön Lisans,Ücretli Çalışan,32542.15,Evli,1900,2017-12-03
C02207,Sulhi Halidun Aslan Erdoğan,22,Kadın,Ankara,Lisans,Ücretli Çalışan,18009.09,Bekar,825,2018-10-23
C02208,Öğr. Gülçe Ergül Çetin,42,Kadın,İzmir,İlkokul,Ücretli Çalışan,23492.29,Bekar,1490,2021-03-31
C02209,Tunahan Alemdar,32,Erkek,İstanbul,İlkokul,Ücretli Çalışan,8000.0,Bekar,1473,2015-01-20
C02210,Tuğçe Melûl Şafak,57,Erkek,İstanbul,Yüksek Lisans,Ücretli Çalışan,15276.05,Boşanmış,1610,2024-08-20
C02211,Gülnaziye Seven,21,Kadın,İstanbul,Lisans,Ücretli Çalışan,24483.28,Evli,1321,2021-01-01
C02212,Hüda Mansız Zorlu,30,Erkek,İstanbul,Lisans,Ücretli Çalışan,14155.19,Evli,1281,2021-09-22
C02213,Dr. Züheyla Gülay Akgündüz Yıldırım,44,Kadın,Mersin,Lisans,Ücretli Çalışan,11042.72,Evli,1280,2020-09-09
C02214,Yrd. Doç. Omaca Bilir,39,Erkek,İstanbul,İlkokul,Ücretli Çalışan,12154.23,Bekar,1829,2024-01-20
C02215,Çev. Yıldız Şirivan Akdeniz Öcalan,29,Erkek,İstanbul,Lisans,Emekli,14746.39,Evli,1095,2025-02-04
C02216,Yrd. Doç. Badegül Yalın Akar,61,Kadın,Bursa,Doktora,Ücretli Çalışan,25560.6,Boşanmış,1265,2020-02-06
C02217,Seyhan Fadıla Yüksel Manço,53,Erkek,Konya,Yüksek Lisans,Emekli,21814.16,Bekar,1524,2018-10-17
C02218,Sebigül Revza Hayrioğlu,35,Kadın,İstanbul,Lisans,Ücretli Çalışan,14225.09,Evli,1464,2023-11-27
C02219,Temuçin Bilir,33,Erkek,İstanbul,Doktora,Ücretli Çalışan,45140.72,Dul,1182,2024-02-04
C02220,Çev. Mahigül Feryas Eraslan,58,Kadın,Kayseri,Lise,İşveren,18956.58,Boşanmış,1574,2025-03-24
C02221,Öğr. Enes Bariş Manço,49,Erkek,Adana,Lisans,Ücretli Çalışan,15008.74,Boşanmış,1716,2018-08-05
C02222,Akboğa Yüksel,18,Kadın,İstanbul,Lisans,Ücretli Çalışan,14414.71,Dul,1068,2019-11-18
C02223,Sezen Sırriye Durmuş,24,Erkek,İstanbul,Lise,Ücretli Çalışan,18092.82,Dul,1516,2021-11-02
C02224,Öğr. Aycagül Gülsalın Aksu,48,Erkek,Trabzon,Lisans,Ücretli Çalışan,22212.15,Bekar,1333,2020-11-30
C02225,Erem Yıldırım,44,Kadın,Samsun,Lise,İşveren,21076.81,Evli,1734,2022-03-10
C02226,Laika Ülker,49,Kadın,İzmir,İlkokul,Ücretli Çalışan,20205.59,Boşanmış,1275,2019-04-26
C02227,Dr. Şevket Türk,32,Kadın,Gaziantep,Lisans,Ücretli Çalışan,15562.12,Dul,1421,2023-04-14
C02228,Prof. Altınçiçek Yorulmaz Bilge,43,Kadın,İzmir,Lisans,Ücretli Çalışan,27496.9,Bekar,1487,2025-03-19
C02229,Gücal Tevetoğlu,40,Erkek,Samsun,Yüksek Lisans,Ücretli Çalışan,21257.98,Boşanmış,1371,2015-10-26
C02230,Banü Rebihat Akçay,28,Erkek,İstanbul,Lisans,Serbest Meslek,9045.77,Bekar,1206,2015-07-05
C02231,Burcuhan Permun Akça Karadeniz,45,Kadın,Mersin,Lise,Emekli,14525.92,Boşanmış,1280,2015-01-20
C02232,Emin Demir,45,Erkek,Denizli,Doktora,Emekli,25192.72,Evli,1190,2019-03-03
C02233,Rasul Tümer Karadeniz Zengin,51,Erkek,İstanbul,Lise,Emekli,33100.63,Evli,1177,2021-12-21
C02234,Temime Akgündüz,30,Erkek,Antalya,Lisans,Serbest Meslek,34063.81,Boşanmış,1463,2017-04-19
C02235,Emrullah Tevetoğlu,18,Erkek,Ankara,İlkokul,Emekli,10616.27,Dul,1197,2019-03-25
C02236,Önel Ünek Hayrioğlu Şama,26,Kadın,Gaziantep,Ön Lisans,Ücretli Çalışan,16546.99,Bekar,1508,2022-01-10
C02237,Hatin İhsanoğlu Şafak,57,Kadın,Antalya,Ön Lisans,Serbest Meslek,17488.45,Evli,1768,2015-10-16
C02238,Beyler Sakarya,57,Kadın,İstanbul,Lisans,Serbest Meslek,38003.72,Bekar,1571,2017-01-21
C02239,Öğr. Evcimen Dumanlı,18,Kadın,Samsun,Lise,Ücretli Çalışan,24523.11,Dul,1682,2018-03-12
C02240,Çev. İnsaf Azize Soylu,39,Erkek,Kayseri,Lise,Ücretli Çalışan,43698.22,Bekar,1714,2019-06-06
C02241,Dilhuş Miyesser Duran Şafak,46,Kadın,Samsun,Lisans,İşveren,32495.97,Dul,1583,2017-04-02
C02242,Dr. Hinet Aslan Akgündüz,18,Kadın,İzmir,Lise,Ücretli Çalışan,15920.89,Evli,1719,2015-06-05
C02243,Işıman Güçlü,30,Kadın,İstanbul,Lisans,İşveren,18023.6,Bekar,1238,2017-09-17
C02244,Meveddet Alışık Şensoy Akçay,61,Erkek,Ankara,Lise,Ücretli Çalışan,42475.03,Bekar,1279,2022-06-08
C02245,Şahmettin Zeynelabidin Ülker,41,Kadın,Konya,Lisans,Emekli,14673.2,Bekar,1493,2021-05-18
C02246,Uğurkan Özertem Ülker,46,Kadın,Ankara,Yüksek Lisans,Ücretli Çalışan,28717.66,Evli,1582,2018-12-05
C02247,Çev. Savni Kayıt Hançer,75,Kadın,Ankara,Lise,Ücretli Çalışan,12549.48,Boşanmış,952,2020-09-01
C02248,Döner Zaliha Bilge Yüksel,35,Kadın,Bursa,Lise,Ücretli Çalışan,9841.91,Dul,1006,2015-04-14
C02249,Öğr. Akgüneş Pekkan İhsanoğlu Çamurcuoğlu,27,Kadın,Kayseri,Lisans,Emekli,13161.02,Boşanmış,1101,2021-03-30
C02250,Menfeat Çorlu,46,Erkek,İstanbul,Lisans,Ücretli Çalışan,15870.46,Dul,1455,2020-10-22
C02251,Çev. Dirican Boztaş Çamurcuoğlu,50,Kadın,Adana,Lise,Ücretli Çalışan,14117.28,Bekar,1313,2016-08-10
C02252,Dr. Miyesser Rebihat Çetin Türk,44,Kadın,İstanbul,İlkokul,Emekli,8318.98,Bekar,743,2024-02-15
C02253,Bezek Alemdar,44,Kadın,Kayseri,Lisans,Ücretli Çalışan,24869.72,Bekar,1900,2021-04-27
C02254,Öğr. Risalet İhsanoğlu Karadeniz,41,Kadın,Bursa,Yüksek Lisans,Ücretli Çalışan,28821.67,Dul,1451,2018-03-02
C02255,Sadiye Akgündüz,43,Erkek,Ankara,Lisans,Serbest Meslek,42203.8,Dul,969,2021-11-14
C02256,İlmafer Boztaş Sezer Eraslan,44,Erkek,İzmir,Yüksek Lisans,Ücretli Çalışan,52104.89,Dul,1570,2021-01-06
C02257,Hunalp Seven,59,Kadın,İstanbul,Lisans,Emekli,15015.74,Evli,1451,2019-05-11
C02258,Servinaz Sezer,40,Kadın,Ankara,İlkokul,İşsiz,8000.0,Boşanmış,807,2016-08-12
C02259,Çinerk Yorulmaz,26,Erkek,Adana,Lisans,Ücretli Çalışan,28851.86,Evli,1718,2019-07-06
C02260,Dr. Mishat Çetin,43,Erkek,İstanbul,Ön Lisans,Ücretli Çalışan,28878.32,Dul,1458,2020-03-01
C02261,Abdulkadir Gülen,54,Erkek,Samsun,Ön Lisans,Serbest Meslek,20009.35,Boşanmış,1514,2018-08-28
C02262,Tekecan Hançer,36,Kadın,Adana,Lise,Serbest Meslek,27119.35,Evli,1394,2022-12-28
C02263,Ünal Çorlu,51,Kadın,Samsun,Lisans,Ücretli Çalışan,11974.48,Boşanmış,1105,2025-02-04
C02264,Boynak Erenalp Fırat Demirel,48,Erkek,Ankara,Lise,Ücretli Çalışan,19151.86,Dul,1386,2016-08-01
C02265,Şekim Tevetoğlu,50,Erkek,Ankara,Lisans,Ücretli Çalışan,15164.8,Dul,1449,2015-07-28
C02266,Prof. Muhiye Serma Güçlü,56,Erkek,İzmir,Lise,Ücretli Çalışan,39839.5,Dul,1893,2020-10-20
C02267,Erkılıç Akçay,36,Erkek,İstanbul,Lise,Ücretli Çalışan,34676.46,Evli,1262,2018-01-24
C02268,Lezize Akar,29,Kadın,Bursa,Lisans,İşsiz,8000.0,Evli,1518,2016-09-09
C02269,Kıvılcım Arsoy,29,Erkek,İstanbul,Lisans,Ücretli Çalışan,18827.25,Dul,1272,2018-07-19
C02270,Öğr. Karcan Akça,48,Kadın,Antalya,Lisans,Serbest Meslek,16830.78,Bekar,1173,2015-03-29
C02271,Bay Ahsen Sağıt Şensoy,45,Kadın,Ankara,Lise,Ücretli Çalışan,10454.85,Boşanmış,1170,2017-04-11
C02272,Dr. Müslum Demirok Eraslan,18,Kadın,Ankara,Lise,Serbest Meslek,10500.93,Boşanmış,1344,2021-07-17
C02273,Bay Koçak Mansız,18,Erkek,İzmir,Lisans,Emekli,10234.14,Boşanmış,1259,2018-05-27
C02274,Yrd. Doç. Jaruthip Faize Çorlu,33,Kadın,Mersin,Lise,Ücretli Çalışan,48845.45,Dul,1900,2016-04-30
C02275,Gelengül Özlem Demir Yılmaz,29,Erkek,İstanbul,Lisans,Ücretli Çalışan,25609.33,Dul,1687,2022-11-06
C02276,Prof. Servinaz Taçnur Demir,32,Kadın,Denizli,Lisans,İşsiz,10168.06,Evli,1096,2025-03-13
C02277,Doç. Deviner Dalan Akça,37,Kadın,İstanbul,Ön Lisans,Ücretli Çalışan,16381.47,Dul,1610,2020-05-07
C02278,Mahnaz Korutürk,30,Kadın,Bursa,Doktora,Ücretli Çalışan,11868.0,Boşanmış,1407,2019-12-12
C02279,Öğr. Elvan Şafak Akdeniz,44,Kadın,Ankara,İlkokul,Serbest Meslek,11737.1,Dul,1612,2022-07-14
C02280,Süvari Bilir,18,Erkek,Denizli,Yüksek Lisans,Serbest Meslek,15365.02,Bekar,1355,2016-12-26
C02281,Güler Rıfkıye Akçay,32,Erkek,Antalya,Yüksek Lisans,Ücretli Çalışan,15455.54,Bekar,1900,2023-11-14
C02282,Prof. Eşim Asiman Arslan,29,Kadın,Samsun,Lise,İşsiz,59787.37,Bekar,1329,2018-12-23
C02283,Hatin Mansız,41,Erkek,İstanbul,Yüksek Lisans,Serbest Meslek,24693.82,Dul,1900,2016-11-23
C02284,Öğr. Nirgül İldeş Tarhan Şensoy,28,Erkek,İstanbul,Lise,Ücretli Çalışan,12037.86,Bekar,1191,2020-06-28
C02285,Dr. Akmaral Simten Yaman Bilge,40,Kadın,İstanbul,Lise,Ücretli Çalışan,9167.35,Boşanmış,1385,2017-12-13
C02286,Pesent Tarhan,60,Erkek,Ankara,Lise,Ücretli Çalışan,21335.62,Dul,1426,2022-05-24
C02287,Yayak Kısakürek,32,Kadın,İstanbul,Doktora,Ücretli Çalışan,29861.65,Bekar,1293,2023-03-29
C02288,Doç. Şahinder Ildız Erdoğan,62,Erkek,Ankara,Yüksek Lisans,Serbest Meslek,47572.58,Dul,1564,2019-05-10
C02289,Sağcan Altoğan Yorulmaz Şama,39,Erkek,Antalya,Lise,Ücretli Çalışan,31691.28,Dul,1773,2019-07-26
C02290,Öğr. Hükümdar Tali Akça,30,Kadın,Samsun,Lisans,Serbest Meslek,15725.68,Evli,1169,2020-06-25
C02291,Abdulsemet Ergönül Zorlu,44,Kadın,Eskişehir,Yüksek Lisans,Ücretli Çalışan,26902.72,Bekar,1162,2024-01-13
C02292,Menişan Gülen Ülker,34,Erkek,Kayseri,Yüksek Lisans,Serbest Meslek,10869.71,Bekar,1155,2024-02-03
C02293,Emine. Öncel Türk Zengin,46,Kadın,İstanbul,Lise,Ücretli Çalışan,14327.46,Bekar,1304,2016-09-22
C02294,Çev. Bünyamün Zorlu,20,Kadın,Konya,Yüksek Lisans,Serbest Meslek,21680.0,Bekar,1408,2023-02-09
C02295,Okt. Simber Yaman Çorlu,31,Erkek,Kayseri,Lisans,Ücretli Çalışan,18305.26,Evli,1545,2021-07-14
C02296,Yurtseven Şafak,30,Erkek,Bursa,Lise,Serbest Meslek,10256.65,Bekar,1831,2021-11-14
C02297,Erkılıç Demir,32,Kadın,İstanbul,Lisans,Ücretli Çalışan,19081.18,Bekar,1752,2017-01-30
C02298,Aynımah Yaman,80,Kadın,İstanbul,Lisans,Ücretli Çalışan,11384.19,Evli,1492,2017-05-11
C02299,Av. Leyli Korutürk Arsoy,31,Kadın,Ankara,Lisans,Ücretli Çalışan,15639.33,Evli,1319,2020-05-03
C02300,Çev. Kandef Şeyda Karadeniz,26,Erkek,Bursa,Lise,İşveren,19563.46,Boşanmış,1131,2023-03-16
C02301,Vefia Hayrioğlu,51,Kadın,Ankara,Lisans,Serbest Meslek,20429.83,Bekar,1605,2016-12-21
C02302,Uz. Misra Tanyu İnönü,34,Erkek,İstanbul,Lisans,İşsiz,16894.75,Evli,1291,2022-11-07
C02303,Sayın Akdeniz,26,Kadın,İstanbul,Lisans,Ücretli Çalışan,16964.94,Evli,1285,2016-10-27
C02304,Bayan Güler Faize Yorulmaz Bilgin,29,Erkek,Bursa,Lisans,Ücretli Çalışan,8000.0,Boşanmış,1714,2017-06-12
C02305,Bay Nazlim Eraslan,31,Erkek,Adana,Lisans,Ücretli Çalışan,33641.62,Boşanmış,1767,2018-02-26
C02306,Doç. Nas Şafak,24,Kadın,İstanbul,Ön Lisans,İşveren,12212.5,Bekar,1900,2021-12-13
C02307,Oktüremiş Akçasu Dumanlı Ergül,61,Erkek,İstanbul,Lisans,İşveren,19649.69,Dul,1564,2015-02-19
C02308,Öğr. Tasvir Demir Akdeniz,32,Kadın,Ankara,Lisans,İşsiz,24210.91,Boşanmış,1040,2022-10-30
C02309,Baytal Ergül,18,Kadın,İzmir,Lisans,Serbest Meslek,10996.14,Boşanmış,1305,2020-01-21
C02310,Deviner Bilge,26,Erkek,Ankara,Lise,Ücretli Çalışan,19336.02,Dul,1231,2018-07-07
C02311,Gülay Gabel Korutürk,30,Kadın,İstanbul,Lise,Ücretli Çalışan,29258.47,Boşanmış,1561,2019-08-06
C02312,Özbilge Akçay,39,Erkek,Ankara,Lisans,Ücretli Çalışan,29600.12,Dul,1620,2020-03-14
C02313,Siper Yılmaz,57,Erkek,İzmir,Lise,Emekli,16204.81,Dul,1352,2019-09-15
C02314,Öğr. Arısoy Yüksel,24,Kadın,Konya,Ön Lisans,Emekli,16431.55,Evli,1621,2019-06-25
C02315,Dr. Canan Akgündüz Şama,55,Erkek,Konya,Lisans,Ücretli Çalışan,30703.67,Evli,1051,2016-09-10
C02316,Fenni Tarhan,52,Kadın,İstanbul,İlkokul,Serbest Meslek,8713.83,Dul,1604,2016-09-05
C02317,Koldan Karaer Zengin İhsanoğlu,35,Kadın,İstanbul,Ön Lisans,Ücretli Çalışan,27340.93,Boşanmış,1166,2024-04-21
C02318,Şabettin Güngördü Manço Yıldırım,54,Erkek,İstanbul,Ön Lisans,İşsiz,10308.88,Dul,932,2019-11-08
C02319,Münif Karadeniz,28,Kadın,İzmir,Lisans,Ücretli Çalışan,9050.47,Boşanmış,1403,2016-03-10
C02320,Öğr. Kifaye Tevetoğlu Ülker,61,Erkek,Antalya,Lisans,Ücretli Çalışan,66178.26,Evli,1524,2017-08-21
C02321,Gürelcem Türk,53,Erkek,Gaziantep,Ön Lisans,Ücretli Çalışan,22124.54,Bekar,1624,2018-06-15
C02322,Okt. Özyurt Elifnur Bilir Bilge,35,Erkek,Bursa,Lisans,Serbest Meslek,21759.04,Dul,1634,2021-11-10
C02323,Özüdoğru Toköz Arslan,33,Kadın,İzmir,Lise,Ücretli Çalışan,19247.33,Boşanmış,1485,2024-01-19
C02324,Azade Korutürk,49,Kadın,Ankara,Doktora,Serbest Meslek,12336.1,Bekar,1367,2015-03-14
C02325,Sargın Akça,62,Erkek,İstanbul,Yüksek Lisans,Ücretli Çalışan,33651.98,Evli,1837,2025-03-16
C02326,Büreyre Gülen Eraslan,40,Erkek,Bursa,Yüksek Lisans,Emekli,23027.6,Dul,1710,2023-10-28
C02327,Öğr. Ömür Bilge,58,Erkek,Bursa,Lise,Ücretli Çalışan,8281.49,Evli,1051,2025-02-11
C02328,Bitül Yıldırım Akdeniz,55,Erkek,Konya,Lisans,Ücretli Çalışan,17595.52,Evli,1332,2022-12-10
C02329,Buhari Kısakürek,24,Kadın,Gaziantep,Lise,Serbest Meslek,15525.55,Dul,1069,2024-12-26
C02330,Lüfen Şensoy İnönü,65,Kadın,Ankara,Lise,Ücretli Çalışan,19730.16,Boşanmış,1485,2015-11-30
C02331,Baykan Hançer,47,Erkek,Bursa,Yüksek Lisans,Ücretli Çalışan,30731.86,Boşanmış,1736,2015-10-02
C02332,Prof. Satıa Korutürk Sezgin,52,Kadın,Konya,Lise,Ücretli Çalışan,15004.71,Evli,1425,2019-01-30
C02333,Şefiye Emal Ergül,49,Kadın,İzmir,Lise,İşveren,15719.78,Bekar,1498,2018-09-02
C02334,İsmet Kamar Zorlu Akar,44,Erkek,İzmir,Lisans,Ücretli Çalışan,28376.97,Boşanmış,1055,2020-06-08
C02335,Öğr. Oguş Güçlü Aslan,48,Kadın,Gaziantep,Lisans,İşsiz,17940.65,Bekar,1396,2018-04-25
C02336,Dr. Sadiye Nili Mansız,49,Kadın,İzmir,Lisans,Serbest Meslek,41091.71,Evli,1838,2023-11-13
C02337,Öğr. Teksoy Şafak,56,Kadın,İstanbul,Lise,Ücretli Çalışan,38164.14,Boşanmış,1572,2015-04-14
C02338,Akçasu Zorlu,40,Erkek,İstanbul,Ön Lisans,Ücretli Çalışan,29518.36,Evli,1683,2020-01-04
C02339,Seyyide Tarhan,36,Kadın,Bursa,Lisans,Serbest Meslek,23912.83,Bekar,1491,2018-01-25
C02340,Dr. Uzbay Yayak Manço,29,Kadın,Antalya,Ön Lisans,Ücretli Çalışan,35621.59,Evli,1513,2021-07-30
C02341,Arş. Gör. Yaşar Çorlu Arslan,64,Kadın,İstanbul,Yüksek Lisans,Ücretli Çalışan,9590.5,Dul,1240,2019-02-19
C02342,Öğr. Beyhatun Susam Hançer Manço,40,Erkek,İzmir,Lisans,Ücretli Çalışan,33250.38,Boşanmış,1599,2019-06-09
C02343,Utkucan Akçay,43,Kadın,Bursa,Lise,Ücretli Çalışan,12000.83,Bekar,1090,2024-11-26
C02344,Huban Yasemen Şafak,43,Kadın,İzmir,Yüksek Lisans,Ücretli Çalışan,10787.6,Evli,1247,2016-09-12
C02345,Özyurt Aysuna Durmuş,46,Kadın,Samsun,Lise,Ücretli Çalışan,12809.65,Boşanmış,1781,2019-01-02
C02346,Alanalp Zorlu,54,Erkek,Ankara,Lise,Ücretli Çalışan,9826.73,Dul,1146,2021-02-10
C02347,Oymak Mazlum Seven Sakarya,18,Erkek,Bursa,Ön Lisans,Ücretli Çalışan,14014.31,Evli,1491,2021-02-23
C02348,Dr. Özyurt Hürmet Ergül Eraslan,35,Kadın,Ankara,Lise,İşveren,24522.8,Boşanmış,1119,2017-07-20
C02349,Ökkaş Zorlu,49,Kadın,İstanbul,Lisans,Ücretli Çalışan,15524.91,Evli,1503,2020-05-14
C02350,Bariş Korutürk,38,Kadın,Adana,Yüksek Lisans,Ücretli Çalışan,11246.4,Evli,1091,2020-08-12
C02351,Uz. Gülbeyan Pekkan Türk Çorlu,51,Erkek,Adana,Lisans,Ücretli Çalışan,23850.17,Bekar,1762,2020-09-20
C02352,Doç. Melaha Minibe Zengin,43,Erkek,İstanbul,Lisans,İşveren,21254.96,Dul,1068,2021-03-02
C02353,Prof. Serda Kaver Şama Çamurcuoğlu,36,Kadın,Bursa,Lise,Ücretli Çalışan,19686.28,Dul,1900,2015-01-30
C02354,Öğr. Cezayir Çorlu,48,Kadın,Bursa,Ön Lisans,Ücretli Çalışan,39784.3,Evli,1649,2019-06-15
C02355,Deha Şafak,31,Kadın,Eskişehir,Lisans,Ücretli Çalışan,21008.99,Boşanmış,1559,2017-12-24
C02356,Abdulsemet Gülen,28,Erkek,İstanbul,Lise,Serbest Meslek,16764.61,Boşanmış,1448,2018-10-02
C02357,Abid Canal Şensoy Güçlü,59,Erkek,Ankara,Lisans,Ücretli Çalışan,8000.0,Dul,1681,2015-04-29
C02358,Doç. Rana Şazime Gül Soylu,28,Erkek,İstanbul,Lise,Ücretli Çalışan,10748.96,Dul,1674,2024-01-09
C02359,Şüküfe Nevise Sezer,48,Kadın,İstanbul,Lisans,Ücretli Çalışan,35050.09,Boşanmış,1700,2024-05-04
C02360,Menişan Çorlu Yaman,64,Kadın,Mersin,Lisans,Serbest Meslek,25627.61,Boşanmış,1460,2020-03-14
C02361,Abuzar Akar,44,Kadın,İzmir,Yüksek Lisans,Ücretli Çalışan,34876.24,Boşanmış,1305,2017-06-07
C02362,İbrahim Aclan Sezer Akar,32,Erkek,İstanbul,Lisans,Ücretli Çalışan,17343.41,Boşanmış,973,2017-04-25
C02363,Dinçsü Güçlü,41,Erkek,Adana,Ön Lisans,Ücretli Çalışan,8529.13,Dul,1393,2021-10-01
C02364,Toğan Yüksel,50,Erkek,İzmir,Lisans,İşveren,16081.19,Evli,1900,2015-11-15
C02365,Av. Zemzem Gülfari Çorlu,22,Kadın,Kayseri,Lisans,Serbest Meslek,34066.42,Bekar,1588,2018-01-28
C02366,Seyyide Fadıla Güçlü,19,Erkek,Ankara,Lisans,Emekli,67498.28,Evli,1364,2016-02-03
C02367,Bayan Doğannur Fitnat Akçay,29,Kadın,Bursa,Doktora,Ücretli Çalışan,10580.95,Boşanmış,1324,2015-11-08
C02368,Zennun Sezer,38,Kadın,İstanbul,İlkokul,Ücretli Çalışan,20872.56,Bekar,1425,2018-05-22
C02369,Öğr. Siti Altınçiçek Bilge Dumanlı,47,Erkek,Eskişehir,Yüksek Lisans,Ücretli Çalışan,16740.17,Evli,1016,2016-05-07
C02370,Öğr. Fuzuli Serda Karadeniz,38,Kadın,Mersin,Yüksek Lisans,Emekli,8000.0,Evli,1428,2015-02-28
C02371,Ayçan Şama Yılmaz,28,Kadın,İzmir,Yüksek Lisans,Ücretli Çalışan,21450.69,Boşanmış,1828,2018-01-11
C02372,Teksoy Şekim Demirel Şafak,28,Erkek,İstanbul,Lisans,Ücretli Çalışan,32130.64,Evli,1391,2015-09-24
C02373,Av. Teknaz Üçgül Tevetoğlu,61,Erkek,İstanbul,Ön Lisans,Ücretli Çalışan,16910.35,Dul,1289,2019-08-17
C02374,Aycagül Talibe Gülen,48,Kadın,Bursa,İlkokul,Ücretli Çalışan,16381.28,Bekar,1289,2023-08-19
C02375,Arş. Gör. İslime Gül Mansız,34,Erkek,Adana,Lise,Emekli,19534.3,Boşanmış,1795,2015-04-10
C02376,Öğr. Bahtinur Fırat Yıldırım,18,Kadın,İstanbul,Ön Lisans,Serbest Meslek,20138.45,Bekar,1576,2022-04-17
C02377,Yrd. Doç. Misra Çağlar Erdoğan,42,Erkek,İzmir,Lisans,Ücretli Çalışan,35934.0,Evli,1481,2023-01-09
C02378,Rümeysa Akgündüz,37,Kadın,İstanbul,Lise,İşveren,26018.11,Boşanmış,1524,2020-02-12
C02379,Dr. Taçnur Mansız Akça,35,Kadın,Ankara,Yüksek Lisans,İşveren,25141.24,Evli,1336,2018-08-06
C02380,Seniha Seblâ Yıldırım Aksu,32,Erkek,Ankara,Lisans,Serbest Meslek,15715.5,Boşanmış,1838,2020-03-29
C02381,Gülfeza Simten Ergül,18,Erkek,İstanbul,Lisans,İşsiz,23813.78,Dul,1148,2022-07-30
C02382,Öğr. Türknur Gürcüye Zengin Çamurcuoğlu,19,Erkek,Samsun,Lise,Ücretli Çalışan,22911.11,Boşanmış,1538,2024-12-03
C02383,Şazime Akdeniz,47,Erkek,Bursa,Ön Lisans,Ücretli Çalışan,8000.0,Evli,1721,2024-12-23
C02384,Uz. Mecide Orçin Seven Karadeniz,31,Kadın,Bursa,Lisans,Ücretli Çalışan,27145.2,Evli,1685,2024-07-18
C02385,Solma Feyha Mansız Bilir,29,Kadın,Denizli,Lisans,İşveren,26828.15,Dul,1403,2015-12-01
C02386,Birben Süner Yaman,18,Kadın,Trabzon,Lisans,İşveren,33707.78,Bekar,1226,2021-06-15
C02387,Öğr. Borataş Tevetoğlu,29,Kadın,Adana,Lisans,Ücretli Çalışan,16624.29,Boşanmış,1568,2020-06-26
C02388,Dr. Ruhugül Akça Soylu,39,Erkek,İzmir,Ön Lisans,Ücretli Çalışan,25505.01,Dul,1165,2017-06-16
C02389,Hasret Gülçe Durmuş,31,Erkek,Antalya,Doktora,Serbest Meslek,18916.72,Evli,1900,2022-03-08
C02390,Adasal Idık Akgündüz,38,Kadın,Gaziantep,Yüksek Lisans,Serbest Meslek,32479.03,Evli,1509,2023-01-12
C02391,Nesfe Tarhan,34,Kadın,İzmir,Yüksek Lisans,Ücretli Çalışan,17836.0,Boşanmış,1457,2017-09-17
C02392,Uz. İmam Bilge,47,Erkek,Gaziantep,Lisans,İşveren,36996.37,Bekar,1589,2024-02-19
C02393,Ünek Andiç Şama,54,Kadın,İstanbul,Lise,Ücretli Çalışan,12911.12,Evli,1276,2024-04-13
C02394,Dr. Halenur Duyguhan Durmuş,31,Kadın,İstanbul,Ön Lisans,İşveren,22959.8,Bekar,1410,2019-09-25
C02395,Öğr. Erkinel Hariz Çetin,48,Erkek,İstanbul,Lisans,Emekli,13108.93,Boşanmış,1350,2019-05-08
C02396,Aysevim Çolpan Aslan Akçay,48,Erkek,Ankara,Lisans,Ücretli Çalışan,8000.0,Dul,1900,2022-02-14
C02397,Şide Sezer,36,Kadın,Antalya,Doktora,Serbest Meslek,8012.29,Dul,1419,2018-08-02
C02398,Yaltırak Aliihsan İhsanoğlu Akça,40,Erkek,Antalya,Yüksek Lisans,Ücretli Çalışan,19209.26,Dul,1747,2023-06-11
C02399,Prof. Sevginur Dilcan Sakarya Çetin,48,Kadın,Ankara,Lisans,Ücretli Çalışan,22789.25,Boşanmış,1612,2022-09-06
C02400,İlkim Selaheddin Türk Zorlu,38,Kadın,Ankara,Yüksek Lisans,Ücretli Çalışan,44310.23,Bekar,1130,2020-04-29
C02401,Börteçin Teksoy Demir Bilge,41,Kadın,İstanbul,Lisans,Ücretli Çalışan,20522.17,Bekar,1703,2020-02-06
C02402,Işıkay Aksu,29,Erkek,İstanbul,Doktora,Ücretli Çalışan,9093.79,Bekar,1419,2018-08-15
C02403,Selime Türcan Soylu,43,Erkek,İstanbul,Ön Lisans,Ücretli Çalışan,38961.13,Bekar,1182,2022-09-01
C02404,Birsen Topuz Arsoy Şama,53,Kadın,Eskişehir,Ön Lisans,Ücretli Çalışan,57834.25,Evli,1405,2020-03-12
C02405,Bayruhan Akdeniz,24,Erkek,Gaziantep,Lisans,Ücretli Çalışan,16595.08,Bekar,1423,2017-11-03
C02406,Mevlüt Seven,46,Erkek,İstanbul,Ön Lisans,Serbest Meslek,15273.47,Evli,1888,2015-06-13
C02407,Erdemer Karadeniz,26,Erkek,Ankara,Lisans,Ücretli Çalışan,9112.09,Bekar,1656,2017-03-26
C02408,Okt. Mahigül Zorlu Aksu,18,Kadın,İstanbul,Lisans,Ücretli Çalışan,18181.17,Evli,1900,2023-08-31
C02409,Erten Arsoy,39,Erkek,İstanbul,Lise,Ücretli Çalışan,12035.97,Dul,1365,2017-07-25
C02410,Okt. Hilayda Fatmanur İnönü,39,Kadın,İstanbul,Lise,Serbest Meslek,21424.54,Bekar,1665,2019-11-30
C02411,Prof. Haliye Eriş Sezgin,27,Erkek,İstanbul,Lisans,Ücretli Çalışan,42590.93,Boşanmış,1561,2022-02-13
C02412,Öğr. Rengül Sevican Akça,48,Erkek,İzmir,Lise,Ücretli Çalışan,15022.93,Dul,1821,2015-10-02
C02413,Asliye Selmin Manço Öcalan,36,Erkek,Kayseri,Lisans,Ücretli Çalışan,22581.78,Dul,1266,2019-07-02
C02414,Yaşattin Sezgin,28,Kadın,Mersin,Yüksek Lisans,Ücretli Çalışan,27165.21,Bekar,1389,2015-04-09
C02415,Atgun Şama,29,Kadın,Antalya,Ön Lisans,Ücretli Çalışan,14921.64,Boşanmış,1554,2021-04-01
C02416,Rafia Öcalan,32,Kadın,Denizli,Lisans,Ücretli Çalışan,18902.61,Dul,1503,2016-04-19
C02417,Öğr. Altınkaya Gülen,18,Kadın,İstanbul,Lise,Serbest Meslek,10280.39,Dul,1384,2015-02-15
C02418,Tuğrulhan Tiğin Manço,31,Kadın,İstanbul,Lisans,Ücretli Çalışan,32065.19,Bekar,1741,2018-05-27
C02419,Telim Yayak Sezgin,48,Kadın,Ankara,Lise,Emekli,45202.03,Dul,1439,2023-12-26
C02420,Sabihe Rafia Akgündüz,47,Erkek,İzmir,Lise,Ücretli Çalışan,15321.61,Evli,1900,2019-05-08
C02421,Minibe Nazende Yılmaz,63,Kadın,İstanbul,Lise,Serbest Meslek,20037.21,Evli,1596,2024-08-28
C02422,Yeşil Mansız,56,Erkek,İzmir,Doktora,İşveren,18653.47,Evli,1335,2017-10-08
C02423,Vezat Gülen,50,Erkek,Gaziantep,Ön Lisans,Serbest Meslek,20646.43,Evli,1545,2024-04-14
C02424,Dr. Gülsiye Zinnure Mansız Çetin,29,Kadın,Adana,İlkokul,Ücretli Çalışan,9200.82,Boşanmış,1439,2023-10-03
C02425,Doç. Nazi Rana Öcalan Akar,50,Kadın,Antalya,Yüksek Lisans,Ücretli Çalışan,18004.68,Dul,1859,2020-01-17
C02426,Bilkay Aycagül Duran,31,Kadın,Adana,Lise,Serbest Meslek,12399.15,Dul,1363,2022-03-31
C02427,Orçin Gül,39,Kadın,İstanbul,Lisans,Emekli,28183.33,Dul,1266,2023-09-02
C02428,Rahmet Duran,56,Kadın,Ankara,Lisans,Ücretli Çalışan,48296.42,Evli,1490,2023-09-01
C02429,Gülşeref Büşranur Zorlu,54,Erkek,İstanbul,Lise,Serbest Meslek,12389.15,Boşanmış,1648,2018-05-28
C02430,Yahşi Narhanim İnönü,52,Erkek,Eskişehir,Yüksek Lisans,İşveren,29394.03,Dul,1496,2020-09-25
C02431,Bay Akboğa Akgündüz,18,Kadın,İzmir,Lise,Ücretli Çalışan,14931.42,Dul,1143,2018-11-03
C02432,Hekime Karadeniz,28,Kadın,İstanbul,Lise,Ücretli Çalışan,21057.44,Boşanmış,1395,2024-10-22
C02433,Sadiye Tülin Demir,30,Kadın,Ankara,Yüksek Lisans,Ücretli Çalışan,12376.32,Evli,1201,2021-05-07
C02434,Şahmettin Karaca Eraslan,53,Erkek,İstanbul,Lise,Ücretli Çalışan,14802.31,Dul,1251,2018-02-14
C02435,Ecegül Aysuna İnönü Şensoy,34,Erkek,Antalya,Lise,Ücretli Çalışan,23214.84,Evli,1614,2023-12-30
C02436,Muhyettin Gençay Durdu Korutürk,18,Erkek,İstanbul,Lisans,İşveren,31562.84,Boşanmış,1779,2017-04-17
C02437,Mutluhan Şama,27,Kadın,İstanbul,Lisans,İşveren,12867.57,Boşanmış,1267,2022-02-28
C02438,Prof. Âdem Seçme Durdu,30,Erkek,İstanbul,Lisans,Ücretli Çalışan,22043.37,Dul,1013,2019-03-16
C02439,Okt. Geray Fenni Ülker,26,Erkek,Adana,Yüksek Lisans,Ücretli Çalışan,39840.48,Dul,1267,2021-01-10
C02440,Yazganalp Kısakürek,54,Erkek,Bursa,Lise,Ücretli Çalışan,23386.22,Dul,1047,2024-02-13
C02441,Dr. Günşen Pehlil Zengin,47,Erkek,İstanbul,Lise,Serbest Meslek,18902.5,Boşanmış,1386,2025-05-28
C02442,İlim Öcalan,42,Erkek,İzmir,Ön Lisans,Ücretli Çalışan,24675.97,Boşanmış,1676,2015-07-28
C02443,Sevcan Canur Manço Demirel,54,Erkek,Bursa,Ön Lisans,İşsiz,23948.5,Dul,876,2018-07-06
C02444,Av. Rezin Bidayet Çorlu,34,Kadın,İstanbul,Lisans,Ücretli Çalışan,74934.66,Bekar,1681,2015-06-18
C02445,Mazlum Bedri Güçlü,68,Erkek,İstanbul,Lisans,İşveren,37344.66,Evli,1560,2023-10-16
C02446,Mucahit Erdoğan,43,Erkek,İstanbul,Yüksek Lisans,Ücretli Çalışan,19604.98,Bekar,1065,2015-02-10
C02447,Yekbun Rahiye Zengin Durmuş,40,Erkek,İstanbul,Lise,Ücretli Çalışan,34365.33,Evli,1350,2021-12-07
C02448,Kardelen Zengin Soylu,44,Erkek,Eskişehir,Ön Lisans,Serbest Meslek,29237.75,Evli,1272,2016-09-13
C02449,Öğr. Tangül Rumeysa Alemdar,34,Erkek,Konya,Lise,Ücretli Çalışan,12606.15,Dul,1174,2017-04-12
C02450,Uz. Oranlı Yaman,24,Kadın,Samsun,Lise,Ücretli Çalışan,13290.41,Boşanmış,1654,2024-01-29
C02451,Doç. Sevginur Yaman Demirel,29,Kadın,İstanbul,Ön Lisans,Ücretli Çalışan,21097.43,Evli,1374,2020-02-26
C02452,Vargın Dolun Ertaş Güçlü,54,Kadın,Eskişehir,Lise,Serbest Meslek,35954.99,Bekar,1716,2017-09-05
C02453,Çakar Borataş Akça,43,Erkek,Bursa,Lisans,Serbest Meslek,17962.17,Dul,1202,2020-01-02
C02454,Durgadin Şazime Akdeniz Seven,63,Kadın,Kayseri,Ön Lisans,Ücretli Çalışan,14159.59,Dul,1545,2019-12-18
C02455,Baykan Kanpulat Durdu Arslan,52,Erkek,Kayseri,Lisans,Ücretli Çalışan,15523.71,Bekar,1759,2021-01-26
C02456,Razı Birgit Demir,49,Kadın,Mersin,Ön Lisans,İşveren,43372.62,Boşanmış,1382,2018-08-12
C02457,Merva Nurdeniz Hançer Arslan,24,Erkek,Gaziantep,Lisans,Ücretli Çalışan,15875.46,Boşanmış,1472,2016-08-14
C02458,Bayan Evde Manço Çetin,40,Erkek,İstanbul,Ön Lisans,Serbest Meslek,16696.48,Evli,1022,2018-07-11
C02459,Bayan Merva Lâle Bilir,45,Erkek,İstanbul,Lise,Ücretli Çalışan,48414.52,Evli,1616,2019-04-04
C02460,Av. Zeynelabidin Soylu,47,Erkek,Samsun,Lisans,Serbest Meslek,25786.35,Evli,1599,2022-03-28
C02461,Bayruhan Durmuş,51,Erkek,Adana,İlkokul,Serbest Meslek,23811.36,Boşanmış,1421,2019-01-12
C02462,Begim Aynımah Seven Güçlü,30,Erkek,Ankara,Ön Lisans,Ücretli Çalışan,17817.95,Dul,1578,2016-01-02
C02463,Özgün Sernur Akçay,36,Erkek,İstanbul,Ön Lisans,Ücretli Çalışan,22958.7,Boşanmış,1609,2020-05-14
C02464,Nurhayet Güçlü,49,Kadın,Kayseri,Lisans,Ücretli Çalışan,35498.93,Evli,1519,2024-06-26
C02465,Çinerk Yaman,24,Erkek,Ankara,Lisans,Ücretli Çalışan,17063.61,Bekar,1431,2022-12-06
C02466,Prof. Serda Seniha Manço Bilge,18,Kadın,Bursa,Lisans,Emekli,37231.07,Boşanmış,1415,2015-11-21
C02467,Bitül Sezgin,44,Erkek,İzmir,Lise,Ücretli Çalışan,36845.43,Dul,1342,2018-02-14
C02468,Öğr. Harbinaz Peren Şama,46,Kadın,İstanbul,Lise,Emekli,18969.0,Bekar,1413,2017-08-07
C02469,Tınal Mirbadin Korutürk,30,Kadın,Bursa,Lisans,Emekli,42172.41,Evli,1366,2018-03-26
C02470,Birsan Bilge,48,Erkek,Mersin,Lise,Ücretli Çalışan,8571.92,Evli,1674,2021-10-04
C02471,Doç. Akar Durdu,52,Kadın,Konya,Lise,Serbest Meslek,20823.66,Evli,1443,2020-12-27
C02472,Övün Ecegül Şensoy,44,Erkek,İzmir,Ön Lisans,Ücretli Çalışan,55823.81,Evli,1059,2016-09-17
C02473,Danış Mansız,49,Kadın,İstanbul,İlkokul,Ücretli Çalışan,13223.78,Evli,1375,2023-08-05
C02474,Serda Rasul Akar,37,Kadın,İzmir,Yüksek Lisans,Ücretli Çalışan,16436.45,Dul,1497,2016-07-06
C02475,Arş. Gör. Altınbike Demir Ülker,26,Erkek,İstanbul,Lise,Ücretli Çalışan,31670.19,Boşanmış,1051,2021-06-08
C02476,Bay Evcimen Çetin,46,Erkek,İstanbul,Lise,İşveren,17206.78,Bekar,1207,2023-01-01
C02477,Erdemer Karadeniz,42,Kadın,İstanbul,Ön Lisans,Ücretli Çalışan,9890.92,Bekar,1389,2018-03-22
C02478,Dr. Zahfer Şemsinisa Hayrioğlu Gülen,22,Erkek,Antalya,Ön Lisans,Ücretli Çalışan,24528.05,Dul,1188,2024-12-19
C02479,Okbay Ahsen Şama,34,Erkek,Konya,Lisans,Ücretli Çalışan,22749.02,Dul,1306,2023-06-06
C02480,Uz. Ruhide Anka Bilge,39,Erkek,İstanbul,Yüksek Lisans,Ücretli Çalışan,10084.72,Evli,1537,2024-01-10
C02481,Nursim Eraslan,61,Kadın,Bursa,Ön Lisans,Ücretli Çalışan,70017.04,Boşanmış,1522,2016-04-18
C02482,Barsen Sakarya,49,Erkek,Ankara,Lise,Serbest Meslek,8943.82,Bekar,1755,2018-07-12
C02483,Çev. Beyler Akçay,49,Kadın,İstanbul,Lisans,Ücretli Çalışan,16030.2,Evli,1809,2020-01-17
C02484,Bitül Manço,36,Kadın,Bursa,Lise,Emekli,16218.19,Evli,1578,2016-08-05
C02485,Refet Ganiye Yorulmaz,27,Kadın,Mersin,Lise,Ücretli Çalışan,31562.69,Dul,1236,2020-03-25
C02486,Gülbani Yıldırım,27,Erkek,Mersin,Ön Lisans,Serbest Meslek,13235.26,Dul,1569,2015-07-30
C02487,Gençay Kibar Sakarya,32,Kadın,Mersin,Yüksek Lisans,Ücretli Çalışan,10866.09,Boşanmış,1228,2019-03-13
C02488,Esna Seven,39,Erkek,Mersin,Yüksek Lisans,Ücretli Çalışan,11714.26,Dul,1092,2015-11-16
C02489,Işin Kısakürek,65,Erkek,Gaziantep,Lisans,Serbest Meslek,13531.09,Bekar,1299,2024-09-27
C02490,Alkor Derkay Yüksel İnönü,35,Kadın,Ankara,Lise,İşveren,16488.02,Evli,1655,2015-02-15
C02491,Öğr. Oruç Çağa Zorlu,51,Kadın,Adana,Lisans,İşsiz,17366.88,Bekar,910,2015-04-12
C02492,Dilşat Aslan Yorulmaz,55,Erkek,İstanbul,Ön Lisans,Ücretli Çalışan,19093.37,Dul,1900,2018-11-22
C02493,Sezen Durmuş,18,Erkek,Ankara,Lisans,Serbest Meslek,21762.24,Bekar,1899,2024-11-27
C02494,Dr. Süsen Asiman Seven,35,Erkek,Ankara,Lisans,Ücretli Çalışan,18007.22,Bekar,1573,2016-09-20
C02495,Bay Eryıldız Sayin Zengin,33,Erkek,Ankara,Lisans,Emekli,17319.14,Boşanmış,1375,2016-08-12
C02496,Erdibay Çokan Durmuş Şensoy,32,Kadın,İstanbul,Ön Lisans,Ücretli Çalışan,34647.66,Dul,1615,2017-06-21
C02497,Göken Durdu,43,Erkek,İstanbul,Lise,Ücretli Çalışan,28677.18,Dul,1433,2021-05-20
C02498,Öğr. Bilginur Tomurcuk Bilir,30,Kadın,Ankara,Lisans,Ücretli Çalışan,15196.48,Evli,1500,2015-01-03
C02499,Karaer Duran,27,Kadın,Kayseri,Lise,İşsiz,15912.85,Dul,1090,2023-10-29
C02500,Prof. Erdemer Duran,65,Erkek,Eskişehir,Lise,Ücretli Çalışan,8000.0,Dul,1335,2016-04-12
C02501,Arş. Gör. Serma Aykut Yılmaz,60,Erkek,Gaziantep,Lise,Ücretli Çalışan,21053.67,Boşanmış,1688,2024-07-16
C02502,Av. Maksüde Fügen Yılmaz Yorulmaz,41,Erkek,Bursa,Lisans,Ücretli Çalışan,14760.35,Boşanmış,819,2022-01-30
C02503,Çev. Şahnuray Eraslan Karadeniz,42,Kadın,Antalya,Lisans,Serbest Meslek,14058.42,Boşanmış,1179,2024-01-16
C02504,Necva Karadeniz Şener,34,Kadın,İstanbul,İlkokul,Serbest Meslek,43703.68,Dul,1900,2018-01-19
C02505,Sonad Karadeniz,42,Erkek,İzmir,Lisans,Ücretli Çalışan,16169.06,Dul,1205,2015-07-30
C02506,Aysema Feyha Korutürk,45,Erkek,Gaziantep,Lise,İşsiz,44458.33,Evli,1158,2021-03-23
C02507,Ginyas Çorlu,18,Kadın,Mersin,Lise,Ücretli Çalışan,26944.17,Evli,1666,2025-05-21
C02508,Dürrüşehvar Karadeniz Yaman,20,Erkek,Ankara,Ön Lisans,Ücretli Çalışan,21577.75,Boşanmış,1532,2018-05-10
C02509,Satıa Bilir,39,Kadın,Bursa,Yüksek Lisans,Ücretli Çalışan,13962.82,Bekar,1633,2023-09-10
C02510,Natalia Şener,35,Kadın,Ankara,Lisans,Ücretli Çalışan,10215.55,Evli,867,2019-08-24
C02511,Sernur Aslan,55,Kadın,Ankara,Ön Lisans,Ücretli Çalışan,26304.59,Boşanmış,1521,2017-08-23
C02512,Dr. Gündüzalp Hasbek Bilir,34,Erkek,Eskişehir,Ön Lisans,Ücretli Çalışan,15708.4,Evli,1231,2019-07-19
C02513,Yrd. Doç. Mükrüme Alize Çamurcuoğlu Sezer,34,Kadın,İstanbul,Lisans,Ücretli Çalışan,8000.0,Evli,1195,2018-10-08
C02514,Tonguç İhsanoğlu,36,Erkek,Bursa,Yüksek Lisans,Ücretli Çalışan,26224.41,Bekar,1490,2015-12-03
C02515,Tanbay Güçlü,49,Kadın,İstanbul,Ön Lisans,Ücretli Çalışan,36574.66,Bekar,1764,2023-11-25
C02516,Abdülhadi Tarhan,45,Kadın,Trabzon,İlkokul,İşveren,20037.05,Evli,1254,2015-05-14
C02517,Öğr. Sayın Akçay,48,Erkek,Antalya,Yüksek Lisans,Ücretli Çalışan,42441.69,Boşanmış,1585,2022-06-21
C02518,Prof. Pekkan Duran Çorlu,63,Kadın,İstanbul,Lise,Serbest Meslek,10031.57,Bekar,1091,2015-06-09
C02519,Sahir Yıldırım,50,Kadın,Denizli,Lisans,İşsiz,22447.41,Evli,1548,2023-11-08
C02520,Dr. Ecegül Nefiye Alemdar Kısakürek,39,Erkek,Gaziantep,Ön Lisans,Ücretli Çalışan,13486.05,Boşanmış,1326,2021-08-27
C02521,Nürice Görsev Karadeniz Öcalan,21,Kadın,Gaziantep,Lise,Ücretli Çalışan,11993.67,Bekar,1543,2020-03-08
C02522,Bayzettin Ertaş,50,Erkek,İstanbul,Lisans,Serbest Meslek,23467.03,Bekar,1069,2020-07-26
C02523,Gülgen Selçuk Yılmaz Bilgin,35,Erkek,İstanbul,Yüksek Lisans,Serbest Meslek,11484.46,Evli,1674,2022-10-17
C02524,Çelikyürek Aslan,32,Erkek,Ankara,Lisans,Ücretli Çalışan,12227.14,Boşanmış,1387,2022-04-30
C02525,Gülfeza Burcuhan Alemdar Mansız,32,Erkek,Ankara,Yüksek Lisans,Serbest Meslek,38858.6,Boşanmış,1316,2022-06-21
C02526,Güverçin Hasgül Soylu,23,Kadın,İzmir,Lisans,Ücretli Çalışan,8000.0,Bekar,1292,2015-11-22
C02527,Aycagül Leyli Soylu Akçay,33,Kadın,İstanbul,Doktora,Ücretli Çalışan,10477.58,Evli,1677,2016-09-03
C02528,Abdülahat Akar,48,Erkek,Konya,Lisans,Serbest Meslek,19678.89,Evli,1841,2023-01-22
C02529,Dilcan Bilge Aslan,47,Erkek,İstanbul,Lisans,Ücretli Çalışan,13762.67,Boşanmış,1120,2022-12-14
C02530,Uz. Çalım Akar Ülker,49,Erkek,Antalya,Ön Lisans,Ücretli Çalışan,23822.01,Dul,1542,2017-02-23
C02531,Dr. Soykut Yaman,29,Kadın,İstanbul,Yüksek Lisans,Ücretli Çalışan,26201.62,Boşanmış,1311,2019-05-15
C02532,Başhan Eraslan,38,Erkek,İzmir,Yüksek Lisans,Ücretli Çalışan,38220.41,Boşanmış,1334,2020-01-16
C02533,Arş. Gör. Yurtgüven Özbilek Aslan,21,Erkek,Adana,Lisans,Ücretli Çalışan,12411.19,Boşanmış,1548,2025-04-07
C02534,Şemsettin Tarhan,43,Kadın,İstanbul,Lisans,İşveren,18807.39,Boşanmış,1372,2019-08-31
C02535,Vafir Tarhan,45,Erkek,İstanbul,Yüksek Lisans,Ücretli Çalışan,13601.06,Evli,1456,2020-10-01
C02536,Örfiye Akgündüz,31,Erkek,Mersin,Lisans,Serbest Meslek,13307.1,Dul,1220,2015-06-07
C02537,Bayan Salimet Ayülker Akdeniz Akça,35,Erkek,Adana,Lisans,İşveren,19497.21,Boşanmış,1558,2018-10-13
C02538,Satıa Akdeniz,18,Erkek,Konya,Yüksek Lisans,Ücretli Çalışan,13857.16,Evli,1202,2017-05-14
C02539,Çev. Döner Verde Ertaş,58,Erkek,İzmir,Yüksek Lisans,Ücretli Çalışan,12258.79,Evli,1420,2019-11-17
C02540,Okt. Vefia İnönü Türk,57,Kadın,İzmir,Lisans,İşveren,11038.72,Boşanmış,1478,2021-01-15
C02541,Bay Ezgütekin Mahir Duran,30,Erkek,İstanbul,Lise,İşsiz,15881.57,Dul,1019,2021-08-10
C02542,Okt. Afife Paye Akar Şama,31,Kadın,İzmir,Yüksek Lisans,Serbest Meslek,67836.82,Dul,1711,2025-04-02
C02543,Serhatmehmet Sezgin,53,Kadın,Eskişehir,Lisans,Emekli,24869.49,Evli,1058,2020-01-15
C02544,Zekayi Bilgin,44,Kadın,Gaziantep,Lisans,Ücretli Çalışan,32299.86,Boşanmış,1286,2019-06-06
C02545,Dr. Hurican Gülkadın Aksu,51,Kadın,İstanbul,Yüksek Lisans,Ücretli Çalışan,27363.12,Dul,1900,2017-09-05
C02546,Mezide Erdoğan,34,Erkek,İstanbul,Lise,Ücretli Çalışan,12162.04,Boşanmış,1289,2021-01-01
C02547,Akboğa Niyazi Şafak Sezgin,57,Erkek,İstanbul,Yüksek Lisans,İşveren,8753.57,Boşanmış,862,2023-08-16
C02548,Sulhi Sezgin,41,Kadın,İzmir,Lisans,Serbest Meslek,16331.24,Boşanmış,1501,2023-09-29
C02549,Hurşide Yüksel,51,Kadın,Eskişehir,Ön Lisans,Ücretli Çalışan,15542.66,Boşanmış,1031,2016-12-26
C02550,Necmettin Enes Şama Karadeniz,64,Kadın,İstanbul,Ön Lisans,Ücretli Çalışan,12724.03,Boşanmış,1115,2022-04-03
C02551,İlgi Güçyeter Fırat,53,Erkek,İstanbul,Lise,Ücretli Çalışan,16763.85,Boşanmış,1484,2016-11-23
C02552,Dr. Örik Süvari Mansız,45,Erkek,Ankara,Yüksek Lisans,Serbest Meslek,32455.08,Evli,1416,2023-03-06
C02553,Prof. Canfeza Semine Zengin Demir,58,Kadın,Konya,Lise,Ücretli Çalışan,8000.0,Bekar,1569,2015-11-09
C02554,Altınkaya Çamurcuoğlu,29,Kadın,Kayseri,İlkokul,İşsiz,36957.43,Evli,1255,2015-09-28
C02555,Karcan Gözel Akgündüz,31,Erkek,Samsun,Lise,İşveren,26856.91,Dul,1723,2018-10-14
C02556,Özbilek Yaman,47,Erkek,İzmir,Ön Lisans,Ücretli Çalışan,12539.47,Boşanmış,1258,2023-10-23
C02557,Öğet Milay Yorulmaz,39,Kadın,Ankara,Ön Lisans,Ücretli Çalışan,19563.74,Evli,1687,2021-02-11
C02558,Şerman Satıa Erdoğan,18,Kadın,Eskişehir,Lisans,Emekli,23166.14,Bekar,1307,2015-09-17
C02559,Uluğbey Alpin Durmuş Yorulmaz,29,Erkek,İstanbul,Lisans,Ücretli Çalışan,14269.52,Evli,1326,2020-05-14
C02560,Nurser Rafia Sakarya,18,Erkek,İstanbul,Yüksek Lisans,İşsiz,14536.52,Dul,801,2016-02-29
C02561,Öğr. Şahıgül Akmaral Ertaş,46,Erkek,İstanbul,Lise,İşveren,13870.41,Dul,1326,2023-09-04
C02562,Sezen Çetin Şafak,58,Kadın,Denizli,Lisans,Serbest Meslek,31177.69,Dul,1725,2021-04-02
C02563,Hanedan Tulun Akça Tarhan,34,Erkek,Ankara,Ön Lisans,İşveren,25447.29,Bekar,1441,2015-05-30
C02564,Mutluhan Fırat,37,Kadın,Bursa,İlkokul,Ücretli Çalışan,23965.21,Boşanmış,1350,2022-04-11
C02565,İmrihan Akar,57,Kadın,Samsun,Yüksek Lisans,Ücretli Çalışan,18544.74,Bekar,1654,2016-07-03
C02566,Ağakişi Abdürreşit Tevetoğlu Demirel,57,Kadın,Bursa,Ön Lisans,İşveren,31705.46,Boşanmış,1147,2016-05-05
C02567,Sunel Çetin,45,Kadın,Konya,Lisans,Serbest Meslek,29226.28,Evli,1722,2018-07-02
C02568,Serol Yaman,26,Erkek,İstanbul,Yüksek Lisans,Ücretli Çalışan,14828.91,Bekar,1628,2018-05-14
C02569,Neptün Seven,30,Kadın,Antalya,Lisans,Serbest Meslek,17415.86,Evli,1893,2018-02-23
C02570,Doç. Selçuk Akçay Yüksel,39,Erkek,Denizli,Doktora,Ücretli Çalışan,14370.77,Boşanmış,1160,2015-11-04
C02571,Özsözlü Türk,43,Erkek,Ankara,İlkokul,Ücretli Çalışan,10938.93,Boşanmış,1318,2018-09-04
C02572,Başhan Görklü Zengin,43,Kadın,Kayseri,Yüksek Lisans,Ücretli Çalışan,35761.15,Bekar,1666,2019-01-24
C02573,Arş. Gör. Neslinur Mezide Zengin,31,Erkek,Konya,Lise,Ücretli Çalışan,33870.13,Bekar,1425,2017-01-18
C02574,Bilender Güçlü,25,Kadın,İstanbul,Lise,Serbest Meslek,18445.6,Bekar,1859,2024-02-07
C02575,Şefiye Naz Arslan,41,Erkek,Mersin,Lisans,Serbest Meslek,20042.99,Bekar,1900,2025-01-15
C02576,Akgüneş Verde Zengin Ülker,22,Kadın,Ankara,Yüksek Lisans,Ücretli Çalışan,11175.51,Bekar,896,2022-05-18
C02577,Alpsü Yüksel,44,Kadın,İstanbul,Lise,Ücretli Çalışan,21480.95,Bekar,1885,2016-03-13
C02578,Maksur Hayret Akar,42,Kadın,İzmir,Ön Lisans,Emekli,16616.13,Bekar,1460,2017-12-18
C02579,Timurtaş Çamurcuoğlu,41,Kadın,İstanbul,Lise,Ücretli Çalışan,9392.88,Bekar,1900,2022-01-27
C02580,Özdoğdu Erdoğan,46,Erkek,İstanbul,Lisans,İşveren,21905.73,Evli,1653,2023-04-11
C02581,Güler Ülker,48,Kadın,Denizli,İlkokul,İşsiz,18708.83,Boşanmış,1062,2021-06-20
C02582,Doç. Silanur Tevetoğlu Sezer,47,Kadın,İzmir,Lise,İşveren,23708.05,Dul,1297,2017-05-14
C02583,Üçgül Durdu,57,Erkek,İstanbul,Lisans,Serbest Meslek,22742.9,Boşanmış,1682,2016-07-11
C02584,Şöhret Hançer,56,Erkek,Eskişehir,Lise,Ücretli Çalışan,20127.65,Evli,1579,2021-11-29
C02585,Okt. Feyzin Damlanur Ertaş,49,Kadın,Antalya,Lise,Emekli,14383.15,Dul,1353,2015-01-06
C02586,Okyalaz Durmuşali Çamurcuoğlu,41,Erkek,Bursa,Lisans,İşsiz,12961.95,Evli,1679,2021-06-19
C02587,Tezol Bilgin,23,Kadın,Samsun,Lise,Ücretli Çalışan,11112.8,Bekar,1628,2017-08-03
C02588,Öğr. Taşar Dorukhan Yüksel,48,Kadın,Adana,Lisans,İşsiz,12560.55,Evli,1251,2017-06-12
C02589,Doç. Müret Sezgin Korutürk,57,Kadın,Bursa,Lisans,Ücretli Çalışan,19660.79,Bekar,1900,2024-04-22
C02590,Gülsiye Gülen Akçay,19,Erkek,İstanbul,Lise,Serbest Meslek,27233.98,Evli,1711,2016-08-25
C02591,Işıman Yılmaz,50,Kadın,Kayseri,Lise,Serbest Meslek,18179.32,Dul,1427,2019-04-01
C02592,Hıfzullah Yıldırım,45,Erkek,Ankara,Lise,Serbest Meslek,28770.03,Evli,1650,2017-04-26
C02593,Besin Fetullah Dumanlı Akar,52,Kadın,Kayseri,Yüksek Lisans,Ücretli Çalışan,12600.71,Evli,1323,2020-06-29
C02594,Aynilhayat Asliye Akar Akar,28,Erkek,Ankara,Lise,Ücretli Çalışan,16751.6,Dul,1753,2020-03-13
C02595,Gökperi Gürcüye Akgündüz,41,Kadın,Adana,Lisans,Ücretli Çalışan,64414.02,Evli,1548,2019-08-21
C02596,Gökperi Şama,40,Erkek,İstanbul,Lise,Ücretli Çalışan,20905.81,Dul,1340,2023-08-17
C02597,Uz. Delil Ahat Akçay,39,Kadın,Bursa,Lise,Ücretli Çalışan,33107.15,Evli,1528,2020-01-15
C02598,Cevale Yıldırım,30,Erkek,Gaziantep,Yüksek Lisans,Ücretli Çalışan,13143.89,Boşanmış,1267,2016-10-19
C02599,Kasim Şensoy,40,Erkek,Mersin,İlkokul,Ücretli Çalışan,34102.09,Evli,1164,2022-03-27
C02600,Hami Dirican Hançer Ertaş,36,Kadın,Denizli,Lisans,Ücretli Çalışan,21267.59,Evli,1041,2016-03-25
C02601,Okt. Ünsever Karaca Ülker,29,Erkek,İzmir,Lisans,Ücretli Çalışan,14677.19,Boşanmış,1181,2024-08-31
C02602,Arş. Gör. Öztürk Mansız,42,Erkek,Adana,İlkokul,Serbest Meslek,18541.16,Bekar,1361,2017-09-15
C02603,Doç. Basriye Durgadin Manço,45,Erkek,Gaziantep,Lisans,Emekli,43277.3,Evli,1869,2022-01-14
C02604,Özlü Akar,18,Kadın,İstanbul,İlkokul,Ücretli Çalışan,25840.09,Dul,1375,2021-05-15
C02605,Rüşen Kısakürek,41,Erkek,İstanbul,Lise,Ücretli Çalışan,16660.11,Boşanmış,1529,2023-01-31
C02606,Muarra Şahıgül Şafak Şener,41,Erkek,Antalya,Lise,İşveren,15359.23,Evli,1275,2022-01-19
C02607,Bay Çokan Tanır Zengin,34,Erkek,İstanbul,Ön Lisans,Ücretli Çalışan,22146.1,Evli,1649,2024-12-25
C02608,Şinasi Duran,50,Kadın,Kayseri,Ön Lisans,Ücretli Çalışan,15956.39,Evli,1570,2020-12-21
C02609,Faize Müjde Yüksel,51,Kadın,Ankara,Lisans,Ücretli Çalışan,33675.23,Bekar,1485,2016-02-27
C02610,Tekiner Özokçu Aslan,37,Kadın,İstanbul,Yüksek Lisans,Serbest Meslek,21720.37,Evli,1212,2020-03-28
C02611,Şerafeddin Zorlu,37,Kadın,İstanbul,Doktora,Ücretli Çalışan,27863.25,Dul,1660,2023-01-21
C02612,Öğr. Bidayet Çetin Güçlü,36,Kadın,İstanbul,Lise,Ücretli Çalışan,21981.87,Boşanmış,1293,2015-02-17
C02613,Börteçin Zorlu,48,Erkek,İstanbul,Lise,Emekli,19244.5,Dul,1391,2025-01-06
C02614,Ufukay Arsoy Soylu,35,Erkek,Eskişehir,Lisans,Ücretli Çalışan,19374.2,Bekar,1388,2024-01-12
C02615,Uz. Mukbile Nurda Fırat Sezer,47,Kadın,İstanbul,Lisans,Ücretli Çalışan,16682.61,Evli,1898,2022-05-16
C02616,Doç. Taçnur Güçlü Aslan,57,Kadın,Eskişehir,Ön Lisans,İşveren,13343.78,Evli,1397,2023-12-04
C02617,İlkbahar Şensoy Türk,32,Erkek,İstanbul,Lisans,Ücretli Çalışan,17205.92,Evli,1900,2025-05-16
C02618,Durmuşali Akçay,36,Kadın,Ankara,Lise,Serbest Meslek,23437.71,Boşanmış,1635,2023-06-13
C02619,Musafet Bilge,27,Kadın,İstanbul,Lise,Ücretli Çalışan,13564.44,Bekar,1078,2022-06-26
C02620,Öğr. Durdali Göksev Şafak,29,Kadın,Gaziantep,Lise,Ücretli Çalışan,8000.0,Bekar,1516,2023-03-20
C02621,Ülküm Aksu İhsanoğlu,64,Kadın,İstanbul,Lise,Ücretli Çalışan,21301.21,Bekar,1145,2022-06-03
C02622,Hürüyet Zümre Çorlu Yaman,32,Kadın,İstanbul,Lisans,Ücretli Çalışan,16211.97,Evli,1245,2019-02-10
C02623,Galip Dumanlı,50,Erkek,Gaziantep,Ön Lisans,Serbest Meslek,28698.98,Bekar,1211,2024-05-07
C02624,Hanbiken İlkbahar Türk Ertaş,48,Erkek,Ankara,Lise,Emekli,39619.06,Bekar,1900,2020-12-23
C02625,Saire Dumanlı,74,Erkek,İstanbul,Lisans,Ücretli Çalışan,13281.18,Evli,1900,2015-10-27
C02626,Öğr. Rehime Nilcan Sezgin Soylu,35,Kadın,Ankara,Lisans,Ücretli Çalışan,15266.11,Evli,1581,2017-12-26
C02627,Kutgün Kısakürek,33,Erkek,Mersin,Lise,Serbest Meslek,23850.72,Evli,1169,2020-01-14
C02628,Cebesoy Dumanlı,37,Erkek,İstanbul,Lise,Ücretli Çalışan,35543.48,Evli,1485,2025-05-21
C02629,Çev. Tolonbay Arıkol Ergül,41,Kadın,İstanbul,Lise,Serbest Meslek,24682.91,Dul,1792,2025-05-26
C02630,Fuzuli Karadeniz,20,Kadın,Konya,Lise,Ücretli Çalışan,25926.89,Bekar,1352,2017-07-30
C02631,Özdoğdu Aslan,41,Kadın,İzmir,Ön Lisans,Serbest Meslek,32111.76,Evli,1201,2015-08-05
C02632,Dr. Batırhan Arpağ Arsoy,27,Kadın,Konya,Lise,Ücretli Çalışan,8341.99,Bekar,1242,2020-09-13
C02633,Sançar Denizalp Şama,55,Kadın,İstanbul,Lisans,Emekli,18877.68,Boşanmış,1124,2020-11-20
C02634,Uluman Şama,34,Erkek,İstanbul,Lisans,Ücretli Çalışan,10203.26,Evli,1098,2015-06-30
C02635,Menişan Korutürk,44,Kadın,İstanbul,Lisans,Ücretli Çalışan,11751.74,Bekar,1658,2020-10-22
C02636,Gülfari Demirel,39,Erkek,İstanbul,Lisans,Ücretli Çalışan,20713.02,Bekar,1430,2023-04-10
C02637,Şuayp İnönü,49,Erkek,İstanbul,Lise,İşveren,28351.12,Boşanmış,1583,2015-05-03
C02638,Akgüneş Öcalan,46,Kadın,Konya,Lisans,Ücretli Çalışan,18116.16,Bekar,1635,2024-09-04
C02639,Lezize Nazimet Çetin,35,Kadın,İstanbul,Lise,İşveren,19950.4,Bekar,1431,2015-12-05
C02640,Rayla Alemdar Zengin,34,Erkek,Samsun,Lise,Serbest Meslek,14616.4,Boşanmış,1496,2015-08-23
C02641,Necdat Şensoy,55,Kadın,Adana,Doktora,İşveren,33758.78,Boşanmış,1185,2019-04-02
C02642,Korkmazalp Bilgin,55,Erkek,Adana,Lise,Serbest Meslek,17271.77,Bekar,1650,2021-02-13
C02643,Doç. Çamok Dinçsü Güçlü,29,Erkek,İstanbul,Lisans,İşveren,21245.3,Bekar,1578,2016-09-08
C02644,Arş. Gör. Soydaner Özdoğdu Durmuş,22,Erkek,İzmir,Lisans,Ücretli Çalışan,26205.39,Boşanmış,1756,2019-04-04
C02645,Doç. Sevsevil Narhanim Çetin Çorlu,37,Erkek,İzmir,İlkokul,Ücretli Çalışan,36756.69,Bekar,1452,2015-01-12
C02646,Gülenay Şafak,50,Kadın,Ankara,Lisans,Serbest Meslek,8000.0,Bekar,1900,2019-01-20
C02647,Öğr. Sehel Serda Akdeniz,57,Erkek,İzmir,Ön Lisans,Serbest Meslek,17534.38,Bekar,1006,2017-08-23
C02648,Karakucak Yaman,43,Erkek,İzmir,Doktora,Ücretli Çalışan,10407.0,Boşanmış,1491,2022-06-01
C02649,Göknur Akça,44,Erkek,Gaziantep,Lisans,Ücretli Çalışan,13047.72,Dul,1660,2023-03-08
C02650,Omaca Sezgin,49,Kadın,Bursa,Lise,Ücretli Çalışan,30918.83,Evli,1502,2017-09-11
C02651,Nalân Hadrey Seven Şafak,23,Erkek,Bursa,Lisans,Ücretli Çalışan,30947.35,Bekar,1352,2023-08-30
C02652,Zelha Hançer Hayrioğlu,23,Kadın,İstanbul,Lise,Serbest Meslek,36622.49,Bekar,1900,2025-05-29
C02653,Sencar Çetin,39,Erkek,İstanbul,Lisans,Ücretli Çalışan,52659.64,Bekar,1522,2017-12-07
C02654,Berki Birsen Akça,35,Erkek,Samsun,Lisans,Serbest Meslek,15007.33,Dul,1900,2020-08-03
C02655,Özpetek Şener,30,Kadın,İzmir,Ön Lisans,Emekli,27746.67,Evli,1320,2020-12-04
C02656,Nurser Bilir Akça,34,Erkek,İstanbul,Lise,Serbest Meslek,31685.43,Bekar,1404,2016-08-02
C02657,Banü Duran Kısakürek,35,Erkek,Adana,Lisans,Serbest Meslek,33181.98,Boşanmış,1899,2019-07-28
C02658,Nerim Sakarya,47,Kadın,İstanbul,Ön Lisans,Ücretli Çalışan,14844.04,Evli,1252,2019-02-17
C02659,Üge Dumanlı,40,Erkek,İstanbul,Lise,Serbest Meslek,23026.9,Boşanmış,1253,2015-12-03
C02660,Büşranur Gilman Sakarya,48,Kadın,Gaziantep,Lise,Ücretli Çalışan,20712.26,Dul,1071,2016-10-03
C02661,Bay İlteriş Sezer,28,Erkek,Adana,Yüksek Lisans,Ücretli Çalışan,15885.18,Bekar,1481,2017-02-03
C02662,Bayan Güldünya Akar Erdoğan,62,Kadın,Adana,Ön Lisans,Ücretli Çalışan,22185.12,Evli,1289,2018-04-18
C02663,Lâle Bilir Bilgin,42,Kadın,Antalya,Ön Lisans,Ücretli Çalışan,17010.07,Boşanmış,1581,2019-08-12
C02664,Yazgül Belgizar Ertaş,46,Erkek,İzmir,Yüksek Lisans,İşveren,34343.01,Bekar,1493,2023-08-29
C02665,Kanak Rabih Yılmaz,59,Kadın,Ankara,Lisans,Ücretli Çalışan,29989.73,Evli,1323,2024-04-24
C02666,Okt. Kılıçbay Gülen,66,Erkek,Adana,Lise,İşsiz,23089.83,Bekar,1011,2022-07-22
C02667,Dr. Bedi Duran,59,Kadın,İstanbul,Lisans,Serbest Meslek,50766.9,Boşanmış,1491,2017-09-05
C02668,Öğr. Behiza Oluş Akçay,33,Kadın,İstanbul,Lisans,Ücretli Çalışan,18442.84,Boşanmış,1678,2017-03-06
C02669,Bedri Bilge,55,Erkek,Bursa,Yüksek Lisans,İşveren,25763.64,Bekar,1525,2019-06-05
C02670,Gönen Şafak,57,Kadın,Gaziantep,Lise,Serbest Meslek,17313.18,Dul,1757,2020-11-25
C02671,Uz. Şehreban Durdu Akça,36,Kadın,İzmir,Lisans,Ücretli Çalışan,24196.43,Evli,1471,2017-09-14
C02672,İmrihan Gülselin Zorlu,39,Kadın,İzmir,Lise,Serbest Meslek,16817.51,Boşanmış,1836,2017-07-13
C02673,Çev. Gülsalın Akay Manço Dumanlı,31,Erkek,Kayseri,Lisans,Ücretli Çalışan,14284.0,Bekar,1900,2025-04-18
C02674,İlmafer Gülen,51,Erkek,Adana,Lise,İşveren,8000.0,Dul,1238,2016-01-26
C02675,Arş. Gör. Gürarda Seracettin Akgündüz,18,Erkek,Konya,Lisans,Ücretli Çalışan,12993.3,Bekar,515,2015-02-13
C02676,Öğr. Seyhan Durdu Türk,38,Kadın,Gaziantep,Doktora,Emekli,11921.83,Bekar,1354,2021-07-28
C02677,Ferihan Şensoy,20,Erkek,İstanbul,Lise,Ücretli Çalışan,20688.03,Bekar,1316,2017-09-28
C02678,Okt. Melaha Paksu Mansız Alemdar,58,Erkek,İzmir,Lisans,Serbest Meslek,37613.21,Boşanmış,1696,2023-03-07
C02679,Öğr. Erenalp Akçay,36,Kadın,Samsun,Yüksek Lisans,Ücretli Çalışan,48699.36,Bekar,1111,2024-11-22
C02680,Öğr. Nurveren Gülbiye Sezer,23,Kadın,Ankara,Lisans,Serbest Meslek,19192.94,Boşanmış,1900,2016-07-02
C02681,Kocabaş Velitdin Akça Türk,37,Kadın,Ankara,Lise,Emekli,18352.84,Bekar,1099,2024-10-06
C02682,Av. Boynak Eskinalp Akgündüz,51,Erkek,İstanbul,Lise,Ücretli Çalışan,30605.33,Evli,1697,2019-06-15
C02683,Bediriye Günsel Çamurcuoğlu,32,Erkek,Gaziantep,Lisans,Ücretli Çalışan,14501.13,Dul,1056,2017-03-08
C02684,Öğr. Çağlar Demir Arsoy,41,Kadın,Samsun,Lisans,Ücretli Çalışan,12256.56,Evli,1085,2015-10-29
C02685,Çağveren Sakarya,34,Erkek,Ankara,Ön Lisans,Ücretli Çalışan,15992.57,Bekar,1365,2017-11-11
C02686,Rengül Dumanlı,45,Erkek,İstanbul,Lisans,Emekli,20652.08,Bekar,1387,2024-04-20
C02687,Çev. Dincer Zorlu,42,Kadın,Konya,Lise,Ücretli Çalışan,12756.71,Dul,1406,2019-06-08
C02688,Müslum Akbaş Erdoğan,41,Kadın,İzmir,Lise,Ücretli Çalışan,10133.77,Evli,1628,2019-10-14
C02689,Öğr. Naz Piran Akdeniz Akar,29,Kadın,Eskişehir,Yüksek Lisans,İşveren,20757.01,Bekar,1791,2020-10-31
C02690,Aydar Yılmaz Eraslan,51,Erkek,Ankara,Yüksek Lisans,Emekli,20240.69,Bekar,1369,2024-03-05
C02691,Yankı Benol Hayrioğlu Ülker,51,Kadın,Ankara,Lisans,Emekli,27000.56,Bekar,1305,2018-08-05
C02692,Öğr. Sevsevil Begim Çorlu Durmuş,30,Kadın,İstanbul,Lise,Emekli,8000.0,Evli,1378,2017-11-06
C02693,Doç. Metinkaya Berksay Güçlü,39,Erkek,İstanbul,Ön Lisans,Emekli,33232.58,Evli,1549,2019-11-22
C02694,Feyha Aksu,56,Erkek,Bursa,Ön Lisans,Serbest Meslek,14562.22,Evli,1664,2021-12-19
C02695,Tamaydın Sakarya,33,Erkek,İstanbul,Yüksek Lisans,Ücretli Çalışan,28280.23,Bekar,1135,2017-09-18
C02696,Çev. Bayzettin Duran,42,Kadın,Konya,Doktora,Ücretli Çalışan,8159.11,Evli,1313,2018-11-04
C02697,Gabel Erdoğan Ülker,45,Erkek,Kayseri,Yüksek Lisans,Ücretli Çalışan,15765.26,Evli,1237,2019-07-27
C02698,Uluğbey Aslan,50,Kadın,Bursa,Lisans,Ücretli Çalışan,19023.72,Bekar,1377,2015-08-07
C02699,Mihin Ergül,40,Erkek,İzmir,Lisans,Ücretli Çalışan,65283.93,Bekar,1788,2020-09-09
C02700,Öğr. Yazganalp Türk,53,Kadın,Gaziantep,Lise,Ücretli Çalışan,24245.73,Evli,1541,2015-03-06
C02701,Milay Sezer,18,Erkek,Trabzon,Lisans,Serbest Meslek,14683.19,Evli,1179,2019-07-09
C02702,İşcan Tenvir Sezgin,18,Erkek,Konya,Lisans,İşveren,11839.1,Dul,804,2024-10-01
C02703,Kibar Uğan Hançer Dumanlı,39,Erkek,Gaziantep,Lisans,İşveren,28809.05,Dul,1776,2016-01-03
C02704,Süha Abdulmenaf Yorulmaz,44,Erkek,İstanbul,Lisans,Emekli,12919.22,Dul,856,2022-02-21
C02705,Gülsalın İhsanoğlu Yüksel,18,Kadın,İstanbul,Lisans,İşsiz,11259.39,Boşanmış,797,2015-03-29
C02706,Hayel Gülnaziye Çorlu Yıldırım,38,Erkek,İzmir,Lisans,İşveren,12627.42,Evli,1464,2016-12-18
C02707,Bayan Alaz Nafile Alemdar,37,Kadın,İstanbul,Lisans,Emekli,20025.18,Evli,1745,2018-04-20
C02708,Uraltay Ülker,25,Erkek,Ankara,Lisans,İşveren,24062.67,Bekar,1496,2019-07-29
C02709,Duruk Akgündüz,35,Kadın,Trabzon,Ön Lisans,Serbest Meslek,29684.06,Dul,1719,2022-03-07
C02710,Özsözlü İzgü Karadeniz Ülker,28,Erkek,Denizli,İlkokul,Ücretli Çalışan,18361.8,Dul,1570,2016-12-13
C02711,Doç. Börteçin Türk,36,Erkek,İzmir,Doktora,Serbest Meslek,25932.69,Evli,1570,2020-10-30
C02712,Arş. Gör. Deryanur Müferrih Hayrioğlu,61,Erkek,Antalya,Lisans,Serbest Meslek,10010.35,Boşanmış,1349,2022-04-17
C02713,Taşkan Bilir,29,Kadın,Antalya,Lisans,Ücretli Çalışan,26156.38,Bekar,1095,2024-05-17
C02714,Samahat Demir Bilgin,44,Erkek,Gaziantep,Yüksek Lisans,İşveren,15010.09,Dul,1316,2024-12-13
C02715,Baba Ergül,22,Kadın,Mersin,Lisans,Serbest Meslek,16166.81,Dul,1691,2018-10-30
C02716,Gök Yılmaz,39,Kadın,Ankara,Lisans,Ücretli Çalışan,26435.32,Evli,1900,2019-11-14
C02717,Misra Yılmaz Kısakürek,43,Kadın,Konya,Ön Lisans,Serbest Meslek,15499.15,Dul,1616,2018-11-12
C02718,Mükramin Bilgin,33,Kadın,Eskişehir,Lise,Ücretli Çalışan,15883.08,Dul,1120,2024-01-26
C02719,Tutkun Alemdar,51,Kadın,Konya,Lisans,Ücretli Çalışan,16752.43,Boşanmış,1545,2021-05-29
C02720,Nili Türk,27,Kadın,İstanbul,Lise,Ücretli Çalışan,24250.11,Boşanmış,1309,2019-06-21
C02721,Durdali Seven,38,Kadın,Bursa,Lisans,Ücretli Çalışan,29584.97,Boşanmış,1697,2022-01-08
C02722,Şahıgül Ticen Sakarya,39,Kadın,Gaziantep,Lise,Emekli,8994.25,Evli,1900,2015-01-05
C02723,Çev. Aypar Tevetoğlu,60,Erkek,Bursa,Yüksek Lisans,Ücretli Çalışan,27589.86,Dul,1311,2015-09-14
C02724,Oguş Tarhan,38,Kadın,Gaziantep,Lisans,İşsiz,15606.78,Evli,1535,2015-11-04
C02725,Güçlüer Akçay,43,Kadın,Gaziantep,Lise,Ücretli Çalışan,14004.39,Bekar,1262,2015-07-16
C02726,Sümerya Erdoğan,53,Erkek,İzmir,Lisans,Emekli,40947.42,Boşanmış,1842,2015-11-25
C02727,Alsoy Tevetoğlu,49,Kadın,Kayseri,Lise,Ücretli Çalışan,17788.7,Dul,689,2019-07-29
C02728,Öğr. Umuşan Harbinaz Zorlu Zengin,43,Kadın,Kayseri,Yüksek Lisans,İşveren,19913.98,Dul,1534,2022-01-12
C02729,Elhan Yıldırım,40,Erkek,İstanbul,Lise,Ücretli Çalışan,10972.88,Bekar,1519,2025-01-16
C02730,Gökçil Emirşan Korutürk Şafak,47,Erkek,Bursa,Ön Lisans,Ücretli Çalışan,27093.59,Bekar,1736,2023-01-04
C02731,Yrd. Doç. Asım Altuğ Yaman,47,Kadın,Adana,Lisans,Emekli,16572.28,Dul,1442,2022-07-13
C02732,Teybet Mehrigül Akar Manço,41,Kadın,Ankara,Lisans,Ücretli Çalışan,20920.08,Bekar,1749,2023-05-14
C02733,Gülsevil Şensoy Türk,47,Erkek,Eskişehir,Yüksek Lisans,Emekli,50756.99,Evli,1900,2021-05-04
C02734,Doç. Süha Mishat Korutürk,40,Kadın,Konya,Lise,Serbest Meslek,8000.0,Dul,1689,2020-11-16
C02735,Enfes Aslan,33,Erkek,İstanbul,Lise,Serbest Meslek,13895.67,Evli,1280,2020-02-03
C02736,Aygönenç Fırat,34,Kadın,Samsun,Lise,Ücretli Çalışan,26252.63,Evli,1110,2017-04-09
C02737,Dr. Mahter Anka Bilgin,27,Erkek,İstanbul,Lisans,Ücretli Çalışan,23258.39,Bekar,1655,2020-03-16
C02738,Natalia Yüksel,47,Kadın,Antalya,Lise,Ücretli Çalışan,13986.3,Evli,1135,2015-01-02
C02739,Sakip Yorulmaz,33,Kadın,Adana,Lise,Ücretli Çalışan,22202.11,Boşanmış,1871,2016-06-26
C02740,Prof. Uzsoy Vaysal Gül,18,Erkek,Ankara,Lise,Ücretli Çalışan,18045.87,Dul,1086,2015-11-01
C02741,Yrd. Doç. Kayagün Ramadan Hayrioğlu,20,Erkek,Ankara,Lisans,Emekli,30795.7,Evli,1516,2024-09-11
C02742,Öğr. Tekiner Yılmaz,45,Kadın,İstanbul,Ön Lisans,Serbest Meslek,30165.73,Bekar,1380,2024-03-02
C02743,Okbay Erdoğan,34,Erkek,İstanbul,Lise,Ücretli Çalışan,53293.99,Dul,1438,2017-04-19
C02744,Alkor Şener,48,Kadın,Ankara,Lisans,Serbest Meslek,19987.69,Evli,1037,2025-02-24
C02745,Değmeer Yaman,18,Erkek,Antalya,Lise,Ücretli Çalışan,15359.0,Evli,1684,2015-11-04
C02746,Candeniz Zengin,49,Kadın,Bursa,Yüksek Lisans,Ücretli Çalışan,30071.55,Evli,1253,2016-02-24
C02747,Emin Zorlu,59,Erkek,İzmir,Doktora,Serbest Meslek,12910.52,Evli,1433,2021-06-03
C02748,Mecit Gül,39,Erkek,Konya,Lisans,Ücretli Çalışan,18430.4,Dul,1834,2017-08-15
C02749,Çev. Fildan Güllühan Yüksel Şafak,31,Kadın,Kayseri,Lisans,İşveren,10858.22,Bekar,1384,2024-07-05
C02750,Yrd. Doç. Erdursun Hançer,35,Erkek,Ankara,Lise,Ücretli Çalışan,91109.95,Dul,1669,2023-04-15
C02751,Ünsever Seniha Şener,35,Erkek,Ankara,Yüksek Lisans,Ücretli Çalışan,12391.3,Bekar,909,2020-02-01
C02752,Esenbay Bilge,27,Kadın,Ankara,Yüksek Lisans,Ücretli Çalışan,20988.37,Evli,1856,2025-02-04
C02753,Dr. Nevgin Gülen Kısakürek,53,Kadın,Kayseri,İlkokul,Ücretli Çalışan,22094.69,Bekar,1419,2019-03-21
C02754,Öğr. Mihin Şafak,43,Kadın,Antalya,Lise,Ücretli Çalışan,15781.8,Evli,1900,2022-01-21
C02755,Prof. Ferahdiba Sümerya Yıldırım,37,Kadın,İstanbul,Ön Lisans,Ücretli Çalışan,19170.88,Boşanmış,946,2015-03-02
C02756,Salimet Akdeniz Çorlu,37,Erkek,Eskişehir,Lisans,İşveren,29039.66,Dul,1233,2021-05-21
C02757,Şadıman Zelha Manço,30,Kadın,İzmir,Lisans,Ücretli Çalışan,28473.24,Evli,1130,2015-10-25
C02758,Çev. Kavurt Ertaş,52,Kadın,Ankara,Ön Lisans,İşsiz,15686.18,Dul,1122,2023-06-20
C02759,Servinaz Lâle Kısakürek,26,Kadın,İzmir,Lisans,Serbest Meslek,23626.42,Boşanmış,1900,2017-08-21
C02760,Dr. Müveddet Yaman Demirel,49,Erkek,Konya,Yüksek Lisans,Ücretli Çalışan,13508.46,Evli,1663,2016-06-03
C02761,Öğr. Fehmiye Çamurcuoğlu Akar,36,Kadın,Kayseri,Lisans,Emekli,36994.27,Evli,1661,2022-06-05
C02762,Abid Bilge,18,Erkek,Denizli,Lisans,İşveren,12684.86,Boşanmış,1536,2020-09-09
C02763,Tanyu Rana İhsanoğlu Seven,41,Kadın,İstanbul,Lisans,İşsiz,12573.04,Bekar,941,2022-04-05
C02764,Nurda Kısakürek Soylu,18,Erkek,İzmir,Lisans,Ücretli Çalışan,19153.33,Dul,1900,2024-02-01
C02765,İncifir Belkize Seven,49,Kadın,Antalya,Ön Lisans,İşveren,53406.5,Boşanmış,1720,2025-05-11
C02766,Bayzettin Kaşif İhsanoğlu,52,Erkek,Ankara,Ön Lisans,Ücretli Çalışan,48452.32,Evli,1594,2015-04-18
C02767,Öğr. Çokan Şafak,37,Erkek,İstanbul,Lisans,Emekli,31719.78,Bekar,1823,2023-01-25
C02768,Nazıdil Zorlu,34,Erkek,İzmir,Lisans,Serbest Meslek,14404.47,Dul,1414,2021-01-28
C02769,Dr. Nili Sezer Yorulmaz,49,Erkek,İzmir,Lisans,Ücretli Çalışan,28542.26,Evli,1143,2024-05-21
C02770,Safura Korutürk Yüksel,62,Erkek,İzmir,Lise,İşveren,14935.19,Bekar,1313,2023-11-13
C02771,Öğr. Akmaner Üstün Arsoy,29,Erkek,Antalya,İlkokul,Serbest Meslek,67120.71,Evli,1560,2022-08-26
C02772,Veis Ülker,29,Kadın,Ankara,Lisans,Serbest Meslek,29400.46,Bekar,1692,2022-06-10
C02773,Ermutlu Tevetoğlu,37,Erkek,Adana,Ön Lisans,Emekli,29093.59,Boşanmış,1253,2022-09-09
C02774,Dr. Fadile Hürüyet Yüksel Tevetoğlu,34,Kadın,İstanbul,Lise,Ücretli Çalışan,8065.92,Boşanmış,1049,2025-02-02
C02775,Bay Basım Öcalan,61,Erkek,Kayseri,Lise,Ücretli Çalışan,41716.12,Evli,1516,2020-11-14
C02776,Toköz Demirel,59,Erkek,İstanbul,Ön Lisans,Ücretli Çalışan,18545.2,Boşanmış,1439,2017-01-30
C02777,Pesent Demirel Zengin,40,Kadın,Antalya,Lisans,Serbest Meslek,18840.9,Boşanmış,1446,2023-11-08
C02778,Rabih Çamurcuoğlu,53,Kadın,Kayseri,Lise,Ücretli Çalışan,21323.42,Bekar,1678,2018-10-25
C02779,Mansurali Aksu,52,Erkek,İstanbul,Lisans,Ücretli Çalışan,23734.47,Boşanmış,1257,2017-02-03
C02780,Çev. Menişan Tomurcuk Duran,23,Erkek,Adana,Yüksek Lisans,Ücretli Çalışan,21310.42,Evli,1377,2025-04-01
C02781,İmge Hançer Gül,41,Erkek,İstanbul,Lisans,Emekli,19786.91,Dul,1900,2021-08-10
C02782,Prof. Bitül Değer Şener,24,Kadın,Ankara,Lisans,Ücretli Çalışan,8139.83,Boşanmış,1383,2016-02-23
C02783,Evde Kifaye Korutürk Bilir,35,Kadın,İzmir,Ön Lisans,Ücretli Çalışan,22976.58,Boşanmış,1645,2015-04-16
C02784,Meveddet Yılmaz Aksu,55,Erkek,İzmir,Yüksek Lisans,İşsiz,10114.73,Boşanmış,960,2015-03-06
C02785,Bayan Canseven Erdoğan Öcalan,45,Erkek,Konya,Lise,Serbest Meslek,28189.61,Boşanmış,1900,2017-07-07
C02786,Arş. Gör. Rumeysa Mahter Gül,51,Erkek,Bursa,Lise,Ücretli Çalışan,19427.51,Bekar,1277,2025-05-22
C02787,Uz. Göli Nurdeniz Akçay,33,Erkek,Bursa,Lise,İşveren,15264.48,Evli,1663,2020-11-06
C02788,Demiriz Soylu,43,Erkek,Bursa,Lise,İşveren,10985.79,Bekar,1271,2015-12-19
C02789,Arş. Gör. Balatekin Dumanlı,50,Kadın,Ankara,Lise,İşveren,23347.57,Boşanmış,1642,2020-02-02
C02790,Cihandide Akar,44,Erkek,İstanbul,Lise,Ücretli Çalışan,41435.52,Evli,1559,2019-02-08
C02791,Çamok Cercis Sezgin,35,Kadın,Gaziantep,Ön Lisans,Serbest Meslek,13199.18,Bekar,1442,2017-09-02
C02792,Erksoy Akçay,18,Erkek,Kayseri,İlkokul,İşveren,18344.22,Boşanmış,1368,2024-06-29
C02793,Öğr. Değer Fitnat Çorlu,23,Kadın,İstanbul,Lisans,Ücretli Çalışan,13125.08,Bekar,1502,2015-05-25
C02794,Binay Nurhayet Demir,42,Kadın,İzmir,Lisans,İşveren,20864.51,Bekar,1576,2022-10-22
C02795,Banü Şama,41,Erkek,İzmir,Lisans,Serbest Meslek,34866.72,Evli,1530,2023-07-01
C02796,Sonad Yüksel,22,Erkek,Ankara,Lise,Ücretli Çalışan,41504.56,Boşanmış,1512,2019-07-06
C02797,Öğr. Cevale Yılmaz Yorulmaz,32,Kadın,Eskişehir,Lisans,Ücretli Çalışan,11338.61,Dul,1478,2019-09-01
C02798,Akay Ülker,38,Erkek,Kayseri,Lisans,Ücretli Çalışan,40472.02,Dul,1413,2023-11-20
C02799,Aytek Dirlik Fırat,29,Erkek,İstanbul,Yüksek Lisans,İşveren,29825.18,Evli,1731,2020-07-11
C02800,Karanbay Tevetoğlu,42,Erkek,Denizli,Yüksek Lisans,Serbest Meslek,27020.76,Boşanmış,1490,2021-01-26
C02801,Sırriye Güçlü,42,Erkek,Samsun,Lisans,Serbest Meslek,33666.07,Boşanmış,1656,2023-11-01
C02802,Şehreban Şafak,37,Erkek,İstanbul,Lise,Serbest Meslek,36627.81,Bekar,908,2015-12-06
C02803,Niğmet Tarhan,64,Erkek,Denizli,İlkokul,İşveren,9249.44,Bekar,1223,2024-11-23
C02804,Miray Alemdar,39,Kadın,Gaziantep,Ön Lisans,Ücretli Çalışan,18659.0,Evli,1751,2021-07-29
C02805,Okt. Tümkurt Korugan Kısakürek,27,Kadın,İstanbul,Lise,Serbest Meslek,22411.85,Bekar,1355,2023-12-18
C02806,Hüryaşar Gürsal Sezgin,43,Erkek,İstanbul,İlkokul,Ücretli Çalışan,19357.83,Boşanmış,1523,2020-05-22
C02807,Abdulkadir Mücellib Bilge Sezer,33,Kadın,Bursa,Ön Lisans,Ücretli Çalışan,15842.81,Evli,1571,2022-08-25
C02808,Ervaniye Yıldırım Tevetoğlu,51,Erkek,İstanbul,Lisans,Ücretli Çalışan,15226.22,Dul,1282,2019-04-30
C02809,Ruhsat Fahrullah Akça Sezer,47,Erkek,İstanbul,Yüksek Lisans,Serbest Meslek,19640.98,Evli,1707,2019-09-29
C02810,Okt. Musafet Tatu Tarhan,29,Erkek,Adana,Lise,Ücretli Çalışan,8948.6,Dul,1246,2016-09-05
C02811,Arş. Gör. Rojnu Ülker Akar,30,Kadın,Ankara,Lisans,Serbest Meslek,19236.12,Evli,1340,2025-04-23
C02812,Tezcan Akça,48,Kadın,Samsun,Lise,Ücretli Çalışan,17506.59,Evli,1537,2024-01-12
C02813,Almast Şener,41,Kadın,Adana,Lise,İşveren,21757.85,Bekar,1493,2016-06-01
C02814,Aysema Mücevher Tarhan Dumanlı,46,Kadın,Kayseri,Lisans,Ücretli Çalışan,13932.16,Boşanmış,1729,2021-12-31
C02815,Yrd. Doç. Nurkan Kotuz Korutürk,37,Erkek,Adana,Yüksek Lisans,Ücretli Çalışan,11045.77,Evli,1427,2019-08-29
C02816,Hidir Şafak,29,Kadın,İstanbul,Lisans,Ücretli Çalışan,26887.06,Boşanmış,1900,2015-04-10
C02817,Dr. Cemiyle Gül Kısakürek,30,Erkek,Ankara,Lisans,Ücretli Çalışan,23145.78,Dul,1061,2016-12-25
C02818,Şemsinisa Gülhisar Demirel,45,Erkek,İzmir,Lise,İşveren,13378.83,Boşanmış,1223,2021-04-21
C02819,Rahmet Akgündüz,26,Erkek,İstanbul,Lise,Serbest Meslek,27707.77,Bekar,1751,2018-08-25
C02820,Başhan Oldağ Çetin,40,Kadın,İzmir,Lisans,Ücretli Çalışan,13507.6,Dul,1777,2019-04-16
C02821,Giz Karadeniz,30,Kadın,Adana,Ön Lisans,Emekli,8000.0,Evli,1454,2023-01-21
C02822,Uz. Semat Divan Güçlü Ülker,26,Kadın,Bursa,Lise,Ücretli Çalışan,31097.23,Dul,1404,2022-09-16
C02823,Öğr. Dirlik Cabir İnönü,47,Erkek,Konya,Lisans,Ücretli Çalışan,37446.75,Evli,1197,2024-05-24
C02824,Baba Şafak,33,Erkek,İstanbul,Lise,Emekli,19263.13,Evli,1844,2023-04-24
C02825,Boztaş İhsanoğlu,32,Kadın,Samsun,Lisans,Ücretli Çalışan,15252.11,Boşanmış,1619,2022-05-16
C02826,Nurtaç Öcalan,33,Kadın,Bursa,Lise,Emekli,21346.36,Evli,1072,2017-08-26
C02827,Gürten Gül,66,Erkek,Antalya,Lisans,Emekli,10867.49,Evli,1259,2023-11-08
C02828,Sultane Akça,39,Kadın,Ankara,Yüksek Lisans,Serbest Meslek,47132.1,Boşanmış,1168,2019-09-08
C02829,Tümkurt Benol İhsanoğlu Duran,63,Erkek,Adana,Yüksek Lisans,Ücretli Çalışan,28021.56,Evli,1604,2016-10-23
C02830,Dr. Müsemma Bilge Bilgin,28,Erkek,İstanbul,İlkokul,İşveren,25771.22,Boşanmış,1319,2017-12-05
C02831,Toköz Şama,55,Erkek,Bursa,Lisans,Emekli,12874.73,Evli,1311,2025-01-06
C02832,Nurser Şensoy Şensoy,33,Erkek,İstanbul,Lisans,Ücretli Çalışan,12779.72,Dul,1565,2015-10-14
C02833,Prof. Harbinaz Habibe Eraslan,46,Erkek,İstanbul,Yüksek Lisans,Ücretli Çalışan,34339.6,Dul,1055,2023-07-09
C02834,Fetullah Atılgan Demir Çorlu,52,Erkek,Adana,Lise,Ücretli Çalışan,61540.58,Boşanmış,1387,2016-07-20
C02835,İsra İhsanoğlu,62,Kadın,İstanbul,İlkokul,Serbest Meslek,17704.56,Bekar,1156,2016-07-05
C02836,Zülgarni Akça,36,Erkek,Adana,Lisans,İşveren,31942.47,Bekar,1290,2021-02-22
C02837,Serol Kamar Yaman Akdeniz,32,Kadın,Mersin,Lise,Ücretli Çalışan,26032.28,Dul,1500,2021-10-20
C02838,Nurseda Durdu,47,Erkek,İzmir,Lisans,İşveren,22181.71,Dul,1619,2018-12-01
C02839,Görgünay Yorulmaz,34,Erkek,Antalya,Ön Lisans,Serbest Meslek,22120.92,Evli,1268,2022-02-23
C02840,Şekim Kısakürek,55,Kadın,Konya,Yüksek Lisans,Ücretli Çalışan,14981.57,Bekar,1662,2017-04-07
C02841,Okt. Nezize Egenur Fırat,37,Erkek,İstanbul,Ön Lisans,Ücretli Çalışan,21826.92,Bekar,1376,2024-02-19
C02842,Dr. Konguralp Abdülhadi Duran,27,Erkek,İstanbul,Lise,Serbest Meslek,9089.34,Evli,1116,2017-05-10
C02843,Okt. Ezgin Mehrigül Karadeniz Bilgin,36,Kadın,İstanbul,Lise,Emekli,21924.18,Evli,1712,2023-09-27
C02844,Dr. Sevdinar Manço Tevetoğlu,34,Erkek,Antalya,Lise,Emekli,13401.44,Evli,979,2020-05-11
C02845,Eşim Ayasun Tevetoğlu,45,Kadın,İstanbul,Lisans,Ücretli Çalışan,37139.54,Bekar,1816,2021-06-19
C02846,Mevlüdiye Zorlu,48,Erkek,İstanbul,Lisans,Ücretli Çalışan,26564.86,Dul,1900,2016-01-16
C02847,Eskinalp Şemsettin Demirel Durdu,43,Kadın,İstanbul,İlkokul,Serbest Meslek,26655.7,Evli,1419,2023-03-17
C02848,Dr. Günebakan Soylu Arslan,23,Kadın,İstanbul,Yüksek Lisans,Ücretli Çalışan,14651.06,Dul,1297,2019-08-07
C02849,Aşhan Sezgin Şama,40,Kadın,İstanbul,Lisans,Ücretli Çalışan,47421.39,Bekar,1520,2016-04-19
C02850,İmam Demirel,54,Erkek,İstanbul,Yüksek Lisans,Ücretli Çalışan,16386.54,Bekar,1422,2016-05-10
C02851,Şemsettin Gül,24,Kadın,Ankara,Lisans,Serbest Meslek,14270.54,Dul,1431,2017-10-15
C02852,Doç. Zahid Alkor İhsanoğlu,40,Kadın,İstanbul,Lisans,Ücretli Çalışan,30464.65,Dul,1545,2019-04-07
C02853,Av. N˜zamett˜n Gül,35,Kadın,Antalya,Ön Lisans,Ücretli Çalışan,52403.76,Boşanmış,1476,2023-09-17
C02854,Melikkan Alemdar Ülker,53,Kadın,Konya,Lise,Ücretli Çalışan,16638.19,Bekar,1677,2016-01-05
C02855,Bay Sarpkın Gülen,51,Erkek,Bursa,Lise,Ücretli Çalışan,21890.79,Boşanmış,911,2024-08-22
C02856,Sadiye Tarhan,40,Erkek,Denizli,Lise,Ücretli Çalışan,34672.67,Boşanmış,1631,2019-03-19
C02857,Okt. Paksu Gülen Erdoğan,45,Kadın,Antalya,Ön Lisans,Ücretli Çalışan,9181.85,Boşanmış,1199,2023-02-03
C02858,Limon Gülhisar Sezer,44,Kadın,Gaziantep,Lisans,Ücretli Çalışan,23972.74,Bekar,1803,2024-01-12
C02859,Canseven Yaman Hayrioğlu,38,Erkek,İstanbul,Lisans,Emekli,23923.6,Dul,1464,2024-03-27
C02860,Şenkal Yankı Hançer,28,Kadın,İstanbul,Ön Lisans,Ücretli Çalışan,8000.0,Evli,1487,2018-02-02
C02861,Dr. Fidaye Ürper Yaman Dumanlı,42,Erkek,İzmir,Lisans,Ücretli Çalışan,15090.51,Dul,1095,2018-06-11
C02862,Çev. Ezgin Bilir Bilir,47,Kadın,İstanbul,İlkokul,İşveren,17682.59,Bekar,1639,2024-12-16
C02863,Yılma Şensoy,62,Kadın,İstanbul,Doktora,Serbest Meslek,8000.0,Bekar,1205,2019-09-27
C02864,Işıkay Gül,37,Kadın,İzmir,Lisans,Ücretli Çalışan,38356.21,Boşanmış,1090,2015-09-05
C02865,Umman Özdoğdu Akdeniz Manço,63,Kadın,Ankara,Lisans,Ücretli Çalışan,21186.83,Bekar,1475,2019-11-02
C02866,Salimet Tarhan Karadeniz,37,Kadın,Ankara,Lise,Ücretli Çalışan,16377.79,Boşanmış,1762,2020-12-15
C02867,Bay Aysoy Ergül,27,Kadın,Ankara,Lise,Serbest Meslek,23282.01,Evli,1403,2024-04-13
C02868,Uz. Ayülker Demir Zorlu,30,Kadın,İstanbul,Lisans,Emekli,63811.51,Boşanmış,1564,2015-05-13
C02869,İzel Şafak,47,Kadın,İstanbul,Ön Lisans,Ücretli Çalışan,33256.3,Dul,1144,2020-07-26
C02870,Tekbay Gül,61,Erkek,Ankara,Yüksek Lisans,Serbest Meslek,8000.0,Boşanmış,1187,2021-12-26
C02871,Hezniye Türk Demir,34,Erkek,Bursa,Lisans,Ücretli Çalışan,25894.23,Boşanmış,1554,2019-03-04
C02872,Öğr. Odkanlı Gökay Sezer,37,Kadın,Samsun,Lise,Ücretli Çalışan,19823.06,Bekar,1255,2016-07-14
C02873,Dr. Âdem Kısakürek,22,Erkek,İzmir,İlkokul,İşveren,27637.54,Bekar,1593,2021-03-23
C02874,Över Ertaş,59,Kadın,Konya,Lisans,Ücretli Çalışan,13967.55,Bekar,1553,2017-04-28
C02875,Kâzime Şener Şensoy,36,Erkek,İzmir,Lise,Ücretli Çalışan,34054.37,Dul,1755,2018-02-05
C02876,Okt. Aksoy Dursadiye Demir Çorlu,42,Kadın,İzmir,Ön Lisans,İşveren,17106.46,Bekar,1740,2021-02-07
C02877,Odkanlı Tiğin Ülker Çamurcuoğlu,47,Kadın,Gaziantep,Lisans,Ücretli Çalışan,14647.16,Dul,1048,2016-03-15
C02878,Bay Songurkan Serol Durdu,36,Kadın,Kayseri,Lise,Ücretli Çalışan,39416.36,Boşanmış,1786,2022-11-24
C02879,Çev. Canan Çetin Zengin,26,Kadın,İstanbul,İlkokul,Ücretli Çalışan,11784.13,Dul,1698,2016-02-21
C02880,Öğr. Nuretdin Şensoy,26,Erkek,Adana,Lise,Ücretli Çalışan,25063.88,Bekar,1345,2024-02-13
C02881,Çev. Ülküm Efil Sakarya,59,Erkek,Samsun,Yüksek Lisans,Emekli,14091.24,Dul,1625,2018-05-14
C02882,Banü Demirel,42,Erkek,İstanbul,Lisans,Ücretli Çalışan,22325.56,Bekar,1007,2015-03-13
C02883,Öğr. Üstün Sezer,18,Kadın,Ankara,Yüksek Lisans,Serbest Meslek,18047.19,Boşanmış,1481,2020-01-05
C02884,Koldan Durmuş,26,Erkek,Bursa,Ön Lisans,Ücretli Çalışan,12210.95,Evli,1520,2016-05-08
C02885,Dr. Vezrife Karadeniz Zengin,46,Erkek,İstanbul,Lisans,Serbest Meslek,18732.52,Evli,1695,2021-10-22
C02886,Çağdan Çağdan Bilir Ülker,25,Erkek,Eskişehir,Lisans,Ücretli Çalışan,16980.64,Dul,1900,2019-11-25
C02887,Cemalettin Sümeyye Sezer Akçay,40,Kadın,Ankara,Lise,İşveren,21096.04,Evli,1900,2024-04-25
C02888,Sayrak Dumanlı,23,Erkek,İstanbul,Lise,Ücretli Çalışan,28520.94,Boşanmış,1835,2019-07-09
C02889,Dürrüşehvar Türk,36,Kadın,Ankara,Lise,Ücretli Çalışan,29343.72,Bekar,1254,2023-06-20
C02890,Sevdi Bilir,31,Kadın,İstanbul,Lisans,Ücretli Çalışan,23700.11,Dul,1699,2016-05-24
C02891,Dr. Selaheddin Eraslan,53,Kadın,İstanbul,Lisans,Emekli,40389.81,Evli,1443,2021-02-05
C02892,Atgun Bayzettin Zorlu,54,Kadın,Gaziantep,Lisans,İşveren,17085.11,Boşanmış,1725,2021-06-09
C02893,Nezengül Zinnure Aksu,42,Kadın,Antalya,Lisans,Ücretli Çalışan,24356.52,Boşanmış,1605,2023-10-19
C02894,Dr. Abiye Huban Hançer,20,Erkek,Bursa,Lisans,Ücretli Çalışan,12017.81,Boşanmış,1325,2022-04-02
C02895,Rafih Özbilek Arslan,19,Erkek,Eskişehir,Ön Lisans,İşveren,28970.84,Dul,1637,2022-03-01
C02896,Uz. Ünsever Tanses Sezer Hayrioğlu,43,Kadın,İstanbul,Lisans,Ücretli Çalışan,12033.98,Bekar,1725,2024-02-15
C02897,Şelâle Zemzem Zorlu Bilir,64,Erkek,İstanbul,Yüksek Lisans,Ücretli Çalışan,21294.08,Bekar,1627,2016-08-31
C02898,Törel İlbek Türk Yüksel,42,Erkek,Samsun,Ön Lisans,Ücretli Çalışan,25302.69,Boşanmış,1470,2017-10-13
C02899,Coşkun Besin Hançer,39,Kadın,Konya,Ön Lisans,Ücretli Çalışan,29958.64,Evli,1900,2023-04-07
C02900,Bellisan Tevetoğlu,23,Erkek,Bursa,Yüksek Lisans,Serbest Meslek,19020.72,Dul,1124,2024-01-19
C02901,Sudi Ergül,59,Erkek,İstanbul,Ön Lisans,Ücretli Çalışan,15298.62,Evli,1139,2015-04-18
C02902,Elgin Gül,47,Kadın,İzmir,Lisans,Ücretli Çalışan,43692.86,Evli,1665,2016-03-08
C02903,Dr. Zümre Hüsnühâl Eraslan,42,Kadın,Kayseri,Lisans,Ücretli Çalışan,23959.34,Bekar,1853,2022-01-27
C02904,Fidaye Gülen Ertaş,29,Erkek,İstanbul,Yüksek Lisans,İşveren,18952.08,Bekar,1386,2017-08-21
C02905,Ergün Tarhan,25,Erkek,Mersin,Yüksek Lisans,Ücretli Çalışan,17192.54,Bekar,1776,2019-12-26
C02906,Doç. Evde Zebirce Bilir,46,Erkek,Eskişehir,Lisans,İşsiz,26633.89,Bekar,1256,2021-02-16
C02907,Tekiner Gül,46,Erkek,Ankara,Lise,Emekli,13901.25,Bekar,1262,2020-01-23
C02908,Gülgen Demirel,42,Erkek,İzmir,Lisans,Emekli,22581.41,Evli,1540,2021-05-28
C02909,Özdeş Umuşan Tevetoğlu Aksu,38,Erkek,Ankara,İlkokul,İşsiz,16817.23,Evli,1900,2015-09-10
C02910,Av. Feden Misra Çetin,50,Erkek,İzmir,Ön Lisans,İşveren,24002.57,Boşanmış,1441,2020-04-22
C02911,Öğr. Armahan Şehreban Yüksel,34,Kadın,Kayseri,Ön Lisans,Serbest Meslek,18791.12,Bekar,1573,2018-05-11
C02912,Eröz Demir,18,Kadın,Konya,Lisans,Serbest Meslek,9835.71,Evli,1140,2020-09-23
C02913,Utkucan Sarpkın Seven Erdoğan,42,Erkek,Konya,Lisans,Emekli,17895.9,Dul,1829,2021-04-11
C02914,Bitül Arsoy,22,Kadın,İzmir,Lisans,Emekli,14212.75,Dul,1640,2022-06-15
C02915,Kutgün Manço,41,Erkek,İstanbul,Ön Lisans,Serbest Meslek,29678.53,Bekar,1900,2017-11-25
C02916,Çev. Abdülkerim Aytuna Kısakürek,31,Kadın,Konya,Ön Lisans,Emekli,19059.26,Boşanmış,1391,2019-10-16
C02917,Öğr. Aşir Özbilek İhsanoğlu,18,Kadın,İstanbul,Lise,Ücretli Çalışan,17332.2,Evli,1640,2018-09-27
C02918,Cannur Resulcan Gül Akgündüz,46,Erkek,İstanbul,Yüksek Lisans,Serbest Meslek,26333.24,Dul,1406,2017-01-14
C02919,İncifir Tangül Sakarya,32,Kadın,Mersin,Yüksek Lisans,Ücretli Çalışan,35283.3,Boşanmış,1375,2024-05-13
C02920,Ülküm Lezize Durmuş Aslan,43,Erkek,İzmir,Lisans,Serbest Meslek,21450.44,Dul,1865,2015-04-15
C02921,Alexandru Cabir Hayrioğlu Akça,51,Erkek,İstanbul,Ön Lisans,Ücretli Çalışan,11127.04,Evli,1083,2021-04-16
C02922,Gülbani Ergül Sezgin,46,Erkek,İstanbul,Doktora,Ücretli Çalışan,19361.62,Boşanmış,1386,2021-07-03
C02923,Sunay Zengin Yaman,52,Erkek,İstanbul,Lisans,İşveren,21684.58,Bekar,1513,2020-08-20
C02924,Akise Tarhan,49,Kadın,İstanbul,Ön Lisans,İşsiz,16834.76,Evli,1612,2021-11-20
C02925,Tutkun Yaman,30,Erkek,İstanbul,Lise,Ücretli Çalışan,26785.56,Dul,1858,2016-09-11
C02926,Karlukhan Durdu,23,Erkek,Bursa,Lise,İşsiz,17077.19,Bekar,1425,2021-12-27
C02927,Ayşeana Çamurcuoğlu,53,Kadın,İstanbul,Lise,İşveren,18450.14,Bekar,1316,2021-07-30
C02928,Hurican Şennur Seven Demirel,51,Kadın,Ankara,Lisans,Emekli,33948.4,Evli,1168,2024-03-15
C02929,Uz. Sehel Nejdet Sezgin Ertaş,25,Erkek,İstanbul,Lise,Emekli,22056.56,Dul,1617,2025-01-11
C02930,Kübran Samahat Fırat,36,Kadın,Denizli,İlkokul,Ücretli Çalışan,27056.49,Boşanmış,1322,2018-08-08
C02931,Çev. Tenvir Atılgan Akça,18,Kadın,Ankara,Lisans,Serbest Meslek,16469.16,Bekar,1435,2025-03-16
C02932,Rebihat Mihriye Akdeniz,36,Erkek,Adana,Ön Lisans,Ücretli Çalışan,11832.78,Boşanmış,926,2016-05-25
C02933,Temuçin Çorlu,33,Erkek,Ankara,İlkokul,Serbest Meslek,29850.15,Evli,1814,2022-10-25
C02934,Yurttaş Yüksel,54,Kadın,Konya,Ön Lisans,Ücretli Çalışan,13805.75,Bekar,1091,2020-04-09
C02935,Burç Durdu,45,Erkek,Mersin,Yüksek Lisans,İşveren,26523.73,Bekar,1600,2023-08-30
C02936,Atgun Züfer Arslan,18,Erkek,Bursa,Lisans,Ücretli Çalışan,13492.67,Bekar,1292,2021-02-17
C02937,Prof. Akmaral Akça Şafak,45,Kadın,Kayseri,Ön Lisans,Ücretli Çalışan,28149.6,Evli,1536,2016-02-01
C02938,Niyazi Soylu,43,Erkek,İstanbul,Lisans,Ücretli Çalışan,20706.22,Bekar,1671,2023-10-30
C02939,Kâmil Abuzar Mansız Akar,43,Erkek,Bursa,Yüksek Lisans,Ücretli Çalışan,20528.76,Dul,1432,2017-12-21
C02940,Yazganalp Şafak,40,Kadın,Antalya,Lisans,Ücretli Çalışan,24786.79,Dul,1566,2018-06-30
C02941,Hezniye Yeşil Tarhan Tevetoğlu,44,Erkek,İzmir,Lisans,Emekli,36469.25,Bekar,1526,2018-09-02
C02942,Tamaydın Muhyettin Aksu,32,Erkek,Denizli,Lisans,Ücretli Çalışan,29662.03,Bekar,1158,2016-03-29
C02943,Uz. Arıel Kalgay Karadeniz,27,Kadın,Adana,Lisans,Ücretli Çalışan,23182.0,Bekar,1629,2024-06-22
C02944,Oğuzman Ergül,25,Erkek,Trabzon,Lise,Serbest Meslek,16776.46,Dul,1348,2024-12-20
C02945,Maksur Okyalaz Kısakürek,34,Erkek,İstanbul,Ön Lisans,Serbest Meslek,30473.69,Dul,1676,2022-08-28
C02946,Okt. Barak Şama,39,Kadın,Gaziantep,Lisans,Serbest Meslek,15588.94,Dul,1162,2017-04-28
C02947,Av. Sakip Şerafeddin Öcalan,57,Kadın,Ankara,Lisans,Ücretli Çalışan,26015.59,Evli,1323,2016-02-14
C02948,Fetullah Geray Güçlü Arslan,48,Erkek,Ankara,Lisans,Ücretli Çalışan,19310.41,Dul,1428,2020-06-11
C02949,Gülşeref Yılmaz,45,Kadın,Bursa,Lisans,Ücretli Çalışan,14275.87,Boşanmış,1294,2024-01-19
C02950,Günsel İhsanoğlu Hançer,41,Erkek,İstanbul,Lise,Ücretli Çalışan,15918.65,Dul,1667,2019-03-17
C02951,Müzekker Tartış Akdeniz,62,Erkek,Konya,Lisans,Serbest Meslek,14193.88,Dul,963,2019-11-02
C02952,Bayan Neriban Yılmaz Mansız,18,Kadın,Ankara,Ön Lisans,Ücretli Çalışan,18625.55,Evli,1254,2015-02-28
C02953,Okt. Meleknur Nejdet Sakarya Yılmaz,42,Erkek,Ankara,Yüksek Lisans,İşveren,21155.79,Dul,1099,2023-06-25
C02954,Gülder Rafia Ergül Yılmaz,18,Kadın,Bursa,Lisans,Ücretli Çalışan,22769.34,Boşanmış,1453,2023-08-12
C02955,Memili Okbay Akar Çorlu,34,Kadın,İstanbul,Lisans,Ücretli Çalışan,9454.87,Bekar,1497,2019-10-08
C02956,Kılıçbay Demir,55,Erkek,İstanbul,Ön Lisans,Ücretli Çalışan,22586.15,Dul,1288,2023-10-14
C02957,Bayan Ferahdiba Öcalan Ülker,40,Kadın,Konya,Lise,Ücretli Çalışan,10777.85,Boşanmış,1644,2015-08-10
C02958,Hafıza Güçlü,40,Erkek,Bursa,Lise,Ücretli Çalışan,8994.15,Bekar,1304,2015-02-07
C02959,Nurdeniz Hançer Arsoy,45,Erkek,İstanbul,Lise,Serbest Meslek,17156.43,Evli,1431,2016-09-15
C02960,Uz. Zehranur Kifaye Sakarya,25,Erkek,Ankara,Yüksek Lisans,Ücretli Çalışan,25717.92,Dul,1337,2018-06-26
C02961,Dr. Sehel Feyha Yaman Ergül,18,Erkek,Bursa,Ön Lisans,Ücretli Çalışan,16863.96,Bekar,1665,2015-11-20
C02962,Bayan Neval Gülmisal Demir,35,Kadın,İstanbul,Yüksek Lisans,Ücretli Çalışan,43568.65,Boşanmış,1607,2020-12-24
C02963,Fenni Türk,44,Erkek,Trabzon,İlkokul,İşveren,18811.45,Bekar,1482,2016-03-19
C02964,Konguralp Seven,36,Erkek,İzmir,Ön Lisans,Ücretli Çalışan,17395.71,Evli,1632,2017-03-13
C02965,Atanur Aksu,28,Kadın,Bursa,Yüksek Lisans,Emekli,12281.48,Boşanmış,1059,2019-12-24
C02966,Nihai Ülker,64,Kadın,Eskişehir,Lise,Emekli,25302.39,Evli,1536,2023-01-21
C02967,Durgadin Seven,27,Erkek,Kayseri,Lisans,Ücretli Çalışan,26383.76,Dul,1470,2015-11-08
C02968,Arş. Gör. Teknaz Sezgin Tarhan,42,Kadın,Eskişehir,Lise,Ücretli Çalışan,12842.57,Boşanmış,1420,2017-07-26
C02969,Günkurt İnönü,34,Erkek,Ankara,Ön Lisans,Serbest Meslek,14121.8,Dul,1563,2024-09-18
C02970,Tule Gül İhsanoğlu,21,Kadın,İzmir,Ön Lisans,İşveren,25697.51,Evli,1591,2019-02-18
C02971,Emal Demir Sakarya,29,Kadın,Ankara,Lise,İşsiz,13778.33,Evli,1044,2020-08-24
C02972,Başay Manço,43,Erkek,Ankara,Lisans,Ücretli Çalışan,18605.55,Boşanmış,1608,2015-07-13
C02973,Tomurcuk Alabezek Öcalan Tarhan,61,Erkek,İstanbul,Lisans,Ücretli Çalışan,15859.56,Boşanmış,1071,2022-04-25
C02974,Bay Umman İnançlı Şama,49,Kadın,Kayseri,Lisans,Ücretli Çalışan,42509.87,Bekar,1598,2016-04-01
C02975,Yrd. Doç. Akgüneş Saçı Güçlü,26,Kadın,İstanbul,Lisans,Ücretli Çalışan,18849.63,Dul,1220,2018-03-15
C02976,Lezize Sırriye Çorlu,47,Erkek,Antalya,Lisans,İşveren,10849.99,Bekar,1304,2020-01-21
C02977,Öğr. Fayize Umuşan Akçay,27,Erkek,Konya,Lise,Ücretli Çalışan,21100.9,Boşanmış,1408,2022-03-27
C02978,Çev. Çıvgın Barsen Bilge,42,Kadın,İzmir,İlkokul,Serbest Meslek,20131.84,Dul,1253,2022-09-07
C02979,Hoşkadem Ülker,47,Kadın,Mersin,Ön Lisans,Ücretli Çalışan,19497.77,Bekar,1252,2022-05-07
C02980,Öğr. Soykan Cihan Sezer,66,Kadın,Bursa,Ön Lisans,Ücretli Çalışan,24695.93,Evli,1461,2024-04-09
C02981,Öğr. Şuayp Zengin,56,Erkek,Adana,Lise,Ücretli Çalışan,45652.65,Dul,1463,2021-10-29
C02982,Eflâtun Demir,44,Kadın,Ankara,Lisans,İşsiz,12776.96,Evli,1063,2017-12-28
C02983,Koçak Türk,37,Kadın,Ankara,Lise,Serbest Meslek,21658.91,Boşanmış,1583,2015-02-18
C02984,Gülfeza İhsanoğlu,46,Kadın,İzmir,Lisans,Ücretli Çalışan,22179.84,Dul,1197,2019-12-10
C02985,Mecit Yıldırım,28,Erkek,İzmir,Lise,Ücretli Çalışan,15585.82,Dul,1429,2018-11-15
C02986,Aydinç Bilge,52,Erkek,İstanbul,Yüksek Lisans,İşsiz,11809.71,Boşanmış,1010,2017-12-07
C02987,Kavurt Köktaş Fırat,51,Kadın,Gaziantep,Lise,Ücretli Çalışan,17414.44,Boşanmış,1615,2022-09-20
C02988,Hanim Güzey Şama,38,Kadın,İzmir,Lisans,Ücretli Çalışan,22371.71,Bekar,1442,2015-03-05
C02989,Öğr. Bahtinur Ummahani Şafak,48,Erkek,İstanbul,Lisans,Serbest Meslek,9944.0,Evli,1289,2021-01-07
C02990,Göken Balatekin Aslan,43,Erkek,Kayseri,Lisans,Ücretli Çalışan,25340.59,Dul,1873,2021-07-29
C02991,Leyli Necva Demirel Seven,35,Kadın,Mersin,Lisans,Ücretli Çalışan,38784.14,Bekar,1335,2018-06-07
C02992,Okt. Alcan Cenan Türk,55,Erkek,İzmir,Lisans,İşsiz,28792.21,Dul,991,2016-03-04
C02993,Alkor Ülker,43,Erkek,Antalya,Lise,Ücretli Çalışan,19476.11,Evli,1656,2015-05-30
C02994,Gülşa Arslan,37,Erkek,Adana,Lise,İşveren,17356.79,Evli,1842,2025-02-22
C02995,Çev. Şemsinisa Sakarya Şafak,38,Kadın,Bursa,Lise,Ücretli Çalışan,28908.47,Evli,1443,2017-09-02
C02996,Çev. Okbay Arsoy,59,Kadın,İstanbul,Lise,Serbest Meslek,14687.46,Dul,1226,2015-05-04
C02997,Merim Demir,58,Kadın,Samsun,Lisans,Ücretli Çalışan,16313.92,Evli,1900,2020-10-18
C02998,Tüzeer Abid Tarhan Durmuş,50,Kadın,Adana,Lisans,Emekli,18590.53,Evli,1006,2016-11-18
C02999,Güçal Arsoy,39,Kadın,Gaziantep,İlkokul,Ücretli Çalışan,20863.02,Evli,1791,2016-12-20
C03000,İnsaf Yosma Tevetoğlu Arsoy,59,Kadın,İstanbul,Lisans,Emekli,14643.56,Dul,1540,2019-11-13
C03001,Dr. Evrimer Dirican Zengin,49,Kadın,Eskişehir,Lisans,Ücretli Çalışan,32306.89,Dul,1624,2023-01-07
C03002,Birgül Akgündüz Sakarya,18,Kadın,İzmir,Lisans,Ücretli Çalışan,18584.07,Evli,1131,2019-03-07
C03003,Tekiner Korutürk,37,Kadın,İstanbul,Yüksek Lisans,Ücretli Çalışan,30977.05,Evli,1576,2025-01-25
C03004,Aköz Songurkan Çamurcuoğlu Akgündüz,53,Erkek,Bursa,Lisans,Serbest Meslek,23243.7,Bekar,1175,2021-08-12
C03005,Danış Demirel,18,Kadın,Konya,Lise,Ücretli Çalışan,21310.69,Evli,1366,2017-03-09
C03006,Dr. Bergen Zöhrehan Mansız Şama,28,Erkek,Kayseri,Lisans,Ücretli Çalışan,9271.66,Bekar,1196,2015-05-23
C03007,Soykan Gülsalın Duran,37,Kadın,İzmir,Lisans,Ücretli Çalışan,26893.64,Evli,1547,2015-01-15
C03008,Alaaddin Yaman,59,Erkek,Samsun,Yüksek Lisans,Ücretli Çalışan,12506.18,Dul,1600,2019-11-28
C03009,Lutfi Durmuş,40,Erkek,İstanbul,Lisans,İşveren,27244.34,Dul,1390,2019-11-08
C03010,Örfiye Ergül,52,Erkek,Ankara,Lise,İşsiz,22762.08,Bekar,1050,2025-02-23
C03011,Seniha Duha Çamurcuoğlu Şafak,39,Erkek,İstanbul,Lise,Serbest Meslek,17893.63,Bekar,1622,2022-11-23
C03012,Nurcan Seven,25,Kadın,Denizli,İlkokul,İşveren,19668.86,Dul,1598,2021-01-27
C03013,Buyrukhan Tevetoğlu,40,Erkek,Bursa,Yüksek Lisans,Ücretli Çalışan,36538.57,Boşanmış,1693,2023-08-30
C03014,Elifnur Arslan,39,Kadın,İzmir,İlkokul,Serbest Meslek,21971.69,Evli,1573,2019-10-27
C03015,Selâtin Altınkaya Çetin,44,Kadın,İstanbul,Lise,Ücretli Çalışan,8764.4,Dul,1304,2016-10-14
C03016,Zihni Alemdar,22,Erkek,Konya,Lisans,Ücretli Çalışan,35426.89,Dul,1404,2021-04-04
C03017,Taçnur Tarhan Duran,37,Kadın,İzmir,Doktora,Serbest Meslek,29838.62,Dul,1605,2023-10-07
C03018,Burç Dumanlı,26,Erkek,İstanbul,Lisans,Serbest Meslek,19304.48,Dul,1416,2017-01-09
C03019,Özay Öcalan Kısakürek,19,Kadın,İzmir,Yüksek Lisans,Ücretli Çalışan,14608.75,Bekar,1254,2022-10-10
C03020,Şemsinisa Aslan Bilir,38,Kadın,İstanbul,Lise,Serbest Meslek,10229.14,Dul,1667,2024-11-18
C03021,Bay Bozerk Durdu,38,Erkek,İzmir,Yüksek Lisans,Serbest Meslek,20270.03,Evli,1600,2019-04-07
C03022,Sulhi Sezer,30,Kadın,İzmir,İlkokul,Ücretli Çalışan,24473.84,Boşanmış,1408,2016-07-24
C03023,Özgür Zorlu,29,Erkek,Ankara,Lisans,Emekli,25797.98,Bekar,1832,2020-03-01
C03024,Arş. Gör. Yaşar Işın Hançer Akdeniz,48,Erkek,Antalya,Lisans,Ücretli Çalışan,30192.23,Evli,1369,2020-06-22
C03025,Çev. Yamin Ertün Durmuş,20,Kadın,Konya,Lise,Ücretli Çalışan,38970.56,Evli,1900,2018-02-22
C03026,Canal Eba Türk Duran,58,Erkek,Eskişehir,Ön Lisans,Ücretli Çalışan,17135.31,Evli,1211,2016-10-28
C03027,Çev. Akçabay Tezol Manço,27,Erkek,Ankara,Lisans,Ücretli Çalışan,9342.42,Dul,1353,2015-08-07
C03028,Emiş Aslan,59,Erkek,Adana,Ön Lisans,İşveren,18699.5,Evli,1575,2016-03-07
C03029,Toker Erdursun Alemdar,56,Erkek,Antalya,Ön Lisans,İşveren,16616.59,Bekar,1900,2018-07-30
C03030,Sabih Demir,63,Kadın,İstanbul,Lisans,Ücretli Çalışan,18788.49,Evli,1355,2024-06-21
C03031,Toy Ergül,48,Erkek,Gaziantep,Lisans,Emekli,17045.03,Bekar,1170,2023-03-27
C03032,Mübetcel Bilginur Akça Demirel,55,Erkek,İstanbul,Lisans,Ücretli Çalışan,34454.72,Boşanmış,1538,2019-08-07
C03033,Emiş Seven,24,Kadın,İzmir,Lise,Ücretli Çalışan,11461.09,Evli,1326,2018-02-14
C03034,Mübetcel Açılay Şener,34,Erkek,Trabzon,Lisans,İşveren,17094.43,Boşanmış,1755,2024-12-13
C03035,İlkim Ergül,48,Erkek,İstanbul,Lise,Serbest Meslek,37055.21,Evli,1252,2016-10-21
C03036,Doç. Fahrullah Cansin Eraslan,35,Erkek,İstanbul,Lise,Serbest Meslek,28044.33,Dul,1612,2015-10-24
C03037,Safet Ülker,58,Erkek,İstanbul,Lise,Ücretli Çalışan,24082.52,Boşanmış,1900,2021-04-22
C03038,Yetişal Âdem Sezer Kısakürek,46,Kadın,İstanbul,Lisans,Serbest Meslek,32143.82,Bekar,1419,2021-11-05
C03039,Şehreban Durmuş,40,Erkek,Mersin,Lise,Ücretli Çalışan,30029.18,Bekar,1900,2018-07-14
C03040,İdiris Dumanlı,48,Kadın,Adana,İlkokul,Ücretli Çalışan,19198.22,Boşanmış,1844,2017-07-20
C03041,Okt. Eryıldız Deviner Zengin,18,Erkek,İstanbul,Lisans,Emekli,10509.08,Evli,1430,2015-06-29
C03042,Ferahdiba Dumanlı Bilgin,40,Kadın,Gaziantep,Lisans,Ücretli Çalışan,26172.94,Bekar,1516,2015-01-19
C03043,Okt. Fadıla Söyler Çorlu,46,Erkek,Mersin,Lisans,İşsiz,13815.12,Bekar,1242,2024-11-02
C03044,Uz. Sevim Akçay Alemdar,51,Erkek,İzmir,Lise,Ücretli Çalışan,34518.4,Boşanmış,1900,2017-07-18
C03045,Öğr. Serda Soylu,42,Kadın,Konya,Lisans,İşveren,22544.81,Dul,1119,2021-08-26
C03046,Dr. Fatih Yıldırım,33,Kadın,Kayseri,Ön Lisans,Serbest Meslek,18271.78,Evli,1762,2021-09-03
C03047,Feyzin Görsev Alemdar,32,Erkek,Konya,Ön Lisans,Ücretli Çalışan,28519.78,Bekar,1499,2022-01-01
C03048,Şendoğan Akar Erdoğan,37,Kadın,Denizli,Lise,İşveren,22292.43,Boşanmış,1402,2024-02-04
C03049,Arpağ Şafak,34,Kadın,Mersin,Lisans,Ücretli Çalışan,9254.33,Bekar,1318,2015-05-26
C03050,Öğr. Tolonbay Koşukhan Sakarya,34,Kadın,İstanbul,Lisans,Ücretli Çalışan,15800.68,Dul,1604,2017-06-27
C03051,Yunt İnönü,47,Kadın,İzmir,Lise,Serbest Meslek,22125.53,Boşanmış,1748,2019-11-29
C03052,Taciddin Sakarya,46,Kadın,Ankara,Yüksek Lisans,Ücretli Çalışan,17452.26,Dul,1384,2020-12-10
C03053,Nurveren Yıldırım Demir,43,Erkek,Denizli,Ön Lisans,Ücretli Çalışan,25801.69,Dul,1849,2020-01-09
C03054,Çokan Karadeniz,54,Kadın,Denizli,Doktora,Ücretli Çalışan,15620.46,Boşanmış,1474,2021-01-28
C03055,Bekbay Erdursun Öcalan,48,Erkek,Samsun,Lise,Ücretli Çalışan,32228.26,Evli,1734,2019-04-17
C03056,Ertün Manço,39,Erkek,Ankara,Lise,Emekli,11335.44,Bekar,1090,2018-09-17
C03057,Özkent Yılmaz,43,Erkek,Gaziantep,Yüksek Lisans,Ücretli Çalışan,23248.63,Bekar,1225,2019-05-31
C03058,Salurbay Zahid Alemdar Şama,40,Erkek,Ankara,Ön Lisans,Ücretli Çalışan,26477.51,Dul,1212,2016-10-15
C03059,Derkay Yaman,53,Kadın,Adana,İlkokul,Ücretli Çalışan,16816.42,Bekar,1814,2021-01-24
C03060,Prof. Özbilge Akçay Dumanlı,33,Erkek,İstanbul,Ön Lisans,Emekli,12556.81,Boşanmış,1225,2023-03-12
C03061,Çev. Güçal Güçlü,38,Kadın,Mersin,Lise,Ücretli Çalışan,16733.77,Bekar,1445,2016-02-15
C03062,Erbil Yorulmaz,44,Erkek,İstanbul,Doktora,Ücretli Çalışan,18452.76,Bekar,1483,2016-08-05
C03063,Zilfa Demir,19,Erkek,Antalya,Ön Lisans,Ücretli Çalışan,23772.01,Dul,1397,2015-08-10
C03064,İlmafer Türk,59,Kadın,İstanbul,İlkokul,Serbest Meslek,13058.51,Boşanmış,927,2025-04-23
C03065,Samurtay Gazel Sakarya Zorlu,47,Erkek,Antalya,Lise,Ücretli Çalışan,23293.68,Evli,1247,2015-01-03
C03066,Uz. Acarkan Hacile Yıldırım,21,Kadın,İstanbul,Yüksek Lisans,Emekli,39808.21,Boşanmış,1733,2024-10-11
C03067,Öğr. Kaşif Bilender Ergül,18,Kadın,İstanbul,Ön Lisans,İşsiz,16216.75,Bekar,1556,2015-11-20
C03068,Hafıza Nurveren Tarhan,34,Erkek,İstanbul,Lisans,Ücretli Çalışan,15982.1,Evli,1429,2025-03-02
C03069,Okbay Bünyamün Demir Bilgin,26,Erkek,Ankara,Yüksek Lisans,Emekli,9254.37,Boşanmış,1603,2015-05-12
C03070,Fatih Hüsmen Erdoğan Mansız,18,Kadın,Samsun,Ön Lisans,Ücretli Çalışan,22276.16,Dul,1641,2022-11-24
C03071,Durgadin Arsoy,22,Kadın,İzmir,Lisans,Ücretli Çalışan,13148.71,Boşanmış,1603,2022-12-11
C03072,Alaaddin Tevetoğlu,46,Erkek,Bursa,Yüksek Lisans,Serbest Meslek,15096.55,Bekar,1800,2015-07-17
C03073,Cavit Şafak,54,Erkek,İstanbul,Lisans,Ücretli Çalışan,22495.57,Evli,1274,2018-05-30
C03074,Şamiha Akçay,35,Kadın,İstanbul,Yüksek Lisans,İşveren,22671.73,Bekar,1452,2015-01-13
C03075,Uz. Menfeat Mahigül Ergül,51,Kadın,Eskişehir,Yüksek Lisans,Ücretli Çalışan,10012.62,Dul,1006,2015-07-06
C03076,Erşat Omaca Ülker Arsoy,42,Erkek,İstanbul,Lisans,Ücretli Çalışan,15975.4,Bekar,1343,2017-06-25
C03077,Berrin Çetin,18,Erkek,Mersin,Lisans,İşsiz,20106.44,Evli,1126,2021-02-12
C03078,Bilgütay Öcalan,47,Kadın,Mersin,Lisans,Ücretli Çalışan,20558.05,Boşanmış,1466,2016-08-23
C03079,Günaydin Manço,54,Erkek,İstanbul,Lise,Ücretli Çalışan,11041.21,Dul,1514,2021-05-21
C03080,Semine Gül Çetin,19,Kadın,Bursa,Ön Lisans,Emekli,13666.97,Dul,956,2025-04-01
C03081,Av. Bediriye Demir Durdu,49,Kadın,İstanbul,Ön Lisans,Emekli,19352.28,Dul,1456,2020-05-09
C03082,Doç. Laze Ezgin Çorlu,26,Kadın,Trabzon,Lisans,Ücretli Çalışan,17415.88,Evli,1309,2023-01-14
C03083,Elamiye Akçay,44,Kadın,Antalya,Lisans,Emekli,12759.21,Boşanmış,1672,2018-06-10
C03084,Nefiye Hayrioğlu Soylu,19,Erkek,Kayseri,İlkokul,Serbest Meslek,13864.21,Dul,1719,2020-07-03
C03085,Öğr. Rojnu Şazime Çetin,34,Kadın,Ankara,İlkokul,Ücretli Çalışan,11029.23,Evli,1434,2022-02-05
C03086,Eriş Sezgin,34,Kadın,İstanbul,Lise,Ücretli Çalışan,13682.3,Dul,1106,2018-07-06
C03087,Öğr. Lutfi Sarıcabay Soylu,73,Erkek,İstanbul,Lise,Ücretli Çalışan,17797.29,Boşanmış,1018,2017-01-22
C03088,Arş. Gör. Zehranur Alemdar Bilgin,57,Kadın,Antalya,Lisans,Serbest Meslek,26238.47,Evli,1308,2017-06-15
C03089,Bilginur Zengin Demirel,28,Erkek,Ankara,Lise,İşveren,26985.71,Bekar,1438,2023-04-08
C03090,Arş. Gör. Ürper Gürcüye Sezer,18,Kadın,Bursa,Yüksek Lisans,İşveren,44545.12,Bekar,1311,2018-12-29
C03091,Elöve Arsoy,57,Erkek,İzmir,Lise,Ücretli Çalışan,35429.35,Evli,1249,2024-12-09
C03092,Deviner Akdeniz,52,Kadın,Ankara,Ön Lisans,Emekli,14866.28,Evli,873,2021-11-29
C03093,Işıman Durmuş,34,Erkek,Mersin,Lise,Emekli,23835.63,Dul,1344,2018-09-30
C03094,Uz. Dilara Yorulmaz Çamurcuoğlu,36,Erkek,Ankara,Lisans,İşveren,33343.05,Evli,1526,2015-12-26
C03095,Nevise Ervaniye Arslan Ertaş,29,Erkek,Ankara,Ön Lisans,Ücretli Çalışan,27334.74,Evli,1549,2024-06-15
C03096,İzgü Akdeniz,18,Kadın,Konya,Yüksek Lisans,Ücretli Çalışan,24167.37,Evli,1517,2020-02-18
C03097,Öğr. Gülözge Hacile Yorulmaz,40,Kadın,İstanbul,Ön Lisans,Ücretli Çalışan,29770.26,Dul,1331,2024-12-24
C03098,Baturay Sezer,44,Kadın,İstanbul,Ön Lisans,Ücretli Çalışan,9846.47,Bekar,1481,2023-12-26
C03099,Karcan Gül,63,Kadın,İstanbul,Lisans,Ücretli Çalışan,12737.61,Bekar,1190,2017-01-11
C03100,Vaysal Şafak,31,Kadın,İstanbul,Lisans,Ücretli Çalışan,21131.06,Evli,1234,2015-10-04
C03101,Ayşenur Deha Ülker Zengin,45,Kadın,İzmir,Yüksek Lisans,Ücretli Çalışan,29175.31,Bekar,1633,2022-09-12
C03102,Nevsal Karadeniz,18,Kadın,Ankara,Lisans,Ücretli Çalışan,31189.15,Dul,1654,2017-05-16
C03103,Bay Bilender Arsoy,49,Erkek,İzmir,Lise,Ücretli Çalışan,23571.16,Boşanmış,1555,2021-05-19
C03104,Aslanhan Yüksel,52,Erkek,İstanbul,Lisans,Serbest Meslek,47362.26,Dul,1261,2021-03-27
C03105,Abdürreşit Durdu,52,Kadın,Adana,Lisans,Ücretli Çalışan,19171.93,Evli,1467,2020-05-14
C03106,Uz. Gülbeyan Sirap Korutürk,21,Kadın,İstanbul,Doktora,Ücretli Çalışan,17533.08,Evli,1170,2020-09-13
C03107,Çaltı Fırat,34,Erkek,Mersin,Lisans,Emekli,12158.89,Boşanmış,1227,2018-09-20
C03108,Sirap Rezin Gül,35,Erkek,Kayseri,Lisans,İşsiz,20817.3,Evli,816,2016-11-19
C03109,Selvi Çetin,22,Erkek,İstanbul,Lise,Serbest Meslek,23455.53,Evli,1220,2021-11-24
C03110,Feremez Demir,52,Kadın,Bursa,Lisans,Ücretli Çalışan,22056.69,Evli,1651,2016-07-08
C03111,Altuğ Akgündüz,56,Kadın,İstanbul,Lise,Serbest Meslek,17337.55,Boşanmış,1356,2020-06-18
C03112,Tahir Çavuldur Akçay,50,Kadın,Adana,Yüksek Lisans,İşsiz,25066.34,Bekar,1173,2015-09-28
C03113,Bay Kopan Karadeniz,56,Erkek,Bursa,Lisans,Ücretli Çalışan,18114.9,Bekar,1508,2022-07-20
C03114,Dr. Sevcan Çevregül Demirel,40,Kadın,İstanbul,Lisans,Ücretli Çalışan,13087.76,Bekar,1399,2018-02-08
C03115,Ülküm Zorlu,56,Kadın,İstanbul,Lise,Emekli,24348.75,Dul,1467,2020-08-01
C03116,Halenur Safinaz İhsanoğlu,38,Kadın,Antalya,Lise,Ücretli Çalışan,23130.1,Boşanmış,1687,2023-01-19
C03117,Çev. Aydınbey Fırat,47,Kadın,İzmir,Ön Lisans,Ücretli Çalışan,17165.57,Bekar,1581,2019-07-26
C03118,Efil Korutürk Bilir,45,Kadın,İstanbul,Doktora,Ücretli Çalışan,12667.09,Bekar,1422,2018-11-11
C03119,Azize Bilgin Gülen,18,Kadın,Eskişehir,Ön Lisans,Serbest Meslek,24763.85,Dul,1585,2018-12-28
C03120,Av. Âdem Durmuş,48,Kadın,Bursa,Lise,Ücretli Çalışan,16684.39,Bekar,1577,2022-09-01
C03121,İdiris Sezer,57,Kadın,Trabzon,Lise,Ücretli Çalışan,37654.07,Bekar,1492,2020-04-07
C03122,Öğr. Mihriye Rana Alemdar Kısakürek,41,Kadın,Kayseri,Lise,Ücretli Çalışan,32856.67,Evli,1124,2016-05-03
C03123,Bay Übeydullah Arsoy,36,Kadın,İstanbul,Lisans,Emekli,36352.08,Boşanmış,1703,2015-10-01
C03124,Öğr. Kitan Değer Sakarya,44,Erkek,İstanbul,Lisans,Serbest Meslek,10121.08,Evli,1367,2016-04-30
C03125,Işıman Tevetoğlu,32,Kadın,İzmir,Ön Lisans,Ücretli Çalışan,23131.89,Boşanmış,1297,2024-06-07
C03126,Arıpınar Yüksel,27,Erkek,İzmir,Lisans,Ücretli Çalışan,8000.0,Bekar,1685,2019-04-19
C03127,Feyzin Zevlüde Sakarya,35,Erkek,Eskişehir,Lise,Ücretli Çalışan,21390.79,Dul,1499,2019-01-22
C03128,Dirlik Tevetoğlu,27,Erkek,Bursa,Lisans,Ücretli Çalışan,11309.75,Boşanmış,1128,2018-05-15
C03129,Çelem Çamurcuoğlu,31,Erkek,Samsun,Ön Lisans,Serbest Meslek,23505.1,Evli,1301,2022-09-06
C03130,Gülenay Âlemşah Akar,60,Kadın,Adana,Lisans,Ücretli Çalışan,31641.28,Boşanmış,1702,2015-02-04
C03131,Ensari Eryıldız Çorlu,38,Erkek,İstanbul,Lise,Ücretli Çalışan,39396.27,Evli,1445,2019-04-28
C03132,Seler Özgür Güçlü,39,Kadın,İstanbul,Yüksek Lisans,Ücretli Çalışan,21514.63,Boşanmış,1675,2017-06-05
C03133,Alexandru Gülağa Çorlu,47,Kadın,Eskişehir,Lisans,İşveren,16093.87,Boşanmış,1366,2017-12-27
C03134,Akgüneş Nesfe İnönü,47,Kadın,Antalya,Yüksek Lisans,Serbest Meslek,27497.67,Bekar,1401,2020-12-26
C03135,Pesent Tomurcuk Akar,20,Kadın,Adana,Yüksek Lisans,Serbest Meslek,18155.12,Evli,1575,2022-03-04
C03136,Paksu Gül,61,Erkek,Mersin,Lisans,Ücretli Çalışan,11625.07,Dul,1273,2017-12-15
C03137,Elifnur Canseven Şama Seven,35,Erkek,Gaziantep,Yüksek Lisans,Ücretli Çalışan,36684.6,Boşanmış,1491,2020-03-02
C03138,Onuker Ünek Öcalan Manço,29,Kadın,Mersin,Lisans,İşsiz,25627.28,Boşanmış,1118,2020-12-17
C03139,Soydaner Çetin,25,Kadın,İstanbul,Lise,Ücretli Çalışan,13336.39,Bekar,1813,2024-01-27
C03140,Sunay Zengin Bilge,44,Kadın,İstanbul,Lisans,Serbest Meslek,20920.65,Dul,1437,2019-07-20
C03141,Fetullah Boğatimur Manço,43,Erkek,Ankara,Ön Lisans,Ücretli Çalışan,22609.06,Dul,1573,2025-04-10
C03142,Dr. Büşranur Hansultan Akgündüz Bilir,41,Erkek,İzmir,Lisans,Serbest Meslek,29465.03,Dul,1505,2021-07-31
C03143,Ökkaş Demirel,28,Erkek,Adana,Yüksek Lisans,Serbest Meslek,15129.62,Boşanmış,1005,2017-03-27
C03144,Arş. Gör. Pehlil Gül,64,Kadın,Ankara,Lisans,Ücretli Çalışan,29385.0,Boşanmış,1292,2019-05-29
C03145,Semrin Çetin,36,Erkek,Samsun,Lise,Ücretli Çalışan,14964.04,Evli,1765,2025-02-27
C03146,Hanedan Arslan,22,Kadın,İstanbul,Lise,Ücretli Çalışan,20983.97,Bekar,1392,2021-01-02
C03147,Sarya Aygönenç Akçay Demirel,49,Kadın,Bursa,Yüksek Lisans,Serbest Meslek,19019.04,Boşanmış,1060,2020-09-11
C03148,Hayel Bilir Mansız,36,Erkek,İstanbul,Ön Lisans,Ücretli Çalışan,12868.36,Evli,1399,2018-08-16
C03149,Birgit Durdu,57,Erkek,Bursa,Ön Lisans,İşveren,9111.19,Dul,1179,2017-01-14
C03150,Dr. Algış Manço Öcalan,33,Kadın,İstanbul,Yüksek Lisans,Ücretli Çalışan,16785.42,Boşanmış,1685,2016-07-13
C03151,Züheyla Birgül Soylu,37,Kadın,İstanbul,Ön Lisans,Ücretli Çalışan,24031.27,Boşanmış,1343,2015-08-04
C03152,Muvaffak Gücal Aksu İhsanoğlu,42,Erkek,Antalya,Lisans,İşsiz,28282.79,Evli,1036,2023-11-21
C03153,Feyha Begim Aslan,49,Erkek,Gaziantep,Lise,Emekli,20405.66,Boşanmış,1721,2024-12-08
C03154,Nefiye Bitül Erdoğan Akçay,37,Kadın,İzmir,Ön Lisans,Ücretli Çalışan,23660.45,Dul,1489,2017-07-14
C03155,Çev. Sonnur Ildız İnönü Akgündüz,38,Kadın,İstanbul,Lisans,Ücretli Çalışan,22393.34,Bekar,1634,2020-07-23
C03156,Dr. Esengün Ecegül Durdu Soylu,25,Erkek,Eskişehir,Lise,Emekli,37992.16,Bekar,995,2015-11-22
C03157,Jankat Feremez Gülen,31,Erkek,İstanbul,Yüksek Lisans,Ücretli Çalışan,19102.58,Boşanmış,1603,2018-07-27
C03158,Av. Elifnur Selcen Arsoy,58,Erkek,Gaziantep,Lisans,Ücretli Çalışan,8636.64,Evli,1253,2019-11-09
C03159,Nurda Çorlu,18,Erkek,İstanbul,Lisans,Emekli,20216.0,Dul,1447,2015-07-19
C03160,Arş. Gör. Serda Kandef Akgündüz,59,Kadın,Bursa,Lise,Ücretli Çalışan,21042.21,Bekar,1761,2022-10-03
C03161,Taygan Toköz Yorulmaz,47,Erkek,Kayseri,Lisans,Ücretli Çalışan,16385.27,Evli,1147,2025-02-23
C03162,Doç. İldem Seha Yılmaz,43,Erkek,İstanbul,Ön Lisans,Ücretli Çalışan,10183.81,Boşanmış,1703,2019-07-24
C03163,Şide Sakarya,38,Erkek,İstanbul,Lise,Ücretli Çalışan,34126.51,Bekar,1379,2022-03-29
C03164,Nurey Ferinaz Durdu,43,Erkek,Gaziantep,Lisans,İşveren,21899.24,Bekar,1488,2015-04-11
C03165,Benice Bilgin Kısakürek,34,Erkek,Ankara,Lisans,Emekli,23780.12,Bekar,1228,2015-05-29
C03166,Dr. Büşranur Nebiha Ertaş Ertaş,25,Kadın,İzmir,Lisans,Ücretli Çalışan,34866.16,Evli,1681,2015-09-27
C03167,Dr. Binay Gülay Gül Sakarya,40,Erkek,İzmir,Lisans,Ücretli Çalışan,42163.66,Evli,1433,2016-05-06
C03168,Saygın Akar Gülen,55,Erkek,İstanbul,Lisans,Ücretli Çalışan,21568.91,Bekar,1243,2023-08-17
C03169,Basriye Hayrioğlu,62,Erkek,İzmir,Lisans,Emekli,31126.66,Bekar,1429,2020-07-17
C03170,Şehreban Soylu,48,Kadın,İstanbul,Lise,İşsiz,16619.52,Boşanmış,1427,2018-12-08
C03171,Yadigar Korutürk,18,Erkek,İstanbul,Lisans,Serbest Meslek,12595.43,Evli,1544,2021-06-15
C03172,Dr. Laze Ertaş Türk,37,Erkek,Konya,Lise,Serbest Meslek,21881.44,Boşanmış,1163,2021-11-25
C03173,Nazlim Manço,62,Kadın,Mersin,Lise,Ücretli Çalışan,34055.21,Evli,1449,2022-03-06
C03174,Günaydin Durdu,35,Erkek,İstanbul,Lisans,Serbest Meslek,31676.23,Evli,1900,2015-01-06
C03175,Sıla Öngen Kısakürek,51,Erkek,Antalya,Lisans,Ücretli Çalışan,52961.01,Evli,1269,2023-10-08
C03176,Ünlen Işıkay Çetin,30,Kadın,İstanbul,Ön Lisans,Ücretli Çalışan,11672.33,Boşanmış,1490,2015-05-23
C03177,Öğr. Gülşeref Ayşenur Bilir,42,Kadın,Mersin,Lisans,Ücretli Çalışan,18613.12,Dul,1702,2015-07-06
C03178,Çelikyürek Tarhan,54,Erkek,Bursa,Lisans,Ücretli Çalışan,10031.16,Bekar,1230,2023-07-29
C03179,Çev. Hümeyra Göli Çorlu,49,Kadın,Gaziantep,Lise,Ücretli Çalışan,16147.45,Bekar,1300,2016-02-09
C03180,Argu Aslan,52,Kadın,İstanbul,Lise,Ücretli Çalışan,11155.91,Evli,1304,2025-01-05
C03181,Bidayet Hançer Bilge,43,Kadın,Antalya,Yüksek Lisans,İşsiz,15394.74,Dul,1415,2022-06-21
C03182,Av. Sabihe Yaşar Bilir Ülker,33,Erkek,Eskişehir,Lisans,İşveren,37566.91,Boşanmış,1468,2023-09-28
C03183,Gülcegün Karadeniz,48,Kadın,Ankara,Lisans,Ücretli Çalışan,27881.28,Evli,1343,2016-08-17
C03184,Aydınbey Mehmed Şama,18,Kadın,Denizli,Doktora,Ücretli Çalışan,23443.3,Evli,1438,2016-10-23
C03185,Fildan Gülmisal Ergül,46,Kadın,Bursa,Lisans,Emekli,17998.84,Boşanmış,1352,2017-11-05
C03186,Öğr. Subutiye Zebirce Sezer,64,Erkek,İzmir,Lisans,İşsiz,10274.71,Evli,1283,2023-01-17
C03187,Doç. Mestur Ergül,33,Kadın,İstanbul,Yüksek Lisans,İşveren,17135.36,Dul,1420,2015-08-23
C03188,Akmaral Durmuş Çetin,30,Erkek,İstanbul,Lisans,Ücretli Çalışan,25772.18,Dul,1847,2017-09-19
C03189,Asalet Gül,45,Erkek,Kayseri,Lise,İşveren,20879.48,Bekar,1253,2020-12-17
C03190,Güngördü Ülker,46,Erkek,Antalya,Ön Lisans,Ücretli Çalışan,52594.0,Bekar,1404,2024-04-13
C03191,Alaz Manço,35,Erkek,Antalya,Lise,Ücretli Çalışan,15483.19,Boşanmış,1377,2023-08-29
C03192,Uz. Ticen Miyesser Demir Çetin,18,Erkek,İstanbul,Yüksek Lisans,Ücretli Çalışan,23915.11,Bekar,1208,2017-06-19
C03193,Çev. Yahşi Adila Dumanlı,20,Kadın,Ankara,Lise,İşveren,27971.33,Boşanmış,1149,2022-06-12
C03194,Temuçin Dumanlı,35,Erkek,Antalya,Ön Lisans,Ücretli Çalışan,38557.24,Boşanmış,1147,2023-03-12
C03195,Aksöğüt Durdali Korutürk Akar,21,Erkek,İstanbul,Lise,Ücretli Çalışan,22498.14,Bekar,1707,2023-12-18
C03196,Doç. Zöhrehan Fitnat Tevetoğlu,21,Kadın,Ankara,Ön Lisans,Ücretli Çalışan,23943.7,Boşanmış,1565,2015-10-22
C03197,Güngören Ergül Bilir,18,Erkek,Ankara,Lise,Ücretli Çalışan,28547.53,Bekar,1639,2021-06-18
C03198,Umutcan Durdu,36,Kadın,Bursa,Ön Lisans,Serbest Meslek,35015.84,Dul,1784,2019-01-05
C03199,Kapagan Alemdar,41,Kadın,İzmir,İlkokul,İşveren,16266.28,Evli,1256,2015-03-16
C03200,Alize Menişan Akçay Hançer,39,Erkek,Denizli,Lisans,Ücretli Çalışan,25755.19,Bekar,1418,2021-12-25
C03201,Verim Omaca Şensoy Ertaş,18,Erkek,İstanbul,Lisans,Emekli,35274.7,Bekar,1427,2016-09-05
C03202,Öğr. Nefaret Nefaret Karadeniz,35,Kadın,Bursa,Lisans,Ücretli Çalışan,29311.09,Dul,1881,2025-02-27
C03203,Arş. Gör. Müşüre Dilsitan İhsanoğlu,18,Erkek,İzmir,Lisans,Emekli,24231.74,Dul,1023,2019-07-21
C03204,Öğr. Mehmed Arsoy,45,Erkek,İstanbul,Lise,Ücretli Çalışan,21111.37,Dul,1658,2025-01-06
C03205,Arş. Gör. Sökmen Aksu,34,Kadın,Konya,Doktora,Ücretli Çalışan,8578.74,Evli,1267,2016-06-24
C03206,Öğr. Lüfen Sedife Şener,44,Erkek,Antalya,İlkokul,Ücretli Çalışan,31474.3,Boşanmış,1207,2022-10-19
C03207,Cedide Birgül Sezgin,52,Erkek,Bursa,Ön Lisans,Serbest Meslek,14890.18,Evli,1470,2024-06-05
C03208,Ayaydın Toğan Yıldırım Mansız,33,Kadın,Samsun,Lisans,Serbest Meslek,21633.03,Boşanmış,1722,2017-04-11
C03209,Dr. Temime Zinnure Sakarya,25,Kadın,Bursa,Ön Lisans,Ücretli Çalışan,14677.08,Boşanmış,1426,2017-02-10
C03210,Arş. Gör. İklim Atiyye Ülker Arslan,68,Erkek,İstanbul,Lise,Ücretli Çalışan,13515.12,Bekar,1890,2016-10-11
C03211,Öğr. Habibe Sevcan Durmuş,64,Kadın,Ankara,İlkokul,Ücretli Çalışan,19076.45,Boşanmış,1425,2020-06-14
C03212,Dilşat Akar Akdeniz,31,Erkek,Trabzon,Lisans,İşveren,19327.98,Dul,1148,2023-12-19
C03213,Dr. Necva Çetin Çamurcuoğlu,39,Erkek,İstanbul,İlkokul,Emekli,39088.99,Evli,1307,2019-09-20
C03214,Öğr. Perinur Akay Akça Arsoy,37,Erkek,Ankara,Lise,İşsiz,9269.52,Dul,1193,2020-07-26
C03215,Arş. Gör. Fehim Ertün Akgündüz,43,Erkek,Bursa,Yüksek Lisans,Ücretli Çalışan,20509.96,Bekar,1445,2019-09-16
C03216,Mesude Karadeniz,36,Erkek,Mersin,Ön Lisans,İşveren,24980.61,Bekar,1492,2017-11-18
C03217,Dr. Hekime Adviye Akçay,43,Kadın,İstanbul,Lise,Emekli,21954.83,Boşanmış,1740,2022-11-03
C03218,Bayan Algış Armahan Manço,48,Kadın,İstanbul,Lisans,Ücretli Çalışan,21737.36,Boşanmış,1879,2021-05-03
C03219,Vezrife Şamiha Hayrioğlu Şama,45,Kadın,Samsun,Ön Lisans,Ücretli Çalışan,35854.82,Bekar,1651,2024-11-24
C03220,Yrd. Doç. Melihcan Yüksel,18,Erkek,İstanbul,Lisans,Serbest Meslek,35852.75,Evli,1453,2018-08-08
C03221,Gülgen Mansız Şensoy,39,Erkek,Bursa,Lisans,Ücretli Çalışan,22620.38,Evli,1413,2019-02-16
C03222,Ayçan Sezgin İhsanoğlu,42,Kadın,İzmir,Ön Lisans,Ücretli Çalışan,15270.16,Evli,1818,2019-10-14
C03223,Uz. Orçin Gök Gülen,38,Kadın,Kayseri,Lisans,Ücretli Çalışan,16778.23,Boşanmış,1268,2021-11-10
C03224,Vefia Aksu,43,Erkek,Ankara,Ön Lisans,Ücretli Çalışan,21681.14,Boşanmış,1597,2018-09-15
C03225,Öğr. Cedide Egenur Zorlu,27,Erkek,Adana,Lise,İşveren,9696.0,Boşanmış,1536,2023-10-23
C03226,Telim Seydo Çetin Gülen,57,Erkek,Bursa,Ön Lisans,Ücretli Çalışan,12558.35,Evli,1777,2023-06-12
C03227,Çağlar Aksu,43,Erkek,İstanbul,Ön Lisans,Serbest Meslek,19867.13,Evli,1400,2021-06-12
C03228,Gülseren Çorlu,23,Erkek,İstanbul,Lisans,Emekli,31084.91,Evli,1186,2016-08-21
C03229,Akatay Şafak,30,Erkek,İzmir,Lise,Ücretli Çalışan,31143.69,Dul,1029,2023-02-11
C03230,Tekecan Öcalan,21,Erkek,İstanbul,Lise,Emekli,19768.39,Bekar,1453,2025-01-10
C03231,Akboğa Mansız,45,Erkek,İstanbul,Lisans,İşveren,17399.39,Bekar,1900,2024-08-25
C03232,Serhatmehmet Kısakürek,37,Kadın,İzmir,Lise,Ücretli Çalışan,17964.38,Boşanmış,1300,2017-02-28
C03233,Zoral Gül,41,Erkek,Ankara,Ön Lisans,Ücretli Çalışan,26284.44,Evli,1800,2024-08-20
C03234,Mutluhan Şener,22,Kadın,İstanbul,İlkokul,İşveren,17841.85,Boşanmış,1531,2021-05-10
C03235,Güldünya Hayrünnisa Şensoy Akçay,47,Erkek,Ankara,Lise,Ücretli Çalışan,19989.19,Evli,1635,2021-05-09
C03236,Çev. Dayar Sadat Karadeniz,30,Kadın,İstanbul,Lisans,Ücretli Çalışan,40177.3,Boşanmış,1748,2016-03-12
C03237,Doç. Özalpsan Ünek Çetin,23,Kadın,İstanbul,Yüksek Lisans,Ücretli Çalışan,12285.85,Boşanmış,1038,2024-08-17
C03238,Jaruthip Ülker Yorulmaz,48,Erkek,İzmir,Lisans,Ücretli Çalışan,11179.9,Evli,1297,2018-09-16
C03239,Bilay İhsanoğlu,45,Erkek,Samsun,Lisans,Serbest Meslek,19345.7,Dul,1564,2024-01-16
C03240,Tekbay Yıldırım,27,Kadın,Samsun,Lise,Ücretli Çalışan,26047.69,Boşanmış,1346,2021-03-13
C03241,Bali Mülâyim İhsanoğlu Tevetoğlu,36,Erkek,Antalya,Ön Lisans,Ücretli Çalışan,22180.73,Evli,1525,2015-12-13
C03242,Bahaddin Besin Arslan Eraslan,40,Erkek,İstanbul,Lise,Ücretli Çalışan,14217.34,Evli,1305,2017-02-19
C03243,Dr. Asalet Soylu,40,Kadın,Eskişehir,Lisans,İşveren,10734.43,Bekar,1264,2024-08-15
C03244,Gülter Paksu Sakarya Soylu,44,Erkek,İzmir,Lise,Ücretli Çalışan,11216.64,Dul,1669,2017-05-01
C03245,Kırgız Erdoğan,55,Kadın,Ankara,Lisans,Serbest Meslek,11380.79,Dul,1719,2020-08-28
C03246,Dr. Berrin Bilir Tarhan,38,Erkek,Konya,Lisans,Serbest Meslek,24060.62,Bekar,1375,2015-05-14
C03247,Öğr. Minibe Serfinaz Sezgin,51,Erkek,Adana,Yüksek Lisans,Serbest Meslek,23926.51,Boşanmış,1296,2019-04-12
C03248,Uz. Gençay Yılmaz,26,Kadın,İstanbul,Lisans,İşveren,10330.58,Bekar,1426,2022-04-02
C03249,Dr. Semender Şener,46,Erkek,Ankara,Lise,Serbest Meslek,26713.77,Dul,1470,2017-12-15
C03250,Baturay Hayali Ergül,26,Kadın,Ankara,Lisans,Ücretli Çalışan,14662.76,Bekar,1668,2016-09-27
C03251,Yrd. Doç. Şamiha Duran Yılmaz,34,Erkek,Samsun,Lise,Ücretli Çalışan,21259.05,Boşanmış,1231,2019-09-26
C03252,Arş. Gör. Ziyaettin Eraslan,44,Kadın,Ankara,Lise,Ücretli Çalışan,16220.68,Evli,1761,2017-03-25
C03253,Danış Tali Yıldırım Duran,49,Kadın,Bursa,Lise,Ücretli Çalışan,15945.51,Evli,1468,2015-03-08
C03254,Rabih Zorlu,33,Erkek,Bursa,Lise,Ücretli Çalışan,10522.33,Evli,1165,2024-11-04
C03255,Doğuhan Bilge,42,Kadın,İstanbul,Lise,Ücretli Çalışan,23071.81,Dul,1537,2019-12-12
C03256,Dilşat Günsel Yıldırım Hayrioğlu,36,Kadın,Antalya,Ön Lisans,Ücretli Çalışan,30329.62,Dul,1515,2019-02-04
C03257,Duruk Çorlu,48,Kadın,Ankara,Ön Lisans,Emekli,8971.44,Dul,359,2021-11-02
C03258,Ertün Aslan,43,Erkek,İstanbul,Lisans,Serbest Meslek,10497.11,Evli,1326,2018-02-12
C03259,Öğr. Büreyre Ergül Demirel,36,Kadın,İstanbul,Yüksek Lisans,Serbest Meslek,40714.12,Evli,1599,2025-03-17
C03260,Silanur Teknaz Şafak,41,Erkek,Gaziantep,Lise,Ücretli Çalışan,29046.29,Bekar,1592,2017-06-06
C03261,Gülgen Eraslan Akçay,34,Kadın,İstanbul,Lisans,Ücretli Çalışan,32278.74,Dul,1222,2015-10-06
C03262,Uzsoy Akdeniz,43,Kadın,İstanbul,Lisans,Emekli,9932.76,Evli,1390,2022-06-04
C03263,Pekkan Sakarya,42,Erkek,İstanbul,Ön Lisans,İşveren,42378.85,Dul,1108,2024-02-18
C03264,Firdevis Gülsiye Gül,32,Erkek,Eskişehir,Lise,Emekli,28859.86,Dul,1543,2023-03-08
C03265,Öğr. Semat Şafak Tevetoğlu,42,Kadın,Gaziantep,Ön Lisans,İşveren,12961.5,Dul,1232,2018-08-08
C03266,Mufide Mansız,54,Erkek,İstanbul,Lisans,İşveren,19473.71,Evli,1593,2025-05-19
C03267,Tamaydın Kayrabay Şafak Akar,38,Erkek,Ankara,Lisans,Ücretli Çalışan,11703.13,Dul,1613,2016-09-23
C03268,Nurda Banü Dumanlı Aksu,46,Erkek,Bursa,Lise,İşveren,56248.61,Bekar,1246,2017-01-06
C03269,Ozansü Ergönül Zengin,49,Kadın,Gaziantep,Lisans,Ücretli Çalışan,11045.8,Boşanmış,1419,2019-04-28
C03270,Çev. Şehreban Yurtseven Ergül,51,Erkek,Adana,Yüksek Lisans,Ücretli Çalışan,8000.0,Evli,1328,2017-10-10
C03271,Asliye Demir Akçay,33,Kadın,İzmir,Lisans,Ücretli Çalışan,14532.16,Bekar,1476,2023-11-28
C03272,Sanavber Çetin,53,Kadın,İstanbul,Doktora,Ücretli Çalışan,18770.18,Bekar,1551,2020-12-14
C03273,Okt. Erdemer Erdoğan,41,Kadın,İstanbul,Lise,Ücretli Çalışan,19946.55,Dul,1227,2024-01-20
C03274,Turgut Arsoy,53,Kadın,Antalya,Yüksek Lisans,Emekli,22761.78,Bekar,1558,2020-02-05
C03275,Ezgin Minibe Demir Yılmaz,30,Erkek,İstanbul,İlkokul,Emekli,16209.47,Evli,1415,2021-09-16
C03276,Aksoy Demirel,21,Kadın,Bursa,Lisans,Ücretli Çalışan,9324.35,Boşanmış,1149,2022-10-15
C03277,Gülşeref Ertaş,46,Erkek,Adana,Yüksek Lisans,Ücretli Çalışan,14854.95,Bekar,1125,2020-07-16
C03278,Harbinaz Durmuş,30,Kadın,İstanbul,Ön Lisans,Ücretli Çalışan,16237.78,Dul,1411,2023-05-24
C03279,Kaşif Arslan,65,Kadın,İzmir,Lise,Ücretli Çalışan,32034.84,Bekar,1756,2019-01-17
C03280,Resulcan Bilir,54,Kadın,İstanbul,Ön Lisans,Emekli,12714.91,Dul,1034,2022-08-13
C03281,Seha Ezgütekin Demirel Tevetoğlu,26,Erkek,Bursa,Lisans,Ücretli Çalışan,36334.67,Evli,1363,2025-03-11
C03282,Server Akçay,24,Kadın,Antalya,Lisans,Ücretli Çalışan,16416.66,Evli,1360,2018-04-02
C03283,Dr. Sebigül Muarra Alemdar,43,Erkek,Kayseri,Lisans,Ücretli Çalışan,22313.07,Boşanmış,1292,2020-08-19
C03284,Güllühan Akar,48,Erkek,İzmir,Lisans,İşveren,14948.45,Boşanmış,1340,2015-02-18
C03285,Öğet Okseven Soylu,48,Kadın,Gaziantep,İlkokul,Ücretli Çalışan,14930.78,Boşanmış,1237,2021-11-19
C03286,Evcimen Mahsun Demir,47,Erkek,İstanbul,Lisans,Serbest Meslek,13548.35,Boşanmış,1283,2017-02-15
C03287,Mutasım Canal Tevetoğlu Hayrioğlu,46,Erkek,İzmir,Lisans,İşveren,50228.69,Evli,1651,2019-06-16
C03288,Havali Durdu Yıldırım,45,Kadın,İstanbul,Yüksek Lisans,Ücretli Çalışan,25307.62,Boşanmış,1231,2019-08-24
C03289,Alsoy Ünal Yılmaz,41,Kadın,İzmir,Ön Lisans,Ücretli Çalışan,19665.18,Boşanmış,1580,2023-11-30
C03290,Çev. Emal Rahiye Türk Akçay,41,Erkek,İzmir,İlkokul,Ücretli Çalışan,23644.0,Bekar,1422,2024-12-07
C03291,Haluk Tolonbay Yıldırım,40,Kadın,İstanbul,Lisans,Ücretli Çalışan,11469.85,Bekar,1300,2022-05-03
C03292,Nazlim Sakarya,56,Kadın,İstanbul,Lise,Ücretli Çalışan,23004.93,Bekar,1494,2018-08-14
C03293,Doç. Menfeat Kâzime Hayrioğlu,62,Erkek,İstanbul,Lise,Emekli,10803.49,Boşanmış,1062,2018-07-17
C03294,Pürçek Beyhatun Durmuş Öcalan,60,Erkek,İstanbul,Lise,İşveren,20346.87,Evli,1439,2022-03-30
C03295,Tayyibe Mansız,25,Erkek,Antalya,Yüksek Lisans,Ücretli Çalışan,24378.66,Bekar,1636,2019-11-03
C03296,Kocabaş Gençay Sezer,26,Erkek,Antalya,Lisans,Ücretli Çalışan,18711.17,Bekar,1416,2022-04-01
C03297,Öğr. Döner Nurda Akça Mansız,43,Erkek,İstanbul,Lise,Serbest Meslek,12044.19,Bekar,1692,2017-07-02
C03298,Akcivan Eba Yorulmaz Alemdar,50,Kadın,İstanbul,Lisans,Serbest Meslek,16925.4,Evli,1445,2022-11-25
C03299,Berki Sakarya,38,Kadın,Gaziantep,Lise,Emekli,14041.34,Evli,1229,2016-01-22
C03300,Seblâ Bilgin,36,Kadın,Konya,Ön Lisans,Emekli,41183.41,Boşanmış,1696,2020-09-25
C03301,Dr. Dalan Gül,51,Kadın,Adana,Lisans,Serbest Meslek,23540.24,Dul,1220,2021-02-03
C03302,Zelha Afife İhsanoğlu Sezer,39,Erkek,Trabzon,Lise,Ücretli Çalışan,30844.69,Bekar,1185,2016-03-01
C03303,Erksoy Özdil Türk,47,Kadın,İzmir,Lise,İşveren,56679.86,Bekar,1765,2019-05-15
C03304,Alexandru Göken Erdoğan Eraslan,56,Erkek,Adana,Lisans,Ücretli Çalışan,21988.01,Bekar,1741,2015-06-24
C03305,Şeyda Çetin,31,Kadın,Bursa,Lisans,İşveren,28513.66,Dul,1663,2019-12-17
C03306,Kitan Sezer Aksu,43,Erkek,İstanbul,Lise,Serbest Meslek,36033.46,Boşanmış,1365,2023-09-14
C03307,Siper Ertaş,37,Erkek,Bursa,Lise,Serbest Meslek,20805.19,Dul,1242,2023-05-26
C03308,Başay Gümüştekin Bilge Manço,42,Kadın,Bursa,Lisans,Ücretli Çalışan,9195.61,Evli,1641,2018-04-28
C03309,Dr. Semine Dürrüşehvar Fırat,40,Kadın,Bursa,Lisans,Serbest Meslek,15765.8,Dul,1291,2024-01-26
C03310,Yrd. Doç. Nezihi Tuğtaş Soylu,37,Kadın,İstanbul,İlkokul,Ücretli Çalışan,27165.88,Bekar,1636,2015-07-06
C03311,Mukbile Öcalan,31,Erkek,İzmir,Lisans,Ücretli Çalışan,13619.83,Bekar,1544,2018-02-26
C03312,Öğr. Büreyre Eraslan Öcalan,31,Kadın,İstanbul,Yüksek Lisans,Serbest Meslek,20474.99,Dul,1530,2016-09-20
C03313,Bilay Nefiye Durmuş,43,Erkek,Bursa,Lisans,İşveren,29325.76,Boşanmış,1184,2021-06-14
C03314,Dr. Topuz Yılma Akdeniz,18,Kadın,Antalya,Lisans,Serbest Meslek,15438.95,Evli,1870,2016-03-30
C03315,Vargın Erdoğan,64,Kadın,İstanbul,Yüksek Lisans,Serbest Meslek,45434.62,Dul,1451,2019-08-06
C03316,Oktüremiş Yorulmaz,18,Kadın,Antalya,Lise,Ücretli Çalışan,8000.0,Boşanmış,1146,2017-03-16
C03317,Abid Ülker,37,Erkek,İstanbul,Ön Lisans,Serbest Meslek,35784.9,Bekar,1716,2015-01-16
C03318,Nasuf Alemdar,42,Kadın,Ankara,Lise,Ücretli Çalışan,13353.98,Evli,1139,2024-12-09
C03319,Gülenay Soylu Sakarya,43,Kadın,İzmir,İlkokul,Ücretli Çalışan,27273.56,Boşanmış,1597,2021-03-15
C03320,Gülzadiye Alemdar,27,Erkek,Kayseri,Lisans,Serbest Meslek,26710.19,Bekar,1606,2015-09-02
C03321,Mihrab Demirel,27,Erkek,İstanbul,Ön Lisans,Ücretli Çalışan,14003.4,Dul,1552,2017-09-26
C03322,Dr. Feden Tuğçe Sakarya Çamurcuoğlu,37,Kadın,Kayseri,Doktora,Emekli,40746.14,Evli,1585,2024-11-21
C03323,Durmuşali Çamurcuoğlu,34,Erkek,Antalya,Yüksek Lisans,Emekli,19839.05,Evli,1475,2017-05-28
C03324,Nurşan Sernur Bilge Mansız,31,Erkek,Mersin,Lise,İşveren,13218.01,Boşanmış,1555,2022-02-13
C03325,Özalpsan Gülen,50,Erkek,İstanbul,Ön Lisans,Ücretli Çalışan,26152.54,Evli,1878,2019-11-13
C03326,Argu Aslan,33,Kadın,İstanbul,Lise,Serbest Meslek,42337.22,Evli,1274,2022-06-12
C03327,Uz. Mesude Ürper Şensoy,27,Kadın,İstanbul,Lise,Ücretli Çalışan,9027.39,Evli,1268,2016-02-11
C03328,Bilender Mürit Akgündüz Sakarya,33,Kadın,Ankara,Lise,Serbest Meslek,25252.28,Bekar,1560,2020-12-04
C03329,Ensari Aclan Akçay Ertaş,25,Kadın,Ankara,Yüksek Lisans,Ücretli Çalışan,16701.82,Dul,1407,2019-04-29
C03330,Çev. Akcivan Güçlü,18,Kadın,Ankara,Lisans,Ücretli Çalışan,12817.59,Boşanmış,1107,2024-04-04
C03331,Okt. Kaver Durgadin İhsanoğlu Durmuş,57,Kadın,Bursa,Yüksek Lisans,Serbest Meslek,21723.56,Bekar,1665,2024-08-08
C03332,Hükümdar Şafak,22,Erkek,İstanbul,Lise,Serbest Meslek,34111.73,Evli,1745,2020-03-28
C03333,Binbaşar Gülen,18,Erkek,İstanbul,Yüksek Lisans,Serbest Meslek,14510.21,Bekar,1423,2018-12-14
C03334,Arş. Gör. Müveddet Ayşeana Dumanlı,47,Erkek,Bursa,Lisans,İşsiz,14686.4,Evli,1023,2021-01-25
C03335,Nirgül Sakarya,32,Erkek,Antalya,Lise,Serbest Meslek,20945.69,Bekar,1799,2023-01-12
C03336,Toy Kaygusuz Gül,30,Kadın,Antalya,Ön Lisans,İşveren,31268.59,Dul,1304,2020-12-26
C03337,Öğr. Mefharet Güler Gülen,29,Kadın,Bursa,Ön Lisans,Ücretli Çalışan,28806.82,Bekar,1730,2016-07-20
C03338,Yrd. Doç. Evrimer Fırat,50,Kadın,Ankara,Lisans,Ücretli Çalışan,11024.67,Evli,1263,2018-11-07
C03339,Arş. Gör. Saygın Sakarya Tarhan,49,Erkek,Antalya,Lisans,Ücretli Çalışan,20306.45,Bekar,1231,2023-07-27
C03340,Tonguç Erdursun Demir,45,Erkek,Mersin,Lisans,Ücretli Çalışan,14448.37,Bekar,1828,2019-12-28
C03341,Dr. Almus Aksay Durdu,58,Erkek,İstanbul,Lisans,Ücretli Çalışan,26156.26,Dul,1840,2021-08-14
C03342,Hayel Erdoğan,40,Erkek,İstanbul,Ön Lisans,İşsiz,28125.92,Dul,1589,2020-06-07
C03343,Evrimer Ecemiş Akgündüz Mansız,42,Kadın,İzmir,Lisans,Ücretli Çalışan,17768.2,Boşanmış,1073,2022-09-10
C03344,Paye Gülen Sakarya,39,Erkek,İzmir,Lisans,Serbest Meslek,28869.48,Boşanmış,1736,2019-07-20
C03345,Doç. İlkim Uğurtan Aslan,46,Kadın,Gaziantep,Lisans,Ücretli Çalışan,15621.69,Boşanmış,1005,2016-04-05
C03346,Öğr. Gilman Çetin Bilir,34,Kadın,İstanbul,Ön Lisans,Ücretli Çalışan,17379.47,Boşanmış,1421,2017-04-24
C03347,Mahnaz Şahdiye Arslan Gül,47,Kadın,Trabzon,Lise,Ücretli Çalışan,48705.85,Bekar,1530,2017-12-22
C03348,Aykutalp Akçay,37,Kadın,Konya,Lise,Ücretli Çalışan,17735.97,Dul,1531,2024-10-27
C03349,Doç. Merva Akdeniz Çamurcuoğlu,30,Kadın,İstanbul,Yüksek Lisans,Ücretli Çalışan,21038.08,Bekar,1612,2016-11-02
C03350,Uz. Gülağa Urhan Erdoğan,42,Erkek,İstanbul,Ön Lisans,Ücretli Çalışan,24486.91,Bekar,1608,2015-03-16
C03351,Uz. Güçlüer Akçay,18,Kadın,İstanbul,Lisans,İşveren,26544.86,Boşanmış,1252,2020-10-31
C03352,Uz. Alabezek Soykan Şafak Şama,26,Kadın,İstanbul,Yüksek Lisans,Ücretli Çalışan,12124.66,Evli,1488,2024-10-23
C03353,Cantez Eraslan,37,Kadın,Ankara,Lise,Serbest Meslek,9349.84,Evli,1499,2021-12-09
C03354,Cabir Tarhan,22,Erkek,İstanbul,Yüksek Lisans,Serbest Meslek,21224.67,Bekar,1479,2021-03-16
C03355,Suphi Ergül,50,Kadın,İstanbul,Yüksek Lisans,Ücretli Çalışan,44433.91,Dul,1158,2023-11-03
C03356,Yrd. Doç. Acarkan Soylu Bilge,39,Kadın,İstanbul,Lise,Ücretli Çalışan,17599.91,Boşanmış,1608,2023-01-28
C03357,Öğr. Balatekin Alanalp Alemdar,42,Erkek,İstanbul,Yüksek Lisans,Ücretli Çalışan,17006.56,Boşanmış,1389,2022-03-27
C03358,Semender Tarhan,26,Erkek,Ankara,Lise,Ücretli Çalışan,31086.77,Boşanmış,1614,2023-08-09
C03359,Haliye Yaşar Zorlu,51,Erkek,Denizli,Lisans,Serbest Meslek,17332.21,Boşanmış,1335,2019-11-05
C03360,Prof. Bilender Öcalan,27,Kadın,İzmir,Ön Lisans,Ücretli Çalışan,23423.92,Bekar,1240,2022-05-01
C03361,Ayşan Göken Sezgin Korutürk,62,Erkek,İstanbul,Yüksek Lisans,Ücretli Çalışan,11065.21,Bekar,1448,2015-05-08
C03362,Sernur Soylu,58,Kadın,Ankara,Yüksek Lisans,Ücretli Çalışan,26097.38,Bekar,1543,2015-07-14
C03363,Zubeyde Irıs Ülker Soylu,28,Erkek,Ankara,Yüksek Lisans,Ücretli Çalışan,10702.19,Evli,1572,2021-09-29
C03364,Nezize Ertaş,58,Kadın,Ankara,Lise,Serbest Meslek,16358.74,Boşanmış,1215,2019-09-25
C03365,İmam Ergül,18,Erkek,Gaziantep,Ön Lisans,Serbest Meslek,12818.64,Boşanmış,1271,2015-06-08
C03366,Müveddet Verde Öcalan,59,Kadın,İstanbul,Yüksek Lisans,Ücretli Çalışan,26981.59,Dul,1576,2024-10-12
C03367,Dr. Kitan Tarhan Fırat,35,Erkek,Eskişehir,Lisans,Ücretli Çalışan,15330.13,Evli,1851,2024-08-03
C03368,Bilgen Seven,42,Kadın,Ankara,Lise,Ücretli Çalışan,8000.0,Boşanmış,1211,2019-12-06
C03369,Dr. Besin Hüsmen Soylu,29,Erkek,İzmir,Ön Lisans,İşveren,15586.82,Dul,1640,2018-05-28
C03370,Ercihan Durdu,38,Erkek,Ankara,Lise,Ücretli Çalışan,19252.78,Dul,1828,2018-08-29
C03371,Okt. Gülsü Bitül Akar,31,Kadın,İzmir,Lise,Ücretli Çalışan,46114.83,Dul,1332,2024-04-24
C03372,Deryanur Aslan Akgündüz,41,Kadın,İstanbul,Lisans,Ücretli Çalışan,17561.4,Evli,1530,2016-02-21
C03373,Arş. Gör. Gökçe Kaver Çamurcuoğlu Tarhan,45,Kadın,İstanbul,Lise,Ücretli Çalışan,24227.07,Evli,1311,2022-05-20
C03374,Müret Paksu Zengin Seven,26,Kadın,Eskişehir,Lise,Ücretli Çalışan,61477.55,Dul,1379,2017-08-28
C03375,Mevlüdiye Akar,48,Kadın,Bursa,Ön Lisans,Emekli,9667.85,Evli,1270,2019-10-10
C03376,Sezal Rahmet Sezer,38,Kadın,Bursa,Lisans,İşveren,24655.78,Boşanmış,819,2021-03-19
C03377,Şeyda Demir,41,Kadın,Bursa,Lise,Ücretli Çalışan,11880.06,Boşanmış,1461,2016-07-27
C03378,Prof. Sevcan Özlem Çetin,27,Erkek,İstanbul,Lise,Serbest Meslek,13562.08,Boşanmış,1311,2020-06-26
C03379,Mahter Dilara Yılmaz Soylu,27,Kadın,Ankara,Lise,Ücretli Çalışan,16090.91,Bekar,1201,2020-12-07
C03380,Nakip Tarhan,18,Kadın,Ankara,Lisans,Emekli,31510.64,Boşanmış,1055,2020-01-10
C03381,Razı Arslan,37,Erkek,İzmir,Lisans,Ücretli Çalışan,27967.57,Evli,1346,2018-12-31
C03382,Çev. Nuyan Arslan,30,Erkek,Ankara,Lisans,İşveren,22066.31,Boşanmış,1779,2016-04-04
C03383,Öztürk Arslan,25,Erkek,İstanbul,Lisans,İşveren,18628.23,Dul,1066,2017-03-27
C03384,Mutluhan Türk,35,Kadın,İstanbul,Lise,Ücretli Çalışan,20239.51,Bekar,1286,2017-06-29
C03385,Fazul Alemdar,34,Kadın,Ankara,Yüksek Lisans,Ücretli Çalışan,10575.53,Bekar,1399,2022-09-20
C03386,Almus Odkanlı Hançer Yılmaz,52,Kadın,Ankara,İlkokul,Ücretli Çalışan,12164.6,Dul,1224,2020-09-03
C03387,Okt. Abiye Ayyaruk Eraslan,46,Kadın,Gaziantep,Lisans,Ücretli Çalışan,34387.24,Boşanmış,1126,2023-11-28
C03388,Hiçsönmez Akgündüz,37,Erkek,İstanbul,Lise,Ücretli Çalışan,22638.54,Dul,1474,2017-01-23
C03389,Turcein Övün Manço,18,Kadın,Ankara,Lise,Ücretli Çalışan,24971.5,Boşanmış,1799,2019-08-01
C03390,Yayak Aslan,41,Kadın,Eskişehir,Lisans,Ücretli Çalışan,12531.52,Dul,1251,2024-02-09
C03391,Yümun Akar,61,Kadın,İstanbul,Lisans,İşveren,30015.92,Bekar,1660,2018-12-30
C03392,Yrd. Doç. Bezek Masume Bilgin,44,Erkek,İstanbul,Lise,Ücretli Çalışan,14801.57,Dul,1329,2020-07-26
C03393,Necmettin Hürdoğan Yüksel,39,Erkek,Ankara,Ön Lisans,Ücretli Çalışan,25522.31,Evli,1877,2021-08-23
C03394,Sadiye Gülen Akçay,53,Kadın,Denizli,Lise,İşveren,10522.56,Dul,1435,2016-07-13
C03395,Ermutlu Gökay Tevetoğlu Hançer,48,Erkek,Mersin,Lisans,Serbest Meslek,26330.6,Dul,1342,2017-12-09
C03396,Yrd. Doç. Merzuk Tarhan,74,Erkek,İstanbul,Lisans,İşsiz,11218.42,Bekar,829,2022-09-25
C03397,Üçgül Yaman,42,Kadın,İzmir,Lisans,Ücretli Çalışan,51666.32,Dul,1290,2017-07-22
C03398,Erensoy Yaman,36,Kadın,Gaziantep,Lisans,Serbest Meslek,32363.36,Boşanmış,1495,2016-11-01
C03399,Arş. Gör. Gülnaziye Menfeat Hançer,35,Kadın,İzmir,Ön Lisans,Ücretli Çalışan,25707.42,Boşanmış,1568,2025-02-22
C03400,Gencaslan Durdu,52,Erkek,Ankara,Lisans,Ücretli Çalışan,35637.76,Boşanmış,1576,2021-12-11
C03401,Arş. Gör. Gülbiye Nurey Çetin Akgündüz,43,Erkek,Bursa,Ön Lisans,İşveren,21946.21,Boşanmış,1622,2024-03-28
C03402,Dr. Eriş Yepelek Dumanlı,40,Erkek,Ankara,Lisans,İşveren,19924.91,Boşanmış,1799,2023-06-17
C03403,Tutkucan İhsanoğlu,58,Kadın,Kayseri,Lise,Ücretli Çalışan,10113.24,Evli,1382,2015-10-20
C03404,Simber Nejdet Şafak Ertaş,31,Erkek,Adana,Lisans,Ücretli Çalışan,17327.72,Bekar,1600,2024-03-12
C03405,Öğr. Sevsevil Arıpınar Çamurcuoğlu,48,Kadın,Bursa,Yüksek Lisans,Ücretli Çalışan,18949.69,Dul,1021,2025-01-29
C03406,Çıvgın Seven,28,Kadın,Eskişehir,Lisans,Ücretli Çalışan,29834.62,Boşanmış,814,2025-04-09
C03407,Çağveren Yaman,54,Erkek,Gaziantep,Lisans,İşsiz,25198.85,Evli,1549,2019-10-09
C03408,Henife İhsan Zorlu,37,Kadın,İzmir,Ön Lisans,Ücretli Çalışan,8000.0,Bekar,1487,2015-12-06
C03409,Elamiye Zilfa Akçay Durdu,55,Kadın,Bursa,Lise,Ücretli Çalışan,30215.94,Boşanmış,1334,2023-06-08
C03410,Ayşeana Pekkan Yaman,41,Kadın,Konya,Lisans,Ücretli Çalışan,15681.29,Dul,1295,2024-05-10
C03411,Ahter Ertaş Sezgin,51,Erkek,Samsun,Lise,Ücretli Çalışan,11627.29,Bekar,1156,2024-12-14
C03412,Av. Ayşenur Bilkay Yorulmaz Aslan,26,Kadın,Gaziantep,Ön Lisans,İşveren,10192.31,Bekar,1416,2019-02-26
C03413,Güçyeter Suphi Sakarya Alemdar,53,Erkek,Eskişehir,Lisans,Ücretli Çalışan,18339.37,Evli,1123,2024-03-25
C03414,Özgün Sümerya Sezer,50,Kadın,Bursa,Lisans,İşveren,42555.56,Bekar,1338,2023-06-18
C03415,Bahtinur Demir,34,Kadın,Konya,Lisans,Serbest Meslek,25135.77,Evli,1900,2016-06-02
C03416,Vâlâ Değmeer Fırat,33,Kadın,Adana,Lise,Serbest Meslek,10942.37,Evli,1537,2023-10-30
C03417,Selaheddin Korutürk,49,Kadın,İstanbul,Yüksek Lisans,Serbest Meslek,19985.44,Evli,1360,2024-07-25
C03418,Uz. Habibe Akçay Tarhan,51,Erkek,Ankara,Lisans,Serbest Meslek,25276.14,Boşanmış,1307,2018-12-02
C03419,Giz Şener,40,Erkek,İstanbul,Lise,Ücretli Çalışan,10847.95,Boşanmış,1551,2024-04-07
C03420,Ahter Süzer Mansız,36,Kadın,Kayseri,Lisans,Ücretli Çalışan,16381.86,Bekar,1491,2018-03-06
C03421,Barsen Erdoğan,40,Kadın,İstanbul,Lisans,Ücretli Çalışan,29813.56,Evli,1647,2019-06-29
C03422,Birgit Tevetoğlu,38,Erkek,Eskişehir,Lisans,Ücretli Çalışan,28103.54,Dul,1600,2017-04-22
C03423,Rahmet Aytek Yüksel Bilir,34,Erkek,İstanbul,Ön Lisans,Ücretli Çalışan,18842.62,Evli,1462,2022-09-28
C03424,Nehip Akar Karadeniz Zorlu,46,Erkek,İzmir,Lise,Ücretli Çalışan,16896.13,Evli,1402,2023-12-15
C03425,Öğr. Azade Döner Hançer Gülen,63,Kadın,Bursa,Lisans,Serbest Meslek,30420.77,Dul,1309,2016-01-06
C03426,Uz. Hasret Karadeniz Akdeniz,46,Erkek,İzmir,Lise,Ücretli Çalışan,21020.59,Boşanmış,1597,2024-08-26
C03427,Şeyda Tarhan,41,Erkek,İstanbul,Ön Lisans,Ücretli Çalışan,34041.62,Evli,1586,2019-01-02
C03428,Av. Şüküfe Ecegül Şafak Manço,39,Kadın,İstanbul,Lise,Ücretli Çalışan,31856.15,Dul,1558,2022-08-12
C03429,Cezayir Manço,41,Kadın,Gaziantep,Yüksek Lisans,Serbest Meslek,22955.44,Dul,1476,2020-06-14
C03430,Uz. Ozansü Ziyaettin Sezer,40,Kadın,Kayseri,Lisans,Ücretli Çalışan,15305.8,Dul,1312,2023-08-03
C03431,Nesip Güçlü,28,Erkek,İstanbul,Yüksek Lisans,Serbest Meslek,10653.11,Boşanmış,1160,2016-12-26
C03432,Maksüde Cemiyle Zengin,37,Erkek,Gaziantep,Lise,Ücretli Çalışan,20876.99,Dul,1432,2015-11-10
C03433,Okt. Kâzime Gülen Kısakürek,18,Kadın,Bursa,Lisans,Ücretli Çalışan,40480.02,Boşanmış,1691,2022-02-12
C03434,Nabil Kızıltunç Alemdar Şafak,45,Erkek,İzmir,Lisans,Emekli,47022.0,Boşanmış,1215,2019-08-05
C03435,Akboğa Arslan,62,Kadın,Denizli,Yüksek Lisans,İşveren,12908.66,Bekar,1439,2017-02-12
C03436,Dr. Özdeş Oluş Yılmaz Zengin,24,Kadın,İstanbul,Doktora,Serbest Meslek,20062.59,Bekar,1516,2017-12-17
C03437,Avunç Selçuk Türk,38,Erkek,İstanbul,Lise,Ücretli Çalışan,27480.85,Bekar,1524,2017-12-14
C03438,Ervaniye Simber Akgündüz Gül,33,Erkek,İzmir,Lisans,Serbest Meslek,15443.35,Evli,1702,2021-08-21
C03439,Çev. Akise Ferinaz Ergül Zorlu,32,Kadın,Eskişehir,Lisans,Ücretli Çalışan,30089.49,Bekar,1805,2019-09-10
C03440,Hindal Akçay,19,Erkek,Antalya,Yüksek Lisans,Ücretli Çalışan,33183.79,Bekar,1900,2021-05-22
C03441,Uğur Erdoğan Akçay,43,Erkek,Eskişehir,Lisans,Ücretli Çalışan,26097.32,Boşanmış,1759,2024-10-08
C03442,Hunalp Şensoy,36,Erkek,İstanbul,Lisans,Ücretli Çalışan,21634.1,Boşanmış,1171,2021-01-11
C03443,Sevim Demirel,41,Erkek,İstanbul,Ön Lisans,Serbest Meslek,24938.06,Dul,1629,2017-12-25
C03444,Eşref Çetin,52,Kadın,Bursa,Ön Lisans,Emekli,14063.51,Bekar,1206,2023-11-06
C03445,Pembesin Begim Çamurcuoğlu,62,Erkek,Gaziantep,Lisans,Ücretli Çalışan,18626.72,Bekar,1550,2017-04-11
C03446,Öğr. Solma Tevetoğlu Ülker,39,Kadın,Bursa,Lisans,Ücretli Çalışan,13769.95,Bekar,1785,2020-09-08
C03447,Yrd. Doç. Yamin İhsanoğlu,33,Erkek,Ankara,Lisans,Ücretli Çalışan,12000.72,Evli,1267,2023-03-19
C03448,Elifnur Sezer,18,Erkek,İstanbul,Ön Lisans,Ücretli Çalışan,14867.32,Bekar,1057,2024-04-20
C03449,İncifir Zengin,47,Kadın,Adana,Lisans,Ücretli Çalışan,14720.02,Bekar,1601,2018-11-30
C03450,İlklima Rakide Erdoğan Türk,56,Erkek,Samsun,Lise,Ücretli Çalışan,28325.82,Evli,1446,2019-06-10
C03451,Şevket Gül,41,Erkek,Konya,Yüksek Lisans,Ücretli Çalışan,10034.22,Boşanmış,1346,2015-10-05
C03452,Öğr. Aysoy Ülker,29,Kadın,Kayseri,Lise,Serbest Meslek,27240.14,Bekar,1900,2021-11-08
C03453,Omaca Umutcan Güçlü Hayrioğlu,45,Erkek,İzmir,Lise,Ücretli Çalışan,8135.45,Boşanmış,1289,2023-07-02
C03454,Prof. Ünlen Yümun Çetin,41,Kadın,İstanbul,Lisans,Ücretli Çalışan,20729.45,Boşanmış,1317,2016-02-13
C03455,Dr. Cangür Yurdanur Akçay,42,Kadın,İstanbul,Doktora,Serbest Meslek,11394.37,Evli,1143,2024-06-03
C03456,Sabır İhsanoğlu Erdoğan,47,Kadın,İstanbul,Ön Lisans,Serbest Meslek,12618.91,Boşanmış,1514,2016-02-09
C03457,Tanpınar Erensoy Demir,23,Kadın,İstanbul,Lise,İşsiz,44098.09,Dul,946,2015-04-26
C03458,Şekim Çamok Erdoğan,37,Erkek,İstanbul,Ön Lisans,Serbest Meslek,23127.46,Boşanmış,1358,2024-09-15
C03459,Prof. Nurdeniz Şemsinisa Şener Karadeniz,41,Erkek,İstanbul,Lise,Emekli,25820.15,Bekar,1700,2020-07-24
C03460,Cangür Hayrioğlu,49,Kadın,İstanbul,İlkokul,İşveren,18447.52,Evli,1463,2016-12-07
C03461,Velitdin Muktedir Kısakürek Yaman,68,Kadın,İzmir,Lisans,Ücretli Çalışan,30560.09,Bekar,1269,2017-02-27
C03462,Delil Eraslan,41,Erkek,İstanbul,Ön Lisans,Ücretli Çalışan,17140.26,Bekar,1466,2020-04-29
C03463,Öğr. Macide Bilgin Akar,25,Erkek,Ankara,Lisans,Ücretli Çalışan,16558.16,Bekar,1900,2016-09-12
C03464,Öğr. Üzer Fırat,46,Kadın,Bursa,Lisans,İşveren,8000.0,Evli,1684,2019-05-21
C03465,Atnan Zengin,53,Erkek,Adana,Lise,Emekli,16955.06,Boşanmış,1639,2017-03-16
C03466,Tekiner Ülker,29,Kadın,İstanbul,Ön Lisans,Ücretli Çalışan,16129.17,Boşanmış,1874,2015-05-03
C03467,Deviner Akkerman Sezgin Yaman,36,Erkek,İstanbul,Lise,Ücretli Çalışan,8592.29,Bekar,1364,2015-04-17
C03468,Ilgı Öcalan,39,Kadın,Bursa,Lise,İşveren,34175.55,Bekar,1503,2022-05-04
C03469,Yrd. Doç. Zöhrehan Benek Şama,34,Kadın,İstanbul,Lise,Ücretli Çalışan,31897.26,Dul,1530,2021-05-08
C03470,Dr. Yurttaş Çamurcuoğlu,30,Erkek,Mersin,Lisans,Ücretli Çalışan,33515.02,Dul,1548,2016-08-06
C03471,Öğr. Gülter Durdu Alemdar,40,Kadın,Gaziantep,Lise,Ücretli Çalışan,21591.58,Boşanmış,1232,2023-05-04
C03472,Arş. Gör. Nefaret Ergül Mansız,33,Kadın,Trabzon,Lise,Ücretli Çalışan,19962.53,Evli,1451,2021-02-19
C03473,Özüdoğru Erdoğan,55,Kadın,İzmir,İlkokul,İşveren,21978.78,Boşanmış,1713,2018-06-08
C03474,Öğr. Nurgil Belkize Durdu Çorlu,40,Kadın,Denizli,Lise,Ücretli Çalışan,32058.89,Evli,1599,2023-07-09
C03475,Özbilek Fırat,40,Kadın,İstanbul,Lise,Ücretli Çalışan,19811.59,Dul,1261,2015-03-05
C03476,Cevale Duha Soylu,46,Kadın,İstanbul,Lisans,Ücretli Çalışan,19573.03,Bekar,1374,2016-08-04
C03477,Bay Sıla Salami Şama,53,Kadın,Bursa,Lise,İşsiz,11354.88,Dul,994,2023-12-12
C03478,Eba Alemdar,52,Kadın,Ankara,İlkokul,İşveren,22970.94,Evli,1488,2019-09-20
C03479,Hüda Orçin Demirel,43,Erkek,Ankara,Lise,Serbest Meslek,21606.22,Evli,1120,2020-04-10
C03480,Begim Ferhan Arslan Erdoğan,35,Erkek,Bursa,Lise,Ücretli Çalışan,41251.17,Bekar,1335,2022-08-05
C03481,Av. Rabih Tanhan Zorlu,36,Erkek,Gaziantep,Ön Lisans,Ücretli Çalışan,15619.43,Boşanmış,1478,2016-04-03
C03482,Piran Açılay Duran,33,Kadın,İstanbul,Lisans,Ücretli Çalışan,24810.78,Bekar,1549,2018-08-02
C03483,Sidki Nebih İhsanoğlu Çamurcuoğlu,49,Kadın,İstanbul,Ön Lisans,İşsiz,12420.16,Dul,1014,2023-06-30
C03484,Asliye Türk,37,Erkek,İstanbul,Lisans,Serbest Meslek,24466.04,Dul,1301,2016-06-03
C03485,Sadeti Eraslan,50,Erkek,Trabzon,Yüksek Lisans,Ücretli Çalışan,33992.22,Boşanmış,1252,2018-07-01
C03486,Haciali Akgündüz,34,Kadın,İzmir,Lise,Ücretli Çalışan,15687.68,Bekar,1900,2021-05-01
C03487,Berki Değmeer Durmuş,34,Kadın,İzmir,Lisans,Ücretli Çalışan,42401.18,Evli,1183,2015-12-18
C03488,Balca Yüksel,28,Kadın,İstanbul,Lisans,Ücretli Çalışan,14632.9,Evli,1168,2019-05-29
C03489,Dr. Özdeş Akçay Mansız,36,Kadın,Gaziantep,Lisans,Serbest Meslek,14487.62,Evli,1175,2018-02-15
C03490,Hekmet Arkut Akça,53,Erkek,İstanbul,Yüksek Lisans,Ücretli Çalışan,34568.81,Bekar,1737,2020-08-27
C03491,Yrd. Doç. Şeyda Bezek Akgündüz,46,Kadın,Bursa,Lisans,Ücretli Çalışan,20779.75,Boşanmış,1375,2018-01-28
C03492,Uz. Koncagül Gül Türk,28,Kadın,Adana,İlkokul,Ücretli Çalışan,23466.94,Bekar,1206,2016-11-12
C03493,Aksay Olca Zorlu Bilgin,28,Erkek,Antalya,Lisans,Ücretli Çalışan,33483.6,Bekar,1900,2019-01-11
C03494,Sarya Susam Hançer Çetin,44,Kadın,Kayseri,Lisans,Emekli,32790.88,Bekar,1398,2015-09-07
C03495,Bay Alpcan Akatay Öcalan,23,Erkek,İstanbul,Lise,Ücretli Çalışan,26251.47,Dul,1562,2020-02-01
C03496,Sabih Tevetoğlu,40,Kadın,Bursa,İlkokul,Ücretli Çalışan,17870.94,Bekar,1740,2016-05-11
C03497,Alsoy Durmuş Güçlü,28,Erkek,Konya,İlkokul,Ücretli Çalışan,14069.98,Bekar,1127,2019-04-24
C03498,Kenter Çıdal Kısakürek,41,Kadın,Gaziantep,Lise,Serbest Meslek,12215.34,Dul,1208,2017-04-05
C03499,Melihcan Sezer,31,Erkek,Adana,Lisans,Emekli,17724.91,Dul,1088,2015-02-06
C03500,Arş. Gör. Eriş Divan Dumanlı,41,Erkek,Ankara,Doktora,Ücretli Çalışan,34936.47,Bekar,1533,2024-08-01
C03501,Tanır Kamar Ergül Akar,58,Erkek,İzmir,Lise,Emekli,36326.37,Evli,1654,2015-06-16
C03502,Sedife Çamurcuoğlu,40,Erkek,Antalya,Lise,Ücretli Çalışan,20133.19,Bekar,1690,2024-12-25
C03503,Emrullah Ekmel Çorlu,35,Kadın,Samsun,Lise,Ücretli Çalışan,8542.98,Bekar,1503,2020-11-13
C03504,Edgübay Seven,26,Erkek,İstanbul,Lisans,Emekli,12926.52,Boşanmış,1340,2022-10-14
C03505,Öğet Acar Bilge,38,Kadın,Adana,Yüksek Lisans,Ücretli Çalışan,10557.23,Boşanmış,1421,2016-09-06
C03506,Av. Alpsü Arısoy Yorulmaz,51,Kadın,Bursa,Lisans,İşsiz,11995.01,Bekar,1418,2015-10-08
C03507,Mevlüt Akçay,21,Erkek,Konya,Lise,Ücretli Çalışan,51678.44,Dul,1317,2015-05-03
C03508,Aynilhayat Minibe Ergül,41,Erkek,Samsun,Lisans,Ücretli Çalışan,8506.49,Boşanmış,1364,2018-03-06
C03509,Çev. Bedi Tali Gülen,42,Erkek,Kayseri,Ön Lisans,Serbest Meslek,19172.4,Evli,1359,2023-01-12
C03510,Dr. Dürrüşehvar Ülker Erdoğan,28,Kadın,İzmir,Lise,Ücretli Çalışan,33147.98,Bekar,1507,2024-02-01
C03511,Erensoy Akça,58,Kadın,Antalya,Lise,Ücretli Çalışan,15726.19,Evli,1391,2022-04-27
C03512,Oktüremiş Demirel,49,Erkek,Bursa,Lisans,Ücretli Çalışan,9601.37,Bekar,1076,2016-09-03
C03513,Gürten Selvi Demirel Hançer,53,Erkek,İstanbul,Lisans,İşsiz,11762.01,Bekar,645,2020-07-28
C03514,Âlemşah Maşide Bilge Şensoy,62,Erkek,Mersin,Ön Lisans,Ücretli Çalışan,10644.32,Boşanmış,1426,2022-02-22
C03515,Arş. Gör. Ertuncay Gümüştekin Sezer,40,Erkek,Ankara,Yüksek Lisans,İşsiz,8000.0,Evli,1033,2018-11-11
C03516,Alparslan Hekmet Akçay Seven,45,Kadın,İstanbul,Lise,İşsiz,23375.39,Bekar,1445,2023-08-27
C03517,Çev. Beste Bilir Çamurcuoğlu,35,Kadın,İzmir,Lise,Serbest Meslek,27463.88,Bekar,1327,2022-09-13
C03518,Şahmettin Fırat,23,Kadın,Bursa,Lisans,Ücretli Çalışan,11114.68,Boşanmış,934,2018-11-18
C03519,Çev. Ziyaettin Saydam Bilir,52,Erkek,Antalya,Yüksek Lisans,Serbest Meslek,10081.34,Bekar,1448,2024-11-27
C03520,Karaca Yolal Alemdar Çetin,36,Erkek,Bursa,Lise,Ücretli Çalışan,19030.69,Boşanmış,1840,2019-10-13
C03521,Aksay Yüksel,34,Kadın,İstanbul,Lisans,Ücretli Çalışan,26244.74,Evli,1509,2020-02-21
C03522,Dr. Servinaz Dilsitan Yıldırım Soylu,38,Kadın,Adana,Lisans,Ücretli Çalışan,56105.33,Evli,1139,2017-04-01
C03523,Eröz Ezgütekin Zengin,55,Kadın,İzmir,Doktora,İşsiz,26779.26,Dul,1100,2015-10-09
C03524,Melûl Alemdar Çorlu,59,Kadın,İstanbul,Yüksek Lisans,Ücretli Çalışan,8676.3,Boşanmış,1249,2015-02-17
C03525,Eşref Şuayp Mansız,25,Erkek,Ankara,Lise,Ücretli Çalışan,23991.08,Boşanmış,1221,2018-07-02
C03526,Teknaz Yıldırım Bilge,45,Kadın,Denizli,Lise,Ücretli Çalışan,18326.5,Evli,1380,2025-01-09
C03527,Nurveren Dumanlı Türk,44,Erkek,Ankara,Lise,Ücretli Çalışan,17661.11,Boşanmış,1227,2019-04-18
C03528,Öğr. Kasim Cevheri Ülker,73,Kadın,İstanbul,Lise,İşveren,16006.89,Evli,945,2015-01-29
C03529,Arş. Gör. Ayülker Merva Türk,29,Kadın,Samsun,Lise,Ücretli Çalışan,11268.04,Evli,1586,2017-11-28
C03530,Armahan Şennur İnönü Akçay,43,Erkek,İstanbul,Doktora,Ücretli Çalışan,23847.17,Evli,1407,2016-10-30
C03531,Kadınana Sezgin,36,Kadın,Adana,Lise,Emekli,16866.44,Dul,1439,2022-06-29
C03532,Çelikkan Yıldırım,50,Erkek,İzmir,İlkokul,İşsiz,23184.38,Dul,1345,2024-07-02
C03533,Saçı Bilge,45,Erkek,Eskişehir,Yüksek Lisans,Ücretli Çalışan,29673.19,Dul,1572,2016-09-17
C03534,Prof. Açılay Değer Durmuş,44,Erkek,Denizli,Yüksek Lisans,Emekli,34028.81,Dul,1293,2024-11-29
C03535,Mahnaz Akdeniz Akça,29,Erkek,İzmir,Lisans,İşsiz,11688.2,Boşanmış,1145,2020-04-22
C03536,Öğr. Ümmahan Özpetek Öcalan Fırat,18,Kadın,Antalya,Lisans,Ücretli Çalışan,24537.78,Evli,1392,2019-01-21
C03537,Feyzin Kısakürek,53,Erkek,Denizli,Lise,Ücretli Çalışan,14729.94,Boşanmış,1329,2020-08-12
C03538,Doç. Havse Emine. Çamurcuoğlu Yılmaz,53,Erkek,Denizli,Lise,Serbest Meslek,37138.56,Boşanmış,1329,2024-09-09
C03539,Kutun Çorlu,42,Kadın,Ankara,Lise,Ücretli Çalışan,22753.82,Dul,1593,2024-11-08
C03540,Prof. Salurbay Galip Şama,36,Erkek,İzmir,Yüksek Lisans,Serbest Meslek,35476.38,Evli,1027,2015-12-22
C03541,Ayduru Mansız Aslan,34,Erkek,Kayseri,Lisans,Ücretli Çalışan,24381.23,Boşanmış,1614,2016-11-01
C03542,Kifaye Hurşide Çetin Şensoy,56,Kadın,İstanbul,Ön Lisans,Ücretli Çalışan,34173.35,Boşanmış,1428,2023-12-26
C03543,Bayzettin Hançer,55,Kadın,Konya,Lise,Ücretli Çalışan,14453.35,Dul,1612,2023-09-06
C03544,Kardelen Akdeniz,61,Kadın,İzmir,Ön Lisans,Ücretli Çalışan,34431.42,Bekar,1526,2024-08-11
C03545,Öğr. Müslum Yıldırım,36,Kadın,Ankara,Lise,Serbest Meslek,10017.95,Boşanmış,1457,2020-08-11
C03546,Bayan Sidar Aycagül Ergül Güçlü,26,Kadın,Adana,Lisans,Emekli,13947.97,Boşanmış,1042,2021-07-31
C03547,Kösemen Yorulmaz,34,Kadın,Trabzon,Ön Lisans,İşveren,19681.09,Bekar,1568,2018-11-23
C03548,Eyyüp Akçay,32,Kadın,Trabzon,Lise,İşveren,32246.92,Evli,1447,2024-02-21
C03549,Banü Dumanlı,30,Erkek,İstanbul,Lisans,Emekli,22066.84,Bekar,1900,2023-12-30
C03550,Çev. Çıdal Çetin,44,Kadın,Kayseri,Lise,Serbest Meslek,16927.84,Dul,1118,2015-07-28
C03551,Işın Bilge,37,Erkek,İstanbul,Yüksek Lisans,Ücretli Çalışan,22152.77,Dul,1403,2016-08-05
C03552,Uz. Halenur Şener Akçay,20,Erkek,İstanbul,Lise,Ücretli Çalışan,13592.12,Evli,1663,2015-09-13
C03553,Tartış Şensoy,57,Kadın,İstanbul,Ön Lisans,İşsiz,13373.26,Bekar,1268,2015-11-25
C03554,Elhan Barsen Şensoy,25,Erkek,İstanbul,İlkokul,Ücretli Çalışan,37494.23,Boşanmış,1561,2025-04-22
C03555,Cevheri Utkucan Zorlu,51,Kadın,İstanbul,Lisans,Emekli,9211.5,Dul,1509,2023-05-20
C03556,Yrd. Doç. Miyesser Aykut Durmuş Demirel,39,Erkek,Konya,Lisans,Ücretli Çalışan,29242.2,Bekar,1728,2023-10-03
C03557,Bay Yazganalp Erksoy Eraslan,40,Erkek,Mersin,Lise,Serbest Meslek,15208.76,Boşanmış,1694,2022-09-01
C03558,Umman Akdeniz,39,Kadın,Adana,Lise,Serbest Meslek,13456.89,Boşanmış,1149,2024-06-24
C03559,Zeride Aynımah Tevetoğlu Yüksel,22,Erkek,Gaziantep,Lise,İşsiz,15841.19,Boşanmış,1415,2025-05-01
C03560,Değer Besey Zorlu Dumanlı,42,Kadın,İstanbul,Yüksek Lisans,Ücretli Çalışan,15702.96,Boşanmış,1701,2017-07-04
C03561,Ozansü Asalet Yüksel Bilir,30,Kadın,Antalya,İlkokul,Ücretli Çalışan,20804.15,Evli,1455,2021-04-05
C03562,Ülke Arsoy,49,Erkek,İzmir,İlkokul,Ücretli Çalışan,9801.07,Evli,1167,2023-09-28
C03563,Dr. Saire Limon Manço,20,Kadın,Adana,Ön Lisans,Ücretli Çalışan,17732.98,Dul,1722,2016-03-09
C03564,Günver Tevetoğlu,33,Kadın,Konya,Ön Lisans,Ücretli Çalışan,15838.39,Evli,1717,2016-06-15
C03565,Müşüre Refet Akçay Şensoy,52,Erkek,İstanbul,Ön Lisans,Emekli,19151.63,Bekar,1631,2021-01-02
C03566,Sirap Mefharet Mansız Yıldırım,27,Erkek,Gaziantep,İlkokul,Ücretli Çalışan,37052.4,Dul,1900,2021-04-11
C03567,Okt. Alaeddin Arslan,46,Kadın,İstanbul,Lise,Emekli,8000.0,Bekar,1200,2022-07-22
C03568,Sudi Yıldırım,47,Erkek,Konya,Ön Lisans,Serbest Meslek,16487.09,Bekar,1818,2015-03-02
C03569,Tanbay Dirlik Sezgin Hayrioğlu,47,Erkek,Antalya,Lise,Ücretli Çalışan,14502.64,Evli,1388,2017-05-23
C03570,Günebakan Nuriyet Karadeniz Zengin,29,Kadın,İstanbul,Lisans,Emekli,18358.3,Dul,1321,2021-07-24
C03571,Turgut Yoruç Manço,54,Erkek,Bursa,Lisans,Ücretli Çalışan,51647.93,Boşanmış,1142,2024-06-30
C03572,Beste Erdoğan İhsanoğlu,18,Erkek,Antalya,İlkokul,Ücretli Çalışan,17848.46,Dul,1040,2022-08-26
C03573,Yrd. Doç. Onurcan Sevdi Şener,40,Kadın,Ankara,Lisans,Serbest Meslek,27917.84,Evli,1873,2021-06-25
C03574,Arş. Gör. Döner Yeşil Sezgin,42,Erkek,Antalya,Yüksek Lisans,İşveren,18271.18,Evli,1005,2016-01-02
C03575,Tamaydın Necdat Ülker,40,Kadın,Gaziantep,Yüksek Lisans,Ücretli Çalışan,20580.09,Evli,1659,2019-05-10
C03576,Okt. Kifaye Gülhisar Karadeniz Durdu,31,Erkek,Eskişehir,Lise,Ücretli Çalışan,16386.72,Boşanmış,1130,2015-07-10
C03577,Heva Mükrüme Yüksel,18,Erkek,Mersin,Lise,İşsiz,12102.61,Evli,627,2022-11-18
C03578,Hanim Sevdinar Hayrioğlu Korutürk,44,Kadın,Bursa,Yüksek Lisans,Serbest Meslek,15785.38,Evli,1365,2018-03-27
C03579,Vafir Ensari Dumanlı Gül,28,Erkek,İzmir,Lise,Ücretli Çalışan,8000.0,Bekar,1757,2018-05-19
C03580,Okt. Beyhatun Nefaret Durmuş,27,Erkek,Bursa,Lisans,Emekli,16554.46,Bekar,1096,2018-07-19
C03581,Işıkay Şensoy,51,Kadın,İstanbul,Ön Lisans,Emekli,21259.16,Bekar,1253,2019-03-25
C03582,Yrd. Doç. Hanbiken Dumanlı Çetin,35,Erkek,Konya,Lisans,Ücretli Çalışan,42411.76,Dul,1481,2022-10-31
C03583,Öğr. Üge Efil İhsanoğlu,37,Kadın,İstanbul,Yüksek Lisans,Ücretli Çalışan,13047.85,Boşanmış,906,2017-08-11
C03584,Prof. Köktaş Uludağ Zengin,38,Kadın,İstanbul,Lise,Ücretli Çalışan,23074.15,Bekar,1774,2024-11-15
C03585,Tali Eraslan,18,Erkek,Ankara,Lisans,İşveren,12012.54,Evli,1154,2020-07-02
C03586,Nasiba Minibe Demir,39,Erkek,Kayseri,Lise,Ücretli Çalışan,18671.15,Dul,1469,2017-10-07
C03587,Kösemen Seven,44,Erkek,Adana,Yüksek Lisans,Serbest Meslek,13273.41,Bekar,1613,2016-07-14
C03588,Sevindik Soylu,45,Kadın,Mersin,Yüksek Lisans,Ücretli Çalışan,17258.77,Boşanmış,1900,2024-01-20
C03589,Celilay Akgündüz,58,Kadın,Bursa,Lisans,Ücretli Çalışan,30327.28,Dul,745,2020-09-06
C03590,Bayan Fitnat Duyguhan Seven Eraslan,58,Erkek,İstanbul,Ön Lisans,Ücretli Çalışan,28499.49,Bekar,1900,2023-07-20
C03591,Doç. Cevale Yaman Bilge,54,Erkek,İstanbul,Lisans,Serbest Meslek,40548.51,Bekar,1719,2016-09-20
C03592,İvecen Memili Yıldırım,56,Erkek,Ankara,Lisans,Ücretli Çalışan,48891.35,Boşanmış,1554,2023-08-27
C03593,Dr. Bekbay Zorlu,21,Erkek,İzmir,İlkokul,Ücretli Çalışan,17355.12,Bekar,1517,2019-12-14
C03594,Sadiye Ergül Yaman,40,Erkek,İstanbul,Lisans,Ücretli Çalışan,11373.57,Dul,972,2016-05-16
C03595,Çolpan Yüksel Demirel,31,Erkek,Adana,Ön Lisans,Ücretli Çalışan,28666.45,Evli,1895,2020-05-24
C03596,Durgadin Nades Akçay,50,Kadın,İstanbul,Ön Lisans,Serbest Meslek,32075.32,Boşanmış,1479,2017-07-23
C03597,İslime Tevetoğlu,19,Kadın,Mersin,Lise,Ücretli Çalışan,16238.67,Bekar,1355,2024-06-04
C03598,Yetişal Alanalp Erdoğan Korutürk,34,Erkek,Antalya,Lisans,Ücretli Çalışan,20427.0,Dul,1610,2015-07-24
C03599,Seniha Rehime Şener Dumanlı,50,Kadın,Ankara,Lisans,Ücretli Çalışan,17585.78,Dul,1024,2022-09-07
C03600,Çev. Sunay Enfes Gül,34,Kadın,Mersin,Lise,Ücretli Çalışan,20326.28,Boşanmış,1805,2015-07-07
C03601,Doç. Çıdal Zengin,33,Erkek,İstanbul,İlkokul,Ücretli Çalışan,25100.54,Dul,1572,2022-08-30
C03602,Binışık Akçay,40,Erkek,Samsun,Yüksek Lisans,Ücretli Çalışan,30295.06,Evli,1334,2018-10-17
C03603,Sunel Zengin,33,Erkek,İzmir,Lisans,Ücretli Çalışan,19823.92,Boşanmış,1339,2021-10-08
C03604,Servinaz Nurmelek Hayrioğlu Dumanlı,46,Erkek,Adana,Lisans,Ücretli Çalışan,14458.87,Bekar,1436,2019-07-23
C03605,Arş. Gör. Yetişal Zengin,38,Kadın,Konya,Lisans,Emekli,21954.26,Dul,1345,2021-08-19
C03606,Canseven Bilgin,35,Kadın,İstanbul,Lise,Serbest Meslek,20810.32,Boşanmış,1550,2023-09-20
C03607,Tayyibe Nasiba Yorulmaz,39,Kadın,Ankara,İlkokul,Ücretli Çalışan,42933.73,Evli,1252,2020-04-26
C03608,Çev. Musaffa Nurveren Hayrioğlu,39,Erkek,Adana,Yüksek Lisans,Ücretli Çalışan,9816.96,Boşanmış,1473,2021-09-07
C03609,Uz. Aköz Alemdar,26,Erkek,Samsun,Lisans,Emekli,17584.28,Boşanmış,1366,2017-02-24
C03610,Melihcan Fırat,43,Erkek,Ankara,Lise,Serbest Meslek,15541.11,Dul,1351,2020-08-10
C03611,Ümray Akgündüz,57,Erkek,İzmir,Lise,Serbest Meslek,22653.17,Boşanmış,1359,2016-10-12
C03612,Cedide Ergül,36,Kadın,Bursa,Yüksek Lisans,Ücretli Çalışan,41789.89,Evli,1441,2024-04-27
C03613,Firdevis Durgadin Arslan,31,Erkek,İstanbul,Lise,İşveren,14643.5,Evli,1242,2024-08-24
C03614,Tagangül Dumanlı,32,Kadın,İzmir,Lise,Ücretli Çalışan,11205.48,Bekar,1098,2022-12-02
C03615,Uz. Fersan Erksoy Tevetoğlu,30,Kadın,İzmir,Lise,Ücretli Çalışan,26009.24,Bekar,1404,2024-05-16
C03616,Ekmel Türabi Aslan Manço,37,Erkek,Antalya,Ön Lisans,Ücretli Çalışan,35296.52,Bekar,1823,2020-07-07
C03617,Dilder Savni Karadeniz Zorlu,36,Kadın,İstanbul,Lise,Ücretli Çalışan,15004.59,Boşanmış,1283,2016-04-12
C03618,Bay Süha Akçay,48,Erkek,Bursa,Lise,Ücretli Çalışan,18176.44,Boşanmış,1403,2016-12-20
C03619,Sakip Safet Sezgin,30,Erkek,Samsun,İlkokul,Emekli,14096.05,Evli,1420,2017-02-05
C03620,Abdurrahman Soylu,24,Kadın,Adana,Doktora,Ücretli Çalışan,31184.95,Bekar,1286,2016-01-27
C03621,Kanpulat Bilir,38,Erkek,İstanbul,Ön Lisans,İşsiz,10920.09,Dul,1096,2024-04-17
C03622,Ülke Saire Gül,36,Erkek,İzmir,Yüksek Lisans,Ücretli Çalışan,19486.24,Dul,1867,2020-03-17
C03623,Arş. Gör. Egenur Servinaz Arslan Çamurcuoğlu,42,Kadın,Eskişehir,Lisans,Emekli,13938.41,Bekar,1162,2019-06-27
C03624,Yağızkurt Yaltırak Çamurcuoğlu Akdeniz,47,Erkek,Mersin,İlkokul,Emekli,35753.81,Boşanmış,1530,2022-09-07
C03625,Monis Mengi Soylu Eraslan,48,Kadın,İstanbul,Lise,Ücretli Çalışan,26222.73,Evli,1854,2019-08-20
C03626,Beren Aslan,18,Kadın,İstanbul,Lise,İşveren,26909.87,Evli,1665,2024-07-25
C03627,Hükümdar Übeydullah Çorlu Korutürk,23,Erkek,İstanbul,Lise,Ücretli Çalışan,13379.1,Dul,1087,2019-11-10
C03628,Doç. Arıel Günver Aksu,31,Kadın,İzmir,Yüksek Lisans,İşsiz,16046.2,Bekar,1280,2023-04-25
C03629,Kübran Ertaş,50,Erkek,İstanbul,Lise,Ücretli Çalışan,32422.0,Boşanmış,1290,2021-11-27
C03630,Yaltırak Sezer,29,Erkek,İstanbul,Lisans,Serbest Meslek,36030.45,Evli,1661,2016-06-05
C03631,Ayduru Şafak,40,Kadın,Trabzon,Ön Lisans,Ücretli Çalışan,24661.57,Bekar,1492,2016-10-17
C03632,Yalgın Özlü Fırat Hayrioğlu,46,Kadın,Gaziantep,Lise,Emekli,17133.14,Bekar,1527,2018-05-07
C03633,Şahmettin Durmuş,21,Erkek,İstanbul,Lisans,İşsiz,14625.14,Dul,850,2020-01-28
C03634,Temuçin Tekbay Yılmaz,35,Erkek,Gaziantep,Ön Lisans,Ücretli Çalışan,13135.44,Evli,1246,2021-03-14
C03635,Uz. Songurkan Karataş Bilge,21,Erkek,Denizli,Lisans,Serbest Meslek,25512.28,Boşanmış,1399,2021-12-28
C03636,Dr. Delil Ertan Güçlü,19,Erkek,İstanbul,Lisans,Serbest Meslek,13688.71,Dul,1384,2018-05-19
C03637,Nurkan Alemdar,33,Erkek,Adana,Doktora,İşveren,14565.0,Dul,1361,2024-06-29
C03638,Doç. Olca Arslan,44,Kadın,İstanbul,İlkokul,Emekli,10442.52,Bekar,1477,2021-05-03
C03639,Demirok Şener,30,Kadın,Bursa,Lise,İşsiz,19770.23,Bekar,1211,2025-02-20
C03640,Pehlil Akdeniz,33,Erkek,Mersin,Lise,Ücretli Çalışan,12573.58,Bekar,1308,2018-02-18
C03641,Abdulkadir Şafak,59,Kadın,Bursa,Lise,Ücretli Çalışan,10799.4,Evli,1803,2018-11-28
C03642,Okanay Durmuş,36,Kadın,İstanbul,İlkokul,İşsiz,20250.14,Evli,948,2017-09-29
C03643,Yargı Akçay,30,Kadın,İstanbul,Ön Lisans,Ücretli Çalışan,15893.9,Boşanmış,1238,2018-11-10
C03644,Lutfi Uçan Eraslan,37,Kadın,İstanbul,Yüksek Lisans,Emekli,16594.77,Evli,1900,2018-10-14
C03645,İlkbahar Yüksel Şener,26,Kadın,İstanbul,Ön Lisans,Ücretli Çalışan,20872.98,Boşanmış,1561,2022-10-18
C03646,Süsen Yurtseven Ülker Akçay,27,Kadın,Adana,Lise,İşveren,27148.37,Evli,1400,2018-04-21
C03647,Hansultan Maşide Ülker,18,Erkek,Eskişehir,Lisans,İşveren,26820.78,Evli,1140,2015-01-30
C03648,Öğr. Paye Tevetoğlu Ergül,27,Kadın,Ankara,Lisans,İşveren,27161.5,Evli,1413,2016-05-16
C03649,Çev. Cannur Bilgin Demir,51,Erkek,Adana,Lise,Ücretli Çalışan,34357.47,Bekar,1338,2019-12-25
C03650,Sabihe Semine Hayrioğlu,49,Erkek,Ankara,Yüksek Lisans,İşveren,14186.45,Evli,1900,2015-08-20
C03651,Dr. Mazlum Barışcan Akçay,31,Kadın,Samsun,Ön Lisans,Ücretli Çalışan,31626.14,Bekar,1710,2020-05-24
C03652,Okt. Dilsitan Nazlihan Sezer Gülen,43,Erkek,İstanbul,Lise,Ücretli Çalışan,14739.05,Bekar,1342,2019-04-22
C03653,Öngen Akgündüz,18,Erkek,Bursa,Lisans,Ücretli Çalışan,22048.26,Dul,1507,2018-11-01
C03654,Av. Tan Tevetoğlu Seven,41,Kadın,Bursa,Lise,Serbest Meslek,8000.0,Dul,1063,2015-11-08
C03655,Bay Fetullah Ertün Zorlu,31,Kadın,İzmir,Lise,Serbest Meslek,22725.58,Dul,1572,2016-06-08
C03656,Şerafeddin Çetin,37,Erkek,İzmir,Lise,Emekli,26525.46,Dul,1203,2017-10-28
C03657,Bayan Özay Musaffa Eraslan,47,Kadın,Antalya,Yüksek Lisans,Ücretli Çalışan,24677.17,Dul,1594,2016-05-08
C03658,Rezin Gülen,37,Kadın,İstanbul,Lisans,Ücretli Çalışan,45425.76,Evli,1623,2022-05-26
C03659,Öğr. Piran Jaruthip Çamurcuoğlu Yorulmaz,28,Erkek,Ankara,Lise,Serbest Meslek,22286.52,Bekar,1688,2017-02-21
C03660,Sırriye Gül,32,Kadın,İstanbul,Lisans,Ücretli Çalışan,32538.28,Boşanmış,1595,2018-12-23
C03661,Okt. Terlan İlalmış Türk,18,Kadın,İstanbul,Lisans,Ücretli Çalışan,22807.68,Evli,1318,2016-02-16
C03662,Semrin Rengül Bilgin,46,Kadın,İstanbul,Lisans,Serbest Meslek,30482.15,Bekar,1548,2020-10-20
C03663,Arş. Gör. Dilder Öcalan,59,Erkek,Eskişehir,Ön Lisans,Emekli,18390.36,Evli,1616,2017-12-04
C03664,Tansığ Tanhan Şama Yaman,49,Kadın,Ankara,Lisans,Ücretli Çalışan,19076.15,Evli,1694,2016-09-20
C03665,Yetişal Yıldırım,32,Kadın,Antalya,Lise,İşsiz,16479.03,Boşanmış,891,2022-11-08
C03666,Burcuhan Öcalan Demirel,42,Kadın,Bursa,Lisans,Emekli,23071.73,Bekar,1754,2018-05-24
C03667,Nefiye Öcalan,49,Erkek,İzmir,Ön Lisans,İşveren,17533.03,Dul,1205,2024-04-20
C03668,Tunçkılıç Yorulmaz,45,Kadın,Mersin,Lisans,Serbest Meslek,32854.33,Dul,1688,2018-12-22
C03669,Işıkay Duran,53,Kadın,İstanbul,Ön Lisans,Ücretli Çalışan,18117.79,Boşanmış,1383,2019-11-10
C03670,Borataş Karadeniz,31,Erkek,Bursa,Lisans,Ücretli Çalışan,19435.31,Boşanmış,1480,2023-03-31
C03671,Hamiyet Arslan Sezgin,42,Kadın,Gaziantep,Lisans,Ücretli Çalışan,18803.84,Boşanmış,1466,2022-11-05
C03672,Okt. Güçal Seven,30,Erkek,İstanbul,Lisans,Ücretli Çalışan,30446.57,Bekar,1519,2023-04-18
C03673,Saydam Gül,37,Erkek,İzmir,Lisans,Ücretli Çalışan,14237.82,Evli,1047,2019-01-24
C03674,Bay Aksay Şefi Yıldırım,55,Kadın,Kayseri,Lisans,Ücretli Çalışan,25580.55,Boşanmış,1094,2023-04-08
C03675,Ongay Korkmazalp Çetin Soylu,49,Erkek,İstanbul,Lise,Ücretli Çalışan,30185.49,Evli,1531,2024-10-01
C03676,Borataş Fazul Hançer,59,Kadın,İzmir,Ön Lisans,Ücretli Çalışan,21971.99,Dul,1145,2016-11-19
C03677,Efser Şener,44,Erkek,Ankara,Lisans,İşveren,22252.37,Evli,1349,2021-08-09
C03678,Bay Esenbay Çamok Demir,46,Kadın,Bursa,Lise,İşveren,9410.21,Evli,1627,2023-11-22
C03679,Rabbiye Yaman Alemdar,29,Erkek,İstanbul,Lisans,Ücretli Çalışan,12794.55,Evli,1351,2021-08-30
C03680,Bilkay Erdoğan,45,Kadın,Bursa,Lisans,Ücretli Çalışan,21456.13,Dul,1314,2016-11-28
C03681,Onursu Gül,33,Erkek,İstanbul,Ön Lisans,İşveren,11969.67,Bekar,1323,2017-12-10
C03682,Bayan Algış Zevlüde Tevetoğlu,52,Erkek,Gaziantep,Lise,Emekli,19892.17,Boşanmış,1674,2019-10-29
C03683,Aypar Korutürk,57,Kadın,İzmir,Lise,Ücretli Çalışan,15296.69,Bekar,1453,2015-03-18
C03684,Gülgüzel Karadeniz Tevetoğlu,66,Kadın,İstanbul,Lisans,Serbest Meslek,38175.7,Evli,1081,2017-10-03
C03685,Muvahhide Sahil Zorlu,44,Kadın,İzmir,Lise,Ücretli Çalışan,19935.39,Evli,1706,2018-05-05
C03686,Gökay Aslan,31,Kadın,İstanbul,Lisans,İşveren,13659.3,Dul,1210,2024-07-22
C03687,Öğr. Cemiyle Kardelen Şensoy Durdu,33,Kadın,Ankara,İlkokul,Ücretli Çalışan,28764.46,Evli,1204,2020-03-04
C03688,Öğr. Maynur Şafak Çorlu,32,Kadın,Ankara,Lise,Ücretli Çalışan,8910.13,Bekar,1631,2025-05-10
C03689,Öğr. Seha Eşref Güçlü,55,Erkek,Gaziantep,Lise,Serbest Meslek,17202.62,Dul,1425,2024-10-04
C03690,Zahfer Türcan Yüksel,45,Erkek,İstanbul,Lisans,Ücretli Çalışan,38696.98,Boşanmış,1602,2015-02-12
C03691,Almast Soylu Gül,31,Erkek,İstanbul,Lise,Ücretli Çalışan,9619.33,Boşanmış,1101,2019-10-02
C03692,Nurbanu İnönü Duran,40,Erkek,Antalya,Yüksek Lisans,Ücretli Çalışan,14840.31,Bekar,1428,2017-04-22
C03693,Mutasım Eba Durdu Yıldırım,33,Kadın,Konya,Lise,İşsiz,12379.96,Boşanmış,805,2018-03-05
C03694,Hansultan Dumanlı Arsoy,58,Erkek,İstanbul,Yüksek Lisans,Serbest Meslek,29733.94,Bekar,1900,2019-05-13
C03695,Yrd. Doç. Değer Şensoy Hançer,46,Erkek,İstanbul,Lisans,Ücretli Çalışan,16424.08,Dul,1830,2017-01-01
C03696,Evrim Sezgin,39,Erkek,İzmir,Ön Lisans,Ücretli Çalışan,22012.79,Dul,1489,2025-01-11
C03697,Aypar Durmuş,18,Kadın,Ankara,Lisans,Emekli,41032.95,Boşanmış,1502,2021-10-11
C03698,Öğr. Oganer Zengin,43,Kadın,Gaziantep,Yüksek Lisans,Ücretli Çalışan,19383.95,Bekar,1540,2020-04-22
C03699,Dr. Berran Koşukhan Mansız,32,Erkek,İstanbul,Lisans,Ücretli Çalışan,26303.59,Bekar,1173,2015-12-21
C03700,Arş. Gör. Özlem İnönü Bilgin,42,Erkek,Bursa,Lisans,İşveren,25660.5,Evli,1450,2018-05-12
C03701,Çıvgın Okseven Eraslan,44,Kadın,Mersin,Lise,Serbest Meslek,12757.82,Evli,1138,2019-12-29
C03702,Çev. Nafile Fatinur Türk,42,Erkek,İstanbul,Ön Lisans,Ücretli Çalışan,27047.43,Evli,1031,2018-01-05
C03703,Özge Tevetoğlu,46,Erkek,Konya,Lisans,Ücretli Çalışan,15608.32,Dul,1451,2021-06-03
C03704,Av. Afife Kezban Sezer,23,Kadın,İstanbul,Yüksek Lisans,Ücretli Çalışan,13585.69,Boşanmış,1541,2023-05-11
C03705,Çağveren Durmuş,40,Kadın,Ankara,Lisans,Ücretli Çalışan,16776.76,Boşanmış,1470,2022-09-19
C03706,Arş. Gör. Ticen Hayrioğlu Şensoy,45,Kadın,İzmir,Lisans,Ücretli Çalışan,24299.78,Boşanmış,1481,2015-09-16
C03707,Okt. Mürit Yamin Güçlü,53,Kadın,Bursa,Lise,Serbest Meslek,30844.33,Boşanmış,1603,2022-01-07
C03708,Aşir Şafak,40,Erkek,Adana,Lise,Emekli,26790.28,Bekar,1538,2019-05-20
C03709,Karanbay Yaman,52,Kadın,Ankara,Lisans,Serbest Meslek,29875.76,Bekar,1245,2024-05-14
C03710,Boğatimur Fırat,26,Kadın,İzmir,Lise,İşveren,14536.79,Dul,1624,2015-07-24
C03711,Buyrukhan Demiriz Dumanlı Bilge,21,Erkek,Adana,Lise,Ücretli Çalışan,23804.76,Dul,1510,2020-08-31
C03712,Akver Masar Soylu Aksu,53,Erkek,İstanbul,Ön Lisans,İşsiz,21615.21,Dul,884,2023-02-28
C03713,Uz. Züheyla Seven Gülen,28,Erkek,Kayseri,Yüksek Lisans,Ücretli Çalışan,11708.87,Boşanmış,1245,2024-11-07
C03714,Gazel Demir,37,Erkek,Kayseri,Lise,Ücretli Çalışan,11796.42,Dul,1747,2023-06-20
C03715,Çev. Koncagül Yasemen Hayrioğlu,24,Kadın,Ankara,Lise,Ücretli Çalışan,36524.79,Bekar,1716,2020-10-28
C03716,Özdeş Firdevis Manço Arslan,50,Kadın,Eskişehir,Lise,Ücretli Çalışan,14585.82,Dul,1465,2025-05-14
C03717,Übeydullah Mansız,24,Kadın,İstanbul,Lisans,Serbest Meslek,30028.68,Boşanmış,1401,2015-06-17
C03718,Vezrife Şehza Eraslan Güçlü,35,Erkek,İstanbul,Doktora,Serbest Meslek,11490.95,Boşanmış,760,2019-08-15
C03719,Öğr. Münezzer Erbay Aksu Fırat,27,Erkek,İstanbul,Yüksek Lisans,İşveren,32884.58,Evli,1399,2022-12-01
C03720,Bayan Muarra Seven Akçay,37,Erkek,Eskişehir,Lisans,Ücretli Çalışan,26768.99,Evli,1900,2017-05-15
C03721,Nazlim Erdoğan,55,Erkek,Bursa,Lisans,Ücretli Çalışan,12867.36,Bekar,894,2024-03-02
C03722,Görklü Sezer,68,Kadın,İzmir,Lise,Ücretli Çalışan,55328.65,Evli,1547,2019-09-19
C03723,Demiryürek Sezer,24,Erkek,Eskişehir,Lisans,Ücretli Çalışan,30744.06,Bekar,1393,2021-11-21
C03724,Safet Mükramin Şama Sakarya,38,Erkek,İzmir,Lisans,Ücretli Çalışan,29807.24,Boşanmış,1583,2017-06-12
C03725,Taşkan Nasuf Tevetoğlu,25,Erkek,Antalya,Lisans,Ücretli Çalışan,17220.68,Bekar,1665,2019-05-06
C03726,Dr. Hiçsönmez Şener,46,Kadın,Bursa,Lise,Ücretli Çalışan,22424.46,Evli,1733,2022-10-23
C03727,Okt. Tekecan Abuzar İhsanoğlu,35,Erkek,Denizli,İlkokul,Ücretli Çalışan,21598.98,Boşanmış,656,2023-12-16
C03728,Evcimen Arslan,34,Erkek,Kayseri,Lisans,İşsiz,28106.5,Boşanmış,1122,2021-05-27
C03729,Yrd. Doç. Meryeme Nilcan Mansız,34,Kadın,Antalya,Lise,Ücretli Çalışan,12473.31,Dul,1630,2023-07-31
C03730,Hürüyet Durmuş Duran,46,Kadın,İzmir,Ön Lisans,Serbest Meslek,28895.37,Dul,1068,2015-05-02
C03731,Asalet Zengin,38,Kadın,İstanbul,Lise,Ücretli Çalışan,17570.03,Bekar,1429,2019-07-06
C03732,Ağakişi Gül,32,Kadın,İzmir,Yüksek Lisans,İşveren,17055.93,Evli,1712,2023-08-07
C03733,Fahrullah Akçay,18,Kadın,Antalya,Lisans,İşveren,44346.22,Evli,1540,2020-07-02
C03734,Özdeş Sakarya,39,Kadın,Ankara,Lise,Ücretli Çalışan,29973.69,Evli,1137,2023-08-31
C03735,Özsözlü Fırat,32,Erkek,İstanbul,Lisans,İşveren,18873.54,Bekar,1841,2020-12-26
C03736,Münezzer Durdu Öcalan,39,Erkek,Bursa,Lise,Ücretli Çalışan,24404.54,Boşanmış,1352,2016-10-08
C03737,Şöhret Ülker,45,Kadın,Denizli,Lise,Ücretli Çalışan,42393.82,Evli,1748,2018-08-31
C03738,Öğr. Gabel Yılmaz Çetin,39,Kadın,İstanbul,Ön Lisans,Ücretli Çalışan,27010.23,Dul,1644,2020-01-16
C03739,Öğr. Aydinç Übeydullah Mansız,46,Erkek,Bursa,Lise,Ücretli Çalışan,32872.08,Boşanmış,1776,2024-03-10
C03740,Beyda Aksu,38,Kadın,İstanbul,Lise,Ücretli Çalışan,26604.76,Evli,1404,2018-01-17
C03741,Av. Abiye Hayrioğlu Erdoğan,28,Erkek,Antalya,Lise,Ücretli Çalışan,17654.18,Bekar,1480,2022-10-27
C03742,Beren Ozansü Sezgin,20,Kadın,İzmir,Lisans,Ücretli Çalışan,29352.99,Dul,728,2020-04-15
C03743,Öğr. Solma Müferrih Hançer Zorlu,72,Kadın,Ankara,Ön Lisans,Ücretli Çalışan,39177.02,Boşanmış,1434,2022-06-09
C03744,Ensari Seda Gülen Kısakürek,40,Kadın,Ankara,Lisans,Ücretli Çalışan,22841.57,Bekar,1352,2016-02-26
C03745,Soykan Ergül Hançer,42,Erkek,Mersin,Lisans,Ücretli Çalışan,18679.84,Evli,1476,2025-02-08
C03746,Yurtseven Çorlu,42,Kadın,Ankara,Lise,İşveren,11035.94,Dul,1389,2023-09-09
C03747,Buyrukhan Akça,41,Erkek,İstanbul,Lisans,Ücretli Çalışan,21120.14,Evli,1446,2019-08-16
C03748,Evde Karadeniz,53,Kadın,Ankara,İlkokul,Serbest Meslek,16998.09,Bekar,1556,2020-10-02
C03749,Arş. Gör. Selime Tangül Sezer,55,Kadın,İzmir,Yüksek Lisans,Serbest Meslek,19231.04,Bekar,1553,2020-02-04
C03750,Duyguhan Durmuş,38,Kadın,İzmir,Lisans,Ücretli Çalışan,34780.65,Dul,1435,2021-03-03
C03751,Dr. Nazıdil Gözem Yıldırım,55,Erkek,Gaziantep,Lisans,Ücretli Çalışan,19022.65,Boşanmış,1285,2023-06-09
C03752,Sidar Nazimet Gül Şafak,48,Kadın,İzmir,Lisans,Emekli,17376.94,Boşanmış,1615,2021-05-03
C03753,Tarancı Durmuş,18,Erkek,Bursa,Lise,Ücretli Çalışan,19977.11,Dul,1305,2021-01-20
C03754,Kaygusuz Arsoy,27,Kadın,Adana,Yüksek Lisans,Ücretli Çalışan,15537.96,Dul,1356,2024-08-17
C03755,Doç. Abdülkerim Akar,39,Erkek,Ankara,Lise,Ücretli Çalışan,10771.97,Bekar,1459,2020-12-12
C03756,Okt. Yekbun Gülhisar Yılmaz Zengin,56,Kadın,İstanbul,Lise,Ücretli Çalışan,22616.11,Bekar,1702,2022-02-16
C03757,Mükrüme Canan Çamurcuoğlu,53,Kadın,Trabzon,Ön Lisans,İşveren,34766.87,Boşanmış,1900,2018-02-23
C03758,Hürmet Turcein Çamurcuoğlu Yılmaz,34,Erkek,Gaziantep,Ön Lisans,Ücretli Çalışan,14424.48,Evli,1575,2022-03-14
C03759,Avunç Şensoy,48,Erkek,Mersin,Lise,Ücretli Çalışan,28255.8,Bekar,1900,2023-04-02
C03760,Söyler Gülen,40,Kadın,İstanbul,Lisans,Serbest Meslek,24143.5,Boşanmış,1254,2017-05-30
C03761,Vaysal Yalazabay Eraslan,65,Kadın,Bursa,Yüksek Lisans,Ücretli Çalışan,17129.46,Evli,1422,2017-07-01
C03762,Açılay Durdu,35,Kadın,İstanbul,Lisans,Ücretli Çalışan,14910.14,Boşanmış,1197,2021-05-23
C03763,Yekda İhsanoğlu,33,Kadın,İstanbul,Ön Lisans,Ücretli Çalışan,10779.4,Dul,1183,2015-01-04
C03764,Yrd. Doç. Sevcan Soylu Akçay,63,Erkek,İstanbul,Lise,Ücretli Çalışan,27751.49,Boşanmış,1731,2015-06-22
C03765,Doç. Zubeyde Sezgin Sakarya,54,Kadın,Antalya,Ön Lisans,Ücretli Çalışan,45495.13,Bekar,1057,2022-11-06
C03766,Kanpulat Akcivan Mansız,25,Erkek,Konya,Lisans,Ücretli Çalışan,13881.67,Boşanmış,1262,2022-08-15
C03767,Yalgın Korutürk,36,Kadın,Kayseri,Lisans,Ücretli Çalışan,16299.02,Boşanmış,1554,2024-06-04
C03768,Av. Şerafeddin Yaman,40,Kadın,İstanbul,Yüksek Lisans,Emekli,14396.27,Dul,796,2020-08-03
C03769,Lütfi Karadeniz,28,Erkek,İstanbul,Lisans,Ücretli Çalışan,15565.97,Dul,1438,2016-09-15
C03770,Alpin Mishat Şener Demirel,26,Kadın,İstanbul,İlkokul,İşsiz,15980.7,Dul,937,2024-01-18
C03771,Gücal Aytek Akdeniz,38,Erkek,İstanbul,Lise,Ücretli Çalışan,12296.98,Boşanmış,1167,2021-07-09
C03772,Gülgüzel Şensoy,24,Erkek,Samsun,Yüksek Lisans,Ücretli Çalışan,18600.15,Evli,1203,2016-07-06
C03773,Güçlüer Karadeniz,50,Erkek,İstanbul,Lisans,Serbest Meslek,23923.89,Evli,1482,2016-11-10
C03774,Ganiye Akçay,30,Kadın,İstanbul,Ön Lisans,İşsiz,23652.74,Bekar,1392,2020-02-02
C03775,Vecide Alaz Akça Ülker,41,Erkek,İstanbul,Yüksek Lisans,Emekli,41013.88,Dul,1574,2021-11-04
C03776,Rumeysa Karadeniz Ülker,50,Kadın,Bursa,Lisans,İşsiz,21165.01,Evli,1388,2017-06-01
C03777,Annak Danış Alemdar,30,Erkek,Kayseri,Ön Lisans,Ücretli Çalışan,16215.47,Dul,1587,2022-12-18
C03778,Yurtgüven Aslan,44,Kadın,Ankara,Lisans,Ücretli Çalışan,25044.9,Bekar,1775,2018-05-18
C03779,Canberk Dumanlı,22,Erkek,İzmir,İlkokul,Ücretli Çalışan,12855.11,Boşanmış,1357,2025-01-14
C03780,Evrimer Tanbay Akar,31,Kadın,İstanbul,Lise,Serbest Meslek,91125.75,Evli,1628,2023-07-29
C03781,Uz. Adila Mezide Aslan,39,Kadın,Trabzon,Ön Lisans,Serbest Meslek,15804.32,Bekar,1379,2015-01-19
C03782,Duha Nasiba Ertaş Durdu,40,Erkek,İstanbul,Lisans,Emekli,20960.43,Dul,1345,2019-06-22
C03783,Selâtin İhsanoğlu,36,Kadın,Samsun,Lise,Ücretli Çalışan,36494.91,Evli,1846,2024-07-25
C03784,Dr. Doğannur Burcuhan Akçay Gül,43,Erkek,Adana,Lisans,Ücretli Çalışan,10899.07,Evli,1514,2018-05-15
C03785,Cihandide Hayrioğlu,58,Kadın,İzmir,Lisans,Ücretli Çalışan,36916.04,Boşanmış,1683,2016-09-15
C03786,Çıvgın Aksu,57,Erkek,İstanbul,Lisans,Emekli,20414.95,Dul,1617,2022-03-24
C03787,Duracan Şener,31,Erkek,İstanbul,Lisans,Ücretli Çalışan,22731.79,Evli,1832,2018-04-30
C03788,Sevla Bidayet Akgündüz Gül,32,Erkek,Bursa,Lisans,Emekli,13525.75,Evli,1364,2015-08-16
C03789,Çev. Şabettin Urhan Şensoy,37,Kadın,Ankara,Lise,Ücretli Çalışan,26691.93,Dul,1386,2019-10-14
C03790,Çakırca İnönü,60,Kadın,Bursa,Lise,Ücretli Çalışan,11155.03,Dul,1693,2016-05-27
C03791,Gönen Yorulmaz,30,Kadın,Bursa,Yüksek Lisans,Emekli,8882.23,Dul,1399,2020-12-27
C03792,Mahigül Akçay Aslan,36,Kadın,İstanbul,Lisans,Ücretli Çalışan,12096.55,Evli,959,2022-01-16
C03793,Selvi Hayrioğlu,39,Erkek,Bursa,Ön Lisans,Emekli,30919.01,Dul,1606,2021-05-31
C03794,Öğr. Gülenay Kutgün Akgündüz,40,Erkek,İstanbul,Lisans,Ücretli Çalışan,24722.81,Boşanmış,1493,2024-07-11
C03795,Cantez Arslan,22,Erkek,İstanbul,Yüksek Lisans,İşveren,10515.42,Dul,1249,2017-11-21
C03796,Sejda Eraslan,38,Kadın,Ankara,Yüksek Lisans,Ücretli Çalışan,29229.75,Evli,1689,2020-05-28
C03797,Oganer Ergül,47,Erkek,Kayseri,Lise,Serbest Meslek,17568.68,Bekar,1154,2020-07-25
C03798,Nebiha Yasemen Dumanlı Karadeniz,44,Kadın,Bursa,Lise,Ücretli Çalışan,25243.56,Boşanmış,902,2015-09-12
C03799,Bay İyiyürek Zengin,29,Kadın,Adana,Lisans,Ücretli Çalışan,14603.63,Evli,1409,2015-07-04
C03800,Ferahdiba Duran Durdu,30,Erkek,Gaziantep,Lisans,Ücretli Çalışan,19591.27,Bekar,1447,2021-08-16
C03801,Yadigar Şafak,38,Erkek,İstanbul,Ön Lisans,Ücretli Çalışan,14438.05,Evli,1220,2018-05-06
C03802,Mahter Gülter Şama Sezer,27,Erkek,Kayseri,Lise,Serbest Meslek,23647.92,Dul,1642,2018-03-19
C03803,Burcuhan Zorlu,30,Kadın,Konya,Ön Lisans,Ücretli Çalışan,39509.17,Bekar,1421,2019-12-24
C03804,Erkinel Bilir,58,Erkek,Kayseri,Lisans,Serbest Meslek,14928.73,Boşanmış,873,2015-09-27
C03805,Çev. Atanur Divan Fırat Ülker,44,Kadın,Antalya,Ön Lisans,Emekli,22288.93,Boşanmış,1468,2015-11-09
C03806,Öğr. Berksay Ertaş,32,Kadın,Konya,Lisans,İşveren,19622.7,Boşanmış,1372,2016-01-03
C03807,Nurbanu Durdu,36,Kadın,Samsun,Lise,Ücretli Çalışan,29107.02,Boşanmış,1546,2015-11-18
C03808,İncifir Akçay Türk,47,Erkek,İstanbul,Lise,Ücretli Çalışan,17955.63,Bekar,1414,2021-04-05
C03809,Damlanur Şener,26,Kadın,Ankara,Lisans,İşveren,16873.23,Bekar,669,2023-03-05
C03810,Akgüneş Ferinaz Seven Güçlü,32,Kadın,Ankara,Lisans,Serbest Meslek,19209.43,Boşanmış,1640,2018-01-16
C03811,Nades Şensoy,36,Erkek,Antalya,Lise,Serbest Meslek,23305.7,Bekar,955,2025-05-03
C03812,Cindoruk Hıfzullah Hançer Aksu,39,Erkek,Gaziantep,İlkokul,Ücretli Çalışan,9360.22,Boşanmış,1077,2015-02-16
C03813,Arş. Gör. Gülder Amre Dumanlı Sezgin,37,Kadın,Adana,Lise,Serbest Meslek,35394.75,Boşanmış,1592,2016-04-25
C03814,Yrd. Doç. Ünal Sebigül Gül Gülen,40,Kadın,Trabzon,Lise,Ücretli Çalışan,19755.98,Evli,1321,2016-12-30
C03815,Av. Heva Eraslan Gül,33,Kadın,Antalya,Lisans,Ücretli Çalışan,24156.75,Dul,1153,2023-08-16
C03816,Şayan Nafile Güçlü Tarhan,47,Kadın,İstanbul,Ön Lisans,Ücretli Çalışan,16733.56,Dul,1706,2022-09-04
C03817,Melûl Türk İhsanoğlu,51,Kadın,Antalya,Lisans,Emekli,9387.29,Bekar,1194,2016-09-12
C03818,Prof. Ortak Bahittin Seven,29,Kadın,Bursa,Lise,Ücretli Çalışan,8815.55,Dul,1121,2018-03-03
C03819,Prof. Kifaye Ürper Gülen,69,Kadın,Kayseri,Lisans,Serbest Meslek,26220.04,Boşanmış,1900,2023-01-31
C03820,Bulunç Zorlu,49,Kadın,İstanbul,Lise,Ücretli Çalışan,14273.65,Dul,1284,2018-05-13
C03821,Çev. Sücaettin Sezer,47,Kadın,İzmir,Lisans,Ücretli Çalışan,24267.12,Bekar,1355,2023-07-19
C03822,Sencar İnönü,21,Erkek,İzmir,Lisans,İşveren,87508.62,Dul,1384,2015-06-24
C03823,Bedri Ülker,36,Kadın,Denizli,Lisans,Serbest Meslek,20973.2,Bekar,1439,2021-01-24
C03824,Ayşenur Çorlu,41,Erkek,Kayseri,Lise,İşveren,35565.32,Evli,1468,2022-08-20
C03825,Esmanperi Nazimet Ertaş,26,Kadın,Gaziantep,Ön Lisans,Emekli,18532.11,Bekar,1343,2018-10-05
C03826,Firdevis Ertaş Yılmaz,57,Erkek,İzmir,Lise,Ücretli Çalışan,33759.04,Dul,1526,2017-09-14
C03827,Denizalp Akgündüz,24,Kadın,İstanbul,Lisans,Ücretli Çalışan,11479.85,Bekar,1303,2018-04-24
C03828,Çev. Gökten Çorlu,44,Kadın,İstanbul,Lise,İşsiz,16838.44,Dul,1099,2022-08-09
C03829,Öğr. Deviner Şafak,32,Erkek,Samsun,Ön Lisans,Ücretli Çalışan,19721.66,Boşanmış,904,2018-04-28
C03830,Yilmaz Yüksel,26,Kadın,Kayseri,Lisans,Ücretli Çalışan,15030.36,Evli,1801,2025-04-20
C03831,Uygun Durmuş,30,Kadın,İstanbul,Lisans,Serbest Meslek,21616.47,Boşanmış,1556,2019-05-19
C03832,Afife Sunay Aksu Ergül,55,Erkek,Adana,Lisans,Serbest Meslek,35177.43,Dul,1485,2024-10-29
C03833,Nebih Satrettin Tarhan Gülen,34,Erkek,Trabzon,Lise,İşveren,14783.62,Dul,1319,2017-01-06
C03834,Necdat Ülker,34,Erkek,Eskişehir,Ön Lisans,Ücretli Çalışan,25568.91,Bekar,1605,2016-07-18
C03835,Seyyide Demirel Yüksel,47,Kadın,Adana,Lise,Serbest Meslek,35125.33,Evli,1900,2019-03-12
C03836,Kenter Başok Hayrioğlu İnönü,41,Erkek,İstanbul,Yüksek Lisans,Ücretli Çalışan,32687.85,Dul,1412,2015-07-18
C03837,Kotuz Öcalan,54,Kadın,Ankara,İlkokul,Ücretli Çalışan,32134.3,Dul,1752,2017-09-04
C03838,Limon Alemdar,41,Kadın,Ankara,Lise,Ücretli Çalışan,14753.55,Bekar,1031,2022-04-04
C03839,Yrd. Doç. Pembesin Zahfer Erdoğan,39,Erkek,Gaziantep,Lisans,Serbest Meslek,39729.75,Bekar,1422,2015-02-14
C03840,Tan İmge Yıldırım Bilgin,49,Kadın,Bursa,Doktora,Emekli,29137.41,Bekar,1389,2024-01-13
C03841,Prof. Elöve Arsoy,55,Kadın,İstanbul,Lise,Serbest Meslek,8000.0,Boşanmış,1074,2018-10-20
C03842,Narhanim Tule Alemdar Yılmaz,29,Kadın,Konya,Ön Lisans,Ücretli Çalışan,13782.13,Boşanmış,1464,2021-05-17
C03843,Besey Şensoy Bilgin,43,Erkek,İstanbul,Lise,Ücretli Çalışan,23796.55,Evli,1649,2019-05-27
C03844,Omaca Akar,28,Erkek,İstanbul,Yüksek Lisans,Ücretli Çalışan,11519.78,Dul,1479,2018-11-29
C03845,Dirlik Gökay Şafak,32,Erkek,Eskişehir,Lisans,Emekli,9830.9,Boşanmış,1582,2024-02-06
C03846,Hanedan Kısakürek,56,Kadın,İstanbul,Lise,Ücretli Çalışan,40163.84,Boşanmış,1546,2022-10-11
C03847,Öğr. Binbaşar Arslan,47,Erkek,İstanbul,Lise,Ücretli Çalışan,36917.49,Bekar,1339,2022-01-27
C03848,Nürice Süleyla Türk,53,Erkek,Ankara,Ön Lisans,Serbest Meslek,22559.88,Evli,1728,2018-03-06
C03849,Sadeti Akçay,42,Erkek,Konya,Ön Lisans,Emekli,35714.62,Dul,1515,2016-10-04
C03850,Öğr. Us Fırat,22,Erkek,İstanbul,Ön Lisans,Emekli,38306.2,Dul,1143,2015-08-03
C03851,Nafii Ümmet Çorlu Ergül,55,Erkek,Ankara,Lise,Ücretli Çalışan,19137.23,Dul,1794,2016-02-25
C03852,Turabi Kutay Sezgin Sezgin,53,Kadın,Ankara,Ön Lisans,İşveren,24186.85,Dul,1627,2015-02-12
C03853,Boztaş Hayrioğlu,45,Kadın,Adana,Yüksek Lisans,Ücretli Çalışan,8052.83,Dul,1409,2015-03-07
C03854,Sevdi Zorlu,26,Erkek,Konya,Lise,Ücretli Çalışan,21526.38,Boşanmış,1214,2015-04-22
C03855,Sevcan Yılmaz Soylu,25,Kadın,Antalya,Lise,Ücretli Çalışan,41036.64,Evli,1767,2022-08-14
C03856,Sadiye Öcalan Yorulmaz,39,Kadın,Ankara,Lisans,Serbest Meslek,21658.34,Boşanmış,1438,2019-09-30
C03857,Sahil Işin Korutürk,46,Erkek,Bursa,Ön Lisans,Ücretli Çalışan,14702.54,Evli,1628,2017-11-13
C03858,Tahir Ünek Sezgin Çamurcuoğlu,36,Kadın,İstanbul,Lise,Ücretli Çalışan,16499.23,Dul,1505,2021-05-12
C03859,Arş. Gör. Nurbanu Sonnur Demirel Şama,32,Erkek,Samsun,Lisans,Ücretli Çalışan,23107.37,Boşanmış,1365,2017-05-25
C03860,Dilfeza Gül Şafak Duran,45,Erkek,Antalya,Doktora,Ücretli Çalışan,34447.89,Dul,1320,2021-07-18
C03861,Beyhatun Manço Yılmaz,38,Erkek,İstanbul,Yüksek Lisans,Ücretli Çalışan,24528.69,Bekar,1391,2023-07-04
C03862,İrfan Eraslan,45,Erkek,Ankara,Lisans,Serbest Meslek,25589.3,Boşanmış,1770,2024-07-03
C03863,Paker Alemdar,32,Kadın,Ankara,Ön Lisans,Serbest Meslek,13039.66,Bekar,1303,2021-03-18
C03864,Öğr. Ayten Sezen Arslan Türk,28,Erkek,Adana,Ön Lisans,Ücretli Çalışan,25694.29,Dul,1209,2019-06-10
C03865,Oganer Münif Arsoy Yorulmaz,67,Kadın,Ankara,Ön Lisans,Ücretli Çalışan,35709.34,Evli,1503,2017-09-21
C03866,Hümeyra Sahil Şama Tarhan,50,Erkek,Kayseri,Lisans,İşsiz,9541.82,Bekar,1730,2021-01-29
C03867,Anka Zeyno Aslan,32,Kadın,Gaziantep,Lise,Ücretli Çalışan,18878.45,Evli,1036,2016-11-02
C03868,Çev. Hüsmen Seven,45,Erkek,Ankara,Lise,Ücretli Çalışan,12114.34,Evli,1405,2024-07-14
C03869,Muhammet Hayrioğlu,33,Erkek,İstanbul,Lisans,İşveren,12271.26,Evli,1178,2021-05-05
C03870,Aybet Şahdiye Demir,42,Erkek,İstanbul,İlkokul,İşsiz,11196.19,Evli,912,2018-08-12
C03871,Aycagül Yücel Korutürk Gülen,47,Kadın,Gaziantep,Yüksek Lisans,Ücretli Çalışan,64287.21,Dul,1619,2019-03-21
C03872,Uz. Atgun Sabih Sakarya,28,Kadın,İstanbul,Ön Lisans,Serbest Meslek,16895.43,Evli,1507,2021-12-22
C03873,Yunt Manço,35,Kadın,İstanbul,Lisans,Emekli,29922.8,Boşanmış,1514,2022-04-23
C03874,Öğr. Kâzime Ergül Ertaş,50,Kadın,İstanbul,Lise,Ücretli Çalışan,17300.67,Bekar,1831,2017-10-26
C03875,Av. İyiyürek Yümun Alemdar,38,Kadın,İstanbul,Lisans,Serbest Meslek,12873.99,Evli,1900,2023-07-15
C03876,Bayan Berrin Müferrih Arsoy Türk,18,Erkek,İstanbul,Lise,İşveren,14293.61,Boşanmış,1143,2020-07-19
C03877,Tanbay Gül,70,Kadın,Mersin,İlkokul,Serbest Meslek,44940.13,Dul,1873,2018-09-19
C03878,Kaygusuz Oğulbaş Gül Çorlu,36,Kadın,Ankara,Lise,İşveren,59384.0,Boşanmış,1592,2016-06-03
C03879,Menişan Şafak,51,Kadın,Eskişehir,Ön Lisans,Emekli,21608.95,Dul,1447,2021-05-17
C03880,Amre Akçay Akça,36,Kadın,İstanbul,Yüksek Lisans,Serbest Meslek,18136.14,Bekar,1652,2015-05-01
C03881,Beyhatun Karadeniz,44,Erkek,Konya,Doktora,Ücretli Çalışan,19650.1,Evli,1877,2022-07-21
C03882,Dr. Gülfeza Ülke Eraslan,18,Erkek,Trabzon,Lisans,Ücretli Çalışan,25070.55,Evli,1599,2025-03-31
C03883,Şöhret Vacibe Duran,53,Erkek,İzmir,Lise,Ücretli Çalışan,19356.97,Bekar,1551,2019-08-24
C03884,Doç. Öztürk Aliabbas Arsoy,51,Kadın,Samsun,Ön Lisans,Emekli,38988.61,Boşanmış,1384,2023-03-10
C03885,Öğr. Sedife Aslan Korutürk,43,Erkek,İstanbul,Lisans,Ücretli Çalışan,42419.28,Bekar,968,2017-09-02
C03886,Çev. Ongay Ülker,31,Kadın,Ankara,Lise,Ücretli Çalışan,38546.72,Boşanmış,1773,2016-07-08
C03887,Talayer Korugan Çamurcuoğlu,46,Kadın,Adana,İlkokul,Serbest Meslek,16287.14,Dul,1279,2023-11-15
C03888,Dr. Fenni Aslan,32,Kadın,İstanbul,Ön Lisans,Serbest Meslek,39998.76,Bekar,1342,2022-07-29
C03889,Köker Bilir,41,Erkek,İzmir,Lisans,Serbest Meslek,14197.65,Evli,1590,2019-10-20
C03890,Özbay Seven,33,Kadın,Ankara,Yüksek Lisans,Ücretli Çalışan,19074.03,Dul,1079,2024-04-24
C03891,Evcimen Aslan,20,Kadın,İstanbul,Ön Lisans,Ücretli Çalışan,19999.31,Boşanmış,1088,2022-02-11
C03892,Yrd. Doç. Muarra Canseven Bilgin Bilgin,65,Erkek,Mersin,Lisans,İşveren,8000.0,Dul,1179,2023-03-05
C03893,Yankı Hayrioğlu,40,Erkek,İstanbul,Lisans,Ücretli Çalışan,16910.5,Evli,1223,2016-03-03
C03894,Dr. Tanpınar Ferihan Gül,28,Kadın,Denizli,Lisans,Ücretli Çalışan,12761.72,Dul,1308,2023-05-25
C03895,Yrd. Doç. Sabır Şadıman Şama Duran,63,Erkek,Kayseri,Lisans,Serbest Meslek,20641.77,Bekar,1795,2017-11-21
C03896,Sultane İhsanoğlu Durmuş,46,Erkek,İstanbul,Lisans,Serbest Meslek,32900.33,Boşanmış,800,2024-02-16
C03897,Hayali Şama,36,Erkek,Bursa,Lisans,Ücretli Çalışan,35889.89,Evli,1357,2016-08-08
C03898,Nazimet Alemdar,61,Erkek,İstanbul,Lise,İşveren,38861.16,Evli,1382,2021-08-15
C03899,Uz. Seyhan Teybet Bilir Duran,33,Erkek,İstanbul,Lise,Ücretli Çalışan,12630.6,Bekar,1222,2022-05-29
C03900,Dr. Kibar Eraslan,25,Kadın,Ankara,Lise,Emekli,24172.36,Boşanmış,1095,2017-07-22
C03901,Atiyye Ülker Akdeniz,47,Kadın,Antalya,Lise,Ücretli Çalışan,26440.06,Dul,1084,2019-11-25
C03902,Telim Soylu,58,Kadın,İstanbul,Lise,Serbest Meslek,25112.58,Boşanmış,1687,2020-07-31
C03903,Bilginur Gülter Korutürk Fırat,30,Kadın,Ankara,Lisans,Ücretli Çalışan,26372.33,Dul,1781,2015-09-21
C03904,Merim Maynur İnönü Hayrioğlu,38,Kadın,Mersin,Lise,İşveren,49063.23,Dul,1511,2020-11-23
C03905,Dr. Silanur Asliye Manço Mansız,53,Erkek,İstanbul,Lisans,Serbest Meslek,22739.39,Boşanmış,1646,2015-10-04
C03906,Yrd. Doç. Hunalp Durdu,19,Kadın,Ankara,Lise,Ücretli Çalışan,23552.19,Evli,1236,2022-10-29
C03907,Öğr. Anargül Lâle Durmuş,29,Erkek,Ankara,Ön Lisans,Serbest Meslek,43688.77,Boşanmış,1446,2019-05-23
C03908,Öğr. Nurey Çamurcuoğlu Duran,27,Erkek,İzmir,Lisans,Ücretli Çalışan,16956.23,Boşanmış,1174,2021-05-12
C03909,Karlukhan Tevetoğlu,57,Erkek,İstanbul,Lisans,İşveren,14573.26,Evli,1512,2015-01-16
C03910,Aytek Kopan Bilir Bilir,56,Erkek,İstanbul,Ön Lisans,Emekli,15913.63,Bekar,1593,2015-07-27
C03911,Serezli Ferzi Akçay Bilge,27,Kadın,Bursa,Lise,İşveren,59909.86,Bekar,1734,2019-04-23
C03912,Prof. Över Korutürk,37,Kadın,İstanbul,Lise,Ücretli Çalışan,14075.98,Boşanmış,1351,2023-03-20
C03913,Zümre Seven Ergül,35,Erkek,Samsun,Lise,Ücretli Çalışan,47993.7,Dul,1193,2018-08-13
C03914,Lutfi Akçay,41,Erkek,Mersin,Ön Lisans,Ücretli Çalışan,19766.58,Evli,1470,2017-11-09
C03915,Muhiye Öcalan,38,Erkek,İstanbul,Lise,Ücretli Çalışan,18916.09,Dul,1718,2018-10-14
C03916,Deha Muarra Zorlu Duran,47,Erkek,Gaziantep,Yüksek Lisans,Ücretli Çalışan,24064.91,Boşanmış,741,2022-08-30
C03917,Hadrey Akdeniz Gülen,43,Kadın,Ankara,Ön Lisans,Ücretli Çalışan,9461.27,Boşanmış,1541,2016-03-12
C03918,Prof. Sezen Arslan Alemdar,57,Erkek,Kayseri,Lise,Ücretli Çalışan,13137.06,Dul,1314,2018-04-27
C03919,Uz. Görsev Pürçek Arslan Yılmaz,32,Kadın,İstanbul,Ön Lisans,Ücretli Çalışan,34750.33,Dul,1523,2015-03-11
C03920,Sezen Şensoy,60,Kadın,Gaziantep,Lisans,Ücretli Çalışan,24009.13,Bekar,1560,2023-03-10
C03921,Dr. Aytuna Kısakürek,40,Kadın,Samsun,Ön Lisans,Ücretli Çalışan,28799.01,Bekar,1065,2024-11-21
C03922,Öğr. Revza Güler Şener,41,Erkek,İstanbul,Lise,Serbest Meslek,19311.95,Dul,1681,2015-09-06
C03923,Tatu Bilgin,37,Erkek,Adana,Lisans,Ücretli Çalışan,12488.57,Evli,1381,2015-05-05
C03924,Tandoğdu Mansız,27,Erkek,Adana,Lise,İşsiz,8380.24,Bekar,1281,2021-07-19
C03925,Sümeyye Durdu,46,Kadın,Gaziantep,Ön Lisans,İşveren,24592.36,Dul,1825,2024-09-25
C03926,Bayan Mübetcel Şeref Yüksel,32,Erkek,İstanbul,Lise,İşveren,10467.17,Evli,1362,2021-03-24
C03927,Yrd. Doç. Teber Güçlü,35,Kadın,Ankara,Lisans,Ücretli Çalışan,13642.8,Bekar,1360,2018-05-08
C03928,Kapagan Yıldırım,32,Kadın,İzmir,Ön Lisans,Ücretli Çalışan,8723.69,Dul,1269,2023-06-07
C03929,Çalım Zorlu Bilge,26,Erkek,Denizli,Doktora,Serbest Meslek,22120.09,Bekar,1335,2021-06-05
C03930,Şenkal Çamurcuoğlu,53,Kadın,Bursa,Lisans,Ücretli Çalışan,41016.91,Boşanmış,1669,2021-07-22
C03931,Öğr. Kanak Gül,21,Kadın,İstanbul,Doktora,İşveren,39235.54,Bekar,1813,2016-11-21
C03932,Uz. Necdat Yavuz Çamurcuoğlu,40,Erkek,İstanbul,Lisans,Serbest Meslek,36145.83,Bekar,1362,2023-12-27
C03933,Güneri Yaman,18,Kadın,Ankara,Lisans,Ücretli Çalışan,14155.69,Evli,1732,2018-09-22
C03934,Basriye Asu Bilir,22,Kadın,İzmir,Lisans,Ücretli Çalışan,19926.08,Evli,1428,2015-06-17
C03935,Öğr. Hezniye Şefiye Dumanlı Yüksel,33,Erkek,Antalya,Ön Lisans,Ücretli Çalışan,16324.38,Dul,1518,2020-02-29
C03936,Öğr. Onat Şensoy,33,Erkek,Samsun,Lise,Ücretli Çalışan,10509.91,Boşanmış,1433,2015-10-01
C03937,Übeydullah Tahir Karadeniz Şama,52,Erkek,Adana,Doktora,Ücretli Çalışan,29475.29,Evli,1297,2017-04-05
C03938,Öğr. Müslum Gül,24,Kadın,Gaziantep,Lise,Ücretli Çalışan,17537.83,Dul,1811,2022-10-23
C03939,Abdülahat Korutürk,47,Erkek,İstanbul,Ön Lisans,Ücretli Çalışan,27358.54,Evli,1722,2022-04-02
C03940,Us Uluğbey Seven,45,Kadın,Denizli,Ön Lisans,İşveren,21041.96,Boşanmış,1665,2023-02-07
C03941,Av. Nurşan Erdoğan Çetin,33,Erkek,İstanbul,Ön Lisans,Ücretli Çalışan,10545.89,Dul,1560,2018-04-13
C03942,Çev. Zelha Duyguhan Demirel,54,Kadın,İstanbul,Doktora,Emekli,12049.71,Evli,1545,2022-11-06
C03943,Mevlüt Güçlü,60,Erkek,İstanbul,Lisans,Ücretli Çalışan,19910.24,Bekar,1295,2019-03-02
C03944,Feza Üsame Gülen,41,Kadın,İzmir,Lisans,Ücretli Çalışan,15556.9,Boşanmış,1345,2023-09-26
C03945,Jankat Kotuz Demirel,45,Erkek,Gaziantep,Lisans,Ücretli Çalışan,9684.89,Boşanmış,1019,2019-08-25
C03946,Öğr. Edaviye Cuheyna Manço Akdeniz,40,Kadın,Eskişehir,Yüksek Lisans,Serbest Meslek,19731.29,Evli,1585,2016-06-30
C03947,İde İnönü,62,Kadın,İstanbul,Ön Lisans,Ücretli Çalışan,20890.11,Dul,1649,2022-01-02
C03948,Yetişal Bünyamün Arsoy Seven,28,Kadın,Denizli,Yüksek Lisans,Ücretli Çalışan,28157.58,Evli,1368,2020-04-15
C03949,Esna Çamurcuoğlu,40,Kadın,İstanbul,Lisans,Serbest Meslek,18977.67,Dul,1758,2018-07-19
C03950,Prof. Nurcan Dirican Eraslan,24,Erkek,İstanbul,Yüksek Lisans,İşveren,8000.0,Boşanmış,1246,2024-01-31
C03951,Gürelcem Toker Sezer Erdoğan,45,Erkek,Bursa,Lisans,Ücretli Çalışan,21343.9,Bekar,1808,2022-01-12
C03952,Doç. Tanyu Hezniye İnönü Eraslan,45,Erkek,İzmir,Lise,İşveren,15463.97,Bekar,918,2024-03-06
C03953,Mehdiye Sezer,37,Kadın,Kayseri,Lisans,Emekli,31652.79,Dul,1361,2020-10-07
C03954,Okt. Serfinaz Işin Durdu Aslan,40,Kadın,Ankara,Lisans,Ücretli Çalışan,24091.45,Boşanmış,1246,2019-02-22
C03955,Çeviköz Berksay Manço,47,Erkek,İstanbul,Lisans,Ücretli Çalışan,41635.35,Evli,1456,2020-09-01
C03956,Armahan Güverçin Akgündüz,26,Erkek,Ankara,Lisans,Ücretli Çalışan,19341.91,Evli,943,2015-03-11
C03957,Özdeş Neyran Demirel Arslan,44,Erkek,İstanbul,Lise,Serbest Meslek,24428.93,Dul,1900,2022-08-22
C03958,Ferinaz Özpetek Şener,37,Kadın,Eskişehir,Lisans,Ücretli Çalışan,23952.27,Bekar,1284,2022-02-01
C03959,Subutiye Sejda Tarhan,35,Kadın,İzmir,Lisans,İşveren,10033.32,Bekar,1331,2016-09-25
C03960,Fehmiye Elgin Manço,36,Erkek,Kayseri,Lisans,Emekli,22802.83,Bekar,1304,2020-09-23
C03961,Nurveren Irıs Şener,41,Kadın,Bursa,Ön Lisans,İşveren,17153.87,Dul,1417,2019-05-09
C03962,Bay Şerafeddin Dirlik Zengin,40,Kadın,Kayseri,İlkokul,Serbest Meslek,20297.14,Evli,1690,2017-06-17
C03963,Fadıla İlklima Yılmaz,38,Kadın,Bursa,Lise,Ücretli Çalışan,17026.93,Evli,1454,2017-07-06
C03964,Nezengül Gül,31,Erkek,Antalya,Lisans,Ücretli Çalışan,16950.29,Dul,1900,2025-05-01
C03965,Sunay Mansız Akçay,29,Erkek,İstanbul,Ön Lisans,Ücretli Çalışan,17581.54,Dul,1403,2020-09-24
C03966,Okt. Toköz Manço,37,Kadın,Trabzon,Lise,Serbest Meslek,17170.4,Boşanmış,1569,2022-09-29
C03967,Yasemen Arsoy,19,Erkek,Ankara,Lisans,Ücretli Çalışan,31784.28,Evli,1578,2024-06-02
C03968,Süzer Şensoy Aksu,25,Kadın,İstanbul,Lise,İşveren,8000.0,Bekar,1135,2022-08-22
C03969,Uz. Süsen Akçay Kısakürek,37,Erkek,Ankara,Yüksek Lisans,İşveren,63648.52,Boşanmış,1635,2016-06-04
C03970,Türkmen Akça,18,Erkek,Bursa,Lisans,Serbest Meslek,14612.83,Evli,1286,2020-10-16
C03971,Hatem Bilgin,43,Erkek,İstanbul,Lise,Ücretli Çalışan,11029.88,Evli,1346,2016-03-04
C03972,Gülsü Hacile Manço,31,Erkek,İstanbul,Yüksek Lisans,İşsiz,12128.44,Bekar,1164,2022-04-22
C03973,Şennur Öcalan,49,Kadın,Adana,Yüksek Lisans,Emekli,29099.28,Boşanmış,1603,2024-07-17
C03974,Toğan Demirbüken Ergül Soylu,34,Erkek,İzmir,Ön Lisans,Ücretli Çalışan,27489.17,Boşanmış,1577,2022-01-15
C03975,Yrd. Doç. Akyıldız Yazgül Akçay Bilgin,41,Kadın,Adana,Lisans,İşveren,15134.59,Dul,1375,2024-11-06
C03976,Jankat Ülker,40,Erkek,İzmir,Yüksek Lisans,Emekli,59751.14,Evli,1535,2017-08-08
C03977,Korugan Tecimer Sakarya,32,Erkek,Gaziantep,Lisans,Serbest Meslek,13703.75,Boşanmış,1257,2019-10-13
C03978,Türknur Erdoğan,66,Erkek,Ankara,Ön Lisans,Ücretli Çalışan,16652.81,Boşanmış,1726,2015-04-12
C03979,Çağlar Duran,35,Kadın,Gaziantep,Ön Lisans,Emekli,22416.06,Dul,1657,2018-05-06
C03980,Öztek Yorulmaz,33,Kadın,Ankara,Yüksek Lisans,İşveren,14935.55,Boşanmış,1794,2020-05-19
C03981,Yrd. Doç. Yasemen Hoşkadem Yüksel Eraslan,51,Erkek,İzmir,Lise,Ücretli Çalışan,28447.13,Bekar,1696,2018-12-25
C03982,Doç. Tulun Akdeniz,45,Erkek,Ankara,Lisans,Serbest Meslek,49414.5,Evli,1510,2021-09-29
C03983,Öğr. Uğan Yaşattin Ertaş,46,Kadın,Antalya,Lise,Emekli,10374.32,Dul,1133,2021-04-10
C03984,Bay Tanbay Aslan,25,Kadın,Adana,Lise,İşveren,35359.72,Bekar,861,2018-09-19
C03985,Buşra Korutürk,35,Erkek,Bursa,Doktora,Serbest Meslek,8000.0,Evli,1172,2017-07-17
C03986,Yümun Karadeniz,34,Kadın,Ankara,Doktora,Ücretli Çalışan,37167.57,Boşanmış,1599,2015-10-10
C03987,Bekbay Fırat,30,Erkek,İzmir,Lisans,Ücretli Çalışan,32198.77,Dul,1504,2015-04-09
C03988,Bahtinur Gülter Bilgin,40,Kadın,İstanbul,Lisans,Emekli,11600.43,Dul,1092,2022-12-14
C03989,Yrd. Doç. Çeviköz Seçme Güçlü,30,Kadın,Adana,Lise,Ücretli Çalışan,20351.45,Boşanmış,1519,2021-02-09
C03990,Dr. Zehranur Ayçan Hayrioğlu Çetin,58,Kadın,Eskişehir,Ön Lisans,Ücretli Çalışan,23701.05,Bekar,823,2019-10-06
C03991,Demirbüken Güçlü,43,Kadın,Ankara,Yüksek Lisans,Ücretli Çalışan,10378.51,Evli,1138,2015-11-12
C03992,Milay Atatöre Güçlü Akar,30,Kadın,Ankara,Lisans,Ücretli Çalışan,14786.91,Boşanmış,1036,2024-12-29
C03993,Salurbay Soyselçuk Bilir Tevetoğlu,42,Kadın,Konya,Lise,İşsiz,10563.28,Boşanmış,1189,2022-06-27
C03994,Çev. Özyurt Yılmaz Zengin,66,Kadın,Antalya,Lise,Ücretli Çalışan,10957.6,Evli,1308,2022-10-13
C03995,Av. Dilfeza Selmin Öcalan,18,Erkek,İstanbul,Lisans,Ücretli Çalışan,17406.15,Evli,1580,2021-08-19
C03996,Soyselçuk Sezgin,48,Kadın,İzmir,Lise,İşveren,20636.44,Evli,1722,2017-04-04
C03997,Bayan Hüda Rebihat Tevetoğlu Aslan,70,Kadın,Gaziantep,Ön Lisans,İşveren,43068.07,Boşanmış,1369,2023-05-27
C03998,Dr. Göli Şama Zorlu,22,Erkek,Antalya,Lise,Ücretli Çalışan,16601.23,Evli,1183,2019-08-30
C03999,Arş. Gör. Lâle Akça Şensoy,45,Erkek,İstanbul,Lisans,Ücretli Çalışan,11713.1,Dul,1361,2019-08-23
C04000,Kardelen Yücel Yüksel,50,Kadın,İstanbul,Doktora,Ücretli Çalışan,19047.42,Dul,1263,2025-04-06
