loan_id,owner_id,owner_type,kredi_turu,tutar_tl,vade_ay,aylik_faiz_yuzde,baslangic_tarihi,durum,temerrut_flag
L000001,C00002,customer,İhtiyaç Kredisi,229282.7,24,3.52,2025-10-29,Aktif,False
L000002,C00004,customer,Kredi Kartı,113504.52,48,3.97,2025-11-03,Aktif,False
L000003,C00004,customer,Kredi Kartı,27699.01,6,3.69,2021-11-18,Kapalı,False
L000004,C00006,customer,KOBİ Kredisi,9653.78,48,4.44,2025-09-04,Aktif,False
L000005,C00007,customer,Konut Kredisi,39918.65,60,3.32,2026-02-26,Aktif,False
L000006,C00007,customer,Konut Kredisi,19467.13,48,4.77,2023-07-26,Aktif,False
L000007,C00009,customer,KOBİ Kredisi,6226.46,12,4.35,2021-10-01,Kapalı,False
L000008,C00010,customer,KOBİ Kredisi,47251.85,12,2.54,2022-11-12,Kapalı,False
L000009,C00011,customer,İşletme Kredisi,6569.46,36,4.89,2026-02-16,Aktif,False
L000010,C00012,customer,İşletme Kredisi,25860.61,120,3.2,2021-05-30,Aktif,False
L000011,C00012,customer,Taşıt Kredisi,3904.61,120,4.36,2023-03-27,Aktif,False
L000012,C00013,customer,Konut Kredisi,41439.78,48,3.36,2024-12-28,Aktif,False
L000013,C00013,customer,Taşıt Kredisi,26707.16,120,3.45,2022-06-03,Aktif,False
L000014,C00014,customer,Konut Kredisi,109465.11,84,3.72,2022-06-04,Aktif,False
L000015,C00014,customer,Konut Kredisi,200968.42,6,3.13,2021-02-13,Aktif,False
L000016,C00015,customer,İhtiyaç Kredisi,18397.06,24,4.74,2026-03-19,Aktif,False
L000017,C00016,customer,Konut Kredisi,15589.37,36,3.81,2023-04-25,Kapalı,False
L000018,C00016,customer,İşletme Kredisi,58611.3,48,4.83,2023-01-10,Aktif,False
L000019,C00017,customer,Taşıt Kredisi,27996.88,24,3.43,2021-05-30,Kapalı,False
L000020,C00018,customer,Konut Kredisi,7763.39,36,4.63,2021-06-13,Kapalı,False
L000021,C00019,customer,Taşıt Kredisi,116240.6,24,4.56,2024-11-15,Aktif,False
L000022,C00019,customer,Kredi Kartı,38769.56,84,4.18,2023-02-03,Aktif,False
L000023,C00019,customer,Kredi Kartı,11218.5,60,3.08,2022-05-27,Aktif,False
L000024,C00021,customer,Kredi Kartı,5561.32,24,3.16,2026-06-14,Aktif,True
L000025,C00022,customer,Taşıt Kredisi,33399.81,6,3.0,2020-04-08,Kapalı,False
L000026,C00022,customer,KOBİ Kredisi,30229.26,84,4.89,2019-10-27,Aktif,False
L000027,C00023,customer,İhtiyaç Kredisi,11718.83,60,3.81,2026-07-15,Aktif,False
L000028,C00023,customer,İhtiyaç Kredisi,104348.92,12,4.07,2022-06-26,Aktif,False
L000029,C00024,customer,İhtiyaç Kredisi,16611.92,60,3.35,2024-12-04,Aktif,False
L000030,C00025,customer,KOBİ Kredisi,34086.17,24,3.13,2021-05-17,Kapalı,False
L000031,C00026,customer,Konut Kredisi,18866.62,24,3.68,2025-02-25,Aktif,False
L000032,C00028,customer,Konut Kredisi,10312.23,120,4.34,2023-07-17,Aktif,False
L000033,C00028,customer,İşletme Kredisi,12453.7,12,3.95,2023-03-22,Kapalı,False
L000034,C00029,customer,Kredi Kartı,46329.04,60,4.86,2019-04-03,Kapalı,False
L000035,C00030,customer,Kredi Kartı,82924.01,24,2.87,2020-05-09,Aktif,False
L000036,C00030,customer,İhtiyaç Kredisi,34306.94,12,2.54,2019-09-12,Kapalı,False
L000037,C00031,customer,Konut Kredisi,11334.86,48,4.01,2021-06-24,Kapalı,False
L000038,C00031,customer,KOBİ Kredisi,67621.17,36,4.7,2020-07-20,Kapalı,False
L000039,C00032,customer,Konut Kredisi,20179.37,84,2.81,2025-05-06,Aktif,False
L000040,C00035,customer,KOBİ Kredisi,21878.19,84,3.27,2026-01-18,Aktif,False
L000041,C00036,customer,İhtiyaç Kredisi,36980.99,24,3.77,2023-04-17,Aktif,False
L000042,C00036,customer,KOBİ Kredisi,40686.35,120,2.75,2023-09-05,Aktif,False
L000043,C00037,customer,Kredi Kartı,13360.59,12,4.52,2019-12-26,Kapalı,False
L000044,C00037,customer,İhtiyaç Kredisi,21338.86,120,3.31,2022-10-23,Aktif,False
L000045,C00038,customer,İşletme Kredisi,7909.15,120,3.89,2019-11-18,Aktif,False
L000046,C00039,customer,Konut Kredisi,6920.9,24,2.65,2023-11-04,Kapalı,False
L000047,C00039,customer,İşletme Kredisi,46543.3,36,3.13,2019-05-06,Kapalı,False
L000048,C00040,customer,Konut Kredisi,30121.44,84,4.78,2020-04-03,Aktif,False
L000049,C00040,customer,Taşıt Kredisi,66676.76,36,3.07,2024-09-04,Aktif,False
L000050,C00041,customer,İhtiyaç Kredisi,11799.09,84,4.41,2024-07-29,Aktif,False
L000051,C00041,customer,Kredi Kartı,61684.68,24,4.45,2025-01-21,Aktif,False
L000052,C00042,customer,Konut Kredisi,10180.94,48,2.9,2019-07-29,Kapalı,False
L000053,C00044,customer,KOBİ Kredisi,105975.45,48,3.17,2021-10-05,Kapalı,False
L000054,C00045,customer,KOBİ Kredisi,2435.85,60,3.66,2020-07-01,Kapalı,False
L000055,C00046,customer,KOBİ Kredisi,50276.32,24,3.95,2026-04-23,Aktif,False
L000056,C00047,customer,İşletme Kredisi,27730.37,120,2.81,2025-04-28,Aktif,False
L000057,C00048,customer,İşletme Kredisi,41483.31,24,3.49,2021-02-05,Aktif,False
L000058,C00048,customer,Konut Kredisi,36799.45,48,3.71,2019-04-19,Kapalı,False
L000059,C00048,customer,Taşıt Kredisi,6670.44,12,4.15,2019-03-29,Kapalı,False
L000060,C00049,customer,İşletme Kredisi,29752.71,84,2.89,2020-04-30,Aktif,True
L000061,C00049,customer,KOBİ Kredisi,33349.53,120,3.16,2024-11-27,Aktif,False
L000062,C00050,customer,Konut Kredisi,18527.07,60,4.17,2021-05-05,Kapalı,False
L000063,C00051,customer,İhtiyaç Kredisi,33189.48,60,4.59,2023-12-08,Aktif,False
L000064,C00052,customer,İşletme Kredisi,101095.88,84,4.58,2023-04-24,Aktif,False
L000065,C00052,customer,Kredi Kartı,23825.53,84,4.64,2025-09-01,Aktif,False
L000066,C00053,customer,Taşıt Kredisi,11384.38,36,4.54,2025-05-09,Aktif,False
L000067,C00054,customer,Taşıt Kredisi,56222.41,6,3.52,2019-05-14,Kapalı,False
L000068,C00055,customer,Taşıt Kredisi,19951.56,60,3.07,2022-12-09,Aktif,False
L000069,C00055,customer,İşletme Kredisi,29754.49,60,4.32,2026-05-22,Aktif,False
L000070,C00057,customer,Kredi Kartı,49326.16,60,4.66,2023-06-28,Aktif,False
L000071,C00058,customer,KOBİ Kredisi,24630.47,120,3.56,2026-06-29,Aktif,False
L000072,C00058,customer,İhtiyaç Kredisi,21943.81,24,2.91,2023-01-09,Kapalı,False
L000073,C00059,customer,Kredi Kartı,15985.72,120,4.09,2019-05-11,Aktif,False
L000074,C00059,customer,İhtiyaç Kredisi,9220.11,12,3.66,2019-09-14,Kapalı,False
L000075,C00060,customer,Taşıt Kredisi,10147.46,36,3.49,2023-02-03,Kapalı,False
L000076,C00060,customer,Konut Kredisi,57397.43,24,2.58,2020-05-24,Kapalı,False
L000077,C00061,customer,İşletme Kredisi,8685.31,48,4.66,2022-06-29,Kapalı,False
L000078,C00062,customer,İşletme Kredisi,7409.24,120,4.83,2019-10-14,Aktif,False
L000079,C00062,customer,İhtiyaç Kredisi,6395.49,36,3.29,2022-08-18,Aktif,False
L000080,C00063,customer,Taşıt Kredisi,46679.49,60,3.28,2026-07-03,Aktif,False
L000081,C00064,customer,İşletme Kredisi,2653.29,12,2.86,2019-08-20,Aktif,False
L000082,C00064,customer,Konut Kredisi,50154.4,24,2.55,2022-09-16,Kapalı,False
L000083,C00065,customer,KOBİ Kredisi,32954.84,36,2.77,2025-11-07,Aktif,False
L000084,C00066,customer,Konut Kredisi,20353.17,36,3.43,2026-07-20,Aktif,False
L000085,C00066,customer,İhtiyaç Kredisi,6147.31,84,4.65,2019-12-04,Aktif,False
L000086,C00068,customer,İhtiyaç Kredisi,41976.91,24,4.3,2025-02-28,Aktif,False
L000087,C00069,customer,İşletme Kredisi,19863.78,120,4.56,2025-04-06,Aktif,False
L000088,C00069,customer,Kredi Kartı,23249.69,120,3.25,2024-05-25,Aktif,False
L000089,C00070,customer,Konut Kredisi,65336.69,36,2.6,2023-06-15,Kapalı,False
L000090,C00071,customer,İhtiyaç Kredisi,27854.26,120,3.87,2022-12-19,Aktif,False
L000091,C00071,customer,KOBİ Kredisi,129133.51,84,4.82,2025-11-27,Aktif,False
L000092,C00072,customer,Kredi Kartı,16662.12,24,2.84,2025-02-16,Aktif,False
L000093,C00073,customer,Kredi Kartı,13405.1,84,3.88,2024-10-22,Aktif,False
L000094,C00073,customer,Konut Kredisi,179488.8,48,4.29,2019-11-19,Kapalı,False
L000095,C00074,customer,Taşıt Kredisi,23454.91,36,3.2,2020-02-11,Kapalı,False
L000096,C00074,customer,Konut Kredisi,59116.99,84,4.04,2026-02-23,Aktif,False
L000097,C00075,customer,Konut Kredisi,5851.31,48,2.87,2019-04-27,Kapalı,False
L000098,C00076,customer,Taşıt Kredisi,163349.7,12,4.16,2024-10-22,Kapalı,False
L000099,C00077,customer,Kredi Kartı,7583.86,6,3.5,2021-10-02,Kapalı,False
L000100,C00077,customer,Taşıt Kredisi,26232.57,36,4.39,2023-02-21,Kapalı,False
L000101,C00078,customer,Taşıt Kredisi,28878.86,24,3.08,2025-09-01,Aktif,False
L000102,C00079,customer,KOBİ Kredisi,185471.82,60,2.7,2023-06-23,Aktif,False
L000103,C00079,customer,Kredi Kartı,6243.88,6,2.66,2023-12-09,Kapalı,False
L000104,C00080,customer,İşletme Kredisi,30481.87,120,3.7,2019-11-18,Aktif,False
L000105,C00081,customer,Konut Kredisi,63854.69,48,3.48,2022-08-09,Aktif,False
L000106,C00081,customer,Taşıt Kredisi,68099.0,6,4.02,2019-01-17,Kapalı,False
L000107,C00082,customer,Konut Kredisi,168234.51,120,4.77,2024-06-24,Aktif,False
L000108,C00083,customer,Konut Kredisi,6129.76,12,4.67,2026-04-09,Aktif,False
L000109,C00085,customer,KOBİ Kredisi,63650.74,60,2.81,2020-02-15,Kapalı,False
L000110,C00086,customer,Taşıt Kredisi,6350.13,36,4.49,2020-12-17,Aktif,False
L000111,C00086,customer,Taşıt Kredisi,15263.15,84,4.74,2021-03-17,Aktif,False
L000112,C00087,customer,KOBİ Kredisi,213757.73,60,3.7,2024-03-12,Aktif,False
L000113,C00087,customer,KOBİ Kredisi,48142.48,84,3.91,2019-08-17,Kapalı,False
L000114,C00088,customer,Konut Kredisi,155621.34,6,3.61,2024-02-13,Kapalı,False
L000115,C00090,customer,KOBİ Kredisi,33074.09,6,4.81,2023-05-03,Kapalı,False
L000116,C00091,customer,İhtiyaç Kredisi,29414.07,60,3.96,2020-08-29,Kapalı,False
L000117,C00092,customer,KOBİ Kredisi,17333.28,84,3.18,2023-03-06,Aktif,False
L000118,C00093,customer,Kredi Kartı,32859.04,36,3.24,2020-07-10,Kapalı,False
L000119,C00093,customer,KOBİ Kredisi,17955.19,48,2.68,2020-03-15,Kapalı,False
L000120,C00094,customer,Taşıt Kredisi,22571.7,48,2.93,2019-02-27,Kapalı,False
L000121,C00095,customer,Taşıt Kredisi,74482.43,84,2.92,2024-11-01,Aktif,False
L000122,C00095,customer,Taşıt Kredisi,14824.75,60,3.68,2025-07-16,Aktif,False
L000123,C00096,customer,KOBİ Kredisi,81802.3,6,4.72,2019-01-30,Kapalı,True
L000124,C00096,customer,Kredi Kartı,143107.89,24,3.05,2019-02-01,Aktif,False
L000125,C00097,customer,KOBİ Kredisi,6941.4,36,2.96,2024-12-15,Aktif,False
L000126,C00098,customer,İhtiyaç Kredisi,56982.3,36,3.97,2025-07-10,Aktif,False
L000127,C00099,customer,Taşıt Kredisi,64471.24,120,4.77,2019-11-29,Aktif,False
L000128,C00100,customer,İşletme Kredisi,5802.71,36,4.38,2025-04-08,Aktif,False
L000129,C00100,customer,İhtiyaç Kredisi,6765.63,120,3.59,2025-10-09,Aktif,True
L000130,C00101,customer,KOBİ Kredisi,12000.72,60,3.6,2019-01-12,Kapalı,False
L000131,C00101,customer,İhtiyaç Kredisi,19044.72,120,2.81,2023-01-22,Aktif,False
L000132,C00102,customer,Kredi Kartı,9443.87,6,2.56,2020-02-25,Kapalı,False
L000133,C00102,customer,KOBİ Kredisi,10218.45,120,4.74,2022-08-01,Aktif,False
L000134,C00103,customer,Taşıt Kredisi,15282.25,84,4.69,2020-06-21,Aktif,False
L000135,C00103,customer,İhtiyaç Kredisi,26824.44,60,3.06,2020-06-11,Kapalı,False
L000136,C00104,customer,Taşıt Kredisi,43352.7,12,3.04,2023-07-12,Aktif,False
L000137,C00105,customer,Kredi Kartı,135253.48,12,4.1,2024-06-19,Aktif,False
L000138,C00105,customer,Taşıt Kredisi,91983.93,12,3.39,2025-11-21,Aktif,False
L000139,C00106,customer,KOBİ Kredisi,10275.33,48,4.41,2025-05-21,Aktif,False
L000140,C00106,customer,Taşıt Kredisi,29203.09,60,4.79,2020-07-17,Kapalı,False
L000141,C00108,customer,KOBİ Kredisi,8302.11,84,4.58,2021-01-16,Aktif,False
L000142,C00109,customer,Konut Kredisi,25809.09,60,4.38,2025-12-01,Aktif,False
L000143,C00110,customer,KOBİ Kredisi,7636.57,84,3.03,2026-05-24,Aktif,False
L000144,C00110,customer,İhtiyaç Kredisi,40177.33,24,2.61,2022-08-05,Kapalı,False
L000145,C00111,customer,Kredi Kartı,73702.62,60,3.38,2020-03-27,Kapalı,False
L000146,C00112,customer,KOBİ Kredisi,16855.86,24,3.55,2024-04-04,Kapalı,False
L000147,C00112,customer,İşletme Kredisi,46577.76,36,3.99,2023-08-21,Kapalı,False
L000148,C00113,customer,Kredi Kartı,18140.63,36,4.06,2022-03-22,Kapalı,False
L000149,C00113,customer,İhtiyaç Kredisi,6273.03,36,2.67,2021-04-06,Kapalı,True
L000150,C00114,customer,KOBİ Kredisi,17904.33,48,4.88,2025-08-24,Aktif,False
L000151,C00115,customer,Kredi Kartı,71024.81,120,4.35,2022-08-27,Aktif,False
L000152,C00115,customer,Kredi Kartı,16118.95,48,3.18,2023-10-19,Aktif,False
L000153,C00117,customer,Konut Kredisi,9457.33,48,4.4,2025-01-16,Aktif,False
L000154,C00118,customer,İşletme Kredisi,9929.66,120,4.37,2021-06-10,Aktif,False
L000155,C00118,customer,İşletme Kredisi,6522.48,24,3.76,2020-03-09,Kapalı,False
L000156,C00119,customer,Konut Kredisi,48116.15,120,4.44,2024-04-13,Aktif,False
L000157,C00120,customer,İhtiyaç Kredisi,18163.26,60,4.48,2019-08-26,Kapalı,False
L000158,C00121,customer,İhtiyaç Kredisi,81411.59,36,3.56,2022-06-25,Kapalı,False
L000159,C00122,customer,İhtiyaç Kredisi,36027.42,84,4.51,2022-08-16,Aktif,False
L000160,C00123,customer,İşletme Kredisi,420324.54,84,3.75,2021-06-16,Aktif,False
L000161,C00123,customer,Konut Kredisi,33894.75,48,3.35,2024-05-17,Aktif,False
L000162,C00124,customer,İhtiyaç Kredisi,10687.63,36,3.29,2022-06-15,Kapalı,False
L000163,C00125,customer,Taşıt Kredisi,38215.68,36,4.89,2021-12-15,Aktif,False
L000164,C00126,customer,KOBİ Kredisi,90357.58,60,3.16,2024-02-22,Aktif,False
L000165,C00126,customer,Taşıt Kredisi,11486.01,120,4.52,2023-09-23,Aktif,False
L000166,C00128,customer,Konut Kredisi,7924.97,84,4.67,2020-10-05,Aktif,False
L000167,C00129,customer,İhtiyaç Kredisi,13252.25,84,4.57,2024-08-05,Aktif,False
L000168,C00130,customer,Taşıt Kredisi,13512.1,36,3.11,2021-05-26,Aktif,False
L000169,C00130,customer,Kredi Kartı,88464.92,120,4.35,2024-02-04,Aktif,False
L000170,C00131,customer,İhtiyaç Kredisi,20276.28,6,3.74,2025-04-07,Kapalı,False
L000171,C00131,customer,İhtiyaç Kredisi,20719.17,12,2.88,2024-10-29,Kapalı,False
L000172,C00132,customer,İhtiyaç Kredisi,49890.7,36,3.79,2026-07-12,Aktif,False
L000173,C00132,customer,Konut Kredisi,16580.46,6,4.07,2025-12-23,Kapalı,False
L000174,C00134,customer,İşletme Kredisi,60161.47,24,4.22,2024-05-09,Kapalı,False
L000175,C00135,customer,KOBİ Kredisi,32705.44,36,4.5,2020-07-07,Kapalı,False
L000176,C00136,customer,Taşıt Kredisi,6142.77,12,3.11,2026-06-14,Aktif,True
L000177,C00137,customer,KOBİ Kredisi,23224.32,84,2.51,2022-02-26,Aktif,False
L000178,C00138,customer,Kredi Kartı,43015.16,60,4.18,2020-01-31,Kapalı,False
L000179,C00138,customer,Konut Kredisi,27387.86,120,3.42,2024-09-14,Aktif,False
L000180,C00139,customer,KOBİ Kredisi,319756.1,120,3.09,2024-11-24,Aktif,False
L000181,C00139,customer,Konut Kredisi,13991.38,60,4.32,2024-08-12,Aktif,False
L000182,C00140,customer,Kredi Kartı,18565.39,120,3.96,2025-12-11,Aktif,False
L000183,C00141,customer,Konut Kredisi,91120.03,120,3.36,2025-07-07,Aktif,False
L000184,C00142,customer,İhtiyaç Kredisi,53890.26,48,3.34,2025-09-18,Aktif,False
L000185,C00142,customer,İşletme Kredisi,43243.57,48,4.85,2023-09-03,Aktif,False
L000186,C00143,customer,İşletme Kredisi,28331.17,6,3.56,2023-03-19,Kapalı,False
L000187,C00145,customer,Taşıt Kredisi,3745.03,36,2.77,2026-02-28,Aktif,False
L000188,C00145,customer,Konut Kredisi,87271.86,12,4.77,2019-03-26,Kapalı,False
L000189,C00146,customer,Kredi Kartı,10845.83,36,3.15,2020-06-28,Kapalı,False
L000190,C00147,customer,KOBİ Kredisi,7211.49,84,4.73,2024-10-31,Aktif,False
L000191,C00148,customer,İşletme Kredisi,97244.11,48,3.52,2020-08-21,Kapalı,False
L000192,C00148,customer,KOBİ Kredisi,23018.97,60,3.11,2019-09-05,Kapalı,False
L000193,C00149,customer,Konut Kredisi,9233.15,24,4.88,2021-12-07,Kapalı,False
L000194,C00149,customer,Taşıt Kredisi,8186.23,6,2.82,2023-12-20,Aktif,False
L000195,C00149,customer,İhtiyaç Kredisi,23431.39,36,3.4,2021-06-03,Kapalı,False
L000196,C00150,customer,Konut Kredisi,26991.46,60,3.5,2024-05-05,Aktif,False
L000197,C00151,customer,Taşıt Kredisi,3880.16,84,3.84,2019-10-17,Aktif,False
L000198,C00151,customer,İşletme Kredisi,4706.35,48,3.9,2026-02-04,Aktif,False
L000199,C00152,customer,Taşıt Kredisi,67777.3,120,3.86,2019-08-09,Aktif,False
L000200,C00152,customer,Konut Kredisi,15514.21,36,3.22,2024-11-06,Aktif,False
L000201,C00153,customer,İşletme Kredisi,100646.41,120,3.05,2023-06-20,Aktif,True
L000202,C00154,customer,Kredi Kartı,6043.61,120,3.88,2023-08-12,Aktif,False
L000203,C00154,customer,Taşıt Kredisi,52526.61,12,2.59,2026-02-20,Aktif,False
L000204,C00155,customer,Taşıt Kredisi,17660.16,60,2.78,2022-05-13,Aktif,False
L000205,C00156,customer,KOBİ Kredisi,39754.74,12,4.27,2022-02-23,Kapalı,False
L000206,C00157,customer,İhtiyaç Kredisi,78835.66,60,4.77,2021-03-19,Aktif,False
L000207,C00158,customer,Kredi Kartı,4917.57,36,4.7,2022-05-30,Kapalı,False
L000208,C00158,customer,İşletme Kredisi,4414.89,60,3.88,2021-09-30,Aktif,False
L000209,C00159,customer,İhtiyaç Kredisi,6499.64,24,4.24,2019-07-26,Kapalı,False
L000210,C00159,customer,İşletme Kredisi,17561.73,6,3.96,2022-07-01,Kapalı,False
L000211,C00160,customer,Taşıt Kredisi,7765.42,48,4.41,2020-03-01,Aktif,False
L000212,C00161,customer,Taşıt Kredisi,45627.69,84,4.64,2021-10-27,Aktif,True
L000213,C00161,customer,Taşıt Kredisi,11076.72,120,4.44,2021-10-13,Aktif,True
L000214,C00162,customer,Taşıt Kredisi,4984.94,48,3.81,2026-02-07,Aktif,False
L000215,C00163,customer,İhtiyaç Kredisi,91455.77,48,2.6,2026-01-09,Aktif,False
L000216,C00163,customer,İşletme Kredisi,514404.27,120,2.67,2023-05-31,Aktif,False
L000217,C00165,customer,İhtiyaç Kredisi,11711.28,120,4.53,2024-04-05,Aktif,False
L000218,C00165,customer,Kredi Kartı,2383.72,48,3.96,2020-07-31,Aktif,False
L000219,C00166,customer,Taşıt Kredisi,62746.23,12,2.9,2019-05-24,Kapalı,False
L000220,C00168,customer,KOBİ Kredisi,16058.18,48,3.14,2025-01-28,Aktif,False
L000221,C00169,customer,İhtiyaç Kredisi,8913.92,60,4.12,2019-12-22,Aktif,False
L000222,C00171,customer,İhtiyaç Kredisi,52444.4,120,3.72,2025-05-13,Aktif,False
L000223,C00172,customer,İhtiyaç Kredisi,102092.91,36,4.0,2020-08-11,Kapalı,False
L000224,C00172,customer,Kredi Kartı,84242.48,48,3.99,2025-07-31,Aktif,False
L000225,C00173,customer,İhtiyaç Kredisi,2929.8,84,3.56,2026-03-22,Aktif,False
L000226,C00174,customer,Konut Kredisi,63021.64,12,2.81,2025-11-04,Aktif,False
L000227,C00175,customer,Taşıt Kredisi,19114.83,120,4.64,2020-01-12,Aktif,False
L000228,C00176,customer,KOBİ Kredisi,15678.89,6,2.83,2023-10-04,Kapalı,False
L000229,C00177,customer,Kredi Kartı,22078.55,84,2.62,2024-09-09,Aktif,False
L000230,C00178,customer,Taşıt Kredisi,20884.32,120,4.44,2024-09-26,Aktif,False
L000231,C00179,customer,KOBİ Kredisi,7562.88,120,3.33,2020-01-31,Aktif,False
L000232,C00180,customer,KOBİ Kredisi,42222.8,12,2.71,2020-12-29,Kapalı,False
L000233,C00180,customer,Taşıt Kredisi,25525.82,12,4.51,2024-07-10,Kapalı,False
L000234,C00181,customer,İhtiyaç Kredisi,85248.67,120,3.31,2026-02-21,Aktif,True
L000235,C00182,customer,Taşıt Kredisi,13683.54,24,4.83,2026-04-02,Aktif,False
L000236,C00182,customer,KOBİ Kredisi,54866.71,24,2.7,2022-02-07,Kapalı,False
L000237,C00184,customer,İşletme Kredisi,18917.06,48,3.95,2021-03-13,Kapalı,False
L000238,C00185,customer,Taşıt Kredisi,25071.34,120,3.54,2024-08-12,Aktif,False
L000239,C00186,customer,İhtiyaç Kredisi,26268.59,84,3.52,2022-03-20,Aktif,False
L000240,C00187,customer,Konut Kredisi,12815.73,48,4.05,2025-09-10,Aktif,False
L000241,C00187,customer,İşletme Kredisi,15875.87,84,3.1,2025-02-01,Aktif,False
L000242,C00188,customer,Konut Kredisi,15290.71,120,4.08,2022-01-18,Aktif,False
L000243,C00189,customer,Taşıt Kredisi,84343.16,24,3.48,2019-02-01,Kapalı,False
L000244,C00189,customer,Taşıt Kredisi,137201.8,84,3.25,2025-03-14,Aktif,False
L000245,C00189,customer,KOBİ Kredisi,4173.57,120,4.35,2019-04-15,Aktif,False
L000246,C00190,customer,Taşıt Kredisi,26143.75,120,4.34,2023-02-12,Aktif,False
L000247,C00191,customer,Kredi Kartı,5187.78,120,3.9,2024-12-16,Aktif,False
L000248,C00191,customer,Konut Kredisi,26220.52,60,3.51,2024-06-05,Aktif,False
L000249,C00192,customer,KOBİ Kredisi,167481.01,60,2.67,2021-05-28,Kapalı,False
L000250,C00193,customer,Kredi Kartı,11480.53,84,2.54,2022-03-25,Aktif,False
L000251,C00194,customer,İşletme Kredisi,15459.14,12,4.82,2021-06-30,Kapalı,False
L000252,C00194,customer,KOBİ Kredisi,32152.32,60,2.55,2019-03-20,Kapalı,False
L000253,C00195,customer,KOBİ Kredisi,53373.49,84,2.58,2022-06-07,Aktif,False
L000254,C00196,customer,Kredi Kartı,51929.15,60,4.7,2019-01-13,Kapalı,False
L000255,C00196,customer,Konut Kredisi,12045.77,60,2.61,2026-04-03,Aktif,False
L000256,C00197,customer,Taşıt Kredisi,422197.93,12,3.48,2022-03-19,Kapalı,False
L000257,C00198,customer,KOBİ Kredisi,141905.08,84,2.74,2020-12-27,Aktif,False
L000258,C00198,customer,Kredi Kartı,11263.89,48,2.82,2024-07-05,Aktif,False
L000259,C00199,customer,İhtiyaç Kredisi,28417.03,36,4.41,2025-03-25,Aktif,False
L000260,C00200,customer,Kredi Kartı,14735.37,6,3.88,2024-05-25,Aktif,False
L000261,C00201,customer,Taşıt Kredisi,8022.19,48,3.25,2022-07-18,Kapalı,False
L000262,C00201,customer,İşletme Kredisi,6597.34,84,4.21,2022-01-22,Aktif,False
L000263,C00202,customer,KOBİ Kredisi,27806.24,36,4.76,2025-09-14,Aktif,False
L000264,C00203,customer,KOBİ Kredisi,22762.37,120,4.38,2025-10-06,Aktif,False
L000265,C00204,customer,Kredi Kartı,166048.44,36,4.48,2025-11-15,Aktif,False
L000266,C00204,customer,Taşıt Kredisi,26334.57,36,3.04,2021-03-13,Kapalı,False
L000267,C00205,customer,İşletme Kredisi,20754.78,36,4.62,2025-03-09,Aktif,False
L000268,C00206,customer,KOBİ Kredisi,6009.97,24,3.4,2022-11-16,Kapalı,False
L000269,C00207,customer,Taşıt Kredisi,506852.28,84,4.57,2025-01-14,Aktif,False
L000270,C00207,customer,KOBİ Kredisi,96118.83,60,3.68,2021-01-09,Kapalı,False
L000271,C00208,customer,İhtiyaç Kredisi,23422.03,120,4.82,2026-02-13,Aktif,False
L000272,C00208,customer,Kredi Kartı,2064.34,36,4.83,2024-05-19,Aktif,False
L000273,C00209,customer,KOBİ Kredisi,28804.4,36,4.15,2026-01-31,Aktif,False
L000274,C00209,customer,İhtiyaç Kredisi,26182.98,6,3.44,2023-03-24,Aktif,False
L000275,C00210,customer,İşletme Kredisi,42712.73,84,3.37,2019-05-05,Kapalı,False
L000276,C00210,customer,Konut Kredisi,76640.35,24,3.7,2025-08-31,Aktif,False
L000277,C00211,customer,İşletme Kredisi,7449.26,60,2.79,2019-08-24,Kapalı,False
L000278,C00211,customer,Kredi Kartı,141341.08,24,3.2,2023-07-31,Kapalı,False
L000279,C00212,customer,İşletme Kredisi,8471.85,12,3.7,2019-08-20,Kapalı,False
L000280,C00212,customer,Kredi Kartı,2058.75,120,4.62,2025-01-13,Aktif,False
L000281,C00212,customer,KOBİ Kredisi,132942.9,36,3.43,2025-09-30,Aktif,False
L000282,C00214,customer,İşletme Kredisi,63406.53,12,4.78,2025-10-29,Aktif,True
L000283,C00214,customer,Kredi Kartı,47390.52,120,4.53,2021-12-20,Aktif,False
L000284,C00215,customer,İşletme Kredisi,70748.27,36,2.82,2021-06-08,Kapalı,False
L000285,C00216,customer,KOBİ Kredisi,25214.91,48,4.58,2019-06-25,Kapalı,False
L000286,C00218,customer,Konut Kredisi,33030.44,24,3.34,2023-05-08,Kapalı,False
L000287,C00220,customer,Taşıt Kredisi,42082.46,24,2.65,2022-02-19,Aktif,False
L000288,C00221,customer,KOBİ Kredisi,17919.47,36,2.52,2023-05-15,Kapalı,False
L000289,C00222,customer,Konut Kredisi,123081.36,12,3.4,2025-11-20,Aktif,False
L000290,C00222,customer,KOBİ Kredisi,95012.25,84,3.0,2019-11-29,Aktif,True
L000291,C00223,customer,İşletme Kredisi,19343.58,48,3.67,2019-03-29,Kapalı,False
L000292,C00223,customer,KOBİ Kredisi,35738.64,24,3.1,2021-12-19,Kapalı,False
L000293,C00224,customer,İşletme Kredisi,35489.58,60,3.02,2024-05-02,Aktif,False
L000294,C00225,customer,KOBİ Kredisi,147816.53,60,4.82,2019-05-22,Kapalı,False
L000295,C00226,customer,Kredi Kartı,24134.88,48,4.0,2021-07-17,Kapalı,False
L000296,C00226,customer,Konut Kredisi,75488.75,6,3.4,2019-04-21,Kapalı,False
L000297,C00228,customer,İşletme Kredisi,5430.63,84,4.54,2023-11-12,Aktif,False
L000298,C00229,customer,Kredi Kartı,54530.79,24,3.38,2022-01-01,Kapalı,False
L000299,C00230,customer,Konut Kredisi,16538.04,6,3.15,2022-08-31,Kapalı,False
L000300,C00231,customer,İhtiyaç Kredisi,24328.58,48,3.65,2024-08-23,Aktif,False
L000301,C00232,customer,Kredi Kartı,32255.99,36,3.72,2022-11-13,Kapalı,False
L000302,C00233,customer,Konut Kredisi,4573.22,36,4.49,2022-03-21,Aktif,False
L000303,C00234,customer,KOBİ Kredisi,40116.65,48,4.53,2025-12-08,Aktif,False
L000304,C00235,customer,İhtiyaç Kredisi,23160.17,6,4.16,2024-06-19,Kapalı,False
L000305,C00235,customer,İşletme Kredisi,6294.77,120,4.09,2024-02-13,Aktif,False
L000306,C00235,customer,Taşıt Kredisi,12001.93,24,4.85,2023-10-25,Kapalı,False
L000307,C00236,customer,Kredi Kartı,19040.93,12,3.48,2022-08-19,Aktif,False
L000308,C00237,customer,İhtiyaç Kredisi,58212.21,6,4.32,2020-08-28,Kapalı,False
L000309,C00237,customer,Konut Kredisi,121038.23,6,4.66,2024-05-04,Kapalı,False
L000310,C00238,customer,İşletme Kredisi,2225.82,120,3.11,2023-11-25,Aktif,False
L000311,C00239,customer,Taşıt Kredisi,10670.21,6,4.29,2022-07-31,Kapalı,False
L000312,C00240,customer,İşletme Kredisi,27928.85,84,3.47,2026-04-12,Aktif,False
L000313,C00241,customer,İhtiyaç Kredisi,91101.17,12,3.32,2023-11-17,Kapalı,False
L000314,C00241,customer,Taşıt Kredisi,23964.92,6,4.8,2024-08-01,Kapalı,True
L000315,C00242,customer,İhtiyaç Kredisi,12012.09,84,4.86,2025-11-11,Aktif,False
L000316,C00243,customer,İşletme Kredisi,57454.94,12,4.78,2022-11-26,Kapalı,False
L000317,C00244,customer,Konut Kredisi,2064.03,36,3.3,2025-07-25,Aktif,False
L000318,C00245,customer,Taşıt Kredisi,6504.01,24,3.59,2021-11-24,Kapalı,False
L000319,C00247,customer,KOBİ Kredisi,40835.35,60,3.94,2021-01-18,Kapalı,False
L000320,C00248,customer,Konut Kredisi,19422.51,48,4.8,2022-02-19,Kapalı,False
L000321,C00248,customer,İşletme Kredisi,10317.02,60,3.47,2026-05-10,Aktif,False
L000322,C00249,customer,KOBİ Kredisi,15137.67,84,4.65,2025-04-29,Aktif,False
L000323,C00250,customer,Taşıt Kredisi,74357.75,6,3.71,2021-09-03,Kapalı,False
L000324,C00251,customer,İşletme Kredisi,11262.5,60,3.88,2025-08-02,Aktif,False
L000325,C00252,customer,KOBİ Kredisi,35929.16,6,3.4,2022-12-01,Kapalı,False
L000326,C00252,customer,KOBİ Kredisi,84274.19,60,2.71,2019-09-24,Kapalı,False
L000327,C00253,customer,Taşıt Kredisi,13099.57,84,3.07,2020-04-03,Aktif,False
L000328,C00254,customer,İhtiyaç Kredisi,98552.44,24,4.47,2024-10-26,Aktif,False
L000329,C00254,customer,Konut Kredisi,10528.28,6,2.85,2024-08-20,Kapalı,False
L000330,C00255,customer,Taşıt Kredisi,38451.87,6,3.98,2023-03-20,Kapalı,False
L000331,C00256,customer,İşletme Kredisi,12886.49,24,4.21,2019-10-11,Kapalı,False
L000332,C00257,customer,KOBİ Kredisi,3218.34,84,4.65,2020-07-06,Aktif,False
L000333,C00257,customer,Taşıt Kredisi,60138.83,6,2.82,2026-03-13,Aktif,False
L000334,C00258,customer,Konut Kredisi,79555.9,6,4.37,2023-01-17,Kapalı,False
L000335,C00259,customer,İhtiyaç Kredisi,45881.63,60,3.26,2023-04-20,Aktif,False
L000336,C00260,customer,İşletme Kredisi,98781.28,36,4.38,2020-03-13,Kapalı,False
L000337,C00260,customer,KOBİ Kredisi,22427.76,6,4.15,2021-12-11,Kapalı,False
L000338,C00261,customer,Kredi Kartı,48876.7,84,3.76,2022-08-28,Aktif,False
L000339,C00262,customer,İşletme Kredisi,7271.71,12,4.68,2025-02-22,Aktif,False
L000340,C00262,customer,İhtiyaç Kredisi,31434.41,36,4.05,2025-02-04,Aktif,False
L000341,C00263,customer,KOBİ Kredisi,21870.7,60,3.84,2022-06-14,Aktif,False
L000342,C00265,customer,İşletme Kredisi,101416.8,24,2.83,2024-08-08,Kapalı,False
L000343,C00266,customer,Kredi Kartı,3994.92,60,3.62,2021-11-04,Aktif,False
L000344,C00266,customer,Konut Kredisi,21987.42,120,3.0,2019-06-01,Aktif,False
L000345,C00267,customer,KOBİ Kredisi,291263.13,24,3.23,2021-07-10,Kapalı,False
L000346,C00267,customer,Kredi Kartı,33774.7,6,4.82,2023-03-02,Kapalı,True
L000347,C00268,customer,Kredi Kartı,29675.6,48,4.88,2022-01-19,Kapalı,False
L000348,C00269,customer,Konut Kredisi,75270.92,6,3.0,2020-02-03,Kapalı,False
L000349,C00269,customer,Kredi Kartı,4883.54,36,3.33,2022-10-02,Kapalı,False
L000350,C00270,customer,Konut Kredisi,10164.9,84,3.9,2023-11-08,Aktif,False
L000351,C00270,customer,Konut Kredisi,15291.44,6,3.78,2022-11-30,Kapalı,False
L000352,C00271,customer,Konut Kredisi,50470.05,60,3.12,2024-02-19,Aktif,False
L000353,C00272,customer,KOBİ Kredisi,21941.09,36,3.74,2024-05-04,Aktif,False
L000354,C00273,customer,Taşıt Kredisi,55045.6,12,4.62,2025-10-01,Aktif,False
L000355,C00274,customer,Konut Kredisi,17805.82,36,3.53,2024-03-05,Aktif,False
L000356,C00274,customer,İşletme Kredisi,4804.35,6,4.8,2021-02-20,Kapalı,False
L000357,C00275,customer,Kredi Kartı,226195.71,84,3.85,2019-03-16,Kapalı,True
L000358,C00277,customer,KOBİ Kredisi,31141.79,84,2.53,2022-01-19,Aktif,False
L000359,C00278,customer,Konut Kredisi,22283.09,24,4.76,2021-10-25,Kapalı,False
L000360,C00279,customer,İhtiyaç Kredisi,40768.43,12,3.25,2019-11-01,Kapalı,False
L000361,C00280,customer,Taşıt Kredisi,27133.86,84,4.62,2026-04-08,Aktif,False
L000362,C00282,customer,Kredi Kartı,134529.89,24,2.97,2021-08-18,Kapalı,False
L000363,C00282,customer,Kredi Kartı,21158.38,12,4.5,2021-06-16,Aktif,False
L000364,C00283,customer,İhtiyaç Kredisi,68255.4,36,2.92,2020-02-05,Aktif,False
L000365,C00283,customer,Taşıt Kredisi,23106.38,36,3.09,2024-07-03,Aktif,False
L000366,C00284,customer,İhtiyaç Kredisi,34541.58,36,2.75,2022-06-18,Kapalı,False
L000367,C00284,customer,Kredi Kartı,27454.13,24,4.49,2024-10-10,Aktif,False
L000368,C00285,customer,Kredi Kartı,5812.57,24,3.81,2023-02-01,Kapalı,False
L000369,C00286,customer,İşletme Kredisi,50273.25,84,3.54,2023-08-23,Aktif,False
L000370,C00286,customer,İhtiyaç Kredisi,86204.34,60,2.77,2025-03-18,Aktif,True
L000371,C00287,customer,İhtiyaç Kredisi,26826.56,60,3.98,2025-03-28,Aktif,False
L000372,C00287,customer,Konut Kredisi,18609.49,36,4.16,2025-02-08,Aktif,False
L000373,C00288,customer,KOBİ Kredisi,6135.74,60,4.76,2019-08-06,Aktif,False
L000374,C00288,customer,Konut Kredisi,36698.06,36,4.17,2025-02-04,Aktif,False
L000375,C00289,customer,Kredi Kartı,46501.99,60,4.63,2024-02-03,Aktif,False
L000376,C00290,customer,İşletme Kredisi,21365.81,6,2.59,2024-05-23,Kapalı,False
L000377,C00292,customer,Kredi Kartı,87990.53,48,4.02,2025-12-11,Aktif,False
L000378,C00293,customer,İhtiyaç Kredisi,165596.74,48,2.55,2024-12-12,Aktif,False
L000379,C00293,customer,İhtiyaç Kredisi,20301.73,60,2.87,2026-07-06,Aktif,False
L000380,C00295,customer,Kredi Kartı,12194.62,12,4.46,2022-04-23,Kapalı,False
L000381,C00296,customer,İşletme Kredisi,45995.1,60,4.26,2021-10-31,Aktif,False
L000382,C00296,customer,İhtiyaç Kredisi,74991.84,6,3.15,2019-01-16,Aktif,False
L000383,C00297,customer,Konut Kredisi,15774.07,84,3.19,2020-08-02,Aktif,False
L000384,C00297,customer,KOBİ Kredisi,14876.55,84,4.84,2025-01-05,Aktif,False
L000385,C00297,customer,Konut Kredisi,38405.32,60,4.83,2026-06-25,Aktif,False
L000386,C00298,customer,Kredi Kartı,265599.92,84,4.77,2021-06-19,Aktif,False
L000387,C00298,customer,KOBİ Kredisi,8725.88,84,4.55,2023-11-11,Aktif,False
L000388,C00299,customer,İşletme Kredisi,7764.99,60,4.77,2025-12-07,Aktif,False
L000389,C00300,customer,Taşıt Kredisi,21688.19,36,4.22,2022-02-02,Kapalı,False
L000390,C00301,customer,Taşıt Kredisi,47239.19,36,4.0,2025-04-17,Aktif,False
L000391,C00302,customer,KOBİ Kredisi,38254.31,24,3.21,2021-01-25,Kapalı,False
L000392,C00303,customer,İşletme Kredisi,21727.26,48,2.75,2025-11-19,Aktif,False
L000393,C00304,customer,İşletme Kredisi,9982.19,84,4.71,2020-02-01,Aktif,False
L000394,C00304,customer,Taşıt Kredisi,11163.38,36,4.43,2023-07-13,Kapalı,False
L000395,C00305,customer,İhtiyaç Kredisi,32784.64,60,2.69,2021-04-26,Kapalı,False
L000396,C00306,customer,İhtiyaç Kredisi,30605.14,36,3.81,2019-11-13,Kapalı,True
L000397,C00306,customer,KOBİ Kredisi,24641.61,12,4.17,2020-03-23,Aktif,False
L000398,C00308,customer,Taşıt Kredisi,215164.19,120,2.58,2024-09-06,Aktif,False
L000399,C00308,customer,Taşıt Kredisi,8301.48,48,4.48,2022-06-10,Kapalı,False
L000400,C00309,customer,Taşıt Kredisi,23142.28,120,3.59,2020-11-30,Aktif,False
L000401,C00310,customer,Taşıt Kredisi,24164.82,12,4.39,2024-05-30,Kapalı,False
L000402,C00312,customer,Kredi Kartı,126928.31,84,3.82,2025-04-02,Aktif,False
L000403,C00313,customer,Taşıt Kredisi,40729.2,60,3.46,2024-11-09,Aktif,False
L000404,C00313,customer,Kredi Kartı,9808.1,48,4.48,2026-06-02,Aktif,False
L000405,C00315,customer,Taşıt Kredisi,67892.21,60,4.14,2024-07-22,Aktif,False
L000406,C00316,customer,İşletme Kredisi,6243.71,120,4.77,2022-06-13,Aktif,False
L000407,C00317,customer,İhtiyaç Kredisi,33109.77,120,3.03,2021-03-10,Aktif,False
L000408,C00318,customer,Taşıt Kredisi,167366.86,84,4.46,2020-03-03,Aktif,False
L000409,C00318,customer,Konut Kredisi,117969.8,84,3.12,2022-10-30,Aktif,False
L000410,C00319,customer,İşletme Kredisi,4751.58,6,3.24,2023-04-26,Kapalı,False
L000411,C00319,customer,Kredi Kartı,17461.73,48,2.54,2021-12-11,Kapalı,False
L000412,C00320,customer,İşletme Kredisi,45534.98,6,2.96,2025-09-12,Kapalı,False
L000413,C00321,customer,İhtiyaç Kredisi,51037.71,24,3.08,2022-03-31,Kapalı,False
L000414,C00322,customer,İşletme Kredisi,13083.85,84,3.89,2021-08-28,Aktif,False
L000415,C00322,customer,Konut Kredisi,38805.9,6,3.43,2019-10-01,Aktif,False
L000416,C00323,customer,İhtiyaç Kredisi,45282.58,120,4.8,2019-07-16,Aktif,False
L000417,C00323,customer,Kredi Kartı,27820.88,84,3.02,2021-10-28,Aktif,False
L000418,C00324,customer,İhtiyaç Kredisi,17647.43,48,3.62,2022-06-07,Kapalı,False
L000419,C00325,customer,KOBİ Kredisi,46713.62,60,3.83,2021-01-04,Kapalı,False
L000420,C00326,customer,KOBİ Kredisi,28598.72,12,3.27,2022-02-04,Kapalı,False
L000421,C00326,customer,KOBİ Kredisi,7978.11,48,3.17,2019-11-10,Kapalı,False
L000422,C00327,customer,Taşıt Kredisi,2115.2,120,3.94,2023-10-09,Aktif,False
L000423,C00328,customer,İşletme Kredisi,6614.84,48,3.26,2019-01-30,Kapalı,True
L000424,C00329,customer,Konut Kredisi,97901.35,12,2.82,2026-01-21,Aktif,False
L000425,C00330,customer,İhtiyaç Kredisi,56839.99,6,2.65,2025-12-08,Kapalı,False
L000426,C00331,customer,Konut Kredisi,7873.21,120,4.69,2026-03-16,Aktif,True
L000427,C00332,customer,Konut Kredisi,43189.0,60,3.29,2020-02-21,Kapalı,False
L000428,C00332,customer,Konut Kredisi,21659.68,60,2.67,2022-08-31,Aktif,False
L000429,C00333,customer,Taşıt Kredisi,24345.5,120,4.1,2021-05-21,Aktif,False
L000430,C00333,customer,İhtiyaç Kredisi,79621.69,120,4.11,2020-12-17,Aktif,False
L000431,C00333,customer,KOBİ Kredisi,15492.7,12,3.63,2024-10-20,Kapalı,False
L000432,C00334,customer,İşletme Kredisi,15334.84,12,2.52,2023-04-17,Kapalı,False
L000433,C00334,customer,Taşıt Kredisi,250570.68,120,4.15,2020-11-26,Aktif,False
L000434,C00336,customer,Kredi Kartı,18911.42,6,3.9,2025-09-01,Kapalı,False
L000435,C00338,customer,İhtiyaç Kredisi,35453.8,48,2.89,2023-04-27,Aktif,False
L000436,C00339,customer,Konut Kredisi,216917.45,6,4.69,2021-08-25,Kapalı,True
L000437,C00341,customer,Kredi Kartı,20965.47,6,4.43,2021-12-07,Kapalı,False
L000438,C00342,customer,Kredi Kartı,8690.62,6,4.0,2024-09-26,Kapalı,False
L000439,C00343,customer,Taşıt Kredisi,29292.04,36,4.41,2019-08-05,Kapalı,False
L000440,C00344,customer,KOBİ Kredisi,5506.39,36,4.53,2020-07-22,Kapalı,False
L000441,C00344,customer,Taşıt Kredisi,81569.28,36,3.01,2024-07-25,Aktif,False
L000442,C00345,customer,KOBİ Kredisi,14614.64,60,4.78,2019-08-31,Kapalı,False
L000443,C00345,customer,Kredi Kartı,25983.58,84,4.05,2019-07-03,Kapalı,False
L000444,C00346,customer,KOBİ Kredisi,20260.18,36,2.92,2022-12-31,Kapalı,False
L000445,C00346,customer,Taşıt Kredisi,29137.71,84,2.89,2026-05-14,Aktif,False
L000446,C00348,customer,Konut Kredisi,37303.87,36,2.69,2019-08-03,Aktif,False
L000447,C00348,customer,Konut Kredisi,33769.52,36,3.95,2025-04-26,Aktif,False
L000448,C00349,customer,Taşıt Kredisi,9041.75,48,3.44,2023-02-21,Aktif,False
L000449,C00349,customer,Kredi Kartı,68188.91,60,4.73,2025-11-22,Aktif,False
L000450,C00350,customer,Konut Kredisi,9427.89,24,4.13,2023-09-20,Kapalı,False
L000451,C00350,customer,İhtiyaç Kredisi,32632.07,6,3.85,2025-11-03,Kapalı,False
L000452,C00351,customer,Taşıt Kredisi,5896.11,120,4.89,2021-11-11,Aktif,False
L000453,C00351,customer,Kredi Kartı,31634.02,60,2.83,2020-01-03,Kapalı,False
L000454,C00352,customer,İhtiyaç Kredisi,20305.14,84,3.28,2022-04-06,Aktif,False
L000455,C00353,customer,İhtiyaç Kredisi,41546.13,12,3.91,2021-03-30,Kapalı,False
L000456,C00354,customer,Kredi Kartı,19196.8,6,3.88,2026-03-10,Aktif,False
L000457,C00354,customer,Taşıt Kredisi,26155.98,60,4.87,2022-03-27,Aktif,False
L000458,C00355,customer,Taşıt Kredisi,26051.07,84,2.62,2019-06-16,Kapalı,False
L000459,C00355,customer,Kredi Kartı,13180.98,24,3.24,2020-11-16,Kapalı,False
L000460,C00356,customer,Konut Kredisi,140847.51,120,4.52,2025-10-31,Aktif,False
L000461,C00358,customer,Taşıt Kredisi,11343.52,60,3.72,2025-06-05,Aktif,False
L000462,C00360,customer,İşletme Kredisi,16430.6,24,4.74,2020-09-29,Kapalı,False
L000463,C00361,customer,Konut Kredisi,17612.36,120,3.85,2022-08-12,Aktif,False
L000464,C00362,customer,Konut Kredisi,2972.23,120,2.96,2024-02-21,Aktif,False
L000465,C00362,customer,Konut Kredisi,38594.33,60,4.23,2020-02-23,Kapalı,False
L000466,C00365,customer,İşletme Kredisi,45291.09,60,4.57,2023-11-20,Aktif,False
L000467,C00366,customer,Taşıt Kredisi,26312.51,84,4.18,2024-07-01,Aktif,False
L000468,C00367,customer,Konut Kredisi,26488.15,120,2.91,2019-08-27,Aktif,False
L000469,C00367,customer,Kredi Kartı,24938.38,6,3.9,2019-11-17,Kapalı,False
L000470,C00368,customer,Taşıt Kredisi,18212.79,36,4.44,2026-03-22,Aktif,False
L000471,C00368,customer,Kredi Kartı,11096.08,120,4.14,2022-12-30,Aktif,False
L000472,C00369,customer,Kredi Kartı,34599.27,48,4.67,2021-01-01,Kapalı,False
L000473,C00369,customer,İşletme Kredisi,18222.38,36,4.3,2022-10-07,Kapalı,False
L000474,C00369,customer,Konut Kredisi,55934.84,120,4.54,2022-03-27,Aktif,False
L000475,C00370,customer,İşletme Kredisi,9218.62,36,2.76,2025-12-08,Aktif,False
L000476,C00370,customer,İşletme Kredisi,23335.11,36,4.05,2025-04-20,Aktif,False
L000477,C00371,customer,Konut Kredisi,34457.98,24,4.42,2023-03-03,Aktif,False
L000478,C00372,customer,İşletme Kredisi,17720.06,36,2.99,2022-10-31,Kapalı,False
L000479,C00372,customer,Konut Kredisi,11661.64,24,4.5,2019-09-20,Kapalı,False
L000480,C00373,customer,Kredi Kartı,5376.7,48,2.53,2023-04-05,Aktif,False
L000481,C00374,customer,İhtiyaç Kredisi,51842.24,84,4.76,2024-12-21,Aktif,False
L000482,C00375,customer,Kredi Kartı,26860.93,24,2.94,2021-11-13,Kapalı,False
L000483,C00376,customer,KOBİ Kredisi,29994.97,60,3.09,2023-08-28,Aktif,False
L000484,C00378,customer,İhtiyaç Kredisi,9242.45,6,3.16,2026-06-14,Aktif,False
L000485,C00379,customer,İhtiyaç Kredisi,50034.09,36,4.6,2019-03-24,Kapalı,False
L000486,C00380,customer,Kredi Kartı,22408.54,24,4.18,2021-05-08,Kapalı,False
L000487,C00382,customer,İhtiyaç Kredisi,27897.14,24,3.7,2020-01-31,Aktif,False
L000488,C00382,customer,İşletme Kredisi,42514.89,36,2.95,2020-07-12,Kapalı,False
L000489,C00383,customer,Konut Kredisi,155159.85,12,2.56,2021-12-08,Aktif,False
L000490,C00384,customer,KOBİ Kredisi,76343.15,36,3.93,2026-01-15,Aktif,False
L000491,C00385,customer,Kredi Kartı,13695.79,24,4.21,2020-04-11,Kapalı,False
L000492,C00386,customer,KOBİ Kredisi,11159.33,12,4.53,2022-10-08,Kapalı,False
L000493,C00387,customer,İhtiyaç Kredisi,33263.6,84,3.45,2024-06-23,Aktif,False
L000494,C00389,customer,KOBİ Kredisi,38515.98,120,4.8,2025-03-04,Aktif,False
L000495,C00390,customer,İhtiyaç Kredisi,9596.7,12,4.44,2020-05-25,Kapalı,False
L000496,C00391,customer,İhtiyaç Kredisi,15292.66,36,3.29,2021-01-01,Kapalı,False
L000497,C00392,customer,Taşıt Kredisi,3762.75,24,3.71,2023-05-30,Kapalı,False
L000498,C00393,customer,Konut Kredisi,6183.38,84,4.47,2025-11-06,Aktif,False
L000499,C00393,customer,Taşıt Kredisi,24364.32,36,4.42,2023-05-04,Kapalı,False
L000500,C00394,customer,Taşıt Kredisi,28973.42,12,2.8,2019-05-24,Aktif,False
L000501,C00395,customer,KOBİ Kredisi,33308.47,12,4.6,2025-05-13,Kapalı,False
L000502,C00395,customer,Kredi Kartı,98865.08,12,4.87,2022-12-21,Kapalı,False
L000503,C00396,customer,KOBİ Kredisi,108999.38,120,3.06,2023-11-26,Aktif,False
L000504,C00397,customer,Taşıt Kredisi,50052.61,84,4.32,2019-01-28,Aktif,False
L000505,C00398,customer,Konut Kredisi,17942.89,84,3.36,2022-03-10,Aktif,True
L000506,C00399,customer,Kredi Kartı,12106.86,36,4.18,2019-03-01,Kapalı,False
L000507,C00399,customer,İşletme Kredisi,44239.89,84,4.67,2024-09-15,Aktif,False
L000508,C00399,customer,İhtiyaç Kredisi,27798.36,60,3.73,2019-02-20,Kapalı,False
L000509,C00400,customer,KOBİ Kredisi,6578.6,84,3.06,2025-05-21,Aktif,False
L000510,C00400,customer,İşletme Kredisi,16318.22,36,4.09,2026-06-28,Aktif,False
L000511,C00401,customer,İhtiyaç Kredisi,97285.22,12,2.55,2026-01-14,Aktif,False
L000512,C00403,customer,İşletme Kredisi,80662.06,120,2.96,2022-01-22,Aktif,False
L000513,C00404,customer,Taşıt Kredisi,234425.38,36,3.23,2026-05-25,Aktif,True
L000514,C00405,customer,Kredi Kartı,100443.56,6,4.49,2019-05-28,Kapalı,False
L000515,C00406,customer,Konut Kredisi,33037.99,12,2.96,2024-07-18,Kapalı,False
L000516,C00406,customer,KOBİ Kredisi,90137.03,36,4.14,2024-01-30,Aktif,False
L000517,C00406,customer,Taşıt Kredisi,14043.38,36,4.27,2020-11-10,Aktif,True
L000518,C00407,customer,İşletme Kredisi,17121.05,84,2.65,2023-07-31,Aktif,False
L000519,C00408,customer,İşletme Kredisi,3940.2,84,3.33,2024-12-23,Aktif,False
L000520,C00408,customer,İşletme Kredisi,51840.09,48,3.2,2021-05-20,Kapalı,False
L000521,C00409,customer,İhtiyaç Kredisi,48366.34,6,4.36,2026-07-12,Aktif,False
L000522,C00410,customer,Konut Kredisi,3664.41,12,3.21,2022-06-02,Kapalı,False
L000523,C00410,customer,KOBİ Kredisi,92162.1,36,2.66,2025-11-18,Aktif,False
L000524,C00412,customer,Kredi Kartı,29853.18,60,4.03,2022-04-03,Aktif,False
L000525,C00413,customer,İhtiyaç Kredisi,57922.48,6,4.72,2022-10-24,Kapalı,False
L000526,C00414,customer,Kredi Kartı,97313.45,6,4.3,2021-04-19,Kapalı,False
L000527,C00416,customer,Taşıt Kredisi,3142.8,120,4.53,2022-09-15,Aktif,False
L000528,C00418,customer,İhtiyaç Kredisi,73006.56,60,3.02,2025-02-22,Aktif,False
L000529,C00419,customer,KOBİ Kredisi,37098.55,36,2.87,2022-09-20,Aktif,False
L000530,C00419,customer,Konut Kredisi,37286.19,24,4.01,2021-02-10,Kapalı,False
L000531,C00421,customer,Konut Kredisi,34447.9,24,4.25,2020-02-20,Kapalı,False
L000532,C00421,customer,İşletme Kredisi,157833.78,84,2.73,2019-07-05,Kapalı,False
L000533,C00422,customer,İhtiyaç Kredisi,41603.78,12,4.74,2025-03-09,Kapalı,False
L000534,C00423,customer,Kredi Kartı,52437.81,12,4.66,2022-07-22,Kapalı,False
L000535,C00424,customer,Kredi Kartı,67010.35,12,2.54,2022-04-10,Kapalı,False
L000536,C00425,customer,İşletme Kredisi,66080.43,60,2.55,2019-02-28,Kapalı,False
L000537,C00426,customer,Kredi Kartı,30267.94,48,4.4,2024-05-16,Aktif,False
L000538,C00426,customer,Kredi Kartı,9509.36,24,2.98,2025-09-29,Aktif,False
L000539,C00426,customer,Taşıt Kredisi,311393.39,84,2.88,2021-11-09,Aktif,False
L000540,C00427,customer,Taşıt Kredisi,19135.09,24,3.22,2023-08-15,Kapalı,False
L000541,C00427,customer,Kredi Kartı,35862.08,48,3.48,2021-06-16,Kapalı,False
L000542,C00428,customer,Taşıt Kredisi,6470.35,48,4.61,2022-10-26,Aktif,False
L000543,C00428,customer,Kredi Kartı,2892.48,84,3.28,2019-02-23,Kapalı,False
L000544,C00429,customer,İhtiyaç Kredisi,20664.48,12,3.81,2024-02-01,Kapalı,False
L000545,C00430,customer,Taşıt Kredisi,10245.6,60,3.64,2026-07-18,Aktif,False
L000546,C00430,customer,İşletme Kredisi,14920.37,84,2.67,2024-12-02,Aktif,False
L000547,C00431,customer,Kredi Kartı,13329.16,24,3.22,2024-01-27,Kapalı,False
L000548,C00431,customer,KOBİ Kredisi,942657.29,24,4.67,2019-03-20,Kapalı,False
L000549,C00433,customer,İşletme Kredisi,66059.13,12,4.25,2020-11-08,Kapalı,False
L000550,C00433,customer,KOBİ Kredisi,20110.82,84,2.75,2020-05-18,Aktif,False
L000551,C00434,customer,Taşıt Kredisi,37990.3,6,4.09,2025-10-15,Kapalı,True
L000552,C00434,customer,İhtiyaç Kredisi,10593.64,120,4.29,2025-08-01,Aktif,False
L000553,C00435,customer,İşletme Kredisi,87965.5,84,3.88,2026-07-24,Aktif,False
L000554,C00435,customer,İhtiyaç Kredisi,54711.32,60,3.13,2025-12-25,Aktif,True
L000555,C00436,customer,KOBİ Kredisi,26726.11,60,4.25,2026-04-13,Aktif,False
L000556,C00436,customer,İhtiyaç Kredisi,26269.3,120,3.53,2019-08-13,Aktif,False
L000557,C00439,customer,Konut Kredisi,28488.68,36,3.72,2021-09-06,Kapalı,False
L000558,C00440,customer,İşletme Kredisi,44947.58,84,3.12,2019-07-30,Kapalı,False
L000559,C00442,customer,KOBİ Kredisi,6764.4,120,2.71,2022-11-16,Aktif,False
L000560,C00443,customer,Taşıt Kredisi,21320.0,60,4.65,2021-03-23,Kapalı,False
L000561,C00443,customer,İhtiyaç Kredisi,31727.19,12,2.63,2022-08-17,Kapalı,False
L000562,C00444,customer,İhtiyaç Kredisi,49537.5,36,2.76,2021-02-02,Kapalı,False
L000563,C00444,customer,KOBİ Kredisi,81980.31,48,4.24,2023-12-28,Aktif,False
L000564,C00445,customer,İhtiyaç Kredisi,52946.14,36,4.27,2021-08-24,Kapalı,False
L000565,C00445,customer,İhtiyaç Kredisi,9083.3,84,4.72,2024-08-22,Aktif,False
L000566,C00445,customer,Konut Kredisi,64894.27,48,2.93,2020-10-08,Kapalı,False
L000567,C00446,customer,Taşıt Kredisi,12428.49,12,4.48,2023-02-16,Kapalı,False
L000568,C00446,customer,İşletme Kredisi,18193.54,6,2.51,2021-04-25,Kapalı,False
L000569,C00447,customer,Konut Kredisi,46129.6,12,4.16,2021-10-07,Kapalı,False
L000570,C00447,customer,Kredi Kartı,19280.81,60,4.1,2021-03-13,Aktif,False
L000571,C00448,customer,KOBİ Kredisi,17553.69,120,3.94,2019-12-27,Aktif,False
L000572,C00449,customer,Konut Kredisi,8955.14,84,2.98,2021-03-12,Aktif,False
L000573,C00450,customer,Kredi Kartı,22201.06,48,3.88,2022-08-23,Kapalı,False
L000574,C00452,customer,Kredi Kartı,23187.75,24,4.54,2021-05-20,Kapalı,False
L000575,C00454,customer,Taşıt Kredisi,8855.86,48,2.92,2024-09-26,Aktif,False
L000576,C00454,customer,Kredi Kartı,19065.85,24,4.71,2025-09-05,Aktif,False
L000577,C00455,customer,İşletme Kredisi,30692.14,36,2.59,2021-11-13,Kapalı,False
L000578,C00456,customer,KOBİ Kredisi,80200.96,120,4.46,2022-07-15,Aktif,False
L000579,C00457,customer,Kredi Kartı,84513.07,36,2.79,2022-11-20,Kapalı,False
L000580,C00457,customer,KOBİ Kredisi,25960.65,6,4.68,2023-05-07,Kapalı,False
L000581,C00458,customer,Konut Kredisi,64615.27,12,3.81,2020-08-11,Kapalı,False
L000582,C00458,customer,Kredi Kartı,47766.57,12,4.12,2022-08-17,Kapalı,False
L000583,C00459,customer,Konut Kredisi,67353.53,120,3.12,2024-08-22,Aktif,True
L000584,C00460,customer,KOBİ Kredisi,3917.82,60,3.17,2019-03-01,Kapalı,False
L000585,C00461,customer,KOBİ Kredisi,64133.75,6,3.41,2021-02-15,Kapalı,False
L000586,C00462,customer,Konut Kredisi,17332.6,12,2.92,2019-03-09,Kapalı,False
L000587,C00462,customer,İşletme Kredisi,10243.01,84,2.83,2021-04-03,Aktif,False
L000588,C00463,customer,KOBİ Kredisi,22258.97,48,3.96,2020-11-15,Kapalı,False
L000589,C00464,customer,İhtiyaç Kredisi,82708.73,24,2.92,2023-07-22,Aktif,False
L000590,C00466,customer,Konut Kredisi,24858.0,48,2.63,2021-04-10,Kapalı,False
L000591,C00466,customer,Kredi Kartı,28437.95,120,3.63,2025-11-08,Aktif,False
L000592,C00467,customer,KOBİ Kredisi,34300.07,48,3.88,2023-05-16,Aktif,False
L000593,C00469,customer,Taşıt Kredisi,8486.2,84,3.85,2025-09-06,Aktif,False
L000594,C00469,customer,Kredi Kartı,42562.24,36,2.82,2019-01-20,Aktif,True
L000595,C00471,customer,Taşıt Kredisi,74518.3,36,2.94,2021-06-22,Kapalı,False
L000596,C00472,customer,İşletme Kredisi,163966.82,24,2.64,2020-01-23,Kapalı,True
L000597,C00473,customer,Kredi Kartı,197259.12,84,4.65,2026-06-22,Aktif,False
L000598,C00474,customer,İhtiyaç Kredisi,53807.14,84,4.85,2019-10-16,Aktif,False
L000599,C00474,customer,İşletme Kredisi,19152.31,48,2.62,2025-12-27,Aktif,False
L000600,C00475,customer,İşletme Kredisi,32277.8,60,3.68,2020-05-04,Kapalı,False
L000601,C00475,customer,KOBİ Kredisi,15200.92,12,3.45,2023-08-31,Kapalı,False
L000602,C00476,customer,İşletme Kredisi,70265.6,48,4.7,2025-07-16,Aktif,False
L000603,C00476,customer,Kredi Kartı,14102.28,24,3.35,2023-06-20,Kapalı,False
L000604,C00479,customer,Taşıt Kredisi,75057.83,24,2.73,2024-08-17,Kapalı,False
L000605,C00480,customer,KOBİ Kredisi,34059.53,12,4.02,2022-06-10,Kapalı,False
L000606,C00481,customer,İşletme Kredisi,85094.28,84,4.49,2023-04-16,Aktif,False
L000607,C00482,customer,Konut Kredisi,64334.07,24,4.53,2025-12-17,Aktif,False
L000608,C00482,customer,Taşıt Kredisi,28262.68,60,4.26,2024-01-25,Aktif,False
L000609,C00483,customer,İhtiyaç Kredisi,19857.44,60,2.66,2019-06-27,Kapalı,True
L000610,C00483,customer,İhtiyaç Kredisi,15948.27,36,2.52,2022-03-15,Kapalı,False
L000611,C00484,customer,Kredi Kartı,19495.49,12,4.83,2019-11-17,Kapalı,False
L000612,C00485,customer,Taşıt Kredisi,43091.47,6,3.07,2026-04-16,Aktif,False
L000613,C00486,customer,Taşıt Kredisi,27760.47,60,2.7,2026-02-28,Aktif,False
L000614,C00487,customer,Konut Kredisi,28668.03,12,4.05,2020-07-24,Kapalı,False
L000615,C00487,customer,İhtiyaç Kredisi,54305.77,120,2.71,2020-09-16,Aktif,False
L000616,C00488,customer,İhtiyaç Kredisi,12528.32,36,2.52,2021-09-20,Kapalı,False
L000617,C00489,customer,Taşıt Kredisi,13985.66,36,3.32,2025-06-18,Aktif,False
L000618,C00489,customer,Kredi Kartı,43582.82,60,2.89,2019-10-04,Kapalı,False
L000619,C00489,customer,Taşıt Kredisi,9230.0,120,3.36,2024-04-07,Aktif,False
L000620,C00490,customer,Taşıt Kredisi,51963.52,120,3.95,2025-09-30,Aktif,False
L000621,C00491,customer,İşletme Kredisi,3585.65,120,4.64,2023-05-17,Aktif,False
L000622,C00491,customer,İşletme Kredisi,56096.64,24,2.7,2021-10-04,Kapalı,False
L000623,C00492,customer,Kredi Kartı,64971.01,48,4.09,2021-01-16,Kapalı,False
L000624,C00494,customer,KOBİ Kredisi,47394.94,60,3.32,2020-03-02,Kapalı,False
L000625,C00495,customer,İşletme Kredisi,29781.63,84,3.21,2022-10-19,Aktif,False
L000626,C00496,customer,Taşıt Kredisi,36688.5,6,4.28,2023-07-09,Kapalı,True
L000627,C00496,customer,İşletme Kredisi,11814.13,12,2.98,2022-06-21,Kapalı,False
L000628,C00497,customer,İşletme Kredisi,6226.05,48,3.74,2025-05-07,Aktif,False
L000629,C00497,customer,İhtiyaç Kredisi,20093.05,120,4.57,2020-08-01,Aktif,True
L000630,C00497,customer,İşletme Kredisi,57129.48,12,2.63,2019-09-15,Kapalı,False
L000631,C00498,customer,İşletme Kredisi,21230.25,48,4.36,2021-08-31,Aktif,False
L000632,C00498,customer,İhtiyaç Kredisi,54901.62,48,4.31,2019-12-11,Kapalı,False
L000633,C00498,customer,İhtiyaç Kredisi,20026.24,120,3.62,2025-08-17,Aktif,False
L000634,C00499,customer,Taşıt Kredisi,49739.13,6,4.37,2026-01-06,Kapalı,True
L000635,C00499,customer,KOBİ Kredisi,79800.2,48,2.61,2025-05-29,Aktif,False
L000636,C00500,customer,İhtiyaç Kredisi,19244.11,48,3.0,2022-03-04,Kapalı,False
L000637,C00500,customer,KOBİ Kredisi,25376.47,12,3.58,2025-08-16,Kapalı,False
L000638,C00501,customer,Kredi Kartı,4266.01,6,3.81,2020-08-04,Kapalı,False
L000639,C00502,customer,Kredi Kartı,45573.02,48,3.46,2020-04-01,Kapalı,False
L000640,C00503,customer,Kredi Kartı,14220.22,84,4.05,2025-08-21,Aktif,False
L000641,C00504,customer,Kredi Kartı,25702.85,84,4.51,2021-01-02,Aktif,False
L000642,C00504,customer,İhtiyaç Kredisi,27469.77,60,4.87,2020-04-14,Aktif,False
L000643,C00505,customer,KOBİ Kredisi,28230.93,36,3.6,2020-06-27,Kapalı,True
L000644,C00506,customer,KOBİ Kredisi,43389.38,6,4.08,2022-08-04,Kapalı,False
L000645,C00507,customer,İhtiyaç Kredisi,12263.62,6,3.82,2021-09-21,Kapalı,False
L000646,C00508,customer,Taşıt Kredisi,5625.72,84,4.86,2022-10-02,Aktif,False
L000647,C00509,customer,İhtiyaç Kredisi,10627.96,60,3.13,2020-06-10,Kapalı,False
L000648,C00511,customer,İşletme Kredisi,23431.1,36,4.3,2024-11-26,Aktif,False
L000649,C00512,customer,KOBİ Kredisi,42390.21,36,2.65,2022-07-13,Kapalı,False
L000650,C00513,customer,İhtiyaç Kredisi,46695.28,84,4.79,2022-03-04,Aktif,False
L000651,C00514,customer,Konut Kredisi,3050.99,84,3.93,2023-08-09,Aktif,False
L000652,C00515,customer,Konut Kredisi,39899.22,120,4.89,2020-03-11,Aktif,False
L000653,C00515,customer,Taşıt Kredisi,16578.13,6,3.69,2020-02-16,Kapalı,False
L000654,C00515,customer,İşletme Kredisi,108010.64,12,3.36,2022-10-18,Kapalı,False
L000655,C00516,customer,Kredi Kartı,17329.17,60,2.53,2020-05-09,Kapalı,False
L000656,C00516,customer,İşletme Kredisi,161044.94,12,3.75,2020-05-09,Kapalı,True
L000657,C00516,customer,Konut Kredisi,27361.88,84,2.94,2019-07-06,Kapalı,False
L000658,C00518,customer,Konut Kredisi,38360.09,36,4.7,2022-10-15,Kapalı,False
L000659,C00519,customer,KOBİ Kredisi,216642.8,24,3.79,2024-09-20,Aktif,False
L000660,C00519,customer,İhtiyaç Kredisi,102480.34,48,4.2,2019-07-17,Kapalı,False
L000661,C00519,customer,Kredi Kartı,160386.07,36,2.79,2022-10-10,Kapalı,False
L000662,C00520,customer,KOBİ Kredisi,11430.03,120,4.51,2023-04-16,Aktif,False
L000663,C00521,customer,Taşıt Kredisi,16384.68,120,4.72,2020-01-25,Aktif,False
L000664,C00521,customer,İşletme Kredisi,28037.59,24,4.18,2024-03-12,Kapalı,False
L000665,C00522,customer,İşletme Kredisi,6737.22,48,3.62,2024-04-03,Aktif,False
L000666,C00523,customer,Kredi Kartı,187154.82,120,2.89,2020-01-03,Aktif,False
L000667,C00523,customer,İşletme Kredisi,11591.46,36,3.03,2024-12-18,Aktif,False
L000668,C00525,customer,KOBİ Kredisi,17254.57,120,3.3,2019-07-07,Aktif,False
L000669,C00527,customer,İhtiyaç Kredisi,11106.27,6,3.93,2026-04-09,Aktif,False
L000670,C00528,customer,Kredi Kartı,31290.06,48,4.77,2024-04-26,Aktif,True
L000671,C00528,customer,İhtiyaç Kredisi,15588.27,6,3.21,2021-01-26,Aktif,True
L000672,C00528,customer,İhtiyaç Kredisi,22402.08,36,3.27,2020-04-10,Kapalı,False
L000673,C00529,customer,İşletme Kredisi,90540.54,24,3.09,2022-06-28,Kapalı,False
L000674,C00530,customer,Kredi Kartı,58976.82,48,3.24,2021-08-16,Kapalı,False
L000675,C00531,customer,Konut Kredisi,4930.84,84,3.67,2025-05-11,Aktif,False
L000676,C00532,customer,Kredi Kartı,6358.78,48,4.49,2020-08-23,Kapalı,False
L000677,C00533,customer,Taşıt Kredisi,72191.99,48,4.55,2025-07-02,Aktif,False
L000678,C00534,customer,İhtiyaç Kredisi,12913.21,6,4.1,2020-01-10,Kapalı,False
L000679,C00536,customer,Kredi Kartı,5754.9,36,4.28,2021-10-07,Kapalı,True
L000680,C00537,customer,Konut Kredisi,65220.39,12,2.83,2025-12-08,Aktif,False
L000681,C00537,customer,Kredi Kartı,30192.23,12,2.77,2021-03-22,Kapalı,False
L000682,C00538,customer,KOBİ Kredisi,160091.37,84,3.96,2023-05-18,Aktif,True
L000683,C00538,customer,İhtiyaç Kredisi,59601.3,84,3.75,2020-03-11,Aktif,False
L000684,C00539,customer,Kredi Kartı,27699.63,84,3.72,2025-03-28,Aktif,False
L000685,C00539,customer,KOBİ Kredisi,24878.14,48,2.94,2025-01-14,Aktif,False
L000686,C00539,customer,Taşıt Kredisi,9720.14,6,3.93,2025-09-20,Kapalı,False
L000687,C00540,customer,Konut Kredisi,10688.04,12,3.62,2024-09-27,Kapalı,False
L000688,C00540,customer,KOBİ Kredisi,25023.51,24,2.7,2021-07-16,Kapalı,False
L000689,C00541,customer,Konut Kredisi,29989.76,6,3.86,2022-08-30,Kapalı,False
L000690,C00541,customer,Konut Kredisi,8295.36,120,4.71,2024-03-04,Aktif,False
L000691,C00542,customer,Taşıt Kredisi,21972.72,84,4.07,2021-03-13,Aktif,False
L000692,C00543,customer,KOBİ Kredisi,8712.34,24,4.57,2019-04-15,Kapalı,False
L000693,C00543,customer,KOBİ Kredisi,40267.45,6,4.26,2026-05-31,Aktif,False
L000694,C00546,customer,İşletme Kredisi,66188.3,48,2.71,2020-03-24,Kapalı,False
L000695,C00547,customer,Taşıt Kredisi,42565.42,12,3.57,2025-12-31,Aktif,True
L000696,C00548,customer,KOBİ Kredisi,18723.94,6,4.07,2023-05-18,Kapalı,False
L000697,C00548,customer,KOBİ Kredisi,8796.47,36,3.32,2023-11-29,Aktif,False
L000698,C00549,customer,Kredi Kartı,12281.98,60,3.91,2025-03-22,Aktif,False
L000699,C00549,customer,Konut Kredisi,56237.99,48,2.63,2026-05-07,Aktif,False
L000700,C00550,customer,Konut Kredisi,15187.88,120,3.55,2019-06-11,Aktif,False
L000701,C00550,customer,Konut Kredisi,36177.21,120,4.3,2019-12-28,Aktif,False
L000702,C00551,customer,Taşıt Kredisi,31579.37,84,2.86,2022-07-25,Aktif,False
L000703,C00552,customer,Konut Kredisi,12160.11,84,4.23,2022-02-13,Aktif,False
L000704,C00552,customer,KOBİ Kredisi,24997.4,60,3.2,2023-06-07,Aktif,False
L000705,C00554,customer,KOBİ Kredisi,4410.12,12,4.22,2022-10-04,Kapalı,False
L000706,C00554,customer,İhtiyaç Kredisi,23399.88,12,4.63,2020-05-01,Kapalı,False
L000707,C00556,customer,İhtiyaç Kredisi,13130.81,12,3.68,2024-11-09,Kapalı,True
L000708,C00556,customer,Konut Kredisi,52065.55,36,2.71,2023-02-13,Kapalı,False
L000709,C00557,customer,İşletme Kredisi,46858.25,24,3.33,2023-08-04,Kapalı,False
L000710,C00557,customer,Konut Kredisi,51359.41,24,4.16,2022-11-14,Kapalı,False
L000711,C00559,customer,İhtiyaç Kredisi,228288.91,36,4.1,2021-02-07,Kapalı,False
L000712,C00559,customer,Kredi Kartı,65860.05,48,3.85,2025-01-02,Aktif,True
L000713,C00560,customer,İşletme Kredisi,59512.11,84,3.9,2019-09-26,Kapalı,False
L000714,C00560,customer,Kredi Kartı,33309.46,36,2.91,2019-02-11,Kapalı,False
L000715,C00561,customer,Taşıt Kredisi,85957.39,24,4.87,2025-08-24,Aktif,False
L000716,C00561,customer,Kredi Kartı,77569.38,120,2.68,2025-01-21,Aktif,False
L000717,C00562,customer,Taşıt Kredisi,51870.53,12,4.44,2019-01-14,Kapalı,False
L000718,C00563,customer,İşletme Kredisi,7235.3,36,3.59,2019-02-09,Kapalı,False
L000719,C00563,customer,İhtiyaç Kredisi,8922.27,36,3.96,2024-06-29,Aktif,False
L000720,C00563,customer,KOBİ Kredisi,59070.0,60,4.83,2025-03-19,Aktif,False
L000721,C00564,customer,Kredi Kartı,61333.81,6,2.98,2020-03-10,Aktif,False
L000722,C00564,customer,Konut Kredisi,36430.22,84,3.09,2022-09-25,Aktif,False
L000723,C00564,customer,Taşıt Kredisi,19263.11,60,3.92,2024-01-18,Aktif,False
L000724,C00565,customer,İhtiyaç Kredisi,7341.21,6,3.2,2025-11-06,Kapalı,True
L000725,C00566,customer,Kredi Kartı,22090.26,120,3.54,2025-10-01,Aktif,False
L000726,C00566,customer,Konut Kredisi,57415.28,84,4.19,2021-03-01,Aktif,False
L000727,C00567,customer,İhtiyaç Kredisi,7273.29,12,3.34,2024-10-15,Kapalı,False
L000728,C00567,customer,KOBİ Kredisi,4467.89,48,3.06,2024-12-13,Aktif,False
L000729,C00568,customer,Taşıt Kredisi,81809.53,84,4.37,2020-06-29,Aktif,False
L000730,C00569,customer,KOBİ Kredisi,63380.1,12,4.34,2023-08-19,Kapalı,False
L000731,C00571,customer,KOBİ Kredisi,46073.61,120,3.64,2019-09-30,Aktif,False
L000732,C00572,customer,Kredi Kartı,90751.83,120,4.68,2022-07-27,Aktif,False
L000733,C00573,customer,KOBİ Kredisi,49601.11,48,2.59,2026-07-20,Aktif,False
L000734,C00574,customer,Kredi Kartı,149505.46,84,3.86,2025-12-25,Aktif,False
L000735,C00575,customer,Konut Kredisi,46177.16,120,3.15,2025-01-20,Aktif,False
L000736,C00575,customer,İhtiyaç Kredisi,25017.16,48,4.29,2020-01-30,Kapalı,False
L000737,C00576,customer,Taşıt Kredisi,110718.23,120,3.21,2024-04-18,Aktif,True
L000738,C00578,customer,İhtiyaç Kredisi,25196.76,120,3.77,2022-10-15,Aktif,False
L000739,C00579,customer,İhtiyaç Kredisi,146349.17,60,4.87,2023-10-28,Aktif,False
L000740,C00579,customer,Konut Kredisi,63366.32,12,4.76,2025-02-04,Kapalı,False
L000741,C00580,customer,Kredi Kartı,7759.25,84,3.42,2023-12-16,Aktif,False
L000742,C00580,customer,İşletme Kredisi,29145.08,60,3.9,2019-04-13,Kapalı,False
L000743,C00581,customer,İhtiyaç Kredisi,108423.74,36,3.53,2024-11-22,Aktif,False
L000744,C00581,customer,KOBİ Kredisi,64949.44,48,4.25,2019-11-27,Kapalı,False
L000745,C00582,customer,İhtiyaç Kredisi,19795.84,36,4.64,2022-02-06,Kapalı,False
L000746,C00584,customer,İşletme Kredisi,19791.42,48,3.06,2021-05-17,Kapalı,False
L000747,C00584,customer,Taşıt Kredisi,62868.81,12,3.91,2022-06-26,Kapalı,False
L000748,C00585,customer,Konut Kredisi,25224.67,120,3.18,2024-12-22,Aktif,False
L000749,C00586,customer,Kredi Kartı,174073.22,36,3.6,2023-01-05,Kapalı,False
L000750,C00586,customer,Taşıt Kredisi,5631.16,36,3.41,2023-08-09,Kapalı,False
L000751,C00587,customer,Taşıt Kredisi,83623.54,36,3.16,2019-07-14,Kapalı,False
L000752,C00588,customer,Taşıt Kredisi,70794.16,48,4.55,2022-07-28,Kapalı,False
L000753,C00588,customer,Kredi Kartı,58772.48,48,2.98,2021-10-16,Aktif,False
L000754,C00590,customer,İhtiyaç Kredisi,17585.1,6,3.28,2025-08-29,Kapalı,False
L000755,C00590,customer,KOBİ Kredisi,7010.14,84,4.54,2020-02-21,Aktif,False
L000756,C00591,customer,Kredi Kartı,3156.69,36,4.64,2019-08-23,Kapalı,False
L000757,C00592,customer,İhtiyaç Kredisi,3582.1,12,3.08,2025-05-28,Kapalı,False
L000758,C00593,customer,Kredi Kartı,36882.66,48,3.57,2023-06-14,Aktif,False
L000759,C00594,customer,İhtiyaç Kredisi,580321.01,120,3.5,2019-03-20,Aktif,False
L000760,C00594,customer,Konut Kredisi,3049.59,12,4.39,2020-01-15,Kapalı,False
L000761,C00595,customer,Konut Kredisi,51987.62,84,3.93,2020-10-29,Aktif,False
L000762,C00596,customer,Kredi Kartı,17681.76,84,3.97,2020-06-28,Aktif,True
L000763,C00597,customer,Kredi Kartı,20388.3,6,4.23,2020-08-06,Kapalı,False
L000764,C00597,customer,İşletme Kredisi,33930.72,60,2.7,2023-03-11,Aktif,True
L000765,C00598,customer,İhtiyaç Kredisi,27919.83,48,4.07,2022-05-04,Kapalı,False
L000766,C00599,customer,KOBİ Kredisi,12969.32,36,3.39,2019-06-19,Aktif,False
L000767,C00600,customer,KOBİ Kredisi,105625.1,24,4.73,2024-07-28,Kapalı,False
L000768,C00600,customer,Taşıt Kredisi,20734.81,6,4.84,2020-11-01,Kapalı,False
L000769,C00601,customer,İşletme Kredisi,30844.24,24,4.45,2025-04-18,Aktif,False
L000770,C00601,customer,Kredi Kartı,25489.89,6,4.51,2022-08-05,Kapalı,True
L000771,C00603,customer,Kredi Kartı,54463.36,36,2.7,2026-03-14,Aktif,False
L000772,C00603,customer,KOBİ Kredisi,55933.92,6,3.06,2026-06-17,Aktif,False
L000773,C00603,customer,İhtiyaç Kredisi,26925.27,36,3.45,2020-09-17,Aktif,False
L000774,C00604,customer,İşletme Kredisi,47111.41,36,2.71,2020-07-30,Kapalı,False
L000775,C00604,customer,KOBİ Kredisi,4327.75,60,3.34,2023-09-19,Aktif,False
L000776,C00605,customer,İşletme Kredisi,7935.09,48,3.0,2023-03-20,Aktif,False
L000777,C00606,customer,İşletme Kredisi,52275.09,60,3.72,2021-04-17,Kapalı,False
L000778,C00607,customer,Konut Kredisi,33603.58,48,2.88,2020-10-01,Kapalı,False
L000779,C00608,customer,İşletme Kredisi,25314.03,6,3.2,2024-06-16,Kapalı,False
L000780,C00608,customer,Kredi Kartı,32542.76,48,3.94,2023-11-26,Aktif,False
L000781,C00609,customer,İşletme Kredisi,230857.31,60,4.22,2023-12-04,Aktif,False
L000782,C00609,customer,KOBİ Kredisi,12874.43,48,4.81,2023-02-10,Aktif,False
L000783,C00610,customer,Kredi Kartı,46019.69,24,3.67,2022-02-08,Kapalı,False
L000784,C00611,customer,Konut Kredisi,140735.11,84,3.45,2025-01-13,Aktif,False
L000785,C00611,customer,Kredi Kartı,26056.14,60,3.75,2020-01-09,Kapalı,False
L000786,C00612,customer,Kredi Kartı,9164.21,120,4.75,2021-05-01,Aktif,False
L000787,C00613,customer,İhtiyaç Kredisi,8747.21,120,3.79,2024-05-22,Aktif,False
L000788,C00614,customer,Taşıt Kredisi,20019.36,48,3.67,2026-01-12,Aktif,False
L000789,C00615,customer,Konut Kredisi,6742.64,120,2.61,2026-06-17,Aktif,False
L000790,C00616,customer,Konut Kredisi,91663.45,120,2.91,2023-07-28,Aktif,False
L000791,C00616,customer,İşletme Kredisi,25895.65,120,3.32,2026-05-23,Aktif,False
L000792,C00617,customer,İhtiyaç Kredisi,57995.28,36,4.6,2019-10-03,Kapalı,False
L000793,C00617,customer,Taşıt Kredisi,7732.36,120,3.54,2024-06-15,Aktif,False
L000794,C00618,customer,KOBİ Kredisi,4723.26,6,4.16,2023-08-06,Kapalı,False
L000795,C00618,customer,İşletme Kredisi,13065.1,84,3.05,2023-11-30,Aktif,False
L000796,C00619,customer,Konut Kredisi,15083.38,24,3.05,2019-02-07,Kapalı,False
L000797,C00620,customer,Kredi Kartı,20629.5,60,4.0,2024-04-11,Aktif,False
L000798,C00620,customer,Konut Kredisi,10879.81,84,3.2,2020-12-19,Aktif,False
L000799,C00623,customer,İhtiyaç Kredisi,42811.53,84,2.65,2021-05-07,Aktif,False
L000800,C00624,customer,KOBİ Kredisi,72281.47,60,3.17,2020-01-15,Kapalı,False
L000801,C00625,customer,Konut Kredisi,3152.67,12,3.25,2022-11-18,Kapalı,False
L000802,C00626,customer,Konut Kredisi,358747.64,12,4.28,2021-08-14,Kapalı,False
L000803,C00627,customer,İşletme Kredisi,65201.54,120,4.77,2025-12-28,Aktif,True
L000804,C00627,customer,Kredi Kartı,68708.61,84,3.11,2026-05-31,Aktif,False
L000805,C00628,customer,Konut Kredisi,31377.54,12,3.34,2026-03-02,Aktif,False
L000806,C00628,customer,KOBİ Kredisi,15961.39,6,4.35,2020-02-24,Kapalı,False
L000807,C00629,customer,Kredi Kartı,41048.85,60,2.78,2025-05-10,Aktif,False
L000808,C00629,customer,KOBİ Kredisi,2886.24,120,3.5,2019-06-01,Aktif,False
L000809,C00630,customer,Kredi Kartı,39424.05,60,4.64,2023-02-22,Aktif,False
L000810,C00631,customer,Taşıt Kredisi,9989.63,24,4.4,2023-05-07,Kapalı,False
L000811,C00631,customer,Konut Kredisi,41667.41,84,3.16,2023-03-13,Aktif,False
L000812,C00632,customer,Kredi Kartı,17217.25,60,4.2,2024-06-14,Aktif,False
L000813,C00632,customer,Taşıt Kredisi,93056.82,60,4.57,2020-04-14,Kapalı,False
L000814,C00634,customer,İhtiyaç Kredisi,37042.57,24,2.6,2020-10-13,Kapalı,False
L000815,C00634,customer,İhtiyaç Kredisi,125347.77,12,2.76,2021-05-27,Kapalı,False
L000816,C00636,customer,İhtiyaç Kredisi,66920.61,24,3.42,2019-12-03,Kapalı,False
L000817,C00636,customer,İhtiyaç Kredisi,35026.7,6,4.54,2024-12-25,Kapalı,False
L000818,C00637,customer,Konut Kredisi,18129.95,60,2.89,2023-01-14,Aktif,False
L000819,C00639,customer,KOBİ Kredisi,205228.94,36,4.45,2022-04-03,Kapalı,False
L000820,C00639,customer,İşletme Kredisi,52870.22,24,3.54,2021-07-26,Aktif,True
L000821,C00640,customer,Taşıt Kredisi,28901.94,12,3.98,2025-03-01,Kapalı,False
L000822,C00641,customer,KOBİ Kredisi,53994.18,84,4.74,2025-07-04,Aktif,False
L000823,C00641,customer,Konut Kredisi,4762.1,36,4.89,2023-01-07,Kapalı,False
L000824,C00642,customer,İşletme Kredisi,49851.96,48,3.48,2023-05-17,Aktif,False
L000825,C00642,customer,KOBİ Kredisi,3473.21,36,4.63,2020-07-20,Kapalı,False
L000826,C00643,customer,Konut Kredisi,115313.47,48,4.48,2022-10-03,Aktif,False
L000827,C00644,customer,KOBİ Kredisi,46828.84,12,4.55,2026-04-07,Aktif,False
L000828,C00644,customer,İhtiyaç Kredisi,60418.72,24,3.43,2021-11-28,Aktif,False
L000829,C00645,customer,İşletme Kredisi,26726.73,48,2.81,2022-11-25,Aktif,False
L000830,C00646,customer,İşletme Kredisi,92074.91,6,2.88,2025-10-01,Kapalı,False
L000831,C00647,customer,İhtiyaç Kredisi,10724.7,48,4.53,2024-03-29,Aktif,False
L000832,C00647,customer,İhtiyaç Kredisi,51779.38,84,3.18,2020-08-25,Aktif,False
L000833,C00648,customer,KOBİ Kredisi,155035.45,48,3.42,2023-07-19,Aktif,False
L000834,C00648,customer,Konut Kredisi,24719.04,120,3.33,2020-12-27,Aktif,False
L000835,C00649,customer,Konut Kredisi,11177.6,48,4.01,2023-05-12,Aktif,False
L000836,C00649,customer,Taşıt Kredisi,184921.75,12,2.79,2020-08-05,Kapalı,False
L000837,C00650,customer,Taşıt Kredisi,16437.9,6,4.07,2025-06-30,Aktif,False
L000838,C00651,customer,İşletme Kredisi,144925.06,36,3.63,2025-05-11,Aktif,False
L000839,C00652,customer,İşletme Kredisi,45226.42,12,3.88,2019-11-24,Kapalı,False
L000840,C00652,customer,İhtiyaç Kredisi,8433.61,60,3.86,2026-05-10,Aktif,False
L000841,C00652,customer,Taşıt Kredisi,28200.77,60,2.54,2019-11-17,Kapalı,False
L000842,C00653,customer,İhtiyaç Kredisi,303490.66,60,4.48,2022-04-05,Aktif,False
L000843,C00653,customer,Kredi Kartı,19479.06,84,4.35,2026-07-04,Aktif,False
L000844,C00654,customer,Taşıt Kredisi,7997.22,120,4.78,2019-02-02,Aktif,True
L000845,C00654,customer,İşletme Kredisi,6757.79,120,3.6,2024-08-02,Aktif,False
L000846,C00654,customer,İhtiyaç Kredisi,5368.39,6,4.07,2019-07-09,Kapalı,False
L000847,C00655,customer,Kredi Kartı,4826.11,84,4.33,2019-04-19,Kapalı,False
L000848,C00656,customer,KOBİ Kredisi,16781.09,48,4.7,2021-09-09,Kapalı,False
L000849,C00657,customer,Konut Kredisi,34016.63,48,2.76,2023-09-26,Aktif,False
L000850,C00657,customer,Kredi Kartı,40143.6,36,3.55,2019-11-14,Kapalı,False
L000851,C00658,customer,Taşıt Kredisi,109339.13,24,4.71,2021-06-13,Aktif,False
L000852,C00659,customer,Kredi Kartı,41285.0,60,4.12,2021-11-20,Aktif,False
L000853,C00659,customer,Kredi Kartı,278381.14,84,2.73,2024-05-24,Aktif,False
L000854,C00660,customer,Kredi Kartı,12655.0,60,3.81,2025-02-22,Aktif,False
L000855,C00660,customer,Taşıt Kredisi,81078.57,12,4.56,2025-12-18,Aktif,False
L000856,C00661,customer,Kredi Kartı,26055.42,48,2.65,2022-10-29,Aktif,False
L000857,C00661,customer,İşletme Kredisi,45363.55,84,4.66,2025-02-12,Aktif,False
L000858,C00662,customer,Konut Kredisi,18922.71,36,3.56,2020-01-17,Aktif,False
L000859,C00663,customer,İhtiyaç Kredisi,46850.8,24,3.08,2022-12-28,Aktif,False
L000860,C00664,customer,İşletme Kredisi,9258.81,36,2.53,2025-12-01,Aktif,False
L000861,C00664,customer,Taşıt Kredisi,26960.24,6,3.67,2024-05-08,Kapalı,False
L000862,C00665,customer,Taşıt Kredisi,21705.16,60,3.69,2024-03-29,Aktif,True
L000863,C00666,customer,KOBİ Kredisi,28657.88,120,2.86,2019-08-28,Aktif,False
L000864,C00668,customer,İşletme Kredisi,34266.21,24,3.06,2022-05-14,Kapalı,False
L000865,C00669,customer,Konut Kredisi,56137.1,48,3.83,2024-04-04,Aktif,False
L000866,C00671,customer,İşletme Kredisi,7720.57,120,4.4,2019-10-12,Aktif,True
L000867,C00673,customer,İhtiyaç Kredisi,48444.46,60,2.86,2023-08-28,Aktif,False
L000868,C00673,customer,KOBİ Kredisi,29798.37,36,4.88,2020-04-24,Kapalı,False
L000869,C00674,customer,Taşıt Kredisi,50061.0,84,2.56,2022-04-26,Aktif,False
L000870,C00675,customer,Kredi Kartı,417948.24,84,4.05,2021-08-03,Aktif,False
L000871,C00675,customer,Konut Kredisi,30712.19,84,3.97,2024-12-04,Aktif,False
L000872,C00676,customer,İşletme Kredisi,15619.24,36,3.24,2020-02-12,Kapalı,False
L000873,C00677,customer,İhtiyaç Kredisi,18126.06,36,3.18,2022-11-19,Kapalı,False
L000874,C00679,customer,Kredi Kartı,27265.98,120,4.24,2020-07-07,Aktif,False
L000875,C00679,customer,Kredi Kartı,34850.98,24,3.59,2024-04-23,Kapalı,False
L000876,C00680,customer,KOBİ Kredisi,69607.29,12,4.27,2025-10-17,Aktif,False
L000877,C00681,customer,Konut Kredisi,14012.44,24,4.17,2020-03-28,Kapalı,False
L000878,C00681,customer,İşletme Kredisi,15805.37,120,4.84,2020-10-27,Aktif,False
L000879,C00682,customer,İşletme Kredisi,14556.74,6,3.42,2024-06-24,Kapalı,False
L000880,C00682,customer,Kredi Kartı,5151.61,48,4.55,2025-05-20,Aktif,False
L000881,C00683,customer,İhtiyaç Kredisi,5516.94,84,4.75,2026-04-10,Aktif,False
L000882,C00683,customer,Konut Kredisi,50334.19,6,4.07,2026-01-27,Kapalı,False
L000883,C00684,customer,Kredi Kartı,93541.92,48,4.45,2021-06-22,Kapalı,False
L000884,C00684,customer,Taşıt Kredisi,36711.25,60,3.31,2023-08-23,Aktif,False
L000885,C00684,customer,İşletme Kredisi,92086.57,60,3.85,2019-04-20,Kapalı,False
L000886,C00685,customer,İhtiyaç Kredisi,7056.25,120,4.58,2019-01-22,Aktif,False
L000887,C00685,customer,İhtiyaç Kredisi,90710.63,6,3.25,2025-01-10,Aktif,False
L000888,C00686,customer,İhtiyaç Kredisi,39993.0,60,3.53,2021-08-23,Kapalı,False
L000889,C00687,customer,İşletme Kredisi,47579.03,36,3.45,2025-06-16,Aktif,False
L000890,C00687,customer,KOBİ Kredisi,10009.54,6,4.41,2024-12-07,Kapalı,False
L000891,C00689,customer,KOBİ Kredisi,44572.24,84,4.21,2019-10-18,Aktif,False
L000892,C00689,customer,İhtiyaç Kredisi,31937.78,6,4.41,2020-01-13,Kapalı,False
L000893,C00690,customer,Taşıt Kredisi,8154.2,48,4.59,2024-03-22,Aktif,False
L000894,C00690,customer,İşletme Kredisi,72822.74,12,4.29,2020-05-13,Aktif,False
L000895,C00691,customer,İhtiyaç Kredisi,54517.83,84,4.84,2023-09-12,Aktif,False
L000896,C00692,customer,Kredi Kartı,40311.8,84,3.28,2024-10-10,Aktif,False
L000897,C00692,customer,Kredi Kartı,10557.21,60,3.09,2024-03-07,Aktif,False
L000898,C00692,customer,İhtiyaç Kredisi,22301.32,24,4.62,2024-03-19,Aktif,False
L000899,C00693,customer,KOBİ Kredisi,123922.2,6,4.38,2021-09-04,Kapalı,False
L000900,C00694,customer,Taşıt Kredisi,81590.34,48,3.23,2022-10-25,Aktif,True
L000901,C00695,customer,Taşıt Kredisi,24922.85,24,4.61,2024-03-11,Kapalı,False
L000902,C00696,customer,Kredi Kartı,94913.89,60,4.39,2020-09-24,Kapalı,False
L000903,C00697,customer,İhtiyaç Kredisi,21086.76,84,2.76,2025-10-28,Aktif,False
L000904,C00698,customer,Kredi Kartı,123422.48,60,3.47,2023-11-02,Aktif,False
L000905,C00699,customer,KOBİ Kredisi,33284.02,84,4.22,2023-04-01,Aktif,False
L000906,C00699,customer,Kredi Kartı,15220.02,48,4.07,2023-08-14,Aktif,False
L000907,C00700,customer,İhtiyaç Kredisi,37519.38,48,4.76,2020-11-10,Kapalı,False
L000908,C00700,customer,İhtiyaç Kredisi,7871.9,6,3.97,2019-02-25,Kapalı,True
L000909,C00701,customer,KOBİ Kredisi,11468.45,48,4.18,2021-02-22,Kapalı,False
L000910,C00702,customer,Kredi Kartı,90098.44,12,2.53,2019-03-12,Kapalı,False
L000911,C00702,customer,Taşıt Kredisi,19410.75,36,3.59,2021-01-09,Kapalı,False
L000912,C00703,customer,Kredi Kartı,41330.28,36,4.48,2021-07-03,Kapalı,False
L000913,C00703,customer,Taşıt Kredisi,197745.07,24,3.44,2021-05-06,Kapalı,False
L000914,C00704,customer,İhtiyaç Kredisi,13710.0,12,3.54,2022-11-03,Kapalı,False
L000915,C00705,customer,KOBİ Kredisi,105221.74,60,4.29,2024-03-06,Aktif,False
L000916,C00705,customer,KOBİ Kredisi,27072.03,84,2.55,2019-11-18,Aktif,True
L000917,C00706,customer,Kredi Kartı,5739.29,6,4.46,2019-05-27,Kapalı,False
L000918,C00707,customer,İhtiyaç Kredisi,2809.08,12,4.63,2024-12-09,Aktif,False
L000919,C00708,customer,Kredi Kartı,131100.25,48,2.59,2024-08-08,Aktif,False
L000920,C00708,customer,Taşıt Kredisi,37375.36,36,2.57,2026-01-06,Aktif,False
L000921,C00710,customer,Konut Kredisi,203254.17,12,3.17,2022-03-14,Kapalı,False
L000922,C00711,customer,İşletme Kredisi,45549.17,84,3.31,2021-07-11,Aktif,False
L000923,C00712,customer,Konut Kredisi,171756.69,60,3.92,2026-02-07,Aktif,False
L000924,C00712,customer,İşletme Kredisi,1708.78,6,4.35,2026-04-10,Aktif,True
L000925,C00714,customer,KOBİ Kredisi,178212.13,60,3.29,2024-08-02,Aktif,False
L000926,C00714,customer,KOBİ Kredisi,54560.14,60,3.48,2020-02-08,Aktif,False
L000927,C00715,customer,İşletme Kredisi,26834.11,36,4.89,2025-03-09,Aktif,False
L000928,C00716,customer,Taşıt Kredisi,40584.67,120,3.03,2019-08-11,Aktif,False
L000929,C00717,customer,İşletme Kredisi,47816.93,48,3.96,2022-01-29,Kapalı,False
L000930,C00718,customer,Kredi Kartı,60554.89,60,4.89,2019-03-09,Kapalı,False
L000931,C00719,customer,İşletme Kredisi,40572.01,12,4.84,2021-09-28,Kapalı,False
L000932,C00720,customer,Kredi Kartı,110360.97,48,4.9,2020-03-23,Kapalı,False
L000933,C00720,customer,İşletme Kredisi,7100.15,36,3.71,2020-10-20,Aktif,False
L000934,C00721,customer,Konut Kredisi,40063.97,120,4.36,2019-07-08,Aktif,False
L000935,C00721,customer,KOBİ Kredisi,26920.06,36,3.06,2021-07-25,Kapalı,False
L000936,C00722,customer,İhtiyaç Kredisi,25278.72,12,2.87,2019-07-13,Kapalı,False
L000937,C00722,customer,İhtiyaç Kredisi,7992.73,60,3.36,2022-04-21,Aktif,False
L000938,C00723,customer,İşletme Kredisi,63806.19,120,3.08,2019-12-06,Aktif,False
L000939,C00723,customer,İşletme Kredisi,253738.25,36,3.29,2019-11-20,Kapalı,False
L000940,C00724,customer,KOBİ Kredisi,28942.96,24,2.65,2026-04-05,Aktif,False
L000941,C00724,customer,KOBİ Kredisi,35784.92,60,4.87,2023-09-10,Aktif,False
L000942,C00725,customer,Kredi Kartı,37124.06,6,3.35,2023-11-14,Kapalı,False
L000943,C00725,customer,İşletme Kredisi,117156.05,84,2.82,2025-11-29,Aktif,False
L000944,C00726,customer,İhtiyaç Kredisi,14728.01,60,2.78,2023-04-23,Aktif,False
L000945,C00727,customer,İhtiyaç Kredisi,6394.91,12,2.56,2025-03-27,Kapalı,False
L000946,C00728,customer,İhtiyaç Kredisi,34845.49,6,2.55,2024-05-23,Kapalı,False
L000947,C00728,customer,Taşıt Kredisi,12644.35,60,2.64,2025-04-21,Aktif,False
L000948,C00729,customer,İhtiyaç Kredisi,179262.07,120,3.74,2022-08-10,Aktif,False
L000949,C00730,customer,Taşıt Kredisi,18990.45,84,3.0,2021-03-22,Aktif,False
L000950,C00730,customer,Konut Kredisi,32609.83,24,3.25,2024-08-16,Kapalı,False
L000951,C00731,customer,İşletme Kredisi,37533.54,12,3.74,2024-10-14,Kapalı,False
L000952,C00732,customer,KOBİ Kredisi,26117.63,60,4.14,2026-04-03,Aktif,False
L000953,C00732,customer,KOBİ Kredisi,17930.59,36,4.31,2021-10-22,Aktif,False
L000954,C00733,customer,İşletme Kredisi,44329.9,84,2.91,2022-02-19,Aktif,False
L000955,C00733,customer,Taşıt Kredisi,32898.72,24,4.37,2019-04-28,Kapalı,False
L000956,C00734,customer,İşletme Kredisi,25195.89,24,3.85,2022-10-17,Kapalı,False
L000957,C00735,customer,Taşıt Kredisi,2925.57,6,3.17,2019-02-14,Kapalı,False
L000958,C00736,customer,İşletme Kredisi,23069.65,6,4.37,2026-06-12,Aktif,False
L000959,C00736,customer,İşletme Kredisi,15460.83,120,3.53,2023-02-17,Aktif,False
L000960,C00737,customer,Taşıt Kredisi,55791.11,48,3.59,2022-04-02,Kapalı,False
L000961,C00737,customer,İhtiyaç Kredisi,17049.89,60,3.64,2021-08-10,Kapalı,False
L000962,C00738,customer,İşletme Kredisi,17921.85,36,4.89,2019-12-16,Aktif,False
L000963,C00738,customer,Taşıt Kredisi,38833.82,120,4.29,2020-11-01,Aktif,False
L000964,C00739,customer,KOBİ Kredisi,35589.71,36,2.68,2022-03-27,Kapalı,False
L000965,C00739,customer,Kredi Kartı,22830.4,36,4.71,2020-07-17,Aktif,False
L000966,C00741,customer,İşletme Kredisi,53170.35,12,4.27,2023-05-01,Kapalı,True
L000967,C00741,customer,KOBİ Kredisi,74263.99,120,3.38,2026-06-18,Aktif,True
L000968,C00742,customer,İhtiyaç Kredisi,3351.9,36,3.1,2022-03-11,Kapalı,True
L000969,C00743,customer,KOBİ Kredisi,65484.17,36,4.69,2023-11-24,Aktif,False
L000970,C00746,customer,Konut Kredisi,29938.91,60,3.11,2024-02-07,Aktif,False
L000971,C00748,customer,Konut Kredisi,133401.5,12,3.8,2024-04-24,Kapalı,False
L000972,C00749,customer,Konut Kredisi,162269.94,6,4.2,2019-03-15,Kapalı,True
L000973,C00750,customer,İhtiyaç Kredisi,13931.2,12,3.21,2021-07-21,Kapalı,False
L000974,C00750,customer,Kredi Kartı,21076.3,24,2.83,2020-04-26,Kapalı,False
L000975,C00751,customer,İhtiyaç Kredisi,23617.47,48,3.03,2019-02-02,Kapalı,False
L000976,C00752,customer,Taşıt Kredisi,8052.87,24,2.57,2020-03-22,Kapalı,False
L000977,C00752,customer,Kredi Kartı,7718.83,12,2.5,2025-07-04,Kapalı,False
L000978,C00753,customer,Taşıt Kredisi,33084.37,48,4.11,2022-03-28,Kapalı,False
L000979,C00753,customer,KOBİ Kredisi,35828.49,48,3.97,2022-08-13,Kapalı,False
L000980,C00754,customer,Kredi Kartı,13355.52,48,3.51,2023-10-13,Aktif,False
L000981,C00755,customer,İhtiyaç Kredisi,15151.26,60,3.29,2026-02-15,Aktif,False
L000982,C00755,customer,Taşıt Kredisi,6380.85,36,4.35,2023-06-15,Aktif,False
L000983,C00756,customer,KOBİ Kredisi,39246.53,48,4.87,2024-06-19,Aktif,False
L000984,C00756,customer,Kredi Kartı,41926.6,12,4.17,2022-04-08,Kapalı,False
L000985,C00757,customer,Kredi Kartı,104068.24,12,4.7,2025-10-06,Aktif,False
L000986,C00757,customer,Kredi Kartı,57459.7,6,4.62,2024-09-23,Kapalı,False
L000987,C00758,customer,İşletme Kredisi,28445.34,24,2.52,2023-03-20,Kapalı,False
L000988,C00758,customer,KOBİ Kredisi,52300.6,84,2.53,2025-02-03,Aktif,False
L000989,C00759,customer,Taşıt Kredisi,5307.0,84,3.46,2023-07-10,Aktif,False
L000990,C00760,customer,İşletme Kredisi,3118.14,12,3.36,2023-04-27,Kapalı,False
L000991,C00760,customer,İşletme Kredisi,1345.79,24,4.33,2024-02-18,Aktif,False
L000992,C00761,customer,Kredi Kartı,26157.09,84,3.29,2023-03-24,Aktif,False
L000993,C00761,customer,Konut Kredisi,20189.42,84,2.81,2023-03-01,Aktif,False
L000994,C00762,customer,KOBİ Kredisi,16560.26,120,3.13,2026-06-11,Aktif,False
L000995,C00763,customer,İşletme Kredisi,29793.67,120,4.72,2024-07-01,Aktif,False
L000996,C00764,customer,Taşıt Kredisi,34534.32,6,4.25,2019-06-10,Aktif,False
L000997,C00764,customer,Kredi Kartı,4713.96,84,4.53,2024-11-18,Aktif,False
L000998,C00765,customer,Kredi Kartı,11449.37,36,3.58,2024-04-29,Aktif,False
L000999,C00765,customer,Taşıt Kredisi,29144.66,36,4.14,2022-02-16,Kapalı,False
L001000,C00766,customer,İhtiyaç Kredisi,109270.11,24,3.8,2023-11-13,Kapalı,False
L001001,C00766,customer,Konut Kredisi,4163.7,120,3.23,2019-08-02,Aktif,False
L001002,C00767,customer,Kredi Kartı,27680.1,60,3.58,2021-12-07,Aktif,False
L001003,C00767,customer,İhtiyaç Kredisi,2289.56,60,4.07,2020-09-28,Kapalı,False
L001004,C00768,customer,Taşıt Kredisi,4008.25,24,2.84,2019-10-01,Kapalı,True
L001005,C00769,customer,Konut Kredisi,61208.93,120,4.3,2025-04-14,Aktif,False
L001006,C00770,customer,Kredi Kartı,141765.53,6,4.76,2020-11-04,Aktif,False
L001007,C00771,customer,Taşıt Kredisi,17001.26,60,4.27,2022-09-28,Aktif,False
L001008,C00772,customer,KOBİ Kredisi,50444.6,84,3.45,2025-12-08,Aktif,False
L001009,C00772,customer,İhtiyaç Kredisi,127994.42,36,2.72,2024-08-02,Aktif,False
L001010,C00773,customer,İhtiyaç Kredisi,8543.57,120,2.6,2025-09-17,Aktif,False
L001011,C00773,customer,Kredi Kartı,47060.99,12,2.74,2026-07-16,Aktif,False
L001012,C00774,customer,Kredi Kartı,9376.04,6,4.58,2023-09-06,Kapalı,False
L001013,C00774,customer,Kredi Kartı,84201.07,12,4.63,2022-11-17,Kapalı,False
L001014,C00774,customer,Konut Kredisi,42262.8,48,3.12,2026-01-02,Aktif,False
L001015,C00775,customer,KOBİ Kredisi,18612.32,48,3.84,2024-02-04,Aktif,True
L001016,C00775,customer,İşletme Kredisi,7349.83,48,4.21,2025-01-25,Aktif,False
L001017,C00777,customer,KOBİ Kredisi,5365.61,12,4.36,2020-04-02,Kapalı,False
L001018,C00778,customer,Taşıt Kredisi,91733.8,48,3.06,2025-11-02,Aktif,False
L001019,C00778,customer,Konut Kredisi,38722.27,84,3.58,2021-09-08,Aktif,False
L001020,C00779,customer,KOBİ Kredisi,9905.18,60,3.28,2019-07-12,Aktif,False
L001021,C00780,customer,KOBİ Kredisi,30200.71,24,4.33,2026-01-29,Aktif,False
L001022,C00781,customer,Kredi Kartı,10240.73,84,4.48,2024-02-08,Aktif,False
L001023,C00782,customer,İhtiyaç Kredisi,202419.33,84,4.12,2020-11-02,Aktif,False
L001024,C00783,customer,KOBİ Kredisi,8204.18,6,4.25,2019-12-08,Aktif,False
L001025,C00783,customer,İhtiyaç Kredisi,13225.28,60,4.17,2023-06-19,Aktif,False
L001026,C00784,customer,İhtiyaç Kredisi,35066.7,12,4.88,2025-12-13,Aktif,False
L001027,C00784,customer,KOBİ Kredisi,80384.23,12,3.74,2024-03-18,Kapalı,False
L001028,C00785,customer,Konut Kredisi,83520.07,24,4.89,2019-07-04,Kapalı,True
L001029,C00785,customer,İşletme Kredisi,45842.98,6,2.69,2020-09-05,Kapalı,False
L001030,C00786,customer,İşletme Kredisi,100910.78,84,4.2,2019-05-13,Kapalı,False
L001031,C00786,customer,Konut Kredisi,17506.44,84,4.07,2020-03-22,Aktif,False
L001032,C00787,customer,Kredi Kartı,36878.09,12,4.32,2024-04-24,Kapalı,False
L001033,C00788,customer,KOBİ Kredisi,8524.46,48,2.52,2019-12-27,Kapalı,False
L001034,C00789,customer,Konut Kredisi,75464.37,60,2.77,2022-05-13,Aktif,False
L001035,C00790,customer,Taşıt Kredisi,53710.1,36,3.35,2021-04-25,Aktif,False
L001036,C00790,customer,İşletme Kredisi,14907.78,12,4.66,2023-08-27,Kapalı,False
L001037,C00791,customer,Kredi Kartı,22982.45,12,3.31,2022-11-30,Kapalı,False
L001038,C00791,customer,İhtiyaç Kredisi,13059.71,36,4.38,2023-04-14,Kapalı,False
L001039,C00792,customer,Kredi Kartı,66246.88,48,4.84,2024-09-15,Aktif,False
L001040,C00793,customer,İhtiyaç Kredisi,136470.18,6,3.53,2024-01-03,Aktif,False
L001041,C00793,customer,Konut Kredisi,59265.68,24,4.66,2022-07-22,Kapalı,True
L001042,C00795,customer,İşletme Kredisi,45980.12,12,3.27,2023-08-20,Kapalı,False
L001043,C00796,customer,KOBİ Kredisi,26509.34,6,4.09,2023-05-29,Kapalı,False
L001044,C00797,customer,Kredi Kartı,7438.57,120,4.1,2024-06-11,Aktif,False
L001045,C00799,customer,İhtiyaç Kredisi,31570.81,36,4.62,2021-12-20,Kapalı,False
L001046,C00799,customer,Taşıt Kredisi,48813.98,48,2.82,2022-02-02,Kapalı,False
L001047,C00800,customer,İşletme Kredisi,21335.38,12,3.28,2022-07-19,Kapalı,False
L001048,C00800,customer,İşletme Kredisi,10300.93,6,3.91,2026-07-01,Aktif,False
L001049,C00801,customer,Konut Kredisi,6881.94,12,4.57,2024-11-02,Kapalı,False
L001050,C00802,customer,KOBİ Kredisi,110378.66,36,3.02,2025-09-17,Aktif,True
L001051,C00803,customer,Kredi Kartı,19001.56,48,3.79,2026-02-22,Aktif,False
L001052,C00804,customer,Konut Kredisi,77978.15,12,3.33,2021-04-17,Kapalı,False
L001053,C00805,customer,İhtiyaç Kredisi,6073.4,6,3.18,2022-05-10,Kapalı,False
L001054,C00807,customer,Taşıt Kredisi,23643.19,84,3.27,2022-02-21,Aktif,False
L001055,C00808,customer,Taşıt Kredisi,104792.69,48,2.61,2024-04-17,Aktif,False
L001056,C00808,customer,Kredi Kartı,41132.28,12,2.76,2025-06-16,Kapalı,False
L001057,C00808,customer,Konut Kredisi,42517.52,6,2.96,2025-10-16,Kapalı,False
L001058,C00809,customer,Taşıt Kredisi,86263.09,36,3.79,2025-05-09,Aktif,False
L001059,C00810,customer,Taşıt Kredisi,30925.96,36,4.22,2023-05-21,Kapalı,False
L001060,C00810,customer,Taşıt Kredisi,14280.78,24,4.85,2025-03-12,Aktif,False
L001061,C00811,customer,KOBİ Kredisi,69991.5,12,4.33,2020-03-31,Aktif,False
L001062,C00811,customer,İşletme Kredisi,9692.6,24,4.25,2022-04-15,Aktif,False
L001063,C00812,customer,Taşıt Kredisi,30684.8,36,3.11,2019-01-11,Aktif,False
L001064,C00812,customer,Taşıt Kredisi,22575.5,12,2.64,2024-09-29,Kapalı,False
L001065,C00813,customer,Kredi Kartı,22104.85,24,4.11,2022-01-03,Kapalı,False
L001066,C00815,customer,İşletme Kredisi,31833.45,12,3.34,2024-07-14,Kapalı,False
L001067,C00817,customer,Kredi Kartı,39853.04,84,3.08,2019-02-02,Kapalı,False
L001068,C00817,customer,İhtiyaç Kredisi,47088.24,120,3.76,2020-07-30,Aktif,False
L001069,C00818,customer,Taşıt Kredisi,30715.05,36,4.26,2021-07-24,Aktif,False
L001070,C00820,customer,İşletme Kredisi,4399.3,12,4.72,2021-10-16,Kapalı,False
L001071,C00821,customer,İhtiyaç Kredisi,4316.05,60,4.4,2021-10-09,Aktif,False
L001072,C00822,customer,Taşıt Kredisi,33865.95,120,3.1,2020-07-16,Aktif,False
L001073,C00823,customer,Konut Kredisi,6841.74,6,4.06,2022-01-21,Kapalı,False
L001074,C00823,customer,Kredi Kartı,19842.85,6,4.26,2025-06-11,Kapalı,False
L001075,C00824,customer,KOBİ Kredisi,10867.07,120,3.41,2020-01-04,Aktif,False
L001076,C00825,customer,KOBİ Kredisi,13025.44,24,4.21,2024-12-18,Aktif,False
L001077,C00825,customer,İşletme Kredisi,18267.2,24,3.15,2019-11-14,Kapalı,True
L001078,C00826,customer,Konut Kredisi,16306.49,84,3.48,2025-02-20,Aktif,False
L001079,C00828,customer,İhtiyaç Kredisi,38583.5,84,2.72,2021-03-08,Aktif,False
L001080,C00828,customer,İşletme Kredisi,108764.85,120,4.64,2019-01-17,Aktif,False
L001081,C00829,customer,KOBİ Kredisi,51336.18,48,4.52,2026-03-22,Aktif,False
L001082,C00829,customer,Kredi Kartı,10511.36,120,3.8,2021-08-02,Aktif,False
L001083,C00829,customer,Kredi Kartı,21059.56,24,3.73,2021-06-10,Aktif,False
L001084,C00830,customer,Konut Kredisi,3576.35,24,4.73,2023-11-08,Kapalı,False
L001085,C00831,customer,İşletme Kredisi,43883.23,36,4.15,2023-05-28,Kapalı,True
L001086,C00831,customer,Konut Kredisi,6127.53,48,2.84,2020-03-02,Kapalı,False
L001087,C00832,customer,İşletme Kredisi,31089.57,120,3.02,2025-01-26,Aktif,False
L001088,C00833,customer,Konut Kredisi,64419.35,6,3.74,2022-02-10,Kapalı,False
L001089,C00834,customer,İhtiyaç Kredisi,84976.39,120,2.66,2023-10-04,Aktif,False
L001090,C00835,customer,Konut Kredisi,6246.11,48,3.81,2019-11-16,Kapalı,False
L001091,C00837,customer,Konut Kredisi,40858.25,6,3.44,2023-05-03,Kapalı,False
L001092,C00837,customer,Konut Kredisi,11386.83,36,3.46,2020-12-24,Kapalı,False
L001093,C00838,customer,Konut Kredisi,160158.4,48,3.71,2022-01-05,Kapalı,False
L001094,C00838,customer,Konut Kredisi,26789.03,60,3.92,2020-05-01,Kapalı,False
L001095,C00839,customer,Konut Kredisi,129896.25,6,4.39,2025-03-03,Kapalı,False
L001096,C00839,customer,KOBİ Kredisi,116003.08,60,4.78,2021-12-16,Aktif,False
L001097,C00840,customer,Kredi Kartı,11894.31,12,3.36,2022-08-12,Kapalı,True
L001098,C00841,customer,KOBİ Kredisi,31323.81,84,4.5,2020-12-29,Aktif,False
L001099,C00842,customer,Kredi Kartı,67900.9,6,3.04,2020-02-29,Kapalı,False
L001100,C00844,customer,Taşıt Kredisi,24787.32,6,4.19,2022-05-16,Kapalı,False
L001101,C00845,customer,KOBİ Kredisi,198295.12,12,3.11,2021-11-27,Kapalı,False
L001102,C00846,customer,KOBİ Kredisi,16801.15,24,2.87,2022-02-28,Kapalı,False
L001103,C00846,customer,Taşıt Kredisi,139564.67,84,4.49,2020-04-24,Aktif,False
L001104,C00847,customer,İşletme Kredisi,8954.42,36,4.23,2019-01-24,Kapalı,False
L001105,C00847,customer,Taşıt Kredisi,11275.52,6,3.02,2025-04-11,Aktif,False
L001106,C00848,customer,İhtiyaç Kredisi,19449.61,120,4.56,2026-03-12,Aktif,False
L001107,C00848,customer,İhtiyaç Kredisi,222262.24,24,4.21,2020-12-01,Aktif,False
L001108,C00849,customer,Taşıt Kredisi,45377.28,60,4.35,2020-12-25,Kapalı,True
L001109,C00850,customer,Kredi Kartı,16286.73,48,2.53,2020-08-13,Kapalı,False
L001110,C00851,customer,Konut Kredisi,15605.47,120,2.72,2025-05-02,Aktif,True
L001111,C00852,customer,İhtiyaç Kredisi,61215.54,24,4.52,2024-06-29,Aktif,False
L001112,C00853,customer,İşletme Kredisi,35144.05,6,2.82,2020-11-17,Kapalı,True
L001113,C00854,customer,Kredi Kartı,28245.34,24,2.94,2020-11-24,Kapalı,False
L001114,C00855,customer,Taşıt Kredisi,42764.36,60,3.45,2024-03-13,Aktif,False
L001115,C00855,customer,İşletme Kredisi,20432.39,36,3.44,2022-09-25,Kapalı,False
L001116,C00856,customer,Kredi Kartı,42571.58,48,4.64,2021-05-17,Kapalı,False
L001117,C00857,customer,Taşıt Kredisi,6405.13,24,3.47,2020-11-30,Kapalı,False
L001118,C00857,customer,Kredi Kartı,39479.64,120,4.84,2024-04-23,Aktif,False
L001119,C00858,customer,İhtiyaç Kredisi,20684.73,36,3.78,2024-05-24,Aktif,False
L001120,C00859,customer,İhtiyaç Kredisi,117446.43,120,4.19,2020-03-09,Aktif,False
L001121,C00860,customer,İhtiyaç Kredisi,957.28,84,3.32,2025-01-29,Aktif,False
L001122,C00860,customer,Konut Kredisi,97138.08,84,2.93,2019-02-25,Kapalı,False
L001123,C00861,customer,İşletme Kredisi,73777.96,60,4.22,2025-06-16,Aktif,False
L001124,C00861,customer,Kredi Kartı,14515.18,6,4.4,2025-01-26,Kapalı,False
L001125,C00862,customer,İhtiyaç Kredisi,60830.92,24,2.9,2020-07-28,Kapalı,False
L001126,C00862,customer,KOBİ Kredisi,34645.64,6,4.0,2019-03-30,Aktif,False
L001127,C00863,customer,Kredi Kartı,68127.0,120,4.37,2022-04-01,Aktif,False
L001128,C00863,customer,İhtiyaç Kredisi,11144.55,12,4.49,2023-12-16,Kapalı,False
L001129,C00864,customer,İhtiyaç Kredisi,8423.29,36,4.27,2023-07-20,Kapalı,False
L001130,C00865,customer,Kredi Kartı,79012.38,120,3.93,2021-10-13,Aktif,False
L001131,C00866,customer,Kredi Kartı,18742.25,60,2.69,2025-11-18,Aktif,False
L001132,C00867,customer,Kredi Kartı,18407.63,6,4.54,2020-03-08,Kapalı,False
L001133,C00870,customer,KOBİ Kredisi,13345.53,48,3.15,2024-11-04,Aktif,False
L001134,C00871,customer,Konut Kredisi,43777.97,36,3.46,2020-07-08,Aktif,False
L001135,C00872,customer,Kredi Kartı,99867.74,120,3.97,2025-01-24,Aktif,False
L001136,C00874,customer,KOBİ Kredisi,11545.68,120,3.64,2019-11-01,Aktif,False
L001137,C00875,customer,Kredi Kartı,74224.36,24,4.25,2025-05-11,Aktif,False
L001138,C00875,customer,Konut Kredisi,10452.25,60,3.03,2024-06-09,Aktif,False
L001139,C00876,customer,İşletme Kredisi,203623.61,48,2.85,2023-12-05,Aktif,False
L001140,C00876,customer,Kredi Kartı,24348.85,120,3.12,2019-07-31,Aktif,False
L001141,C00877,customer,İhtiyaç Kredisi,26811.3,12,3.4,2026-03-23,Aktif,False
L001142,C00878,customer,İhtiyaç Kredisi,3582.47,36,3.67,2023-02-10,Kapalı,False
L001143,C00880,customer,Taşıt Kredisi,4308.52,60,2.73,2025-12-31,Aktif,False
L001144,C00881,customer,Kredi Kartı,10925.96,120,3.04,2021-01-05,Aktif,False
L001145,C00882,customer,İhtiyaç Kredisi,15528.86,60,2.83,2026-01-29,Aktif,True
L001146,C00882,customer,Konut Kredisi,24810.25,84,2.69,2023-09-19,Aktif,False
L001147,C00883,customer,İhtiyaç Kredisi,26734.45,48,3.39,2026-06-23,Aktif,False
L001148,C00884,customer,KOBİ Kredisi,6856.79,6,3.27,2023-03-18,Kapalı,False
L001149,C00884,customer,Taşıt Kredisi,155641.58,12,3.54,2020-04-05,Kapalı,False
L001150,C00885,customer,İşletme Kredisi,19321.0,60,4.09,2025-11-11,Aktif,False
L001151,C00885,customer,Kredi Kartı,30230.63,12,4.82,2025-12-30,Aktif,False
L001152,C00886,customer,Kredi Kartı,1958.32,84,4.67,2022-08-25,Aktif,False
L001153,C00886,customer,Konut Kredisi,25103.95,12,4.68,2024-05-03,Kapalı,False
L001154,C00887,customer,KOBİ Kredisi,7140.69,84,4.82,2022-06-05,Aktif,False
L001155,C00889,customer,Konut Kredisi,12434.24,36,4.61,2019-12-28,Kapalı,False
L001156,C00889,customer,Konut Kredisi,24362.48,6,3.1,2019-01-03,Kapalı,False
L001157,C00891,customer,İhtiyaç Kredisi,24416.87,12,2.93,2020-03-16,Kapalı,False
L001158,C00892,customer,İşletme Kredisi,9995.21,24,2.78,2021-01-12,Kapalı,False
L001159,C00892,customer,Taşıt Kredisi,13119.6,84,3.83,2022-11-23,Aktif,False
L001160,C00893,customer,İşletme Kredisi,14539.26,60,3.73,2019-11-25,Kapalı,False
L001161,C00893,customer,Kredi Kartı,29607.16,12,4.41,2026-03-13,Aktif,False
L001162,C00894,customer,İşletme Kredisi,13802.02,60,2.67,2022-08-27,Aktif,False
L001163,C00895,customer,KOBİ Kredisi,47112.68,12,3.8,2022-11-19,Kapalı,False
L001164,C00896,customer,İşletme Kredisi,121047.31,6,3.3,2026-03-12,Aktif,False
L001165,C00897,customer,Konut Kredisi,38385.67,60,3.89,2025-10-03,Aktif,False
L001166,C00897,customer,İşletme Kredisi,21385.41,36,2.8,2019-04-28,Aktif,False
L001167,C00897,customer,Konut Kredisi,51495.75,6,3.5,2024-11-18,Kapalı,False
L001168,C00898,customer,İhtiyaç Kredisi,25659.94,6,3.12,2023-09-02,Kapalı,False
L001169,C00898,customer,İşletme Kredisi,86224.6,12,4.71,2025-10-05,Aktif,False
L001170,C00899,customer,Taşıt Kredisi,34208.54,36,4.04,2021-02-19,Kapalı,False
L001171,C00901,customer,Taşıt Kredisi,16511.52,84,3.17,2023-04-26,Aktif,False
L001172,C00902,customer,Kredi Kartı,20624.78,36,4.83,2019-07-17,Kapalı,True
L001173,C00903,customer,İşletme Kredisi,33653.61,6,2.87,2026-05-08,Aktif,False
L001174,C00903,customer,Konut Kredisi,26005.35,6,3.64,2024-10-14,Kapalı,False
L001175,C00904,customer,İhtiyaç Kredisi,29487.42,6,2.74,2025-06-14,Kapalı,False
L001176,C00905,customer,Konut Kredisi,22295.88,12,2.88,2019-03-14,Kapalı,False
L001177,C00906,customer,İşletme Kredisi,81430.02,24,3.83,2019-04-15,Kapalı,False
L001178,C00906,customer,Kredi Kartı,99274.65,120,3.2,2022-03-30,Aktif,False
L001179,C00907,customer,Konut Kredisi,9100.98,60,4.16,2024-12-23,Aktif,False
L001180,C00908,customer,Taşıt Kredisi,20442.13,12,2.96,2024-11-21,Kapalı,False
L001181,C00909,customer,KOBİ Kredisi,88404.24,84,3.5,2022-09-22,Aktif,False
L001182,C00909,customer,İşletme Kredisi,115174.08,36,3.45,2021-11-13,Aktif,False
L001183,C00910,customer,İhtiyaç Kredisi,28934.84,24,4.83,2023-08-08,Kapalı,False
L001184,C00910,customer,İhtiyaç Kredisi,148867.0,6,4.79,2024-04-04,Kapalı,False
L001185,C00911,customer,Kredi Kartı,32095.68,84,3.73,2026-01-12,Aktif,False
L001186,C00913,customer,Taşıt Kredisi,99481.08,6,4.66,2019-11-28,Kapalı,False
L001187,C00914,customer,Taşıt Kredisi,15922.1,6,3.36,2024-07-02,Kapalı,False
L001188,C00914,customer,KOBİ Kredisi,41840.71,84,3.06,2020-06-10,Aktif,False
L001189,C00915,customer,Kredi Kartı,4204.94,24,3.85,2022-09-01,Kapalı,False
L001190,C00916,customer,İhtiyaç Kredisi,80158.51,12,3.19,2026-04-03,Aktif,False
L001191,C00918,customer,İşletme Kredisi,35841.58,12,3.07,2020-11-08,Kapalı,False
L001192,C00918,customer,İhtiyaç Kredisi,101241.46,60,2.53,2020-01-26,Kapalı,False
L001193,C00920,customer,İşletme Kredisi,48030.01,48,2.87,2022-06-28,Kapalı,False
L001194,C00921,customer,KOBİ Kredisi,11261.01,6,2.69,2019-09-08,Kapalı,False
L001195,C00922,customer,Taşıt Kredisi,12036.9,60,4.54,2025-10-27,Aktif,False
L001196,C00922,customer,KOBİ Kredisi,31730.72,60,3.81,2024-07-28,Aktif,False
L001197,C00923,customer,Konut Kredisi,26689.67,48,3.07,2022-05-06,Aktif,False
L001198,C00923,customer,KOBİ Kredisi,36805.85,60,4.35,2019-12-26,Kapalı,False
L001199,C00924,customer,İşletme Kredisi,57177.29,6,4.38,2019-10-01,Aktif,False
L001200,C00925,customer,Konut Kredisi,44706.75,6,3.46,2025-08-03,Aktif,False
L001201,C00926,customer,Kredi Kartı,7511.04,48,3.59,2022-06-28,Aktif,False
L001202,C00927,customer,Kredi Kartı,26017.51,60,3.78,2020-08-15,Kapalı,False
L001203,C00928,customer,Taşıt Kredisi,5609.56,120,4.09,2021-06-08,Aktif,False
L001204,C00928,customer,Kredi Kartı,29760.79,6,4.41,2024-02-17,Aktif,False
L001205,C00929,customer,KOBİ Kredisi,10295.5,120,3.32,2022-12-31,Aktif,False
L001206,C00930,customer,Konut Kredisi,39947.37,48,4.69,2021-01-14,Kapalı,False
L001207,C00930,customer,İhtiyaç Kredisi,149878.49,60,4.55,2024-05-23,Aktif,False
L001208,C00931,customer,KOBİ Kredisi,50988.88,6,3.68,2023-07-15,Aktif,False
L001209,C00931,customer,İşletme Kredisi,3563.38,12,2.67,2020-02-24,Aktif,False
L001210,C00931,customer,İhtiyaç Kredisi,117662.97,120,3.51,2023-11-28,Aktif,False
L001211,C00932,customer,KOBİ Kredisi,30468.16,36,2.62,2022-09-02,Kapalı,False
L001212,C00932,customer,KOBİ Kredisi,29634.39,6,3.77,2020-02-26,Kapalı,False
L001213,C00933,customer,KOBİ Kredisi,27926.6,12,3.69,2023-09-10,Kapalı,False
L001214,C00934,customer,İşletme Kredisi,26162.52,36,2.65,2023-01-06,Kapalı,False
L001215,C00934,customer,İhtiyaç Kredisi,156471.32,120,2.82,2026-01-21,Aktif,False
L001216,C00935,customer,Taşıt Kredisi,11609.34,84,2.65,2022-11-07,Aktif,False
L001217,C00936,customer,İhtiyaç Kredisi,34193.7,36,3.74,2020-06-04,Kapalı,False
L001218,C00936,customer,Taşıt Kredisi,81115.3,60,3.48,2026-05-09,Aktif,False
L001219,C00937,customer,Taşıt Kredisi,90717.61,120,4.46,2019-01-23,Aktif,False
L001220,C00937,customer,İşletme Kredisi,9378.82,24,3.09,2021-05-25,Kapalı,False
L001221,C00938,customer,Taşıt Kredisi,14477.87,6,2.6,2019-07-31,Kapalı,False
L001222,C00938,customer,Kredi Kartı,57092.97,36,2.99,2019-06-26,Kapalı,False
L001223,C00939,customer,Kredi Kartı,30673.41,84,3.41,2024-04-13,Aktif,False
L001224,C00940,customer,İhtiyaç Kredisi,20904.3,120,3.11,2020-01-20,Aktif,False
L001225,C00940,customer,Kredi Kartı,219531.17,60,4.61,2021-06-20,Kapalı,False
L001226,C00941,customer,Konut Kredisi,13276.84,84,3.4,2022-04-23,Aktif,False
L001227,C00942,customer,Taşıt Kredisi,16046.88,60,3.57,2023-08-26,Aktif,False
L001228,C00942,customer,Kredi Kartı,21308.56,120,4.38,2022-10-22,Aktif,False
L001229,C00944,customer,İhtiyaç Kredisi,54477.8,48,3.19,2025-02-01,Aktif,False
L001230,C00945,customer,Taşıt Kredisi,31430.22,36,3.56,2023-04-01,Kapalı,False
L001231,C00946,customer,Konut Kredisi,59512.75,24,4.32,2025-08-01,Aktif,False
L001232,C00947,customer,Konut Kredisi,101089.4,120,4.72,2019-09-16,Aktif,False
L001233,C00947,customer,Taşıt Kredisi,35852.17,36,3.02,2019-07-13,Kapalı,False
L001234,C00948,customer,İhtiyaç Kredisi,25824.62,84,3.78,2025-03-11,Aktif,False
L001235,C00948,customer,İşletme Kredisi,24380.88,6,4.38,2024-03-25,Kapalı,False
L001236,C00949,customer,İhtiyaç Kredisi,103053.97,60,4.26,2022-10-09,Aktif,False
L001237,C00949,customer,Kredi Kartı,47858.47,12,3.38,2020-07-02,Aktif,False
L001238,C00951,customer,İhtiyaç Kredisi,164534.12,24,3.7,2020-03-01,Kapalı,False
L001239,C00952,customer,Kredi Kartı,27821.14,36,3.91,2022-04-04,Kapalı,False
L001240,C00953,customer,KOBİ Kredisi,7310.0,12,3.91,2025-08-25,Aktif,False
L001241,C00954,customer,Kredi Kartı,85036.4,60,4.73,2026-01-22,Aktif,False
L001242,C00954,customer,KOBİ Kredisi,24676.71,84,2.72,2023-05-10,Aktif,False
L001243,C00956,customer,Kredi Kartı,5651.96,84,3.28,2020-09-08,Aktif,False
L001244,C00957,customer,KOBİ Kredisi,171898.96,120,2.5,2020-02-27,Aktif,False
L001245,C00958,customer,İhtiyaç Kredisi,31437.35,24,2.76,2019-06-26,Kapalı,False
L001246,C00958,customer,Kredi Kartı,24341.88,120,3.07,2022-01-04,Aktif,False
L001247,C00958,customer,KOBİ Kredisi,39390.07,60,3.37,2023-04-09,Aktif,False
L001248,C00959,customer,İşletme Kredisi,60972.34,24,4.64,2021-05-02,Aktif,True
L001249,C00959,customer,Taşıt Kredisi,178623.61,24,4.82,2022-04-13,Aktif,False
L001250,C00959,customer,KOBİ Kredisi,4890.21,12,4.86,2023-07-07,Aktif,False
L001251,C00960,customer,Taşıt Kredisi,16842.34,36,3.39,2022-12-27,Aktif,False
L001252,C00961,customer,İşletme Kredisi,61177.75,120,3.0,2026-01-11,Aktif,False
L001253,C00962,customer,İhtiyaç Kredisi,5580.26,12,3.47,2019-10-09,Kapalı,False
L001254,C00962,customer,İşletme Kredisi,28654.84,24,3.4,2023-12-16,Kapalı,True
L001255,C00963,customer,İşletme Kredisi,19337.89,36,4.69,2019-08-16,Kapalı,False
L001256,C00963,customer,Kredi Kartı,76267.87,48,3.32,2020-05-29,Kapalı,False
L001257,C00963,customer,Kredi Kartı,31888.35,12,3.44,2020-01-18,Kapalı,False
L001258,C00964,customer,Kredi Kartı,28600.08,36,3.21,2019-11-04,Kapalı,False
L001259,C00964,customer,İhtiyaç Kredisi,44832.06,6,4.85,2021-12-10,Kapalı,False
L001260,C00965,customer,Konut Kredisi,5381.45,24,4.75,2026-04-09,Aktif,False
L001261,C00966,customer,Konut Kredisi,14912.32,60,4.04,2023-05-05,Aktif,False
L001262,C00966,customer,İşletme Kredisi,6125.01,84,3.74,2022-11-19,Aktif,True
L001263,C00968,customer,Taşıt Kredisi,18270.0,60,3.98,2021-05-12,Kapalı,False
L001264,C00968,customer,Taşıt Kredisi,129216.06,120,2.71,2024-12-08,Aktif,False
L001265,C00968,customer,İşletme Kredisi,58193.13,24,4.65,2025-09-25,Aktif,True
L001266,C00969,customer,Konut Kredisi,26677.78,36,3.78,2021-01-12,Kapalı,False
L001267,C00970,customer,İşletme Kredisi,16057.64,6,3.71,2024-07-07,Kapalı,False
L001268,C00970,customer,Kredi Kartı,22253.36,84,3.94,2023-01-01,Aktif,False
L001269,C00973,customer,KOBİ Kredisi,47136.74,60,3.21,2022-07-01,Aktif,False
L001270,C00974,customer,Konut Kredisi,3375.22,24,4.59,2025-03-19,Aktif,False
L001271,C00975,customer,Konut Kredisi,50484.48,84,4.0,2021-08-24,Aktif,False
L001272,C00976,customer,Taşıt Kredisi,26733.95,48,3.53,2022-11-03,Aktif,False
L001273,C00976,customer,Konut Kredisi,11648.05,120,3.61,2021-12-07,Aktif,False
L001274,C00977,customer,Kredi Kartı,35720.38,12,2.99,2019-11-09,Kapalı,False
L001275,C00977,customer,Konut Kredisi,3291.62,120,4.45,2025-02-06,Aktif,False
L001276,C00978,customer,İhtiyaç Kredisi,3290.84,24,4.32,2020-08-16,Kapalı,False
L001277,C00978,customer,Konut Kredisi,14352.82,48,3.34,2026-02-11,Aktif,False
L001278,C00979,customer,Konut Kredisi,22080.97,48,4.19,2024-02-03,Aktif,False
L001279,C00979,customer,Kredi Kartı,25550.29,48,4.02,2025-01-03,Aktif,False
L001280,C00980,customer,Konut Kredisi,45140.31,84,2.86,2025-12-11,Aktif,False
L001281,C00981,customer,Kredi Kartı,50285.82,48,3.38,2022-05-18,Aktif,False
L001282,C00982,customer,Konut Kredisi,28630.13,24,3.8,2020-04-28,Kapalı,False
L001283,C00982,customer,İşletme Kredisi,13120.97,12,2.84,2021-11-17,Kapalı,False
L001284,C00982,customer,KOBİ Kredisi,14768.89,12,3.59,2021-06-17,Kapalı,False
L001285,C00984,customer,Konut Kredisi,16813.79,36,3.64,2024-12-31,Aktif,False
L001286,C00985,customer,KOBİ Kredisi,37067.89,48,4.65,2026-06-09,Aktif,False
L001287,C00986,customer,Taşıt Kredisi,273034.59,36,3.73,2025-09-28,Aktif,False
L001288,C00987,customer,Konut Kredisi,9080.55,60,3.06,2026-02-24,Aktif,False
L001289,C00987,customer,Konut Kredisi,93513.31,12,3.77,2021-05-01,Kapalı,False
L001290,C00988,customer,İhtiyaç Kredisi,15946.95,84,2.57,2024-04-03,Aktif,False
L001291,C00989,customer,Kredi Kartı,29123.81,36,4.56,2019-09-04,Aktif,False
L001292,C00989,customer,KOBİ Kredisi,36729.45,6,3.74,2021-09-14,Aktif,False
L001293,C00990,customer,Taşıt Kredisi,122055.96,48,4.17,2023-06-28,Aktif,False
L001294,C00991,customer,Taşıt Kredisi,25927.48,6,3.72,2024-05-15,Kapalı,False
L001295,C00991,customer,Taşıt Kredisi,4965.97,12,3.64,2025-09-21,Aktif,False
L001296,C00991,customer,Kredi Kartı,15108.53,36,4.59,2025-02-26,Aktif,False
L001297,C00993,customer,İşletme Kredisi,8735.25,12,3.16,2024-09-20,Kapalı,False
L001298,C00993,customer,Kredi Kartı,13572.37,60,2.62,2019-02-23,Kapalı,False
L001299,C00993,customer,Konut Kredisi,13463.23,60,4.22,2022-10-23,Aktif,True
L001300,C00994,customer,İhtiyaç Kredisi,25876.15,84,2.98,2024-09-17,Aktif,True
L001301,C00995,customer,İhtiyaç Kredisi,125008.96,12,4.27,2021-12-21,Kapalı,False
L001302,C00996,customer,İşletme Kredisi,25699.24,60,2.99,2023-06-08,Aktif,False
L001303,C00996,customer,Kredi Kartı,17481.53,84,4.76,2020-10-21,Aktif,False
L001304,C00997,customer,Kredi Kartı,58544.93,84,4.72,2020-10-25,Aktif,False
L001305,C00998,customer,Kredi Kartı,31590.49,24,3.67,2022-06-22,Kapalı,False
L001306,C00998,customer,İhtiyaç Kredisi,26418.85,48,3.82,2022-01-07,Aktif,False
L001307,C00998,customer,Konut Kredisi,13688.19,12,3.23,2022-01-04,Kapalı,False
L001308,C01000,customer,Taşıt Kredisi,53857.49,6,2.93,2019-10-13,Kapalı,False
L001309,C01001,customer,Taşıt Kredisi,19368.69,36,3.86,2025-02-06,Aktif,False
L001310,C01002,customer,Konut Kredisi,56169.12,48,2.68,2022-09-28,Aktif,False
L001311,C01003,customer,İhtiyaç Kredisi,65366.18,24,3.28,2026-05-08,Aktif,False
L001312,C01004,customer,İhtiyaç Kredisi,21889.23,48,4.38,2025-04-12,Aktif,False
L001313,C01005,customer,İhtiyaç Kredisi,17799.96,24,4.47,2019-08-08,Aktif,False
L001314,C01005,customer,Taşıt Kredisi,100843.48,6,3.72,2025-03-17,Kapalı,False
L001315,C01006,customer,Taşıt Kredisi,9761.55,6,2.85,2025-05-06,Kapalı,False
L001316,C01007,customer,Taşıt Kredisi,13049.37,24,2.65,2019-06-12,Kapalı,False
L001317,C01008,customer,Konut Kredisi,30994.32,12,4.52,2024-08-09,Kapalı,False
L001318,C01008,customer,İşletme Kredisi,54347.63,120,2.94,2019-07-06,Aktif,False
L001319,C01009,customer,Kredi Kartı,12591.25,84,2.84,2024-12-12,Aktif,False
L001320,C01009,customer,İşletme Kredisi,27205.08,24,3.24,2025-03-13,Aktif,False
L001321,C01011,customer,Kredi Kartı,12510.47,84,4.15,2024-01-11,Aktif,False
L001322,C01012,customer,Kredi Kartı,12377.5,6,3.43,2026-06-21,Aktif,True
L001323,C01012,customer,Kredi Kartı,18907.22,120,2.97,2024-06-20,Aktif,False
L001324,C01013,customer,Kredi Kartı,61619.92,48,3.96,2025-07-05,Aktif,False
L001325,C01014,customer,Taşıt Kredisi,8631.11,60,4.18,2026-06-19,Aktif,False
L001326,C01015,customer,Konut Kredisi,56794.04,6,3.59,2020-04-17,Kapalı,False
L001327,C01016,customer,Konut Kredisi,9092.85,36,4.51,2019-08-01,Kapalı,False
L001328,C01017,customer,Konut Kredisi,58286.85,36,3.06,2023-11-04,Aktif,False
L001329,C01017,customer,KOBİ Kredisi,8077.8,84,3.78,2025-07-09,Aktif,False
L001330,C01018,customer,İhtiyaç Kredisi,22762.58,84,3.53,2024-05-01,Aktif,False
L001331,C01019,customer,KOBİ Kredisi,11386.46,48,4.47,2022-04-04,Kapalı,False
L001332,C01020,customer,Konut Kredisi,49749.37,24,3.57,2021-01-21,Kapalı,False
L001333,C01021,customer,Konut Kredisi,6133.69,60,3.43,2024-07-15,Aktif,False
L001334,C01021,customer,Konut Kredisi,70663.18,60,3.23,2022-08-04,Aktif,False
L001335,C01022,customer,Taşıt Kredisi,91083.59,12,3.89,2023-06-13,Kapalı,False
L001336,C01023,customer,Kredi Kartı,10890.05,60,3.24,2022-12-11,Aktif,False
L001337,C01024,customer,Taşıt Kredisi,38329.76,84,3.72,2025-09-06,Aktif,False
L001338,C01025,customer,Konut Kredisi,2370.57,6,2.95,2022-12-15,Aktif,False
L001339,C01025,customer,Kredi Kartı,23029.03,84,3.22,2019-08-09,Kapalı,False
L001340,C01026,customer,İşletme Kredisi,41845.54,48,4.43,2025-06-26,Aktif,False
L001341,C01026,customer,İşletme Kredisi,107665.09,24,4.62,2024-12-19,Aktif,False
L001342,C01027,customer,İşletme Kredisi,13592.28,84,2.58,2023-05-09,Aktif,False
L001343,C01027,customer,İşletme Kredisi,44787.48,6,4.11,2020-02-06,Kapalı,False
L001344,C01028,customer,Konut Kredisi,49409.18,24,4.85,2024-12-11,Aktif,False
L001345,C01028,customer,Konut Kredisi,13131.07,36,3.61,2019-05-12,Kapalı,False
L001346,C01030,customer,Kredi Kartı,24000.49,84,3.91,2020-02-27,Aktif,False
L001347,C01031,customer,İhtiyaç Kredisi,69179.75,84,3.51,2021-08-14,Aktif,False
L001348,C01032,customer,İhtiyaç Kredisi,46342.23,120,2.69,2026-02-26,Aktif,False
L001349,C01032,customer,Konut Kredisi,37347.07,24,3.27,2019-04-30,Kapalı,False
L001350,C01033,customer,Kredi Kartı,37779.8,60,3.23,2019-08-05,Kapalı,False
L001351,C01034,customer,İhtiyaç Kredisi,16400.84,120,3.92,2025-05-24,Aktif,False
L001352,C01034,customer,Taşıt Kredisi,70541.13,120,2.83,2024-04-24,Aktif,False
L001353,C01035,customer,İşletme Kredisi,63278.08,12,2.93,2019-07-13,Aktif,False
L001354,C01036,customer,İşletme Kredisi,102104.19,12,3.22,2022-11-26,Kapalı,True
L001355,C01036,customer,Konut Kredisi,21492.19,48,2.72,2020-11-30,Aktif,False
L001356,C01037,customer,KOBİ Kredisi,9335.22,48,3.39,2026-02-05,Aktif,True
L001357,C01038,customer,İhtiyaç Kredisi,20410.19,48,4.24,2024-08-07,Aktif,False
L001358,C01038,customer,Konut Kredisi,110364.82,6,3.86,2024-09-29,Aktif,False
L001359,C01039,customer,İşletme Kredisi,68033.55,120,3.99,2024-06-21,Aktif,False
L001360,C01040,customer,Konut Kredisi,84288.58,12,4.14,2022-08-17,Kapalı,False
L001361,C01041,customer,İşletme Kredisi,19379.38,24,2.8,2020-07-02,Kapalı,False
L001362,C01042,customer,Taşıt Kredisi,59780.62,120,3.4,2026-02-01,Aktif,False
L001363,C01043,customer,İhtiyaç Kredisi,172607.31,12,3.24,2023-06-19,Kapalı,False
L001364,C01043,customer,İhtiyaç Kredisi,12540.98,48,3.0,2024-05-10,Aktif,False
L001365,C01044,customer,Kredi Kartı,136915.34,36,3.89,2021-07-30,Kapalı,False
L001366,C01045,customer,İşletme Kredisi,81414.74,48,4.16,2024-04-12,Aktif,False
L001367,C01045,customer,İşletme Kredisi,22711.31,12,2.83,2022-06-02,Kapalı,False
L001368,C01045,customer,İşletme Kredisi,18158.86,24,3.76,2024-08-15,Kapalı,False
L001369,C01046,customer,KOBİ Kredisi,128369.55,120,4.83,2024-02-14,Aktif,False
L001370,C01047,customer,KOBİ Kredisi,43400.4,60,2.78,2021-09-18,Kapalı,False
L001371,C01047,customer,KOBİ Kredisi,7938.54,84,2.92,2023-12-11,Aktif,False
L001372,C01048,customer,KOBİ Kredisi,12001.81,36,3.83,2023-12-21,Aktif,True
L001373,C01049,customer,Konut Kredisi,73570.42,36,2.55,2023-06-15,Kapalı,False
L001374,C01050,customer,İhtiyaç Kredisi,67186.12,12,4.64,2023-07-17,Kapalı,False
L001375,C01051,customer,Konut Kredisi,7655.9,24,3.08,2022-06-26,Kapalı,False
L001376,C01053,customer,KOBİ Kredisi,12364.47,120,2.71,2022-05-17,Aktif,False
L001377,C01053,customer,Taşıt Kredisi,25476.94,60,4.38,2023-07-25,Aktif,False
L001378,C01055,customer,Konut Kredisi,26241.5,36,3.88,2020-12-10,Kapalı,True
L001379,C01056,customer,İhtiyaç Kredisi,10063.03,6,4.41,2020-11-09,Kapalı,False
L001380,C01057,customer,İşletme Kredisi,10379.64,36,3.34,2020-04-25,Kapalı,False
L001381,C01057,customer,İhtiyaç Kredisi,36904.79,48,4.38,2019-11-10,Kapalı,False
L001382,C01057,customer,Taşıt Kredisi,128614.54,6,4.17,2019-12-01,Kapalı,False
L001383,C01058,customer,KOBİ Kredisi,33909.88,48,3.64,2025-04-13,Aktif,True
L001384,C01058,customer,Konut Kredisi,36670.56,120,3.24,2025-05-18,Aktif,False
L001385,C01059,customer,İşletme Kredisi,314389.1,48,2.95,2020-06-14,Kapalı,False
L001386,C01060,customer,Taşıt Kredisi,28174.78,12,3.6,2020-12-08,Kapalı,False
L001387,C01060,customer,İşletme Kredisi,6948.06,24,3.54,2021-12-11,Aktif,False
L001388,C01061,customer,İhtiyaç Kredisi,50258.73,6,4.6,2024-08-02,Kapalı,False
L001389,C01062,customer,İşletme Kredisi,9162.12,60,4.87,2024-01-12,Aktif,False
L001390,C01063,customer,Taşıt Kredisi,52228.47,84,3.19,2022-03-26,Aktif,False
L001391,C01064,customer,Konut Kredisi,60511.88,24,3.24,2022-06-22,Kapalı,False
L001392,C01064,customer,Taşıt Kredisi,15231.11,84,4.87,2026-01-02,Aktif,False
L001393,C01065,customer,Kredi Kartı,96403.46,60,4.07,2026-06-02,Aktif,False
L001394,C01066,customer,KOBİ Kredisi,11905.25,84,3.35,2025-10-20,Aktif,False
L001395,C01067,customer,İhtiyaç Kredisi,5546.03,120,3.24,2020-12-14,Aktif,False
L001396,C01068,customer,Taşıt Kredisi,85120.45,24,3.48,2021-08-22,Kapalı,False
L001397,C01069,customer,İşletme Kredisi,23319.74,120,3.41,2019-04-15,Aktif,False
L001398,C01070,customer,KOBİ Kredisi,61449.87,36,4.03,2021-05-02,Kapalı,False
L001399,C01071,customer,Kredi Kartı,13659.56,48,4.7,2022-12-06,Aktif,False
L001400,C01071,customer,KOBİ Kredisi,25604.59,60,4.85,2019-07-11,Kapalı,False
L001401,C01072,customer,Kredi Kartı,10445.85,6,3.27,2021-04-03,Aktif,False
L001402,C01074,customer,Konut Kredisi,234093.26,84,4.46,2025-09-03,Aktif,False
L001403,C01076,customer,Taşıt Kredisi,20438.34,48,2.94,2022-02-14,Kapalı,False
L001404,C01077,customer,KOBİ Kredisi,38968.23,36,3.11,2023-09-16,Aktif,False
L001405,C01077,customer,Kredi Kartı,16772.0,84,3.44,2025-03-11,Aktif,False
L001406,C01078,customer,Kredi Kartı,8160.74,48,3.98,2025-12-06,Aktif,False
L001407,C01078,customer,İhtiyaç Kredisi,64282.67,48,4.79,2024-02-19,Aktif,False
L001408,C01079,customer,Konut Kredisi,2484.95,48,3.0,2024-02-10,Aktif,False
L001409,C01080,customer,Konut Kredisi,21055.88,36,2.62,2024-07-02,Aktif,False
L001410,C01080,customer,Taşıt Kredisi,8936.58,84,4.07,2026-02-26,Aktif,True
L001411,C01080,customer,KOBİ Kredisi,48625.92,6,3.52,2025-01-20,Kapalı,False
L001412,C01081,customer,Taşıt Kredisi,26392.81,24,4.9,2019-02-16,Aktif,True
L001413,C01082,customer,Kredi Kartı,6596.69,24,2.97,2025-08-30,Aktif,False
L001414,C01083,customer,İhtiyaç Kredisi,5787.99,84,3.55,2026-02-25,Aktif,False
L001415,C01084,customer,İşletme Kredisi,16507.23,24,3.72,2026-01-07,Aktif,False
L001416,C01086,customer,Konut Kredisi,11176.85,60,4.77,2021-04-09,Kapalı,False
L001417,C01087,customer,Taşıt Kredisi,32022.73,24,2.65,2020-05-10,Kapalı,False
L001418,C01088,customer,KOBİ Kredisi,18144.98,6,4.3,2021-04-18,Kapalı,False
L001419,C01088,customer,İşletme Kredisi,97558.79,36,2.71,2020-12-15,Kapalı,False
L001420,C01089,customer,Taşıt Kredisi,62202.28,120,2.83,2020-08-11,Aktif,False
L001421,C01089,customer,Konut Kredisi,42621.93,24,3.71,2022-01-02,Kapalı,False
L001422,C01090,customer,KOBİ Kredisi,22770.16,6,2.71,2024-10-13,Kapalı,False
L001423,C01090,customer,Kredi Kartı,13021.18,12,4.01,2021-11-07,Kapalı,False
L001424,C01090,customer,İşletme Kredisi,25920.31,48,2.69,2025-01-28,Aktif,False
L001425,C01091,customer,Taşıt Kredisi,64195.07,24,2.89,2021-05-29,Kapalı,False
L001426,C01092,customer,Taşıt Kredisi,11577.28,48,2.82,2023-10-07,Aktif,False
L001427,C01092,customer,KOBİ Kredisi,24422.27,12,4.85,2025-09-30,Aktif,False
L001428,C01093,customer,KOBİ Kredisi,17528.41,12,2.74,2019-07-05,Kapalı,False
L001429,C01094,customer,İşletme Kredisi,82993.53,84,2.98,2021-03-17,Aktif,False
L001430,C01094,customer,İhtiyaç Kredisi,10159.19,36,3.6,2026-03-19,Aktif,False
L001431,C01095,customer,Kredi Kartı,124142.59,60,4.33,2021-01-01,Kapalı,False
L001432,C01096,customer,Kredi Kartı,20425.75,60,4.73,2022-05-21,Aktif,False
L001433,C01097,customer,Taşıt Kredisi,49248.73,24,3.99,2024-05-12,Kapalı,False
L001434,C01099,customer,Konut Kredisi,6770.35,120,3.4,2021-12-14,Aktif,False
L001435,C01100,customer,Taşıt Kredisi,33821.41,24,2.5,2026-05-17,Aktif,False
L001436,C01100,customer,Kredi Kartı,103980.36,120,4.03,2021-04-01,Aktif,True
L001437,C01101,customer,KOBİ Kredisi,21377.83,48,4.82,2024-10-10,Aktif,False
L001438,C01101,customer,Konut Kredisi,5259.32,6,3.22,2024-11-19,Kapalı,False
L001439,C01102,customer,Konut Kredisi,35934.43,36,4.78,2020-08-17,Kapalı,False
L001440,C01103,customer,İhtiyaç Kredisi,6481.21,84,3.23,2026-05-22,Aktif,True
L001441,C01104,customer,Kredi Kartı,100332.74,36,2.88,2019-01-09,Kapalı,False
L001442,C01105,customer,Taşıt Kredisi,146585.4,84,3.53,2026-06-13,Aktif,False
L001443,C01107,customer,Konut Kredisi,15456.5,60,3.16,2025-07-10,Aktif,False
L001444,C01108,customer,KOBİ Kredisi,37572.78,12,3.92,2022-07-23,Kapalı,False
L001445,C01109,customer,Taşıt Kredisi,107885.35,60,4.69,2021-06-29,Kapalı,False
L001446,C01109,customer,İşletme Kredisi,148851.83,6,3.59,2021-01-25,Kapalı,False
L001447,C01110,customer,Kredi Kartı,19244.14,48,4.21,2026-07-27,Aktif,True
L001448,C01112,customer,KOBİ Kredisi,8663.94,48,2.75,2024-02-22,Aktif,False
L001449,C01113,customer,İhtiyaç Kredisi,13966.19,24,3.92,2024-03-12,Aktif,False
L001450,C01114,customer,İhtiyaç Kredisi,16234.26,24,3.3,2019-06-29,Kapalı,False
L001451,C01114,customer,Taşıt Kredisi,11184.72,48,4.74,2025-01-24,Aktif,False
L001452,C01115,customer,İşletme Kredisi,31913.96,60,4.89,2020-10-10,Kapalı,False
L001453,C01116,customer,KOBİ Kredisi,11428.81,60,4.65,2023-10-14,Aktif,False
L001454,C01116,customer,KOBİ Kredisi,29439.23,36,4.4,2024-01-04,Aktif,False
L001455,C01116,customer,İhtiyaç Kredisi,29116.89,120,3.75,2019-04-04,Aktif,False
L001456,C01117,customer,KOBİ Kredisi,37972.19,60,3.43,2026-02-26,Aktif,False
L001457,C01118,customer,Kredi Kartı,48800.47,84,3.93,2024-02-06,Aktif,False
L001458,C01119,customer,Konut Kredisi,32410.98,120,4.57,2021-10-11,Aktif,False
L001459,C01119,customer,İhtiyaç Kredisi,3115.39,84,4.03,2024-01-31,Aktif,False
L001460,C01120,customer,Konut Kredisi,35108.0,48,2.7,2025-10-13,Aktif,False
L001461,C01121,customer,İşletme Kredisi,62732.29,6,4.06,2024-07-03,Aktif,False
L001462,C01122,customer,KOBİ Kredisi,43827.32,120,4.2,2024-10-28,Aktif,False
L001463,C01123,customer,Kredi Kartı,175860.8,6,3.78,2021-08-20,Kapalı,False
L001464,C01125,customer,Konut Kredisi,12475.21,24,4.4,2021-06-16,Kapalı,False
L001465,C01125,customer,İhtiyaç Kredisi,22033.57,36,3.97,2021-07-07,Kapalı,False
L001466,C01125,customer,KOBİ Kredisi,148606.21,12,2.76,2022-08-04,Kapalı,False
L001467,C01126,customer,İhtiyaç Kredisi,29204.76,36,3.83,2025-12-02,Aktif,False
L001468,C01127,customer,İhtiyaç Kredisi,12329.9,36,4.24,2024-09-18,Aktif,False
L001469,C01127,customer,İhtiyaç Kredisi,43109.13,36,3.88,2023-02-21,Kapalı,False
L001470,C01128,customer,Taşıt Kredisi,19850.7,120,2.91,2021-06-20,Aktif,False
L001471,C01129,customer,Kredi Kartı,23110.49,60,4.57,2019-04-29,Kapalı,False
L001472,C01129,customer,İşletme Kredisi,37751.29,12,3.67,2025-11-29,Aktif,False
L001473,C01130,customer,Kredi Kartı,91868.67,60,3.19,2025-05-03,Aktif,False
L001474,C01132,customer,İşletme Kredisi,82944.78,120,3.46,2021-07-24,Aktif,False
L001475,C01133,customer,Taşıt Kredisi,17333.13,24,4.81,2024-05-24,Kapalı,False
L001476,C01134,customer,Taşıt Kredisi,7797.09,36,3.27,2026-06-07,Aktif,False
L001477,C01134,customer,İşletme Kredisi,30959.21,84,3.59,2021-05-12,Aktif,False
L001478,C01135,customer,İhtiyaç Kredisi,41581.71,6,3.49,2023-09-15,Kapalı,False
L001479,C01136,customer,KOBİ Kredisi,47875.35,120,3.77,2025-04-20,Aktif,False
L001480,C01137,customer,Taşıt Kredisi,2585.7,6,3.36,2021-06-30,Kapalı,False
L001481,C01137,customer,İşletme Kredisi,48851.56,12,4.81,2025-05-29,Kapalı,False
L001482,C01138,customer,KOBİ Kredisi,140943.57,6,4.66,2024-03-30,Kapalı,False
L001483,C01139,customer,İşletme Kredisi,109375.92,84,2.7,2021-11-16,Aktif,False
L001484,C01139,customer,Konut Kredisi,93863.32,12,4.78,2020-05-06,Kapalı,False
L001485,C01140,customer,İhtiyaç Kredisi,4073.01,60,3.53,2021-12-12,Aktif,False
L001486,C01141,customer,KOBİ Kredisi,54312.14,24,4.68,2022-08-15,Kapalı,False
L001487,C01142,customer,İhtiyaç Kredisi,27761.83,12,2.89,2024-08-26,Kapalı,False
L001488,C01143,customer,Taşıt Kredisi,31732.59,60,4.22,2024-08-22,Aktif,False
L001489,C01145,customer,Taşıt Kredisi,21686.78,6,4.3,2020-06-21,Kapalı,False
L001490,C01146,customer,Taşıt Kredisi,8643.83,120,2.89,2023-03-06,Aktif,False
L001491,C01147,customer,Kredi Kartı,14499.69,60,3.9,2020-11-19,Kapalı,False
L001492,C01148,customer,Kredi Kartı,22243.04,24,2.65,2021-09-15,Kapalı,False
L001493,C01149,customer,Konut Kredisi,4624.02,36,3.84,2022-03-22,Kapalı,False
L001494,C01150,customer,Taşıt Kredisi,10814.93,24,3.5,2023-09-08,Kapalı,False
L001495,C01151,customer,İşletme Kredisi,39493.63,120,3.71,2020-06-24,Aktif,False
L001496,C01151,customer,KOBİ Kredisi,9054.46,12,3.23,2026-04-30,Aktif,False
L001497,C01152,customer,Kredi Kartı,8126.98,48,4.1,2023-07-27,Aktif,True
L001498,C01152,customer,Taşıt Kredisi,402998.43,48,4.43,2023-06-03,Aktif,False
L001499,C01153,customer,Konut Kredisi,66977.68,120,2.5,2022-03-19,Aktif,False
L001500,C01153,customer,İhtiyaç Kredisi,36867.67,84,3.77,2025-01-13,Aktif,False
L001501,C01153,customer,Kredi Kartı,23273.03,84,3.78,2026-01-06,Aktif,False
L001502,C01154,customer,KOBİ Kredisi,24296.21,12,3.49,2023-10-16,Kapalı,False
L001503,C01154,customer,KOBİ Kredisi,23737.83,24,3.55,2025-11-20,Aktif,False
L001504,C01155,customer,İhtiyaç Kredisi,213452.86,120,3.42,2024-05-21,Aktif,False
L001505,C01156,customer,KOBİ Kredisi,11752.18,6,2.72,2022-08-26,Kapalı,False
L001506,C01157,customer,İhtiyaç Kredisi,36875.76,12,3.81,2019-12-16,Kapalı,True
L001507,C01157,customer,KOBİ Kredisi,8519.27,120,3.49,2025-01-22,Aktif,False
L001508,C01158,customer,İhtiyaç Kredisi,21355.46,24,4.64,2023-08-01,Kapalı,False
L001509,C01158,customer,İhtiyaç Kredisi,19483.51,120,4.11,2019-07-15,Aktif,False
L001510,C01159,customer,Taşıt Kredisi,31211.16,24,3.26,2022-07-25,Kapalı,False
L001511,C01160,customer,İşletme Kredisi,51472.44,36,3.97,2021-08-03,Kapalı,True
L001512,C01161,customer,KOBİ Kredisi,89676.05,48,3.07,2026-04-10,Aktif,False
L001513,C01161,customer,Konut Kredisi,210867.59,48,4.03,2026-05-26,Aktif,False
L001514,C01162,customer,Kredi Kartı,11437.66,48,3.19,2022-03-05,Aktif,False
L001515,C01162,customer,KOBİ Kredisi,19299.26,120,4.11,2025-09-22,Aktif,False
L001516,C01163,customer,Konut Kredisi,120725.77,48,4.78,2023-11-29,Aktif,False
L001517,C01164,customer,Kredi Kartı,59048.86,120,2.91,2019-11-07,Aktif,False
L001518,C01166,customer,İhtiyaç Kredisi,162355.69,84,2.88,2023-05-25,Aktif,False
L001519,C01166,customer,KOBİ Kredisi,10205.9,48,3.92,2020-05-29,Aktif,False
L001520,C01167,customer,KOBİ Kredisi,62566.75,12,4.53,2021-06-14,Kapalı,False
L001521,C01168,customer,İşletme Kredisi,16800.6,24,4.04,2021-02-21,Kapalı,False
L001522,C01168,customer,İşletme Kredisi,46229.78,24,2.6,2022-07-23,Aktif,False
L001523,C01170,customer,Taşıt Kredisi,28651.04,6,4.52,2025-02-08,Kapalı,False
L001524,C01170,customer,KOBİ Kredisi,18484.81,6,3.41,2025-09-24,Kapalı,False
L001525,C01172,customer,İhtiyaç Kredisi,32061.58,24,3.89,2019-12-04,Aktif,False
L001526,C01172,customer,Taşıt Kredisi,38065.6,60,3.05,2025-03-24,Aktif,False
L001527,C01174,customer,KOBİ Kredisi,45726.05,120,3.62,2019-11-04,Aktif,True
L001528,C01174,customer,KOBİ Kredisi,18063.73,24,3.77,2020-11-29,Kapalı,False
L001529,C01175,customer,Kredi Kartı,50051.5,12,4.75,2025-10-25,Aktif,False
L001530,C01175,customer,Konut Kredisi,90768.25,84,4.86,2020-06-18,Aktif,False
L001531,C01176,customer,İşletme Kredisi,46661.72,48,4.09,2022-04-05,Kapalı,False
L001532,C01176,customer,İşletme Kredisi,64098.45,24,2.75,2024-08-10,Kapalı,False
L001533,C01177,customer,İhtiyaç Kredisi,8637.13,24,4.66,2022-12-24,Aktif,True
L001534,C01178,customer,İhtiyaç Kredisi,22129.33,48,2.67,2021-10-02,Kapalı,False
L001535,C01178,customer,İhtiyaç Kredisi,55114.6,24,4.43,2024-08-11,Kapalı,False
L001536,C01179,customer,Konut Kredisi,15300.48,120,4.89,2025-12-05,Aktif,False
L001537,C01179,customer,KOBİ Kredisi,25199.31,84,3.1,2026-05-31,Aktif,False
L001538,C01180,customer,Taşıt Kredisi,38054.36,6,3.22,2021-02-28,Aktif,False
L001539,C01180,customer,İşletme Kredisi,31357.01,48,4.41,2019-07-25,Kapalı,False
L001540,C01181,customer,KOBİ Kredisi,107192.63,60,3.72,2019-11-26,Kapalı,False
L001541,C01182,customer,Kredi Kartı,63681.47,48,3.95,2024-12-12,Aktif,False
L001542,C01183,customer,Kredi Kartı,53826.31,12,2.95,2025-09-05,Aktif,False
L001543,C01184,customer,KOBİ Kredisi,11114.03,12,3.98,2025-03-29,Kapalı,False
L001544,C01184,customer,İşletme Kredisi,53851.38,24,3.57,2019-01-12,Kapalı,False
L001545,C01185,customer,İşletme Kredisi,4495.03,84,2.73,2022-12-05,Aktif,False
L001546,C01186,customer,İşletme Kredisi,34922.87,60,3.92,2020-01-09,Aktif,False
L001547,C01188,customer,Konut Kredisi,44322.98,84,3.55,2025-01-19,Aktif,False
L001548,C01189,customer,Kredi Kartı,15964.4,60,2.74,2026-02-09,Aktif,False
L001549,C01190,customer,İşletme Kredisi,15696.45,36,2.88,2021-10-29,Kapalı,False
L001550,C01191,customer,İhtiyaç Kredisi,87965.13,120,3.83,2023-01-29,Aktif,False
L001551,C01193,customer,İşletme Kredisi,89176.16,120,4.01,2025-10-27,Aktif,False
L001552,C01194,customer,Taşıt Kredisi,71764.69,24,3.77,2022-10-23,Kapalı,False
L001553,C01195,customer,Kredi Kartı,54287.57,60,2.7,2019-07-13,Kapalı,False
L001554,C01196,customer,İşletme Kredisi,145098.36,36,4.15,2020-04-26,Kapalı,False
L001555,C01197,customer,Taşıt Kredisi,146841.86,120,4.45,2020-11-22,Aktif,False
L001556,C01198,customer,Konut Kredisi,17180.4,60,3.46,2022-07-13,Aktif,False
L001557,C01199,customer,Taşıt Kredisi,12586.01,6,3.37,2024-01-30,Kapalı,False
L001558,C01199,customer,Konut Kredisi,11599.37,48,4.56,2023-10-19,Aktif,False
L001559,C01200,customer,KOBİ Kredisi,42750.6,24,3.12,2021-08-31,Kapalı,False
L001560,C01200,customer,KOBİ Kredisi,18839.27,36,4.83,2025-04-27,Aktif,True
L001561,C01201,customer,KOBİ Kredisi,19457.09,60,4.34,2019-11-26,Kapalı,False
L001562,C01202,customer,KOBİ Kredisi,18664.69,84,4.83,2021-01-11,Aktif,False
L001563,C01203,customer,KOBİ Kredisi,9703.71,48,4.64,2019-02-23,Kapalı,False
L001564,C01204,customer,İhtiyaç Kredisi,53944.31,120,4.57,2021-05-04,Aktif,False
L001565,C01204,customer,Taşıt Kredisi,34152.27,24,3.38,2025-12-03,Aktif,False
L001566,C01205,customer,İhtiyaç Kredisi,76333.37,120,3.23,2023-05-18,Aktif,False
L001567,C01205,customer,İhtiyaç Kredisi,25014.06,36,3.02,2023-06-27,Kapalı,False
L001568,C01206,customer,Konut Kredisi,5395.29,48,4.8,2021-10-24,Kapalı,False
L001569,C01207,customer,İşletme Kredisi,81469.38,12,4.71,2025-11-09,Aktif,False
L001570,C01207,customer,Konut Kredisi,16062.82,6,4.77,2026-06-18,Aktif,False
L001571,C01208,customer,Kredi Kartı,85326.03,48,3.62,2025-04-14,Aktif,False
L001572,C01208,customer,Kredi Kartı,23783.75,48,4.09,2025-05-26,Aktif,False
L001573,C01210,customer,Taşıt Kredisi,198381.69,36,2.91,2022-09-05,Kapalı,True
L001574,C01211,customer,Taşıt Kredisi,10150.36,24,3.37,2025-08-27,Aktif,False
L001575,C01211,customer,Konut Kredisi,8344.19,12,4.41,2019-12-02,Kapalı,False
L001576,C01212,customer,İşletme Kredisi,74475.12,84,4.1,2021-02-14,Aktif,False
L001577,C01213,customer,Taşıt Kredisi,52281.62,6,3.2,2022-12-05,Kapalı,False
L001578,C01213,customer,İhtiyaç Kredisi,91734.5,120,3.69,2019-01-25,Aktif,False
L001579,C01215,customer,Konut Kredisi,89325.79,36,3.65,2022-10-13,Kapalı,False
L001580,C01216,customer,Konut Kredisi,20511.79,36,4.6,2019-11-26,Kapalı,False
L001581,C01217,customer,İhtiyaç Kredisi,57617.57,6,2.99,2025-01-25,Kapalı,False
L001582,C01218,customer,KOBİ Kredisi,41053.19,36,4.85,2026-03-26,Aktif,False
L001583,C01219,customer,Konut Kredisi,13669.39,120,3.56,2025-08-20,Aktif,False
L001584,C01219,customer,İhtiyaç Kredisi,5903.74,24,3.99,2023-09-24,Kapalı,False
L001585,C01219,customer,Kredi Kartı,20049.23,120,4.54,2023-01-15,Aktif,False
L001586,C01222,customer,İşletme Kredisi,53768.85,60,2.64,2021-03-07,Aktif,False
L001587,C01223,customer,Kredi Kartı,20859.05,120,4.19,2025-01-16,Aktif,False
L001588,C01224,customer,İhtiyaç Kredisi,39757.21,84,2.61,2023-09-14,Aktif,False
L001589,C01225,customer,İhtiyaç Kredisi,19621.2,84,3.98,2022-09-13,Aktif,False
L001590,C01226,customer,İşletme Kredisi,86461.15,120,4.4,2022-03-16,Aktif,False
L001591,C01226,customer,Kredi Kartı,50015.75,120,3.7,2021-03-06,Aktif,False
L001592,C01227,customer,İhtiyaç Kredisi,11927.95,120,3.69,2026-03-08,Aktif,False
L001593,C01227,customer,İşletme Kredisi,32690.21,60,3.68,2022-04-16,Aktif,False
L001594,C01228,customer,Konut Kredisi,9539.1,120,4.61,2024-03-07,Aktif,True
L001595,C01229,customer,İhtiyaç Kredisi,3726.69,60,3.74,2022-10-21,Aktif,False
L001596,C01229,customer,İşletme Kredisi,3378.76,36,3.75,2022-07-02,Kapalı,False
L001597,C01230,customer,KOBİ Kredisi,7250.72,48,3.78,2021-08-06,Aktif,False
L001598,C01230,customer,Kredi Kartı,64874.77,60,4.01,2022-06-16,Aktif,False
L001599,C01230,customer,İhtiyaç Kredisi,80856.27,60,2.93,2023-10-11,Aktif,False
L001600,C01232,customer,KOBİ Kredisi,163426.58,120,3.53,2019-07-29,Aktif,False
L001601,C01234,customer,Kredi Kartı,51889.21,60,2.87,2023-04-18,Aktif,False
L001602,C01234,customer,KOBİ Kredisi,21002.33,12,2.64,2025-01-20,Kapalı,False
L001603,C01235,customer,KOBİ Kredisi,26233.35,24,4.72,2019-04-19,Kapalı,False
L001604,C01236,customer,KOBİ Kredisi,23358.15,36,2.72,2020-02-22,Kapalı,False
L001605,C01237,customer,Konut Kredisi,6904.19,84,3.62,2019-06-10,Kapalı,False
L001606,C01238,customer,Kredi Kartı,26672.95,48,4.59,2025-04-29,Aktif,False
L001607,C01238,customer,Taşıt Kredisi,52001.4,36,3.37,2024-06-08,Aktif,False
L001608,C01239,customer,Kredi Kartı,5647.44,36,4.22,2024-10-11,Aktif,False
L001609,C01239,customer,Kredi Kartı,34581.34,36,2.77,2021-07-17,Kapalı,False
L001610,C01240,customer,Taşıt Kredisi,12023.79,24,2.93,2023-01-04,Aktif,False
L001611,C01241,customer,İşletme Kredisi,81208.59,24,2.92,2024-08-16,Kapalı,False
L001612,C01242,customer,Taşıt Kredisi,203153.06,6,3.51,2023-06-02,Kapalı,False
L001613,C01242,customer,Konut Kredisi,37333.24,120,3.87,2025-11-05,Aktif,False
L001614,C01242,customer,Kredi Kartı,28491.91,12,4.78,2019-05-24,Kapalı,True
L001615,C01243,customer,İşletme Kredisi,26912.03,12,4.17,2019-01-01,Kapalı,False
L001616,C01244,customer,Taşıt Kredisi,1531.76,84,4.57,2023-06-24,Aktif,False
L001617,C01246,customer,İhtiyaç Kredisi,316768.76,120,3.16,2025-04-15,Aktif,True
L001618,C01247,customer,Kredi Kartı,34656.56,84,3.66,2021-11-17,Aktif,False
L001619,C01248,customer,İşletme Kredisi,56626.32,12,3.32,2023-05-23,Aktif,False
L001620,C01248,customer,KOBİ Kredisi,63322.58,120,4.9,2023-08-23,Aktif,False
L001621,C01249,customer,Taşıt Kredisi,12192.66,48,3.25,2020-10-24,Kapalı,False
L001622,C01249,customer,Taşıt Kredisi,14430.44,24,3.59,2025-06-08,Aktif,False
L001623,C01250,customer,Taşıt Kredisi,45184.66,60,3.15,2021-04-10,Kapalı,False
L001624,C01250,customer,Taşıt Kredisi,40575.55,120,3.92,2019-10-27,Aktif,False
L001625,C01251,customer,KOBİ Kredisi,37249.66,84,2.84,2023-06-04,Aktif,False
L001626,C01252,customer,KOBİ Kredisi,13484.72,24,4.06,2022-03-28,Kapalı,False
L001627,C01252,customer,Taşıt Kredisi,19164.12,36,4.38,2024-12-13,Aktif,True
L001628,C01253,customer,Kredi Kartı,36024.91,6,4.54,2024-04-27,Aktif,False
L001629,C01253,customer,KOBİ Kredisi,58406.46,120,3.51,2022-04-17,Aktif,False
L001630,C01253,customer,İhtiyaç Kredisi,89653.77,36,4.25,2022-04-27,Aktif,False
L001631,C01254,customer,Konut Kredisi,89631.32,12,3.58,2024-06-19,Kapalı,True
L001632,C01254,customer,İşletme Kredisi,45896.12,36,2.79,2020-01-25,Aktif,False
L001633,C01255,customer,Taşıt Kredisi,13227.25,12,2.54,2022-07-30,Aktif,False
L001634,C01256,customer,İşletme Kredisi,6352.38,120,4.44,2023-03-26,Aktif,False
L001635,C01257,customer,KOBİ Kredisi,26464.69,48,3.2,2019-10-20,Kapalı,False
L001636,C01258,customer,Kredi Kartı,20596.38,36,3.47,2024-01-28,Aktif,False
L001637,C01259,customer,Konut Kredisi,29153.54,12,4.54,2023-04-05,Kapalı,False
L001638,C01259,customer,KOBİ Kredisi,22009.62,84,4.8,2024-12-03,Aktif,False
L001639,C01260,customer,İşletme Kredisi,14841.46,24,3.7,2021-02-15,Kapalı,False
L001640,C01261,customer,Taşıt Kredisi,28023.49,24,4.51,2023-12-29,Kapalı,False
L001641,C01262,customer,İşletme Kredisi,503994.32,48,4.83,2026-01-01,Aktif,False
L001642,C01263,customer,KOBİ Kredisi,170382.52,36,3.19,2023-01-13,Kapalı,False
L001643,C01263,customer,Kredi Kartı,16085.26,6,4.32,2019-10-06,Kapalı,False
L001644,C01264,customer,Kredi Kartı,18795.64,12,3.96,2021-12-11,Aktif,False
L001645,C01264,customer,İşletme Kredisi,37519.68,60,3.91,2020-06-13,Kapalı,False
L001646,C01265,customer,Konut Kredisi,29784.32,60,3.42,2021-08-27,Aktif,False
L001647,C01266,customer,İşletme Kredisi,70233.16,84,2.98,2023-02-03,Aktif,False
L001648,C01267,customer,Kredi Kartı,75339.37,120,2.68,2019-08-26,Aktif,False
L001649,C01268,customer,İşletme Kredisi,13368.83,48,3.17,2021-11-15,Kapalı,False
L001650,C01268,customer,İşletme Kredisi,8120.49,12,3.49,2021-11-30,Kapalı,False
L001651,C01269,customer,İhtiyaç Kredisi,21954.06,6,4.15,2020-07-14,Kapalı,False
L001652,C01269,customer,İşletme Kredisi,34110.58,120,3.35,2019-01-07,Aktif,False
L001653,C01270,customer,İhtiyaç Kredisi,8143.13,36,2.61,2026-02-14,Aktif,False
L001654,C01270,customer,Konut Kredisi,28382.11,24,4.18,2019-10-01,Kapalı,False
L001655,C01270,customer,İhtiyaç Kredisi,20141.08,6,4.12,2022-03-18,Kapalı,False
L001656,C01271,customer,KOBİ Kredisi,148862.12,60,4.01,2020-08-13,Kapalı,False
L001657,C01272,customer,İşletme Kredisi,9186.93,48,3.14,2025-03-07,Aktif,False
L001658,C01273,customer,Konut Kredisi,48687.18,24,3.57,2022-11-22,Kapalı,False
L001659,C01274,customer,KOBİ Kredisi,9366.53,84,3.1,2020-08-05,Aktif,False
L001660,C01274,customer,İşletme Kredisi,17773.01,6,3.02,2026-03-20,Aktif,False
L001661,C01275,customer,Konut Kredisi,169492.7,48,3.5,2020-01-23,Kapalı,True
L001662,C01275,customer,KOBİ Kredisi,20709.18,120,4.64,2021-05-29,Aktif,False
L001663,C01276,customer,Taşıt Kredisi,62870.78,36,3.72,2026-03-25,Aktif,False
L001664,C01276,customer,İşletme Kredisi,39985.48,6,4.74,2024-03-22,Aktif,False
L001665,C01276,customer,Konut Kredisi,97348.26,120,3.8,2020-08-03,Aktif,False
L001666,C01277,customer,Konut Kredisi,47428.58,36,3.35,2025-04-19,Aktif,False
L001667,C01278,customer,İşletme Kredisi,30523.61,60,3.39,2019-12-05,Kapalı,False
L001668,C01278,customer,Taşıt Kredisi,14576.15,6,3.43,2022-05-30,Kapalı,True
L001669,C01279,customer,Konut Kredisi,36270.33,36,3.16,2019-01-30,Kapalı,False
L001670,C01279,customer,Taşıt Kredisi,78389.34,120,3.64,2021-10-15,Aktif,False
L001671,C01280,customer,Konut Kredisi,12510.79,60,3.8,2021-05-23,Kapalı,False
L001672,C01281,customer,Kredi Kartı,20289.13,48,4.09,2021-06-03,Kapalı,False
L001673,C01282,customer,KOBİ Kredisi,14446.89,24,4.88,2020-06-06,Kapalı,False
L001674,C01283,customer,Taşıt Kredisi,24450.04,48,2.56,2024-12-08,Aktif,False
L001675,C01284,customer,Taşıt Kredisi,37912.97,24,4.18,2021-08-07,Aktif,True
L001676,C01285,customer,KOBİ Kredisi,42879.41,48,4.08,2023-10-03,Aktif,False
L001677,C01286,customer,İhtiyaç Kredisi,68348.52,36,3.16,2024-12-11,Aktif,True
L001678,C01286,customer,İşletme Kredisi,31949.79,60,3.08,2022-04-23,Aktif,False
L001679,C01287,customer,İhtiyaç Kredisi,68687.95,60,2.57,2020-11-08,Kapalı,False
L001680,C01287,customer,İhtiyaç Kredisi,18311.94,6,2.51,2020-05-10,Kapalı,True
L001681,C01288,customer,Konut Kredisi,436224.33,36,3.3,2021-06-11,Kapalı,False
L001682,C01289,customer,İşletme Kredisi,71813.08,6,4.46,2025-07-07,Kapalı,False
L001683,C01290,customer,Konut Kredisi,262634.16,6,2.75,2026-06-11,Aktif,False
L001684,C01291,customer,KOBİ Kredisi,21711.8,6,3.89,2019-08-13,Kapalı,False
L001685,C01292,customer,KOBİ Kredisi,12399.34,48,3.87,2026-06-24,Aktif,False
L001686,C01292,customer,Konut Kredisi,9958.43,60,4.86,2024-11-05,Aktif,False
L001687,C01293,customer,Taşıt Kredisi,19616.36,24,3.39,2022-12-10,Kapalı,False
L001688,C01294,customer,KOBİ Kredisi,23329.01,60,2.75,2024-03-30,Aktif,False
L001689,C01294,customer,Kredi Kartı,23618.95,84,4.21,2022-04-16,Aktif,False
L001690,C01294,customer,Taşıt Kredisi,27349.16,24,2.97,2024-07-17,Kapalı,True
L001691,C01295,customer,İşletme Kredisi,85816.13,36,2.76,2020-08-22,Kapalı,True
L001692,C01296,customer,KOBİ Kredisi,13393.18,120,2.52,2022-07-02,Aktif,False
L001693,C01297,customer,Taşıt Kredisi,131580.7,24,4.06,2020-12-09,Kapalı,False
L001694,C01297,customer,İşletme Kredisi,52321.66,60,2.85,2020-12-16,Kapalı,False
L001695,C01297,customer,Konut Kredisi,9782.78,120,3.46,2019-11-07,Aktif,False
L001696,C01298,customer,Taşıt Kredisi,34911.56,6,3.84,2021-06-29,Kapalı,False
L001697,C01299,customer,KOBİ Kredisi,18105.92,120,2.81,2025-12-26,Aktif,False
L001698,C01300,customer,Taşıt Kredisi,33320.97,48,4.35,2019-07-27,Kapalı,False
L001699,C01300,customer,KOBİ Kredisi,5445.51,36,3.99,2023-03-17,Kapalı,False
L001700,C01301,customer,İhtiyaç Kredisi,24985.92,120,2.81,2022-10-16,Aktif,False
L001701,C01303,customer,Taşıt Kredisi,296876.15,36,4.61,2024-03-27,Aktif,False
L001702,C01303,customer,Konut Kredisi,23839.83,120,4.28,2024-03-31,Aktif,False
L001703,C01304,customer,Taşıt Kredisi,26109.26,6,2.77,2023-11-15,Kapalı,False
L001704,C01305,customer,İşletme Kredisi,37484.17,24,2.55,2024-02-03,Aktif,False
L001705,C01305,customer,Konut Kredisi,4163.51,48,3.71,2026-01-22,Aktif,False
L001706,C01305,customer,İşletme Kredisi,43807.4,12,3.84,2022-11-15,Kapalı,False
L001707,C01306,customer,İşletme Kredisi,129081.55,120,3.14,2021-06-16,Aktif,False
L001708,C01307,customer,Kredi Kartı,38109.58,36,3.14,2024-07-06,Aktif,False
L001709,C01308,customer,Konut Kredisi,51186.72,12,2.91,2022-01-04,Kapalı,False
L001710,C01308,customer,Kredi Kartı,39730.13,48,2.68,2026-02-24,Aktif,False
L001711,C01309,customer,İşletme Kredisi,30344.48,36,4.83,2023-07-31,Kapalı,False
L001712,C01310,customer,İşletme Kredisi,7837.15,6,4.8,2024-02-28,Kapalı,False
L001713,C01312,customer,İhtiyaç Kredisi,14252.58,12,3.68,2022-11-22,Aktif,False
L001714,C01312,customer,İhtiyaç Kredisi,10265.06,6,3.41,2024-07-15,Aktif,False
L001715,C01313,customer,Kredi Kartı,28915.36,12,4.23,2025-04-22,Kapalı,False
L001716,C01313,customer,İşletme Kredisi,37115.53,84,2.71,2020-03-03,Aktif,True
L001717,C01314,customer,İşletme Kredisi,72936.12,6,3.43,2019-09-20,Kapalı,False
L001718,C01315,customer,KOBİ Kredisi,23877.47,24,3.05,2025-08-24,Aktif,False
L001719,C01315,customer,İhtiyaç Kredisi,13131.82,12,3.23,2021-02-01,Aktif,False
L001720,C01316,customer,Kredi Kartı,6679.87,12,2.62,2022-12-29,Kapalı,False
L001721,C01317,customer,Konut Kredisi,30075.11,24,3.68,2019-09-04,Kapalı,False
L001722,C01317,customer,İhtiyaç Kredisi,477247.2,12,3.88,2023-07-12,Kapalı,False
L001723,C01318,customer,KOBİ Kredisi,27756.2,6,3.3,2022-11-07,Kapalı,False
L001724,C01319,customer,Taşıt Kredisi,223546.07,84,4.25,2025-03-09,Aktif,False
L001725,C01319,customer,Kredi Kartı,79197.36,12,4.71,2025-10-12,Aktif,False
L001726,C01320,customer,Konut Kredisi,19332.73,120,3.02,2019-12-09,Aktif,False
L001727,C01321,customer,İhtiyaç Kredisi,88740.21,24,4.72,2026-06-21,Aktif,False
L001728,C01321,customer,KOBİ Kredisi,10860.27,12,4.03,2019-05-12,Aktif,False
L001729,C01322,customer,Taşıt Kredisi,40850.79,24,3.71,2022-10-25,Aktif,False
L001730,C01322,customer,Taşıt Kredisi,29536.0,12,2.62,2021-01-11,Kapalı,False
L001731,C01322,customer,Taşıt Kredisi,13168.9,48,3.31,2024-09-14,Aktif,False
L001732,C01324,customer,Kredi Kartı,12327.94,6,3.74,2022-08-22,Kapalı,False
L001733,C01324,customer,Taşıt Kredisi,16342.69,12,2.63,2023-12-19,Kapalı,False
L001734,C01325,customer,Kredi Kartı,32756.34,6,4.63,2026-03-31,Aktif,False
L001735,C01326,customer,KOBİ Kredisi,32419.2,36,2.68,2019-10-01,Kapalı,False
L001736,C01327,customer,KOBİ Kredisi,33744.88,120,4.08,2019-03-08,Aktif,False
L001737,C01328,customer,İşletme Kredisi,14067.8,120,3.57,2024-12-29,Aktif,False
L001738,C01329,customer,Taşıt Kredisi,5075.68,60,2.75,2019-03-23,Kapalı,False
L001739,C01329,customer,Konut Kredisi,36379.03,60,4.18,2025-12-12,Aktif,False
L001740,C01330,customer,İşletme Kredisi,4585.43,12,4.76,2021-06-29,Aktif,False
L001741,C01331,customer,Konut Kredisi,6355.08,120,3.58,2019-01-15,Aktif,False
L001742,C01331,customer,İşletme Kredisi,35906.21,120,4.16,2021-03-01,Aktif,False
L001743,C01332,customer,İhtiyaç Kredisi,29970.83,36,3.76,2023-01-05,Kapalı,False
L001744,C01332,customer,Konut Kredisi,43077.38,48,2.54,2019-01-26,Kapalı,False
L001745,C01334,customer,Konut Kredisi,23583.43,120,3.31,2020-03-24,Aktif,False
L001746,C01335,customer,Kredi Kartı,14890.99,84,3.79,2020-06-16,Aktif,False
L001747,C01336,customer,Konut Kredisi,4546.1,36,4.79,2023-08-03,Kapalı,False
L001748,C01338,customer,İhtiyaç Kredisi,21500.55,48,3.25,2022-09-26,Aktif,False
L001749,C01338,customer,Taşıt Kredisi,10002.81,48,2.67,2025-03-14,Aktif,False
L001750,C01339,customer,KOBİ Kredisi,27778.71,24,4.28,2019-04-03,Kapalı,False
L001751,C01340,customer,İşletme Kredisi,4931.59,48,3.43,2022-11-21,Aktif,False
L001752,C01341,customer,İşletme Kredisi,43385.43,48,4.55,2022-09-10,Kapalı,True
L001753,C01341,customer,Taşıt Kredisi,5415.42,24,2.96,2023-12-22,Kapalı,False
L001754,C01342,customer,Kredi Kartı,29674.39,6,2.99,2020-06-14,Kapalı,False
L001755,C01342,customer,KOBİ Kredisi,16391.47,84,4.87,2024-06-09,Aktif,False
L001756,C01342,customer,Taşıt Kredisi,86277.63,120,3.38,2025-08-16,Aktif,False
L001757,C01343,customer,Kredi Kartı,39012.2,48,4.84,2021-11-08,Aktif,False
L001758,C01344,customer,İhtiyaç Kredisi,30052.18,6,4.31,2023-07-20,Kapalı,False
L001759,C01344,customer,Taşıt Kredisi,127210.03,12,4.56,2019-02-01,Aktif,False
L001760,C01345,customer,Taşıt Kredisi,39541.58,6,3.99,2023-08-31,Kapalı,False
L001761,C01346,customer,Taşıt Kredisi,70172.22,120,3.35,2020-02-26,Aktif,True
L001762,C01347,customer,Kredi Kartı,31368.14,48,3.6,2020-11-15,Kapalı,False
L001763,C01348,customer,Konut Kredisi,67918.76,48,3.98,2021-01-28,Kapalı,False
L001764,C01349,customer,Taşıt Kredisi,26804.6,60,2.9,2021-05-13,Kapalı,False
L001765,C01349,customer,KOBİ Kredisi,33335.95,24,2.58,2022-06-29,Aktif,False
L001766,C01350,customer,İşletme Kredisi,62589.3,36,4.78,2020-11-10,Kapalı,False
L001767,C01352,customer,Taşıt Kredisi,17448.76,60,3.33,2019-04-18,Kapalı,False
L001768,C01353,customer,KOBİ Kredisi,257419.11,120,2.63,2021-12-07,Aktif,False
L001769,C01354,customer,Kredi Kartı,2522.56,6,3.24,2021-02-27,Kapalı,False
L001770,C01354,customer,İhtiyaç Kredisi,29033.12,36,4.49,2024-05-07,Aktif,False
L001771,C01355,customer,Konut Kredisi,28694.34,120,4.62,2024-07-04,Aktif,False
L001772,C01355,customer,Taşıt Kredisi,78734.9,24,4.71,2021-01-17,Kapalı,False
L001773,C01356,customer,Kredi Kartı,15805.67,24,3.65,2019-07-04,Kapalı,False
L001774,C01357,customer,Kredi Kartı,20197.09,24,3.85,2021-05-29,Kapalı,False
L001775,C01357,customer,İhtiyaç Kredisi,12621.9,36,2.84,2021-07-15,Kapalı,False
L001776,C01358,customer,Kredi Kartı,37331.15,36,4.78,2025-03-15,Aktif,False
L001777,C01359,customer,Taşıt Kredisi,110607.48,60,4.56,2019-05-15,Kapalı,False
L001778,C01361,customer,Konut Kredisi,139280.3,84,3.03,2021-09-09,Aktif,False
L001779,C01362,customer,KOBİ Kredisi,195343.16,84,4.53,2023-08-29,Aktif,False
L001780,C01362,customer,Kredi Kartı,294283.36,36,4.78,2023-07-26,Aktif,False
L001781,C01363,customer,Kredi Kartı,31566.01,48,3.13,2025-11-29,Aktif,False
L001782,C01364,customer,İşletme Kredisi,36506.47,120,4.1,2025-01-29,Aktif,False
L001783,C01364,customer,Konut Kredisi,151719.3,12,3.46,2021-06-19,Kapalı,False
L001784,C01365,customer,Konut Kredisi,11796.72,60,4.23,2022-08-06,Aktif,False
L001785,C01366,customer,Taşıt Kredisi,10985.28,84,4.8,2024-08-01,Aktif,False
L001786,C01366,customer,KOBİ Kredisi,57328.49,60,2.56,2025-07-09,Aktif,False
L001787,C01367,customer,Taşıt Kredisi,149971.66,36,4.62,2019-12-30,Kapalı,False
L001788,C01368,customer,Kredi Kartı,7218.16,84,4.44,2020-03-21,Aktif,False
L001789,C01368,customer,KOBİ Kredisi,157245.13,84,4.52,2021-07-29,Aktif,False
L001790,C01368,customer,Konut Kredisi,21011.28,24,3.62,2024-09-28,Aktif,False
L001791,C01369,customer,İşletme Kredisi,2445.4,12,3.76,2020-02-03,Kapalı,False
L001792,C01369,customer,KOBİ Kredisi,18647.96,24,4.12,2022-04-24,Kapalı,False
L001793,C01370,customer,İhtiyaç Kredisi,69656.59,60,4.68,2021-11-27,Aktif,False
L001794,C01370,customer,İhtiyaç Kredisi,3979.94,12,4.84,2026-07-26,Aktif,False
L001795,C01371,customer,Konut Kredisi,48297.35,6,3.5,2023-10-22,Kapalı,False
L001796,C01373,customer,KOBİ Kredisi,9727.82,84,4.44,2022-12-18,Aktif,True
L001797,C01374,customer,Taşıt Kredisi,958.25,84,3.89,2024-05-30,Aktif,False
L001798,C01374,customer,Kredi Kartı,14095.95,48,3.03,2025-09-11,Aktif,False
L001799,C01375,customer,KOBİ Kredisi,26515.88,60,3.31,2021-07-13,Kapalı,False
L001800,C01376,customer,Taşıt Kredisi,20128.57,48,4.03,2023-02-06,Aktif,False
L001801,C01376,customer,İşletme Kredisi,55208.01,36,2.67,2021-06-24,Kapalı,False
L001802,C01377,customer,KOBİ Kredisi,7076.5,60,4.05,2020-03-20,Kapalı,False
L001803,C01378,customer,Taşıt Kredisi,23928.15,36,4.77,2019-08-04,Kapalı,False
L001804,C01378,customer,KOBİ Kredisi,3550.93,84,4.77,2019-05-29,Kapalı,False
L001805,C01379,customer,KOBİ Kredisi,39426.73,60,4.84,2026-07-07,Aktif,False
L001806,C01380,customer,İhtiyaç Kredisi,94953.78,24,4.36,2022-01-23,Kapalı,False
L001807,C01381,customer,Taşıt Kredisi,114659.21,36,3.13,2022-05-07,Kapalı,False
L001808,C01381,customer,KOBİ Kredisi,26566.63,84,2.79,2025-07-09,Aktif,False
L001809,C01382,customer,Taşıt Kredisi,26934.44,24,4.02,2023-03-03,Kapalı,False
L001810,C01383,customer,İhtiyaç Kredisi,53728.84,48,2.82,2026-03-17,Aktif,False
L001811,C01384,customer,KOBİ Kredisi,19560.37,36,2.73,2022-10-19,Kapalı,False
L001812,C01385,customer,İşletme Kredisi,8254.13,6,3.4,2024-10-27,Aktif,True
L001813,C01386,customer,Kredi Kartı,12918.19,12,4.37,2023-05-20,Kapalı,False
L001814,C01387,customer,KOBİ Kredisi,13023.12,48,3.28,2021-12-15,Kapalı,False
L001815,C01387,customer,KOBİ Kredisi,8908.54,120,4.73,2021-03-27,Aktif,False
L001816,C01387,customer,KOBİ Kredisi,63504.16,12,4.11,2024-12-18,Kapalı,False
L001817,C01388,customer,İşletme Kredisi,30371.01,48,3.77,2021-10-25,Kapalı,False
L001818,C01388,customer,Taşıt Kredisi,15449.52,84,3.2,2025-10-05,Aktif,False
L001819,C01389,customer,Kredi Kartı,144773.37,12,2.58,2024-08-27,Kapalı,False
L001820,C01390,customer,İhtiyaç Kredisi,51649.1,12,2.91,2022-11-05,Kapalı,False
L001821,C01391,customer,Kredi Kartı,6033.13,120,3.56,2022-01-03,Aktif,False
L001822,C01392,customer,İhtiyaç Kredisi,71196.48,60,4.06,2022-01-18,Aktif,False
L001823,C01393,customer,İhtiyaç Kredisi,24323.61,48,4.28,2025-09-30,Aktif,False
L001824,C01394,customer,Konut Kredisi,36918.29,12,3.72,2020-05-15,Aktif,False
L001825,C01395,customer,KOBİ Kredisi,19235.17,12,3.17,2022-06-29,Kapalı,False
L001826,C01397,customer,Konut Kredisi,3527.2,6,4.18,2022-04-30,Kapalı,False
L001827,C01398,customer,Taşıt Kredisi,13841.33,60,2.59,2024-08-15,Aktif,False
L001828,C01398,customer,Taşıt Kredisi,5494.47,120,3.07,2019-05-03,Aktif,False
L001829,C01399,customer,İhtiyaç Kredisi,7413.39,36,3.12,2022-11-16,Kapalı,False
L001830,C01399,customer,İhtiyaç Kredisi,42800.44,12,4.46,2019-06-01,Kapalı,False
L001831,C01400,customer,İşletme Kredisi,91905.63,24,3.85,2021-11-11,Kapalı,False
L001832,C01401,customer,İhtiyaç Kredisi,7788.42,24,4.66,2025-01-29,Aktif,False
L001833,C01402,customer,Konut Kredisi,13467.96,120,3.98,2021-01-01,Aktif,False
L001834,C01403,customer,Taşıt Kredisi,43912.85,12,3.6,2026-04-25,Aktif,False
L001835,C01403,customer,İşletme Kredisi,60599.27,12,2.83,2019-02-02,Kapalı,False
L001836,C01404,customer,İhtiyaç Kredisi,47499.54,48,4.71,2020-06-13,Kapalı,False
L001837,C01404,customer,Kredi Kartı,7447.14,120,2.8,2025-09-18,Aktif,True
L001838,C01405,customer,Taşıt Kredisi,36772.85,60,2.75,2022-02-15,Aktif,False
L001839,C01406,customer,KOBİ Kredisi,8643.9,48,3.86,2020-09-05,Kapalı,False
L001840,C01407,customer,Taşıt Kredisi,1967.52,60,2.61,2025-05-17,Aktif,False
L001841,C01407,customer,Konut Kredisi,15758.46,120,4.29,2023-06-20,Aktif,False
L001842,C01408,customer,Kredi Kartı,24594.6,12,4.75,2025-01-11,Kapalı,False
L001843,C01409,customer,İşletme Kredisi,116996.08,48,4.21,2019-11-07,Aktif,False
L001844,C01410,customer,Taşıt Kredisi,20308.02,48,4.74,2025-05-21,Aktif,False
L001845,C01411,customer,Konut Kredisi,16894.07,36,4.51,2024-08-08,Aktif,True
L001846,C01412,customer,KOBİ Kredisi,89073.04,24,3.19,2024-03-14,Kapalı,False
L001847,C01413,customer,KOBİ Kredisi,13811.96,48,3.23,2021-05-09,Kapalı,False
L001848,C01413,customer,İşletme Kredisi,13264.14,120,4.13,2019-08-25,Aktif,False
L001849,C01414,customer,KOBİ Kredisi,70445.31,12,3.8,2023-11-07,Kapalı,False
L001850,C01414,customer,Konut Kredisi,44918.25,120,2.67,2023-03-11,Aktif,False
L001851,C01415,customer,İşletme Kredisi,3926.12,120,3.03,2019-07-03,Aktif,False
L001852,C01416,customer,İhtiyaç Kredisi,49410.37,84,4.1,2021-11-10,Aktif,False
L001853,C01417,customer,Konut Kredisi,50626.04,84,4.26,2025-06-06,Aktif,False
L001854,C01418,customer,İşletme Kredisi,59988.49,36,3.21,2024-09-30,Aktif,False
L001855,C01418,customer,Kredi Kartı,69744.27,60,3.89,2023-07-17,Aktif,False
L001856,C01418,customer,İhtiyaç Kredisi,39649.25,84,4.39,2023-09-28,Aktif,False
L001857,C01419,customer,İşletme Kredisi,14579.82,84,4.87,2024-02-05,Aktif,False
L001858,C01420,customer,KOBİ Kredisi,30478.02,60,4.59,2021-08-03,Kapalı,False
L001859,C01420,customer,KOBİ Kredisi,10545.77,60,2.57,2021-06-01,Kapalı,False
L001860,C01421,customer,Kredi Kartı,48030.15,84,3.45,2019-11-07,Aktif,False
L001861,C01421,customer,İşletme Kredisi,41275.09,36,3.51,2020-05-30,Kapalı,True
L001862,C01422,customer,İşletme Kredisi,5224.98,84,3.66,2020-04-02,Aktif,False
L001863,C01422,customer,Kredi Kartı,60051.03,120,2.97,2026-03-15,Aktif,False
L001864,C01423,customer,Konut Kredisi,42112.43,24,3.55,2021-02-14,Aktif,False
L001865,C01424,customer,KOBİ Kredisi,7049.62,6,4.07,2026-07-25,Aktif,False
L001866,C01424,customer,İhtiyaç Kredisi,5902.56,120,3.51,2019-10-26,Aktif,False
L001867,C01424,customer,Konut Kredisi,246047.02,6,2.64,2024-02-12,Kapalı,False
L001868,C01425,customer,İhtiyaç Kredisi,33023.98,24,4.2,2019-06-11,Kapalı,False
L001869,C01425,customer,Konut Kredisi,7940.37,60,4.7,2023-03-28,Aktif,False
L001870,C01426,customer,KOBİ Kredisi,14574.99,36,4.07,2023-04-28,Kapalı,False
L001871,C01428,customer,Taşıt Kredisi,17672.43,12,3.95,2021-05-05,Aktif,False
L001872,C01429,customer,Kredi Kartı,88071.85,24,3.5,2020-12-21,Kapalı,False
L001873,C01430,customer,Konut Kredisi,65714.04,24,4.66,2020-02-01,Kapalı,False
L001874,C01430,customer,Kredi Kartı,31183.73,24,4.77,2019-05-06,Kapalı,False
L001875,C01431,customer,İşletme Kredisi,22897.51,36,3.99,2024-08-03,Aktif,False
L001876,C01431,customer,İhtiyaç Kredisi,16740.22,24,3.47,2021-08-07,Kapalı,False
L001877,C01433,customer,Kredi Kartı,128352.08,36,3.17,2024-07-17,Aktif,False
L001878,C01434,customer,Kredi Kartı,18919.62,60,3.11,2025-09-11,Aktif,True
L001879,C01435,customer,Taşıt Kredisi,13447.7,24,3.31,2025-08-12,Aktif,False
L001880,C01436,customer,İşletme Kredisi,301025.61,24,3.39,2025-12-10,Aktif,False
L001881,C01437,customer,İhtiyaç Kredisi,52054.21,12,4.2,2021-08-17,Kapalı,True
L001882,C01437,customer,Konut Kredisi,15458.52,60,2.51,2024-04-26,Aktif,False
L001883,C01437,customer,Kredi Kartı,11287.9,6,3.83,2026-06-04,Aktif,False
L001884,C01438,customer,Konut Kredisi,143446.84,6,2.59,2024-04-19,Kapalı,False
L001885,C01439,customer,İhtiyaç Kredisi,53653.55,12,2.93,2021-07-14,Kapalı,False
L001886,C01439,customer,Taşıt Kredisi,61187.74,84,3.51,2025-07-02,Aktif,False
L001887,C01440,customer,Konut Kredisi,50694.5,36,2.73,2025-02-14,Aktif,False
L001888,C01441,customer,KOBİ Kredisi,43817.39,36,4.33,2019-12-25,Kapalı,True
L001889,C01442,customer,İhtiyaç Kredisi,29298.88,36,4.56,2021-10-19,Kapalı,False
L001890,C01442,customer,KOBİ Kredisi,8288.95,120,3.26,2021-03-24,Aktif,False
L001891,C01443,customer,KOBİ Kredisi,17601.57,12,2.5,2022-05-10,Kapalı,False
L001892,C01444,customer,KOBİ Kredisi,60333.37,84,2.71,2019-11-10,Aktif,False
L001893,C01446,customer,Konut Kredisi,1488.93,84,3.54,2019-12-24,Aktif,False
L001894,C01446,customer,Kredi Kartı,88678.17,60,4.16,2025-01-04,Aktif,False
L001895,C01447,customer,İhtiyaç Kredisi,12654.04,12,3.77,2019-02-17,Kapalı,False
L001896,C01448,customer,İşletme Kredisi,23699.68,48,3.16,2026-06-02,Aktif,False
L001897,C01449,customer,İşletme Kredisi,87464.37,24,3.51,2020-11-03,Aktif,False
L001898,C01449,customer,İşletme Kredisi,101864.11,120,4.81,2024-08-28,Aktif,False
L001899,C01450,customer,Konut Kredisi,4704.64,36,4.29,2026-03-23,Aktif,False
L001900,C01453,customer,İhtiyaç Kredisi,54699.02,12,3.54,2019-06-08,Aktif,False
L001901,C01453,customer,İşletme Kredisi,80624.85,12,4.18,2019-01-30,Kapalı,False
L001902,C01454,customer,Kredi Kartı,5318.1,24,2.95,2026-05-02,Aktif,False
L001903,C01455,customer,Kredi Kartı,4724.86,120,4.42,2022-05-13,Aktif,False
L001904,C01455,customer,KOBİ Kredisi,111228.98,36,3.76,2019-05-22,Kapalı,False
L001905,C01455,customer,Konut Kredisi,12773.31,48,3.45,2020-05-21,Kapalı,False
L001906,C01456,customer,Taşıt Kredisi,13958.28,48,2.65,2022-01-08,Kapalı,False
L001907,C01456,customer,KOBİ Kredisi,36230.95,48,2.79,2020-07-21,Kapalı,False
L001908,C01457,customer,İhtiyaç Kredisi,21739.5,120,3.01,2024-08-14,Aktif,False
L001909,C01458,customer,Konut Kredisi,11757.76,120,3.9,2024-08-07,Aktif,True
L001910,C01459,customer,Taşıt Kredisi,21101.21,24,4.13,2024-09-07,Aktif,False
L001911,C01459,customer,Taşıt Kredisi,27003.79,12,3.75,2019-08-15,Kapalı,False
L001912,C01460,customer,İhtiyaç Kredisi,261819.01,12,4.16,2019-02-13,Kapalı,False
L001913,C01461,customer,İşletme Kredisi,8647.94,120,3.01,2025-06-25,Aktif,False
L001914,C01461,customer,Taşıt Kredisi,35836.29,36,3.12,2022-06-24,Aktif,True
L001915,C01462,customer,Kredi Kartı,36993.62,24,3.1,2022-05-17,Kapalı,True
L001916,C01462,customer,İşletme Kredisi,128379.86,84,2.77,2021-04-12,Aktif,False
L001917,C01463,customer,KOBİ Kredisi,20932.37,24,3.28,2023-10-02,Kapalı,False
L001918,C01463,customer,İhtiyaç Kredisi,108870.99,120,4.27,2024-04-01,Aktif,False
L001919,C01464,customer,Kredi Kartı,8479.29,84,3.29,2019-12-25,Aktif,False
L001920,C01465,customer,KOBİ Kredisi,8439.83,120,3.18,2021-02-04,Aktif,False
L001921,C01466,customer,KOBİ Kredisi,105774.14,24,3.95,2019-03-23,Kapalı,False
L001922,C01467,customer,KOBİ Kredisi,12464.86,60,3.01,2025-02-14,Aktif,False
L001923,C01467,customer,İhtiyaç Kredisi,19738.28,12,2.66,2022-06-18,Kapalı,False
L001924,C01468,customer,İşletme Kredisi,16055.29,24,4.9,2022-11-10,Aktif,False
L001925,C01469,customer,Taşıt Kredisi,24731.29,6,4.11,2023-05-04,Kapalı,False
L001926,C01470,customer,KOBİ Kredisi,28880.91,24,4.67,2022-08-24,Aktif,False
L001927,C01471,customer,Taşıt Kredisi,14786.26,6,3.48,2019-06-22,Kapalı,False
L001928,C01472,customer,İhtiyaç Kredisi,20538.57,60,4.38,2022-01-28,Aktif,False
L001929,C01472,customer,İhtiyaç Kredisi,34951.17,60,4.62,2019-06-26,Kapalı,False
L001930,C01473,customer,İşletme Kredisi,157352.28,60,2.86,2026-05-19,Aktif,False
L001931,C01474,customer,KOBİ Kredisi,23881.05,6,2.8,2021-11-27,Kapalı,True
L001932,C01474,customer,Konut Kredisi,25366.22,120,3.96,2021-05-12,Aktif,False
L001933,C01475,customer,İşletme Kredisi,65220.24,120,4.36,2025-04-08,Aktif,False
L001934,C01476,customer,KOBİ Kredisi,10564.12,60,3.9,2020-06-03,Kapalı,False
L001935,C01476,customer,Kredi Kartı,54908.81,48,3.12,2022-04-25,Kapalı,False
L001936,C01477,customer,Taşıt Kredisi,59138.02,60,3.65,2025-03-10,Aktif,False
L001937,C01479,customer,Taşıt Kredisi,10094.16,12,2.8,2019-09-02,Kapalı,False
L001938,C01480,customer,İhtiyaç Kredisi,25201.95,6,4.25,2020-08-04,Kapalı,False
L001939,C01481,customer,İşletme Kredisi,6401.18,24,3.42,2021-03-23,Kapalı,False
L001940,C01481,customer,İhtiyaç Kredisi,374516.06,84,2.96,2020-12-13,Aktif,False
L001941,C01482,customer,Kredi Kartı,22618.27,12,4.4,2023-02-24,Kapalı,True
L001942,C01483,customer,İşletme Kredisi,114363.22,36,2.97,2020-11-16,Kapalı,False
L001943,C01483,customer,İhtiyaç Kredisi,1481.17,48,3.52,2020-01-28,Kapalı,False
L001944,C01484,customer,Konut Kredisi,45881.58,48,4.86,2021-06-19,Kapalı,False
L001945,C01485,customer,İhtiyaç Kredisi,17961.71,24,4.04,2022-06-13,Kapalı,False
L001946,C01485,customer,KOBİ Kredisi,5186.54,48,3.7,2026-04-20,Aktif,False
L001947,C01486,customer,Konut Kredisi,25312.67,36,3.59,2021-03-13,Aktif,True
L001948,C01486,customer,İhtiyaç Kredisi,87259.14,36,4.38,2019-06-30,Kapalı,False
L001949,C01488,customer,Kredi Kartı,59826.42,60,4.89,2025-02-20,Aktif,False
L001950,C01488,customer,İşletme Kredisi,38711.48,12,3.74,2023-01-15,Kapalı,False
L001951,C01490,customer,Taşıt Kredisi,13520.89,60,4.46,2019-01-14,Aktif,False
L001952,C01491,customer,İşletme Kredisi,19809.18,24,4.84,2023-01-17,Aktif,False
L001953,C01492,customer,İhtiyaç Kredisi,24460.11,48,3.62,2025-11-12,Aktif,False
L001954,C01492,customer,İşletme Kredisi,7348.75,48,3.68,2021-09-10,Kapalı,False
L001955,C01493,customer,Taşıt Kredisi,116875.48,12,4.46,2020-12-22,Kapalı,False
L001956,C01494,customer,Taşıt Kredisi,25218.7,84,2.62,2022-12-16,Aktif,False
L001957,C01495,customer,İşletme Kredisi,25745.27,60,3.12,2026-05-17,Aktif,False
L001958,C01495,customer,Taşıt Kredisi,39896.09,24,2.88,2019-02-09,Kapalı,True
L001959,C01496,customer,Taşıt Kredisi,12089.82,48,4.07,2024-07-24,Aktif,False
L001960,C01497,customer,Kredi Kartı,4411.09,24,2.62,2024-01-17,Kapalı,False
L001961,C01498,customer,Taşıt Kredisi,26758.0,48,4.82,2023-06-11,Aktif,False
L001962,C01499,customer,İşletme Kredisi,86455.98,36,3.16,2023-02-23,Aktif,False
L001963,C01500,customer,Konut Kredisi,38329.57,84,3.95,2020-04-09,Aktif,False
L001964,C01501,customer,İhtiyaç Kredisi,178555.31,12,4.24,2021-12-22,Kapalı,False
L001965,C01501,customer,İşletme Kredisi,2607.02,36,3.79,2022-01-29,Kapalı,False
L001966,C01502,customer,KOBİ Kredisi,54440.53,12,2.86,2026-04-24,Aktif,False
L001967,C01503,customer,İhtiyaç Kredisi,8007.6,12,2.72,2019-05-08,Kapalı,False
L001968,C01504,customer,Taşıt Kredisi,7101.53,12,2.89,2023-12-13,Kapalı,False
L001969,C01505,customer,İşletme Kredisi,23110.13,84,3.5,2021-04-11,Aktif,False
L001970,C01506,customer,Konut Kredisi,32989.3,60,4.39,2021-06-26,Kapalı,False
L001971,C01508,customer,İşletme Kredisi,9072.2,120,3.15,2022-08-05,Aktif,False
L001972,C01509,customer,KOBİ Kredisi,33292.6,60,2.8,2020-06-21,Kapalı,False
L001973,C01510,customer,İşletme Kredisi,271470.67,84,3.3,2020-02-14,Aktif,False
L001974,C01510,customer,Kredi Kartı,24963.54,24,3.83,2021-11-12,Aktif,False
L001975,C01511,customer,Kredi Kartı,76850.16,6,2.86,2019-05-15,Kapalı,False
L001976,C01512,customer,KOBİ Kredisi,7161.65,60,4.55,2025-01-19,Aktif,True
L001977,C01513,customer,Taşıt Kredisi,86709.24,60,3.84,2019-06-06,Kapalı,False
L001978,C01515,customer,İşletme Kredisi,5431.22,120,4.84,2021-12-31,Aktif,True
L001979,C01515,customer,Kredi Kartı,54801.55,120,2.92,2023-03-04,Aktif,False
L001980,C01516,customer,KOBİ Kredisi,29516.86,48,2.64,2020-07-12,Aktif,False
L001981,C01516,customer,Kredi Kartı,37925.17,6,3.39,2020-10-17,Kapalı,False
L001982,C01517,customer,İhtiyaç Kredisi,57268.44,48,4.46,2025-07-25,Aktif,False
L001983,C01518,customer,İşletme Kredisi,11871.14,48,4.48,2019-10-25,Kapalı,False
L001984,C01519,customer,Kredi Kartı,3521.71,48,2.72,2022-03-15,Kapalı,False
L001985,C01520,customer,Taşıt Kredisi,5519.84,120,2.99,2026-03-17,Aktif,False
L001986,C01520,customer,İşletme Kredisi,8292.28,36,4.65,2025-12-04,Aktif,False
L001987,C01521,customer,Taşıt Kredisi,63983.41,6,2.58,2022-11-17,Kapalı,False
L001988,C01522,customer,Konut Kredisi,36716.46,120,3.49,2019-01-23,Aktif,False
L001989,C01522,customer,Konut Kredisi,8160.85,36,4.17,2021-08-04,Kapalı,False
L001990,C01523,customer,İşletme Kredisi,117819.88,48,2.55,2025-03-24,Aktif,False
L001991,C01524,customer,İşletme Kredisi,18528.06,24,4.47,2023-05-13,Kapalı,False
L001992,C01524,customer,Taşıt Kredisi,8562.02,36,2.99,2026-07-19,Aktif,False
L001993,C01525,customer,Taşıt Kredisi,2709.27,12,4.09,2021-12-13,Kapalı,True
L001994,C01525,customer,İşletme Kredisi,25888.76,6,3.32,2021-07-20,Aktif,False
L001995,C01526,customer,İhtiyaç Kredisi,10946.82,6,2.98,2021-06-28,Kapalı,True
L001996,C01527,customer,Kredi Kartı,81162.98,48,4.43,2019-02-21,Kapalı,False
L001997,C01527,customer,İşletme Kredisi,812645.87,120,4.17,2025-01-10,Aktif,False
L001998,C01528,customer,Taşıt Kredisi,19758.13,12,3.5,2023-09-02,Aktif,False
L001999,C01529,customer,Konut Kredisi,35822.85,48,4.63,2021-08-17,Aktif,False
L002000,C01529,customer,Konut Kredisi,9062.72,48,4.15,2026-02-10,Aktif,False
L002001,C01529,customer,Konut Kredisi,19116.46,60,3.15,2019-03-28,Kapalı,False
L002002,C01530,customer,Taşıt Kredisi,59592.18,24,3.45,2024-12-03,Aktif,False
L002003,C01530,customer,İşletme Kredisi,12507.9,12,4.31,2023-06-03,Kapalı,False
L002004,C01531,customer,Kredi Kartı,42442.38,12,3.14,2025-07-08,Aktif,False
L002005,C01532,customer,İşletme Kredisi,51373.13,6,3.03,2024-07-02,Kapalı,False
L002006,C01533,customer,Taşıt Kredisi,228217.69,120,3.23,2020-05-14,Aktif,False
L002007,C01533,customer,Taşıt Kredisi,21404.7,60,4.12,2022-11-06,Aktif,False
L002008,C01534,customer,İşletme Kredisi,4570.77,48,2.84,2023-11-16,Aktif,False
L002009,C01534,customer,KOBİ Kredisi,13868.24,36,4.32,2026-01-31,Aktif,False
L002010,C01535,customer,İşletme Kredisi,22961.25,120,4.2,2020-12-26,Aktif,False
L002011,C01536,customer,Taşıt Kredisi,30396.78,36,4.76,2024-11-21,Aktif,False
L002012,C01538,customer,Taşıt Kredisi,89951.55,24,4.34,2024-05-26,Kapalı,False
L002013,C01539,customer,Taşıt Kredisi,9562.65,24,3.67,2024-05-07,Aktif,False
L002014,C01540,customer,Taşıt Kredisi,11704.36,84,4.34,2022-12-15,Aktif,False
L002015,C01541,customer,Konut Kredisi,110616.66,24,3.45,2021-12-10,Kapalı,False
L002016,C01542,customer,Taşıt Kredisi,2373.02,36,4.54,2021-10-12,Kapalı,False
L002017,C01542,customer,İşletme Kredisi,14487.22,60,2.93,2026-04-07,Aktif,False
L002018,C01543,customer,İşletme Kredisi,17070.37,6,3.89,2022-08-27,Kapalı,False
L002019,C01543,customer,Konut Kredisi,41256.0,36,4.48,2026-05-24,Aktif,False
L002020,C01544,customer,Kredi Kartı,26559.31,24,2.95,2024-04-24,Kapalı,False
L002021,C01544,customer,Konut Kredisi,13602.08,6,3.77,2025-07-29,Kapalı,False
L002022,C01545,customer,KOBİ Kredisi,89802.63,12,3.96,2024-12-27,Aktif,False
L002023,C01546,customer,İhtiyaç Kredisi,15768.0,36,3.6,2020-08-13,Kapalı,True
L002024,C01546,customer,Taşıt Kredisi,32864.61,12,4.09,2022-03-13,Aktif,False
L002025,C01547,customer,Taşıt Kredisi,12700.35,60,3.5,2021-12-03,Aktif,False
L002026,C01548,customer,Kredi Kartı,18513.17,36,3.18,2024-04-17,Aktif,True
L002027,C01548,customer,Konut Kredisi,143489.83,60,2.53,2022-11-22,Aktif,False
L002028,C01548,customer,Kredi Kartı,33401.51,84,4.66,2021-02-21,Aktif,False
L002029,C01549,customer,İşletme Kredisi,17468.99,12,3.33,2021-12-22,Kapalı,False
L002030,C01550,customer,Konut Kredisi,11359.81,120,2.53,2024-02-05,Aktif,False
L002031,C01550,customer,İşletme Kredisi,10850.95,6,4.48,2024-01-18,Aktif,False
L002032,C01551,customer,Taşıt Kredisi,38083.08,36,3.7,2025-12-10,Aktif,False
L002033,C01551,customer,KOBİ Kredisi,47664.2,60,2.88,2020-07-13,Kapalı,False
L002034,C01552,customer,İhtiyaç Kredisi,7928.47,48,4.0,2020-03-11,Kapalı,False
L002035,C01553,customer,Taşıt Kredisi,33402.01,120,3.79,2022-02-13,Aktif,False
L002036,C01553,customer,KOBİ Kredisi,66754.92,48,4.9,2023-03-09,Aktif,False
L002037,C01553,customer,İşletme Kredisi,2888.36,24,4.68,2023-03-02,Kapalı,False
L002038,C01554,customer,Taşıt Kredisi,101118.14,36,2.73,2024-04-29,Aktif,False
L002039,C01555,customer,Taşıt Kredisi,21080.26,84,3.52,2022-03-27,Aktif,False
L002040,C01556,customer,Taşıt Kredisi,12368.48,60,4.88,2021-08-02,Kapalı,False
L002041,C01557,customer,Konut Kredisi,10370.04,84,3.96,2021-09-26,Aktif,True
L002042,C01558,customer,İhtiyaç Kredisi,19495.33,6,3.66,2025-10-25,Aktif,False
L002043,C01558,customer,İhtiyaç Kredisi,51595.5,48,3.79,2020-12-04,Kapalı,False
L002044,C01559,customer,KOBİ Kredisi,6842.22,36,3.47,2020-09-03,Kapalı,True
L002045,C01560,customer,KOBİ Kredisi,45815.24,60,4.27,2022-08-02,Aktif,False
L002046,C01561,customer,KOBİ Kredisi,37083.81,48,2.63,2024-05-08,Aktif,False
L002047,C01561,customer,Konut Kredisi,138093.32,36,3.9,2023-06-10,Kapalı,False
L002048,C01562,customer,Taşıt Kredisi,20109.38,12,3.32,2023-06-27,Kapalı,False
L002049,C01563,customer,İhtiyaç Kredisi,11824.16,24,3.74,2024-09-10,Aktif,False
L002050,C01564,customer,Konut Kredisi,7702.18,6,4.28,2025-12-04,Kapalı,False
L002051,C01564,customer,İşletme Kredisi,4455.62,36,2.64,2021-12-27,Aktif,False
L002052,C01565,customer,Kredi Kartı,10105.34,84,2.66,2022-02-19,Aktif,False
L002053,C01565,customer,İşletme Kredisi,13255.38,36,4.78,2023-01-30,Kapalı,False
L002054,C01566,customer,Konut Kredisi,109131.17,84,4.46,2020-11-02,Aktif,False
L002055,C01567,customer,Kredi Kartı,58267.69,60,4.9,2022-04-07,Aktif,False
L002056,C01568,customer,KOBİ Kredisi,5295.01,24,4.75,2023-08-22,Kapalı,True
L002057,C01569,customer,İşletme Kredisi,19935.92,24,3.43,2023-08-05,Kapalı,False
L002058,C01569,customer,Taşıt Kredisi,107442.42,84,2.96,2019-09-25,Kapalı,False
L002059,C01570,customer,KOBİ Kredisi,9695.09,36,4.87,2021-02-02,Kapalı,False
L002060,C01570,customer,Kredi Kartı,11895.74,120,2.66,2026-04-13,Aktif,False
L002061,C01570,customer,KOBİ Kredisi,17670.37,60,3.51,2025-08-12,Aktif,False
L002062,C01571,customer,İhtiyaç Kredisi,73068.28,48,2.72,2021-12-22,Kapalı,False
L002063,C01571,customer,İhtiyaç Kredisi,41414.45,48,4.18,2022-10-31,Aktif,False
L002064,C01572,customer,Taşıt Kredisi,23407.88,120,4.32,2023-05-06,Aktif,False
L002065,C01572,customer,KOBİ Kredisi,2691.58,12,3.49,2023-11-18,Kapalı,False
L002066,C01573,customer,Konut Kredisi,23096.93,36,2.54,2025-06-15,Aktif,False
L002067,C01573,customer,İhtiyaç Kredisi,23429.2,84,4.52,2021-06-23,Aktif,True
L002068,C01574,customer,KOBİ Kredisi,13923.0,24,3.83,2021-05-01,Kapalı,False
L002069,C01575,customer,Kredi Kartı,28892.49,12,4.69,2024-04-25,Kapalı,False
L002070,C01575,customer,Kredi Kartı,5626.28,60,3.73,2023-09-12,Aktif,False
L002071,C01576,customer,Taşıt Kredisi,94583.18,12,2.56,2020-03-20,Kapalı,False
L002072,C01578,customer,İhtiyaç Kredisi,153716.68,84,2.83,2020-08-04,Aktif,False
L002073,C01579,customer,İşletme Kredisi,3142.58,120,4.64,2023-11-29,Aktif,False
L002074,C01580,customer,Kredi Kartı,12479.2,12,4.6,2019-07-16,Kapalı,False
L002075,C01581,customer,Kredi Kartı,24870.33,120,4.47,2021-05-19,Aktif,False
L002076,C01582,customer,KOBİ Kredisi,11184.37,60,2.72,2019-01-09,Kapalı,False
L002077,C01583,customer,İşletme Kredisi,5667.26,48,2.82,2024-02-14,Aktif,False
L002078,C01584,customer,İşletme Kredisi,11012.92,24,4.14,2025-07-25,Aktif,False
L002079,C01585,customer,Kredi Kartı,49040.46,84,3.82,2026-04-20,Aktif,False
L002080,C01586,customer,KOBİ Kredisi,240899.64,24,3.75,2025-11-01,Aktif,False
L002081,C01588,customer,İşletme Kredisi,7522.94,120,3.12,2025-06-06,Aktif,False
L002082,C01589,customer,Taşıt Kredisi,35990.48,84,2.67,2025-01-19,Aktif,False
L002083,C01590,customer,KOBİ Kredisi,214949.12,36,4.06,2026-04-05,Aktif,False
L002084,C01591,customer,KOBİ Kredisi,15745.11,120,4.56,2024-01-30,Aktif,False
L002085,C01591,customer,Taşıt Kredisi,48140.61,84,4.63,2023-04-29,Aktif,False
L002086,C01592,customer,Konut Kredisi,7055.93,24,4.85,2024-04-30,Kapalı,True
L002087,C01593,customer,KOBİ Kredisi,39671.26,60,3.41,2023-02-15,Aktif,True
L002088,C01594,customer,İhtiyaç Kredisi,25607.47,48,2.57,2020-04-12,Kapalı,False
L002089,C01594,customer,Taşıt Kredisi,40221.81,6,3.42,2020-02-05,Kapalı,False
L002090,C01597,customer,Taşıt Kredisi,32218.14,24,4.23,2019-01-19,Kapalı,False
L002091,C01597,customer,KOBİ Kredisi,45868.63,6,2.79,2024-07-29,Kapalı,False
L002092,C01598,customer,İşletme Kredisi,45472.66,84,4.37,2020-05-21,Aktif,False
L002093,C01599,customer,Taşıt Kredisi,26242.6,60,4.12,2023-08-24,Aktif,False
L002094,C01600,customer,KOBİ Kredisi,48991.32,84,4.76,2021-12-04,Aktif,True
L002095,C01601,customer,Taşıt Kredisi,13109.74,6,4.55,2020-06-21,Aktif,False
L002096,C01602,customer,Taşıt Kredisi,8774.1,24,3.35,2021-01-05,Kapalı,False
L002097,C01603,customer,KOBİ Kredisi,55986.13,84,4.21,2019-12-08,Aktif,False
L002098,C01604,customer,KOBİ Kredisi,5817.64,60,4.72,2020-01-14,Kapalı,False
L002099,C01604,customer,İşletme Kredisi,125073.37,84,2.68,2023-06-19,Aktif,False
L002100,C01606,customer,Taşıt Kredisi,15344.13,84,3.58,2022-12-24,Aktif,False
L002101,C01607,customer,İhtiyaç Kredisi,67769.16,48,3.36,2021-06-13,Kapalı,False
L002102,C01608,customer,Taşıt Kredisi,7107.04,24,3.49,2021-03-20,Aktif,False
L002103,C01609,customer,İşletme Kredisi,31369.3,48,4.41,2019-04-14,Kapalı,False
L002104,C01610,customer,Taşıt Kredisi,15173.22,84,3.43,2025-09-18,Aktif,False
L002105,C01611,customer,KOBİ Kredisi,18140.23,48,3.7,2025-06-17,Aktif,False
L002106,C01611,customer,KOBİ Kredisi,20190.06,120,4.05,2022-04-29,Aktif,False
L002107,C01612,customer,Taşıt Kredisi,21448.3,60,3.53,2025-05-15,Aktif,False
L002108,C01613,customer,Konut Kredisi,30011.53,6,4.32,2024-02-15,Kapalı,False
L002109,C01614,customer,Konut Kredisi,16192.96,48,3.11,2024-04-02,Aktif,False
L002110,C01614,customer,İşletme Kredisi,20450.37,24,2.75,2023-11-10,Kapalı,False
L002111,C01615,customer,Kredi Kartı,42170.01,60,3.46,2020-08-03,Kapalı,False
L002112,C01616,customer,Kredi Kartı,27896.2,48,2.9,2024-04-14,Aktif,False
L002113,C01617,customer,İşletme Kredisi,48976.3,12,2.65,2023-10-25,Kapalı,False
L002114,C01618,customer,Taşıt Kredisi,13330.45,12,3.75,2019-07-08,Kapalı,False
L002115,C01618,customer,KOBİ Kredisi,3292.77,120,4.16,2024-04-08,Aktif,False
L002116,C01618,customer,Kredi Kartı,51682.8,6,3.63,2019-08-03,Kapalı,True
L002117,C01619,customer,Kredi Kartı,36081.15,36,3.2,2023-10-28,Aktif,False
L002118,C01620,customer,Taşıt Kredisi,22880.52,36,3.34,2024-09-26,Aktif,True
L002119,C01622,customer,Taşıt Kredisi,48597.15,60,3.48,2022-08-01,Aktif,False
L002120,C01623,customer,İhtiyaç Kredisi,10424.1,48,4.2,2020-02-20,Kapalı,False
L002121,C01623,customer,Konut Kredisi,35340.05,84,4.28,2021-01-31,Aktif,False
L002122,C01624,customer,İhtiyaç Kredisi,7079.1,24,3.94,2019-04-05,Kapalı,False
L002123,C01625,customer,Kredi Kartı,26929.77,6,3.15,2025-06-21,Kapalı,False
L002124,C01625,customer,Taşıt Kredisi,26852.35,84,3.87,2022-09-27,Aktif,False
L002125,C01626,customer,Taşıt Kredisi,25051.33,60,4.04,2022-07-06,Aktif,True
L002126,C01627,customer,KOBİ Kredisi,93241.69,60,4.65,2023-08-30,Aktif,False
L002127,C01627,customer,İşletme Kredisi,13465.18,36,4.55,2023-09-24,Aktif,False
L002128,C01628,customer,İşletme Kredisi,42501.82,60,3.96,2019-04-17,Kapalı,False
L002129,C01629,customer,Taşıt Kredisi,11863.48,84,3.73,2020-08-27,Aktif,False
L002130,C01629,customer,İşletme Kredisi,12213.34,120,4.3,2023-02-27,Aktif,False
L002131,C01630,customer,KOBİ Kredisi,12711.01,24,3.96,2019-09-01,Aktif,False
L002132,C01631,customer,Taşıt Kredisi,222914.48,12,2.93,2022-03-20,Kapalı,False
L002133,C01631,customer,KOBİ Kredisi,72950.66,12,3.57,2022-05-11,Kapalı,False
L002134,C01632,customer,İşletme Kredisi,53001.74,60,2.53,2024-12-04,Aktif,False
L002135,C01633,customer,Konut Kredisi,8556.76,120,3.31,2019-06-10,Aktif,False
L002136,C01633,customer,İşletme Kredisi,6759.38,6,3.7,2023-08-25,Kapalı,False
L002137,C01634,customer,İşletme Kredisi,15701.32,12,4.09,2025-03-10,Kapalı,False
L002138,C01634,customer,KOBİ Kredisi,105107.7,12,4.23,2019-09-03,Kapalı,False
L002139,C01635,customer,KOBİ Kredisi,83099.46,12,2.64,2026-05-14,Aktif,False
L002140,C01636,customer,Kredi Kartı,103637.82,84,3.86,2021-11-05,Aktif,False
L002141,C01636,customer,İşletme Kredisi,57208.96,6,2.59,2023-04-26,Kapalı,False
L002142,C01637,customer,KOBİ Kredisi,5962.22,60,2.77,2025-01-16,Aktif,False
L002143,C01637,customer,Taşıt Kredisi,93159.36,12,4.17,2020-08-05,Kapalı,False
L002144,C01639,customer,KOBİ Kredisi,18968.8,6,2.6,2022-10-09,Kapalı,False
L002145,C01640,customer,Kredi Kartı,28829.94,120,3.04,2022-09-25,Aktif,True
L002146,C01640,customer,Kredi Kartı,33154.02,60,3.35,2021-05-19,Kapalı,False
L002147,C01641,customer,Taşıt Kredisi,37371.09,120,3.46,2026-03-12,Aktif,False
L002148,C01641,customer,Taşıt Kredisi,6161.33,120,4.34,2024-07-14,Aktif,False
L002149,C01641,customer,İşletme Kredisi,18494.77,6,4.08,2019-05-06,Kapalı,False
L002150,C01642,customer,Kredi Kartı,63897.61,36,3.17,2020-11-06,Kapalı,False
L002151,C01643,customer,Kredi Kartı,8136.62,84,4.45,2026-03-27,Aktif,False
L002152,C01646,customer,Konut Kredisi,30746.23,48,2.78,2020-05-19,Kapalı,False
L002153,C01647,customer,Taşıt Kredisi,126241.8,36,4.79,2020-07-31,Aktif,True
L002154,C01648,customer,Kredi Kartı,13369.99,84,2.93,2023-02-01,Aktif,False
L002155,C01648,customer,Taşıt Kredisi,22965.99,36,3.64,2021-07-03,Kapalı,False
L002156,C01649,customer,İhtiyaç Kredisi,50963.7,36,3.17,2022-05-07,Aktif,False
L002157,C01650,customer,İhtiyaç Kredisi,62658.87,48,3.08,2023-11-29,Aktif,False
L002158,C01650,customer,KOBİ Kredisi,4426.64,120,4.41,2022-07-13,Aktif,False
L002159,C01651,customer,KOBİ Kredisi,75785.31,36,4.19,2020-11-23,Kapalı,False
L002160,C01651,customer,Kredi Kartı,8417.6,48,3.85,2020-03-22,Kapalı,False
L002161,C01652,customer,KOBİ Kredisi,12143.67,36,4.11,2019-12-20,Kapalı,False
L002162,C01653,customer,İhtiyaç Kredisi,30996.77,120,3.55,2025-06-02,Aktif,False
L002163,C01654,customer,Konut Kredisi,64725.45,120,2.78,2023-06-21,Aktif,False
L002164,C01654,customer,KOBİ Kredisi,7846.33,48,3.94,2019-07-18,Kapalı,False
L002165,C01655,customer,Taşıt Kredisi,59000.05,6,4.89,2019-06-10,Kapalı,False
L002166,C01655,customer,İşletme Kredisi,16820.68,48,3.91,2020-05-22,Aktif,False
L002167,C01655,customer,Taşıt Kredisi,80498.15,48,4.53,2019-08-17,Kapalı,False
L002168,C01656,customer,KOBİ Kredisi,8072.47,60,3.59,2021-12-12,Aktif,False
L002169,C01657,customer,Taşıt Kredisi,54816.62,84,3.51,2021-03-05,Aktif,False
L002170,C01658,customer,İhtiyaç Kredisi,17547.35,12,3.95,2022-08-03,Aktif,False
L002171,C01659,customer,İşletme Kredisi,30251.08,24,3.48,2020-06-22,Kapalı,False
L002172,C01660,customer,İşletme Kredisi,5645.08,24,2.63,2020-08-15,Kapalı,False
L002173,C01661,customer,KOBİ Kredisi,38186.09,6,3.07,2021-11-02,Kapalı,False
L002174,C01662,customer,İhtiyaç Kredisi,36885.45,36,4.55,2026-04-09,Aktif,False
L002175,C01663,customer,KOBİ Kredisi,13740.95,6,2.93,2024-07-25,Kapalı,False
L002176,C01664,customer,İhtiyaç Kredisi,11925.67,84,4.68,2020-07-25,Aktif,False
L002177,C01665,customer,Taşıt Kredisi,30377.97,48,3.85,2022-10-04,Aktif,False
L002178,C01665,customer,İşletme Kredisi,15040.14,60,3.44,2020-04-23,Kapalı,False
L002179,C01666,customer,Taşıt Kredisi,6503.8,60,3.53,2022-09-26,Aktif,False
L002180,C01667,customer,KOBİ Kredisi,8178.72,36,4.32,2020-05-04,Kapalı,False
L002181,C01668,customer,Kredi Kartı,71857.4,24,4.54,2024-04-20,Kapalı,False
L002182,C01669,customer,Kredi Kartı,16169.88,48,3.26,2024-12-30,Aktif,False
L002183,C01670,customer,KOBİ Kredisi,21282.36,60,3.58,2023-05-25,Aktif,False
L002184,C01670,customer,Kredi Kartı,15275.27,12,2.95,2020-06-29,Kapalı,True
L002185,C01671,customer,KOBİ Kredisi,123827.77,60,4.52,2022-07-26,Aktif,False
L002186,C01672,customer,Taşıt Kredisi,17142.48,12,2.68,2020-03-07,Kapalı,False
L002187,C01672,customer,Konut Kredisi,53944.97,36,3.8,2019-11-20,Kapalı,False
L002188,C01672,customer,KOBİ Kredisi,12480.59,84,3.29,2024-04-17,Aktif,False
L002189,C01673,customer,Kredi Kartı,15687.13,60,2.93,2025-11-17,Aktif,False
L002190,C01674,customer,İhtiyaç Kredisi,5041.3,36,2.76,2022-01-03,Kapalı,False
L002191,C01674,customer,Taşıt Kredisi,130265.15,24,4.11,2026-02-01,Aktif,False
L002192,C01674,customer,İşletme Kredisi,16228.93,12,3.01,2019-02-05,Kapalı,False
L002193,C01675,customer,İşletme Kredisi,256799.49,60,3.8,2026-01-10,Aktif,False
L002194,C01676,customer,KOBİ Kredisi,33348.65,84,3.56,2022-08-01,Aktif,False
L002195,C01677,customer,Konut Kredisi,115211.96,48,4.63,2022-12-26,Aktif,False
L002196,C01678,customer,İşletme Kredisi,2669.47,60,4.23,2022-08-16,Aktif,False
L002197,C01679,customer,İşletme Kredisi,74393.72,60,2.56,2025-09-26,Aktif,False
L002198,C01680,customer,Kredi Kartı,172238.61,6,2.58,2023-05-05,Kapalı,False
L002199,C01680,customer,İşletme Kredisi,11286.05,120,2.73,2024-10-10,Aktif,False
L002200,C01680,customer,İşletme Kredisi,21361.46,48,4.4,2025-12-20,Aktif,False
L002201,C01681,customer,İşletme Kredisi,14194.66,48,3.12,2022-02-20,Kapalı,False
L002202,C01682,customer,Taşıt Kredisi,62780.78,84,3.98,2025-07-02,Aktif,False
L002203,C01683,customer,İhtiyaç Kredisi,3103.72,60,4.84,2025-09-07,Aktif,False
L002204,C01683,customer,Konut Kredisi,11455.04,24,2.78,2020-03-07,Aktif,False
L002205,C01684,customer,İşletme Kredisi,11417.07,6,3.14,2021-02-06,Aktif,False
L002206,C01686,customer,KOBİ Kredisi,22132.85,120,3.96,2024-08-04,Aktif,False
L002207,C01686,customer,İşletme Kredisi,29512.25,12,3.94,2022-09-12,Kapalı,False
L002208,C01687,customer,İşletme Kredisi,104065.33,36,4.68,2021-04-26,Kapalı,False
L002209,C01687,customer,KOBİ Kredisi,20557.61,120,4.2,2019-09-06,Aktif,False
L002210,C01688,customer,İşletme Kredisi,14049.63,120,4.85,2025-06-26,Aktif,False
L002211,C01688,customer,Taşıt Kredisi,8525.36,48,2.79,2020-02-19,Kapalı,False
L002212,C01688,customer,Kredi Kartı,45160.29,120,4.77,2025-08-05,Aktif,False
L002213,C01689,customer,Taşıt Kredisi,36318.17,24,4.0,2023-03-11,Kapalı,False
L002214,C01691,customer,Kredi Kartı,16043.7,60,2.86,2024-10-31,Aktif,False
L002215,C01692,customer,İşletme Kredisi,22622.98,48,4.84,2026-03-26,Aktif,False
L002216,C01693,customer,Kredi Kartı,26688.82,6,3.12,2022-05-29,Kapalı,False
L002217,C01694,customer,KOBİ Kredisi,12744.87,48,4.59,2020-12-27,Kapalı,False
L002218,C01695,customer,İhtiyaç Kredisi,5323.6,12,3.38,2022-08-28,Kapalı,False
L002219,C01696,customer,Kredi Kartı,11956.07,60,4.04,2019-03-05,Kapalı,False
L002220,C01696,customer,KOBİ Kredisi,56631.16,12,4.71,2019-03-16,Kapalı,False
L002221,C01697,customer,İşletme Kredisi,14182.02,12,3.09,2019-01-15,Kapalı,False
L002222,C01698,customer,KOBİ Kredisi,36558.19,120,3.16,2025-07-05,Aktif,False
L002223,C01699,customer,KOBİ Kredisi,9581.15,36,4.18,2019-03-02,Aktif,False
L002224,C01699,customer,Konut Kredisi,2738.66,12,3.76,2022-05-28,Kapalı,False
L002225,C01699,customer,İhtiyaç Kredisi,13464.57,120,3.93,2021-02-18,Aktif,False
L002226,C01700,customer,Taşıt Kredisi,22188.13,6,4.15,2022-06-14,Kapalı,False
L002227,C01700,customer,Kredi Kartı,10439.9,48,4.46,2019-02-07,Kapalı,False
L002228,C01701,customer,İhtiyaç Kredisi,19903.84,24,3.43,2019-11-05,Kapalı,False
L002229,C01701,customer,KOBİ Kredisi,14568.45,36,3.71,2026-05-10,Aktif,False
L002230,C01702,customer,Taşıt Kredisi,129523.91,84,2.7,2019-10-12,Aktif,False
L002231,C01702,customer,Konut Kredisi,6112.89,6,3.32,2019-12-14,Kapalı,True
L002232,C01703,customer,Taşıt Kredisi,31492.9,12,2.57,2020-10-15,Kapalı,False
L002233,C01704,customer,KOBİ Kredisi,69778.98,84,2.84,2024-02-16,Aktif,False
L002234,C01705,customer,KOBİ Kredisi,7960.1,48,4.05,2023-06-24,Aktif,False
L002235,C01705,customer,İşletme Kredisi,80583.84,36,2.57,2023-04-17,Kapalı,False
L002236,C01706,customer,Taşıt Kredisi,141017.94,6,3.9,2025-05-18,Kapalı,False
L002237,C01707,customer,KOBİ Kredisi,16769.65,60,3.63,2021-02-19,Kapalı,False
L002238,C01707,customer,İşletme Kredisi,23874.4,6,4.31,2024-11-20,Kapalı,False
L002239,C01708,customer,İhtiyaç Kredisi,10692.0,12,3.42,2022-05-31,Kapalı,False
L002240,C01708,customer,KOBİ Kredisi,26841.18,6,4.74,2026-01-17,Kapalı,False
L002241,C01709,customer,Taşıt Kredisi,83548.74,24,4.26,2021-12-27,Kapalı,False
L002242,C01710,customer,Taşıt Kredisi,11760.38,12,3.43,2022-06-02,Aktif,False
L002243,C01710,customer,Konut Kredisi,1386.85,24,4.73,2022-09-29,Kapalı,False
L002244,C01711,customer,İşletme Kredisi,101473.67,24,4.5,2021-08-31,Kapalı,False
L002245,C01711,customer,Taşıt Kredisi,36898.68,84,3.54,2025-05-28,Aktif,False
L002246,C01714,customer,Kredi Kartı,18084.67,48,3.39,2026-07-13,Aktif,False
L002247,C01714,customer,KOBİ Kredisi,39985.45,36,2.55,2020-08-31,Kapalı,False
L002248,C01715,customer,İşletme Kredisi,50144.5,24,2.96,2025-10-11,Aktif,False
L002249,C01715,customer,İhtiyaç Kredisi,176515.42,36,4.59,2021-08-02,Kapalı,False
L002250,C01716,customer,KOBİ Kredisi,8370.32,12,4.44,2024-10-18,Kapalı,False
L002251,C01717,customer,Konut Kredisi,27735.95,84,4.18,2019-03-24,Kapalı,False
L002252,C01717,customer,Taşıt Kredisi,1885.59,120,2.57,2021-10-30,Aktif,False
L002253,C01718,customer,İhtiyaç Kredisi,12673.17,60,4.85,2023-07-24,Aktif,False
L002254,C01718,customer,Kredi Kartı,60507.99,24,2.93,2023-04-16,Kapalı,False
L002255,C01719,customer,KOBİ Kredisi,82937.23,12,3.6,2021-03-28,Kapalı,False
L002256,C01719,customer,İşletme Kredisi,12695.87,12,4.27,2020-10-01,Kapalı,False
L002257,C01720,customer,İhtiyaç Kredisi,16503.01,24,4.58,2022-08-03,Aktif,True
L002258,C01721,customer,İşletme Kredisi,20302.38,120,4.17,2022-01-11,Aktif,False
L002259,C01722,customer,İhtiyaç Kredisi,24149.44,48,4.27,2022-05-01,Kapalı,False
L002260,C01722,customer,İhtiyaç Kredisi,30951.6,48,4.25,2020-08-22,Kapalı,False
L002261,C01724,customer,KOBİ Kredisi,1825.71,24,4.7,2023-09-27,Kapalı,False
L002262,C01725,customer,Konut Kredisi,20491.75,84,4.75,2022-05-01,Aktif,False
L002263,C01726,customer,Kredi Kartı,9148.45,6,3.21,2023-12-02,Kapalı,False
L002264,C01727,customer,KOBİ Kredisi,34893.45,84,4.24,2019-02-11,Aktif,False
L002265,C01729,customer,Kredi Kartı,12212.66,36,3.7,2019-10-21,Kapalı,False
L002266,C01730,customer,KOBİ Kredisi,30408.43,36,2.63,2024-03-08,Aktif,False
L002267,C01730,customer,KOBİ Kredisi,41800.46,84,4.5,2025-10-06,Aktif,False
L002268,C01731,customer,KOBİ Kredisi,120651.42,120,4.5,2024-05-26,Aktif,False
L002269,C01733,customer,Taşıt Kredisi,36482.34,48,4.19,2020-12-22,Aktif,False
L002270,C01736,customer,İşletme Kredisi,21090.48,48,2.84,2019-10-23,Kapalı,False
L002271,C01737,customer,KOBİ Kredisi,42434.95,84,4.78,2020-03-10,Aktif,False
L002272,C01738,customer,Kredi Kartı,31853.51,24,2.51,2023-10-14,Aktif,False
L002273,C01738,customer,Kredi Kartı,33138.71,120,3.7,2024-01-11,Aktif,False
L002274,C01739,customer,İşletme Kredisi,2873.7,48,4.81,2026-05-22,Aktif,False
L002275,C01740,customer,İşletme Kredisi,19681.47,12,4.5,2025-07-15,Kapalı,False
L002276,C01740,customer,KOBİ Kredisi,15956.8,12,4.48,2020-12-28,Kapalı,False
L002277,C01741,customer,İhtiyaç Kredisi,65456.63,6,3.64,2022-04-20,Aktif,False
L002278,C01742,customer,KOBİ Kredisi,88587.95,36,4.63,2020-08-09,Kapalı,False
L002279,C01743,customer,KOBİ Kredisi,45550.78,48,4.28,2024-11-02,Aktif,False
L002280,C01743,customer,KOBİ Kredisi,11486.44,24,4.63,2022-02-04,Kapalı,False
L002281,C01744,customer,KOBİ Kredisi,143151.59,60,3.51,2023-05-24,Aktif,False
L002282,C01745,customer,Kredi Kartı,78502.23,84,4.64,2022-07-22,Aktif,False
L002283,C01746,customer,Taşıt Kredisi,9052.31,6,2.52,2022-10-09,Kapalı,False
L002284,C01747,customer,Taşıt Kredisi,26667.76,6,4.79,2024-06-03,Kapalı,False
L002285,C01748,customer,Konut Kredisi,20667.15,120,4.38,2024-06-03,Aktif,True
L002286,C01748,customer,KOBİ Kredisi,29860.34,84,3.41,2020-07-21,Aktif,False
L002287,C01750,customer,Kredi Kartı,67336.8,24,4.08,2026-06-10,Aktif,False
L002288,C01751,customer,KOBİ Kredisi,7599.31,24,4.88,2024-07-06,Aktif,False
L002289,C01751,customer,Taşıt Kredisi,13326.92,12,4.43,2021-05-03,Kapalı,False
L002290,C01752,customer,Konut Kredisi,2711.65,84,2.59,2020-07-17,Aktif,False
L002291,C01753,customer,Konut Kredisi,5409.22,48,2.8,2021-07-14,Kapalı,False
L002292,C01753,customer,Taşıt Kredisi,18516.09,6,4.08,2022-06-29,Kapalı,False
L002293,C01754,customer,KOBİ Kredisi,25532.38,36,3.25,2025-03-08,Aktif,False
L002294,C01755,customer,İşletme Kredisi,19764.08,60,3.57,2020-07-19,Kapalı,False
L002295,C01756,customer,Konut Kredisi,49539.64,6,3.74,2019-08-23,Kapalı,False
L002296,C01756,customer,İhtiyaç Kredisi,31654.46,6,3.63,2023-06-23,Kapalı,False
L002297,C01757,customer,İhtiyaç Kredisi,15079.56,60,3.68,2025-03-28,Aktif,False
L002298,C01758,customer,İşletme Kredisi,40601.38,60,4.08,2025-05-18,Aktif,False
L002299,C01759,customer,Konut Kredisi,58859.41,36,3.74,2025-06-30,Aktif,False
L002300,C01759,customer,Kredi Kartı,14788.79,12,3.59,2022-10-11,Aktif,False
L002301,C01760,customer,Taşıt Kredisi,39271.68,24,3.9,2020-09-27,Aktif,False
L002302,C01760,customer,İhtiyaç Kredisi,29199.46,24,3.62,2020-03-29,Kapalı,False
L002303,C01761,customer,KOBİ Kredisi,41969.73,84,4.05,2026-06-14,Aktif,False
L002304,C01762,customer,Taşıt Kredisi,90920.39,24,3.98,2024-11-19,Aktif,False
L002305,C01762,customer,İhtiyaç Kredisi,122042.69,48,4.08,2025-11-22,Aktif,False
L002306,C01762,customer,KOBİ Kredisi,10444.66,60,2.53,2023-11-15,Aktif,False
L002307,C01763,customer,İşletme Kredisi,26723.38,12,4.37,2024-05-29,Kapalı,False
L002308,C01764,customer,Konut Kredisi,147166.91,48,4.86,2025-03-12,Aktif,False
L002309,C01765,customer,KOBİ Kredisi,23223.08,12,3.8,2019-10-10,Kapalı,False
L002310,C01766,customer,Taşıt Kredisi,11415.67,84,3.08,2023-05-11,Aktif,False
L002311,C01767,customer,Konut Kredisi,117814.11,48,4.37,2025-08-14,Aktif,False
L002312,C01767,customer,KOBİ Kredisi,6758.95,48,4.33,2021-07-25,Kapalı,False
L002313,C01768,customer,Taşıt Kredisi,5496.52,84,4.59,2024-03-22,Aktif,False
L002314,C01769,customer,Konut Kredisi,229115.76,60,3.32,2023-06-09,Aktif,False
L002315,C01769,customer,İhtiyaç Kredisi,70311.19,12,4.08,2022-09-09,Aktif,False
L002316,C01770,customer,Kredi Kartı,3682.57,12,4.1,2023-08-03,Aktif,False
L002317,C01771,customer,KOBİ Kredisi,10039.97,48,3.89,2026-07-14,Aktif,False
L002318,C01771,customer,KOBİ Kredisi,41724.41,120,3.8,2023-10-19,Aktif,False
L002319,C01772,customer,Kredi Kartı,10353.05,12,3.94,2024-04-13,Aktif,False
L002320,C01772,customer,İşletme Kredisi,4208.03,84,3.76,2020-01-28,Aktif,False
L002321,C01773,customer,Konut Kredisi,28994.58,120,2.79,2021-07-20,Aktif,True
L002322,C01773,customer,Konut Kredisi,15650.7,6,3.26,2020-09-04,Kapalı,False
L002323,C01774,customer,Kredi Kartı,16647.96,24,4.19,2024-07-25,Kapalı,False
L002324,C01774,customer,İşletme Kredisi,11382.6,84,4.06,2026-01-03,Aktif,False
L002325,C01776,customer,İşletme Kredisi,17278.34,48,3.6,2023-06-08,Aktif,False
L002326,C01777,customer,Taşıt Kredisi,14321.28,12,4.88,2024-04-30,Kapalı,False
L002327,C01778,customer,KOBİ Kredisi,47802.18,60,4.89,2025-03-26,Aktif,False
L002328,C01779,customer,Kredi Kartı,43925.81,48,4.6,2021-03-11,Kapalı,False
L002329,C01780,customer,Konut Kredisi,24796.29,48,2.64,2021-07-16,Kapalı,True
L002330,C01780,customer,KOBİ Kredisi,7352.45,48,3.99,2020-03-11,Kapalı,False
L002331,C01780,customer,İşletme Kredisi,6992.94,60,4.41,2022-11-23,Aktif,False
L002332,C01782,customer,Kredi Kartı,38976.16,120,2.56,2021-03-17,Aktif,False
L002333,C01782,customer,İhtiyaç Kredisi,14592.6,60,3.1,2026-02-06,Aktif,False
L002334,C01783,customer,KOBİ Kredisi,33784.38,120,3.17,2026-03-19,Aktif,True
L002335,C01783,customer,İhtiyaç Kredisi,63626.15,60,2.62,2023-10-05,Aktif,True
L002336,C01784,customer,Kredi Kartı,27533.61,6,2.66,2020-05-27,Aktif,False
L002337,C01784,customer,Taşıt Kredisi,124558.79,120,4.37,2023-07-08,Aktif,False
L002338,C01785,customer,İhtiyaç Kredisi,6911.44,84,2.89,2026-01-31,Aktif,False
L002339,C01786,customer,Konut Kredisi,54889.27,120,3.05,2021-04-24,Aktif,False
L002340,C01787,customer,İşletme Kredisi,53665.87,120,4.71,2023-05-30,Aktif,False
L002341,C01789,customer,Kredi Kartı,20328.57,84,2.68,2023-02-10,Aktif,False
L002342,C01789,customer,KOBİ Kredisi,47135.65,48,3.65,2024-08-08,Aktif,False
L002343,C01790,customer,İhtiyaç Kredisi,160157.69,120,3.0,2022-12-30,Aktif,False
L002344,C01791,customer,Konut Kredisi,10982.19,6,4.38,2025-07-07,Kapalı,False
L002345,C01792,customer,İşletme Kredisi,87580.87,120,4.34,2026-01-27,Aktif,False
L002346,C01793,customer,İhtiyaç Kredisi,7723.24,12,3.07,2024-06-11,Kapalı,False
L002347,C01795,customer,Konut Kredisi,46703.71,48,2.68,2019-08-28,Kapalı,False
L002348,C01795,customer,İhtiyaç Kredisi,66209.28,12,3.9,2023-04-18,Kapalı,False
L002349,C01796,customer,KOBİ Kredisi,7721.2,84,3.91,2025-12-17,Aktif,False
L002350,C01796,customer,KOBİ Kredisi,17050.9,24,4.48,2024-02-07,Kapalı,False
L002351,C01798,customer,Taşıt Kredisi,88309.17,36,4.06,2020-12-18,Kapalı,False
L002352,C01799,customer,Taşıt Kredisi,141833.99,120,2.81,2021-03-27,Aktif,True
L002353,C01800,customer,KOBİ Kredisi,23009.32,24,4.02,2022-06-01,Kapalı,False
L002354,C01801,customer,İhtiyaç Kredisi,27961.2,24,3.07,2019-07-09,Kapalı,False
L002355,C01801,customer,Kredi Kartı,61248.11,120,3.13,2020-10-08,Aktif,False
L002356,C01802,customer,İhtiyaç Kredisi,287281.84,60,4.68,2023-09-25,Aktif,False
L002357,C01803,customer,Kredi Kartı,18692.94,48,2.69,2024-04-03,Aktif,False
L002358,C01805,customer,İhtiyaç Kredisi,29784.57,12,3.34,2020-10-07,Kapalı,False
L002359,C01805,customer,Taşıt Kredisi,56648.21,48,2.91,2023-01-01,Aktif,False
L002360,C01806,customer,KOBİ Kredisi,11848.13,48,3.53,2023-05-03,Aktif,True
L002361,C01807,customer,Kredi Kartı,4569.4,12,3.44,2022-12-09,Kapalı,False
L002362,C01808,customer,Kredi Kartı,68430.89,84,4.62,2022-11-23,Aktif,False
L002363,C01808,customer,İşletme Kredisi,33094.46,60,3.87,2021-03-31,Kapalı,False
L002364,C01809,customer,Konut Kredisi,32404.34,120,3.84,2026-05-01,Aktif,False
L002365,C01810,customer,KOBİ Kredisi,10128.09,60,4.44,2025-12-08,Aktif,False
L002366,C01810,customer,Taşıt Kredisi,30580.19,24,4.33,2019-08-03,Kapalı,False
L002367,C01811,customer,Konut Kredisi,14648.28,120,3.21,2026-04-02,Aktif,False
L002368,C01811,customer,Kredi Kartı,11801.35,12,3.72,2022-05-01,Kapalı,False
L002369,C01812,customer,İhtiyaç Kredisi,8284.68,6,3.14,2021-05-13,Aktif,False
L002370,C01813,customer,İhtiyaç Kredisi,17592.99,84,4.55,2025-02-28,Aktif,False
L002371,C01813,customer,Taşıt Kredisi,28366.17,12,2.59,2024-08-08,Kapalı,False
L002372,C01815,customer,KOBİ Kredisi,18336.04,84,4.27,2024-11-20,Aktif,False
L002373,C01815,customer,Kredi Kartı,24073.3,6,4.56,2026-06-04,Aktif,False
L002374,C01816,customer,Kredi Kartı,104270.81,12,3.1,2024-06-25,Kapalı,False
L002375,C01817,customer,İhtiyaç Kredisi,14371.23,84,2.87,2024-06-03,Aktif,False
L002376,C01818,customer,Taşıt Kredisi,53508.29,6,2.68,2021-12-22,Kapalı,False
L002377,C01820,customer,Taşıt Kredisi,6551.29,84,3.06,2023-02-03,Aktif,False
L002378,C01821,customer,İşletme Kredisi,36425.21,6,3.7,2026-07-25,Aktif,False
L002379,C01821,customer,İhtiyaç Kredisi,17355.9,84,3.07,2026-07-07,Aktif,False
L002380,C01822,customer,İşletme Kredisi,169710.77,12,3.86,2021-07-09,Kapalı,False
L002381,C01822,customer,Taşıt Kredisi,20797.11,24,3.29,2020-09-19,Aktif,False
L002382,C01822,customer,İhtiyaç Kredisi,9783.28,84,3.01,2019-09-15,Kapalı,False
L002383,C01823,customer,Taşıt Kredisi,21733.26,6,3.35,2023-01-28,Kapalı,False
L002384,C01823,customer,KOBİ Kredisi,35249.06,36,4.33,2025-10-02,Aktif,False
L002385,C01824,customer,KOBİ Kredisi,139862.15,36,4.07,2022-04-21,Kapalı,False
L002386,C01825,customer,Konut Kredisi,57265.96,84,4.2,2019-01-26,Kapalı,False
L002387,C01825,customer,İşletme Kredisi,24553.67,24,4.61,2021-12-01,Kapalı,False
L002388,C01827,customer,Kredi Kartı,35479.56,120,2.62,2025-05-09,Aktif,False
L002389,C01828,customer,Konut Kredisi,21609.6,36,4.22,2022-06-26,Kapalı,False
L002390,C01828,customer,Kredi Kartı,28801.05,120,4.57,2023-02-20,Aktif,False
L002391,C01829,customer,KOBİ Kredisi,12781.13,12,3.29,2025-09-25,Aktif,False
L002392,C01829,customer,İhtiyaç Kredisi,111685.03,36,3.65,2020-11-28,Aktif,True
L002393,C01830,customer,Taşıt Kredisi,17604.74,60,4.58,2019-02-10,Kapalı,False
L002394,C01830,customer,İşletme Kredisi,20671.28,120,2.56,2023-04-25,Aktif,True
L002395,C01831,customer,Taşıt Kredisi,29208.19,24,2.82,2020-02-24,Kapalı,False
L002396,C01831,customer,İşletme Kredisi,3858.32,6,4.67,2025-03-28,Kapalı,False
L002397,C01832,customer,KOBİ Kredisi,33619.58,6,2.94,2022-09-21,Kapalı,False
L002398,C01832,customer,İşletme Kredisi,45067.03,36,3.24,2024-11-16,Aktif,False
L002399,C01833,customer,Kredi Kartı,53910.21,6,3.42,2025-10-04,Kapalı,False
L002400,C01834,customer,İşletme Kredisi,32042.47,12,4.81,2023-06-05,Kapalı,False
L002401,C01834,customer,Taşıt Kredisi,132732.26,12,3.2,2025-09-26,Aktif,False
L002402,C01835,customer,İhtiyaç Kredisi,15606.95,48,2.57,2020-06-12,Kapalı,True
L002403,C01836,customer,İşletme Kredisi,132336.9,60,2.76,2025-07-27,Aktif,True
L002404,C01836,customer,Konut Kredisi,9527.07,24,3.67,2024-05-12,Kapalı,True
L002405,C01836,customer,İşletme Kredisi,6321.07,120,3.22,2023-06-01,Aktif,False
L002406,C01837,customer,KOBİ Kredisi,20082.91,120,3.19,2021-01-30,Aktif,False
L002407,C01837,customer,İhtiyaç Kredisi,32393.43,24,4.11,2024-09-22,Aktif,False
L002408,C01837,customer,Konut Kredisi,6187.03,6,4.24,2021-10-14,Aktif,False
L002409,C01838,customer,İhtiyaç Kredisi,24322.06,6,4.36,2020-01-28,Aktif,False
L002410,C01838,customer,İşletme Kredisi,17331.51,24,4.67,2020-10-15,Kapalı,False
L002411,C01839,customer,Kredi Kartı,23604.53,48,2.68,2021-11-09,Kapalı,False
L002412,C01840,customer,Kredi Kartı,15266.18,84,2.65,2023-11-05,Aktif,False
L002413,C01840,customer,İhtiyaç Kredisi,19239.42,60,3.61,2025-06-07,Aktif,False
L002414,C01841,customer,Kredi Kartı,7563.79,24,3.61,2020-07-03,Kapalı,False
L002415,C01842,customer,KOBİ Kredisi,58452.41,48,3.23,2025-01-22,Aktif,False
L002416,C01842,customer,İşletme Kredisi,3214.91,36,3.35,2025-04-16,Aktif,False
L002417,C01843,customer,Konut Kredisi,161834.45,12,3.85,2022-04-21,Kapalı,False
L002418,C01844,customer,İhtiyaç Kredisi,24922.58,120,3.56,2020-11-29,Aktif,False
L002419,C01844,customer,KOBİ Kredisi,213898.46,6,3.03,2022-11-10,Kapalı,False
L002420,C01845,customer,İşletme Kredisi,24116.0,6,4.0,2025-03-12,Kapalı,False
L002421,C01847,customer,KOBİ Kredisi,40856.27,6,4.6,2024-11-25,Kapalı,False
L002422,C01848,customer,Konut Kredisi,29388.77,36,3.72,2024-10-23,Aktif,False
L002423,C01850,customer,KOBİ Kredisi,17557.51,36,3.12,2020-09-04,Aktif,False
L002424,C01851,customer,İhtiyaç Kredisi,36731.7,60,4.48,2024-03-16,Aktif,False
L002425,C01851,customer,Taşıt Kredisi,42284.23,84,4.3,2023-01-30,Aktif,False
L002426,C01852,customer,Konut Kredisi,38160.55,24,3.74,2022-07-18,Kapalı,False
L002427,C01853,customer,Taşıt Kredisi,65887.32,120,3.61,2026-05-03,Aktif,False
L002428,C01855,customer,Taşıt Kredisi,16213.81,6,3.05,2021-12-08,Kapalı,False
L002429,C01856,customer,Kredi Kartı,60508.67,12,3.72,2019-10-12,Kapalı,False
L002430,C01856,customer,İhtiyaç Kredisi,194723.06,36,4.06,2024-05-20,Aktif,False
L002431,C01857,customer,Kredi Kartı,54132.41,84,4.84,2019-10-20,Aktif,False
L002432,C01857,customer,İhtiyaç Kredisi,29341.52,84,4.89,2024-04-29,Aktif,False
L002433,C01858,customer,KOBİ Kredisi,23156.67,6,4.56,2020-09-10,Kapalı,False
L002434,C01858,customer,İhtiyaç Kredisi,53060.72,24,4.68,2023-09-08,Kapalı,True
L002435,C01859,customer,Taşıt Kredisi,19291.52,6,2.88,2025-03-01,Kapalı,False
L002436,C01859,customer,İşletme Kredisi,87384.07,12,3.3,2022-05-29,Kapalı,False
L002437,C01860,customer,İşletme Kredisi,23669.65,36,3.86,2025-01-04,Aktif,False
L002438,C01860,customer,Konut Kredisi,5573.57,12,3.95,2022-09-11,Kapalı,False
L002439,C01861,customer,İhtiyaç Kredisi,83132.33,12,3.9,2024-10-15,Kapalı,False
L002440,C01861,customer,KOBİ Kredisi,50836.98,36,4.5,2019-11-23,Kapalı,False
L002441,C01862,customer,İşletme Kredisi,79016.86,120,3.62,2021-01-05,Aktif,False
L002442,C01863,customer,KOBİ Kredisi,90701.21,12,3.83,2021-05-11,Aktif,False
L002443,C01864,customer,İhtiyaç Kredisi,3583.05,48,3.79,2020-07-30,Aktif,False
L002444,C01865,customer,Kredi Kartı,3478.57,84,4.8,2024-08-27,Aktif,False
L002445,C01866,customer,Kredi Kartı,31142.88,6,4.0,2019-02-27,Kapalı,False
L002446,C01866,customer,Kredi Kartı,72936.95,120,2.67,2025-11-30,Aktif,False
L002447,C01867,customer,Taşıt Kredisi,4280.85,120,4.42,2024-02-14,Aktif,False
L002448,C01868,customer,İşletme Kredisi,109558.74,120,4.62,2024-12-10,Aktif,False
L002449,C01869,customer,Taşıt Kredisi,19592.86,60,4.1,2021-10-04,Aktif,False
L002450,C01869,customer,İşletme Kredisi,9299.08,12,3.23,2021-02-09,Aktif,False
L002451,C01869,customer,Konut Kredisi,59705.44,12,4.85,2021-07-13,Kapalı,False
L002452,C01870,customer,Kredi Kartı,14884.15,48,3.76,2021-10-22,Kapalı,False
L002453,C01870,customer,Kredi Kartı,132335.23,12,3.61,2025-07-13,Kapalı,False
L002454,C01871,customer,Taşıt Kredisi,2670.53,36,2.99,2021-04-20,Kapalı,False
L002455,C01872,customer,Konut Kredisi,59577.41,60,4.78,2022-09-19,Aktif,False
L002456,C01872,customer,İhtiyaç Kredisi,82303.54,24,3.18,2026-02-07,Aktif,False
L002457,C01874,customer,KOBİ Kredisi,28959.07,12,3.17,2019-01-06,Aktif,False
L002458,C01874,customer,Konut Kredisi,12277.92,60,4.7,2021-09-23,Aktif,False
L002459,C01875,customer,İşletme Kredisi,19857.47,84,3.43,2022-03-23,Aktif,False
L002460,C01876,customer,KOBİ Kredisi,49130.16,6,2.98,2025-04-09,Kapalı,False
L002461,C01876,customer,Konut Kredisi,4171.1,48,4.36,2024-08-07,Aktif,False
L002462,C01877,customer,KOBİ Kredisi,99958.4,60,3.55,2021-08-25,Aktif,False
L002463,C01878,customer,İşletme Kredisi,14364.61,12,4.19,2024-01-17,Kapalı,False
L002464,C01878,customer,Konut Kredisi,23572.55,36,3.71,2020-06-13,Kapalı,False
L002465,C01880,customer,Kredi Kartı,128774.82,12,2.67,2019-02-17,Kapalı,False
L002466,C01882,customer,İhtiyaç Kredisi,50054.89,84,4.4,2020-09-11,Aktif,False
L002467,C01883,customer,İşletme Kredisi,42625.04,120,3.3,2021-11-12,Aktif,False
L002468,C01884,customer,Konut Kredisi,72360.27,84,4.82,2025-07-06,Aktif,False
L002469,C01885,customer,Taşıt Kredisi,284443.79,12,2.83,2023-09-13,Kapalı,False
L002470,C01888,customer,Kredi Kartı,26667.44,60,2.68,2026-07-27,Aktif,False
L002471,C01889,customer,Konut Kredisi,17853.9,12,2.82,2025-11-22,Aktif,True
L002472,C01889,customer,İhtiyaç Kredisi,25383.11,48,3.28,2022-02-13,Kapalı,False
L002473,C01890,customer,KOBİ Kredisi,23236.55,48,3.69,2025-06-16,Aktif,False
L002474,C01891,customer,Taşıt Kredisi,49941.55,6,2.5,2023-04-08,Kapalı,False
L002475,C01892,customer,İşletme Kredisi,35637.13,6,4.9,2020-04-14,Kapalı,False
L002476,C01892,customer,İşletme Kredisi,10000.79,48,2.83,2020-11-02,Aktif,False
L002477,C01893,customer,KOBİ Kredisi,15955.57,120,3.07,2020-05-03,Aktif,False
L002478,C01894,customer,İhtiyaç Kredisi,34073.67,84,4.68,2026-04-19,Aktif,False
L002479,C01895,customer,KOBİ Kredisi,29631.02,36,3.33,2025-07-03,Aktif,True
L002480,C01896,customer,İşletme Kredisi,16211.67,120,2.79,2022-12-15,Aktif,False
L002481,C01897,customer,İşletme Kredisi,5087.18,36,2.91,2020-10-25,Kapalı,False
L002482,C01897,customer,Konut Kredisi,93494.93,60,3.92,2020-04-09,Kapalı,False
L002483,C01898,customer,Kredi Kartı,52636.83,84,4.87,2025-09-13,Aktif,False
L002484,C01898,customer,Konut Kredisi,9403.79,36,2.53,2020-06-30,Kapalı,False
L002485,C01899,customer,İşletme Kredisi,22574.39,36,3.47,2022-12-07,Kapalı,False
L002486,C01900,customer,KOBİ Kredisi,17705.48,36,2.69,2026-05-14,Aktif,False
L002487,C01900,customer,KOBİ Kredisi,16147.19,120,4.45,2020-10-08,Aktif,False
L002488,C01901,customer,Konut Kredisi,104223.01,36,2.59,2025-04-23,Aktif,False
L002489,C01902,customer,İhtiyaç Kredisi,32177.44,48,4.61,2020-08-03,Kapalı,False
L002490,C01902,customer,KOBİ Kredisi,12522.62,84,2.69,2022-07-19,Aktif,False
L002491,C01903,customer,Konut Kredisi,10359.75,60,4.18,2021-06-11,Kapalı,False
L002492,C01904,customer,Taşıt Kredisi,70669.95,48,4.18,2019-03-17,Aktif,False
L002493,C01904,customer,KOBİ Kredisi,35945.79,84,4.79,2025-09-14,Aktif,False
L002494,C01905,customer,Kredi Kartı,12004.99,60,4.81,2021-12-27,Aktif,False
L002495,C01906,customer,Konut Kredisi,34015.45,6,3.25,2023-09-08,Kapalı,False
L002496,C01906,customer,İşletme Kredisi,49073.91,48,4.4,2020-09-04,Kapalı,False
L002497,C01907,customer,Taşıt Kredisi,95842.95,84,3.2,2025-07-11,Aktif,False
L002498,C01908,customer,Kredi Kartı,9597.41,6,4.46,2019-10-28,Kapalı,False
L002499,C01909,customer,İşletme Kredisi,62752.54,120,4.77,2020-12-17,Aktif,False
L002500,C01910,customer,Taşıt Kredisi,28831.85,36,2.85,2019-03-11,Aktif,False
L002501,C01911,customer,İhtiyaç Kredisi,26396.34,60,4.41,2023-10-20,Aktif,False
L002502,C01911,customer,Konut Kredisi,14910.81,120,3.84,2020-11-04,Aktif,False
L002503,C01912,customer,İşletme Kredisi,61469.11,84,3.98,2026-06-25,Aktif,False
L002504,C01913,customer,Kredi Kartı,26228.15,6,3.31,2019-11-09,Kapalı,False
L002505,C01913,customer,İşletme Kredisi,14818.93,12,3.78,2021-09-26,Aktif,False
L002506,C01914,customer,KOBİ Kredisi,12578.76,48,3.8,2019-08-31,Kapalı,False
L002507,C01915,customer,İşletme Kredisi,12910.77,6,4.3,2023-01-19,Kapalı,True
L002508,C01915,customer,Konut Kredisi,44946.01,6,4.11,2022-04-28,Kapalı,False
L002509,C01918,customer,Taşıt Kredisi,9596.8,60,2.61,2019-05-27,Kapalı,False
L002510,C01919,customer,İşletme Kredisi,19172.97,48,4.8,2025-08-02,Aktif,False
L002511,C01920,customer,Konut Kredisi,54082.48,12,3.99,2023-05-08,Kapalı,False
L002512,C01920,customer,İşletme Kredisi,28108.13,60,4.24,2022-12-23,Aktif,False
L002513,C01921,customer,Taşıt Kredisi,9164.45,36,3.47,2023-09-27,Aktif,False
L002514,C01923,customer,Kredi Kartı,35199.2,6,2.68,2021-01-22,Kapalı,False
L002515,C01924,customer,Kredi Kartı,18442.17,12,4.5,2024-08-01,Kapalı,False
L002516,C01925,customer,İhtiyaç Kredisi,77742.92,12,3.72,2025-04-05,Kapalı,False
L002517,C01925,customer,İhtiyaç Kredisi,30385.54,36,2.63,2019-04-23,Kapalı,False
L002518,C01926,customer,İhtiyaç Kredisi,24937.72,24,3.99,2024-02-01,Kapalı,True
L002519,C01926,customer,Kredi Kartı,5721.07,12,3.53,2021-12-22,Kapalı,False
L002520,C01927,customer,İşletme Kredisi,18930.25,84,4.51,2026-06-28,Aktif,False
L002521,C01927,customer,Konut Kredisi,23030.93,84,3.43,2020-07-29,Aktif,False
L002522,C01929,customer,Taşıt Kredisi,38440.75,6,3.29,2025-08-16,Kapalı,False
L002523,C01929,customer,Kredi Kartı,61021.28,120,3.76,2023-07-13,Aktif,False
L002524,C01930,customer,İşletme Kredisi,22193.08,60,2.92,2021-12-25,Aktif,False
L002525,C01931,customer,Kredi Kartı,30160.03,84,3.11,2022-01-26,Aktif,False
L002526,C01933,customer,Taşıt Kredisi,60711.33,60,3.87,2021-11-25,Aktif,False
L002527,C01935,customer,Taşıt Kredisi,120234.13,120,2.57,2021-04-30,Aktif,False
L002528,C01936,customer,İhtiyaç Kredisi,30445.07,6,3.75,2021-07-01,Kapalı,False
L002529,C01936,customer,İhtiyaç Kredisi,38474.66,84,2.88,2026-06-27,Aktif,False
L002530,C01937,customer,Taşıt Kredisi,24354.49,36,3.27,2022-03-11,Aktif,False
L002531,C01938,customer,Taşıt Kredisi,11354.09,6,4.09,2020-05-10,Aktif,False
L002532,C01939,customer,Kredi Kartı,30026.72,12,4.35,2025-08-25,Kapalı,False
L002533,C01941,customer,İhtiyaç Kredisi,10864.56,12,4.13,2020-07-11,Kapalı,False
L002534,C01943,customer,KOBİ Kredisi,39131.54,12,4.53,2025-01-01,Kapalı,False
L002535,C01944,customer,İhtiyaç Kredisi,65583.45,48,4.2,2023-05-02,Aktif,False
L002536,C01944,customer,KOBİ Kredisi,38108.74,36,3.75,2024-01-20,Aktif,False
L002537,C01945,customer,İhtiyaç Kredisi,62139.57,48,3.48,2021-08-23,Kapalı,False
L002538,C01945,customer,KOBİ Kredisi,134485.83,60,4.67,2019-11-29,Kapalı,False
L002539,C01945,customer,Taşıt Kredisi,22754.93,60,3.27,2022-12-10,Aktif,False
L002540,C01946,customer,KOBİ Kredisi,23622.24,24,4.06,2020-05-31,Kapalı,False
L002541,C01946,customer,Kredi Kartı,43174.61,48,3.71,2024-02-20,Aktif,False
L002542,C01947,customer,KOBİ Kredisi,15644.65,84,3.37,2019-05-26,Kapalı,False
L002543,C01948,customer,İşletme Kredisi,14397.85,6,3.23,2025-06-15,Aktif,False
L002544,C01948,customer,Kredi Kartı,20336.26,24,4.22,2023-04-08,Kapalı,False
L002545,C01949,customer,İşletme Kredisi,24399.53,12,4.09,2023-02-19,Kapalı,False
L002546,C01949,customer,Konut Kredisi,24872.07,48,4.12,2019-08-21,Kapalı,False
L002547,C01950,customer,İşletme Kredisi,38445.79,84,2.51,2022-10-04,Aktif,False
L002548,C01951,customer,İşletme Kredisi,6880.62,48,3.49,2023-05-03,Aktif,False
L002549,C01951,customer,Konut Kredisi,49499.15,48,4.45,2025-09-13,Aktif,False
L002550,C01952,customer,KOBİ Kredisi,12816.92,120,2.6,2024-03-08,Aktif,False
L002551,C01953,customer,KOBİ Kredisi,92097.38,12,3.81,2020-10-19,Kapalı,True
L002552,C01954,customer,İhtiyaç Kredisi,45633.81,60,4.42,2020-06-30,Kapalı,True
L002553,C01955,customer,Konut Kredisi,38285.5,6,4.61,2026-01-20,Kapalı,True
L002554,C01956,customer,KOBİ Kredisi,302033.08,24,3.13,2025-08-28,Aktif,False
L002555,C01957,customer,Konut Kredisi,19122.21,24,3.33,2019-04-06,Kapalı,False
L002556,C01958,customer,KOBİ Kredisi,92617.81,24,4.72,2021-01-29,Kapalı,False
L002557,C01958,customer,Konut Kredisi,19566.93,24,2.53,2021-02-06,Kapalı,False
L002558,C01958,customer,Konut Kredisi,55674.6,12,3.44,2026-07-20,Aktif,False
L002559,C01959,customer,Kredi Kartı,29544.68,60,4.47,2024-03-12,Aktif,False
L002560,C01960,customer,İşletme Kredisi,10159.01,120,3.35,2021-05-14,Aktif,False
L002561,C01961,customer,Kredi Kartı,5112.93,36,4.65,2024-01-01,Aktif,False
L002562,C01963,customer,İhtiyaç Kredisi,18261.99,120,3.48,2021-07-14,Aktif,False
L002563,C01964,customer,İhtiyaç Kredisi,49408.63,36,2.82,2023-05-18,Kapalı,False
L002564,C01964,customer,KOBİ Kredisi,8155.18,48,4.79,2025-06-24,Aktif,False
L002565,C01965,customer,İşletme Kredisi,9502.77,60,3.32,2021-05-05,Kapalı,False
L002566,C01966,customer,Konut Kredisi,195624.79,24,3.95,2022-08-07,Kapalı,False
L002567,C01967,customer,Konut Kredisi,62750.32,60,2.86,2026-02-15,Aktif,False
L002568,C01967,customer,İşletme Kredisi,19733.76,60,4.75,2020-05-06,Kapalı,False
L002569,C01967,customer,Konut Kredisi,7888.81,36,3.61,2023-09-21,Aktif,False
L002570,C01968,customer,Konut Kredisi,5854.35,36,4.23,2025-02-20,Aktif,False
L002571,C01968,customer,Konut Kredisi,328941.97,36,2.57,2019-01-10,Aktif,False
L002572,C01969,customer,İşletme Kredisi,2959.61,84,3.33,2019-05-14,Kapalı,False
L002573,C01970,customer,İhtiyaç Kredisi,155825.69,48,4.22,2022-05-14,Kapalı,False
L002574,C01971,customer,Kredi Kartı,43820.93,6,4.35,2025-05-14,Aktif,False
L002575,C01973,customer,Taşıt Kredisi,35980.37,36,3.77,2024-07-28,Aktif,False
L002576,C01973,customer,KOBİ Kredisi,16256.04,6,3.55,2020-02-18,Kapalı,False
L002577,C01974,customer,İhtiyaç Kredisi,77505.61,6,3.41,2023-10-20,Kapalı,False
L002578,C01974,customer,Konut Kredisi,38362.67,60,3.12,2022-01-17,Aktif,False
L002579,C01975,customer,Kredi Kartı,7996.92,60,4.6,2026-05-28,Aktif,False
L002580,C01976,customer,İşletme Kredisi,172350.28,84,2.59,2022-11-09,Aktif,False
L002581,C01977,customer,İhtiyaç Kredisi,169115.72,48,3.03,2024-04-25,Aktif,False
L002582,C01978,customer,İşletme Kredisi,17002.99,6,3.26,2025-10-27,Kapalı,False
L002583,C01978,customer,KOBİ Kredisi,18385.35,36,4.62,2022-07-05,Kapalı,False
L002584,C01978,customer,İşletme Kredisi,27603.69,36,4.39,2022-02-06,Kapalı,False
L002585,C01979,customer,KOBİ Kredisi,22201.49,60,4.16,2023-01-25,Aktif,False
L002586,C01980,customer,KOBİ Kredisi,42272.0,6,4.28,2020-05-24,Aktif,False
L002587,C01980,customer,İşletme Kredisi,72103.06,60,4.26,2019-03-26,Kapalı,False
L002588,C01981,customer,İşletme Kredisi,6549.1,36,2.68,2023-04-09,Kapalı,False
L002589,C01982,customer,Taşıt Kredisi,24364.43,12,3.04,2020-05-19,Kapalı,False
L002590,C01982,customer,İşletme Kredisi,43629.76,6,2.55,2026-01-16,Kapalı,False
L002591,C01983,customer,Kredi Kartı,45968.11,48,2.72,2023-05-13,Aktif,True
L002592,C01984,customer,Konut Kredisi,34898.66,36,4.17,2022-06-08,Kapalı,False
L002593,C01985,customer,İşletme Kredisi,146328.11,84,4.51,2023-08-10,Aktif,False
L002594,C01986,customer,Taşıt Kredisi,46628.18,48,4.29,2025-10-07,Aktif,False
L002595,C01987,customer,KOBİ Kredisi,14814.78,6,3.36,2023-03-12,Kapalı,False
L002596,C01989,customer,Taşıt Kredisi,15560.34,6,4.07,2021-12-04,Kapalı,False
L002597,C01990,customer,Taşıt Kredisi,22119.36,84,3.87,2021-02-01,Aktif,False
L002598,C01991,customer,Taşıt Kredisi,18164.78,12,3.5,2025-09-25,Aktif,False
L002599,C01992,customer,Taşıt Kredisi,23937.83,12,3.77,2020-09-29,Kapalı,False
L002600,C01992,customer,İşletme Kredisi,41534.99,12,4.26,2020-04-26,Kapalı,False
L002601,C01994,customer,Taşıt Kredisi,32709.8,120,3.4,2024-04-14,Aktif,False
L002602,C01995,customer,Kredi Kartı,32187.02,6,4.32,2019-05-18,Aktif,False
L002603,C01996,customer,İşletme Kredisi,19238.0,12,3.43,2025-05-29,Kapalı,False
L002604,C01998,customer,KOBİ Kredisi,15841.62,6,4.28,2023-09-02,Aktif,False
L002605,C01999,customer,İşletme Kredisi,24205.87,48,4.2,2021-03-29,Kapalı,False
L002606,C02002,customer,KOBİ Kredisi,12635.9,60,2.97,2019-05-14,Kapalı,False
L002607,C02003,customer,İşletme Kredisi,5132.06,12,4.19,2026-06-12,Aktif,False
L002608,C02003,customer,Taşıt Kredisi,50699.33,48,3.4,2025-10-19,Aktif,False
L002609,C02004,customer,İhtiyaç Kredisi,53342.73,48,2.62,2019-08-12,Kapalı,False
L002610,C02005,customer,İşletme Kredisi,7631.14,36,3.0,2022-02-18,Kapalı,False
L002611,C02006,customer,İşletme Kredisi,68992.21,48,4.22,2024-05-13,Aktif,False
L002612,C02007,customer,İşletme Kredisi,45627.27,48,4.7,2021-10-13,Kapalı,False
L002613,C02009,customer,KOBİ Kredisi,4428.55,24,3.5,2023-02-14,Kapalı,True
L002614,C02010,customer,Konut Kredisi,8016.72,36,2.86,2026-06-21,Aktif,False
L002615,C02011,customer,İşletme Kredisi,22636.58,48,2.6,2025-05-28,Aktif,False
L002616,C02012,customer,İhtiyaç Kredisi,53327.34,6,3.2,2021-04-17,Kapalı,False
L002617,C02012,customer,Taşıt Kredisi,12259.84,6,4.24,2020-04-02,Aktif,False
L002618,C02013,customer,KOBİ Kredisi,8604.74,84,3.91,2019-09-05,Kapalı,False
L002619,C02013,customer,İşletme Kredisi,8254.43,60,2.8,2022-08-17,Aktif,False
L002620,C02014,customer,Konut Kredisi,8895.65,60,4.03,2019-07-22,Kapalı,False
L002621,C02014,customer,İhtiyaç Kredisi,42002.28,120,4.47,2023-03-24,Aktif,False
L002622,C02015,customer,İhtiyaç Kredisi,25595.75,48,4.23,2020-10-14,Kapalı,False
L002623,C02016,customer,Konut Kredisi,48359.07,48,3.81,2021-07-17,Kapalı,False
L002624,C02018,customer,Kredi Kartı,10684.87,6,4.02,2021-11-19,Kapalı,False
L002625,C02019,customer,İhtiyaç Kredisi,74361.37,6,2.83,2024-08-15,Kapalı,False
L002626,C02020,customer,Taşıt Kredisi,4503.6,84,2.57,2022-02-02,Aktif,False
L002627,C02020,customer,Taşıt Kredisi,269354.68,60,3.47,2026-05-12,Aktif,False
L002628,C02021,customer,Konut Kredisi,46124.25,60,4.44,2023-07-16,Aktif,False
L002629,C02023,customer,Konut Kredisi,8728.71,24,3.14,2024-07-06,Kapalı,False
L002630,C02024,customer,KOBİ Kredisi,15665.24,120,2.89,2025-07-20,Aktif,False
L002631,C02024,customer,İhtiyaç Kredisi,53208.91,60,3.28,2021-08-03,Kapalı,False
L002632,C02025,customer,KOBİ Kredisi,80158.68,60,3.57,2023-04-26,Aktif,False
L002633,C02026,customer,Taşıt Kredisi,31172.13,120,4.61,2021-03-21,Aktif,False
L002634,C02027,customer,Taşıt Kredisi,63666.79,48,2.69,2025-02-17,Aktif,False
L002635,C02027,customer,İhtiyaç Kredisi,17225.06,6,4.49,2019-04-14,Kapalı,False
L002636,C02028,customer,İhtiyaç Kredisi,18621.31,6,3.77,2020-11-21,Kapalı,True
L002637,C02028,customer,İhtiyaç Kredisi,24737.83,24,4.49,2024-01-15,Kapalı,False
L002638,C02029,customer,KOBİ Kredisi,26102.52,84,4.04,2020-06-28,Aktif,False
L002639,C02030,customer,İşletme Kredisi,8296.74,60,4.35,2024-04-12,Aktif,False
L002640,C02031,customer,Konut Kredisi,13985.55,48,3.37,2020-03-31,Kapalı,False
L002641,C02031,customer,Konut Kredisi,31881.71,48,3.74,2020-12-16,Kapalı,False
L002642,C02032,customer,Taşıt Kredisi,14746.8,120,4.49,2021-11-04,Aktif,False
L002643,C02033,customer,Kredi Kartı,9003.74,24,4.47,2019-11-15,Aktif,False
L002644,C02034,customer,İhtiyaç Kredisi,18522.78,48,2.72,2024-04-20,Aktif,False
L002645,C02035,customer,İşletme Kredisi,98495.52,12,4.71,2021-04-09,Kapalı,False
L002646,C02036,customer,İhtiyaç Kredisi,19687.06,84,4.26,2024-11-20,Aktif,False
L002647,C02038,customer,İşletme Kredisi,26349.72,12,3.92,2026-02-05,Aktif,False
L002648,C02039,customer,Taşıt Kredisi,138593.04,24,2.98,2024-01-24,Aktif,False
L002649,C02039,customer,Konut Kredisi,36082.6,60,4.47,2026-03-28,Aktif,False
L002650,C02040,customer,Konut Kredisi,14492.0,6,4.04,2025-08-15,Kapalı,False
L002651,C02040,customer,Taşıt Kredisi,45117.6,36,2.71,2019-07-08,Kapalı,False
L002652,C02041,customer,İhtiyaç Kredisi,63484.53,36,2.93,2024-10-06,Aktif,False
L002653,C02041,customer,Konut Kredisi,15380.19,24,3.25,2025-08-23,Aktif,False
L002654,C02042,customer,Kredi Kartı,6647.51,24,2.91,2024-07-25,Kapalı,False
L002655,C02043,customer,Kredi Kartı,26315.01,36,4.34,2022-02-11,Kapalı,False
L002656,C02044,customer,KOBİ Kredisi,18179.2,36,4.47,2026-05-22,Aktif,False
L002657,C02044,customer,Konut Kredisi,131607.71,120,3.19,2021-11-20,Aktif,False
L002658,C02046,customer,Konut Kredisi,15129.69,12,4.06,2021-10-18,Kapalı,True
L002659,C02046,customer,Konut Kredisi,43242.7,24,2.88,2020-11-08,Kapalı,False
L002660,C02047,customer,Kredi Kartı,92310.15,12,4.01,2022-12-09,Aktif,False
L002661,C02047,customer,İşletme Kredisi,48308.33,12,3.21,2020-11-02,Kapalı,False
L002662,C02049,customer,Kredi Kartı,51891.2,84,2.72,2023-04-23,Aktif,False
L002663,C02050,customer,Kredi Kartı,65709.87,24,4.59,2021-08-09,Kapalı,False
L002664,C02051,customer,İhtiyaç Kredisi,24616.39,12,2.56,2021-10-06,Kapalı,False
L002665,C02051,customer,Taşıt Kredisi,97407.17,24,2.81,2022-08-14,Kapalı,False
L002666,C02052,customer,Konut Kredisi,8785.33,60,4.69,2024-01-16,Aktif,True
L002667,C02052,customer,İhtiyaç Kredisi,103722.37,120,2.86,2023-07-06,Aktif,False
L002668,C02053,customer,İhtiyaç Kredisi,10337.5,6,2.55,2019-12-21,Aktif,False
L002669,C02053,customer,Taşıt Kredisi,42878.32,48,4.21,2024-04-08,Aktif,True
L002670,C02054,customer,KOBİ Kredisi,12387.03,36,3.65,2019-08-21,Kapalı,False
L002671,C02055,customer,Konut Kredisi,32569.22,24,4.17,2021-07-01,Kapalı,False
L002672,C02055,customer,Konut Kredisi,34620.06,60,3.88,2022-01-26,Aktif,False
L002673,C02056,customer,Konut Kredisi,39465.82,12,4.43,2023-12-14,Kapalı,False
L002674,C02057,customer,Kredi Kartı,18031.29,36,3.55,2019-01-21,Kapalı,False
L002675,C02059,customer,Konut Kredisi,16724.96,120,4.73,2023-05-26,Aktif,False
L002676,C02060,customer,İşletme Kredisi,1882.54,12,3.75,2023-03-02,Kapalı,False
L002677,C02061,customer,KOBİ Kredisi,7531.78,60,3.83,2022-10-07,Aktif,False
L002678,C02062,customer,İhtiyaç Kredisi,28389.8,120,4.03,2020-08-17,Aktif,False
L002679,C02063,customer,KOBİ Kredisi,13408.79,48,3.21,2020-09-23,Kapalı,False
L002680,C02063,customer,İhtiyaç Kredisi,64767.69,12,2.67,2024-05-20,Aktif,False
L002681,C02064,customer,KOBİ Kredisi,26870.25,24,4.2,2020-12-11,Kapalı,False
L002682,C02065,customer,Kredi Kartı,10880.68,48,2.64,2022-09-16,Kapalı,False
L002683,C02065,customer,KOBİ Kredisi,7558.09,60,2.75,2019-11-30,Kapalı,False
L002684,C02066,customer,İhtiyaç Kredisi,10308.77,6,3.22,2022-09-27,Kapalı,True
L002685,C02067,customer,İşletme Kredisi,23883.26,60,4.29,2021-07-09,Kapalı,False
L002686,C02068,customer,İhtiyaç Kredisi,73912.46,48,4.65,2020-10-15,Kapalı,False
L002687,C02069,customer,KOBİ Kredisi,25839.73,84,3.24,2020-03-14,Aktif,False
L002688,C02070,customer,İşletme Kredisi,26067.51,6,4.87,2026-01-22,Kapalı,False
L002689,C02071,customer,İşletme Kredisi,89622.53,84,4.0,2022-09-10,Aktif,False
L002690,C02071,customer,Kredi Kartı,4036.01,12,4.47,2021-07-15,Kapalı,False
L002691,C02072,customer,KOBİ Kredisi,172200.63,6,4.29,2026-06-10,Aktif,False
L002692,C02072,customer,KOBİ Kredisi,57544.82,12,2.82,2022-09-27,Kapalı,False
L002693,C02073,customer,İşletme Kredisi,62409.73,12,3.48,2023-09-26,Kapalı,True
L002694,C02074,customer,Konut Kredisi,42312.9,84,3.02,2024-04-17,Aktif,False
L002695,C02074,customer,İşletme Kredisi,4343.81,84,4.73,2023-10-29,Aktif,False
L002696,C02074,customer,İşletme Kredisi,7704.59,60,3.18,2020-04-29,Kapalı,False
L002697,C02075,customer,İhtiyaç Kredisi,29516.4,36,4.56,2025-03-30,Aktif,False
L002698,C02076,customer,Konut Kredisi,6881.73,24,4.45,2026-05-05,Aktif,False
L002699,C02077,customer,KOBİ Kredisi,28660.55,48,3.11,2019-09-05,Kapalı,False
L002700,C02077,customer,Konut Kredisi,24212.4,12,2.92,2026-06-22,Aktif,False
L002701,C02078,customer,İhtiyaç Kredisi,12078.22,84,2.59,2024-10-07,Aktif,False
L002702,C02079,customer,İşletme Kredisi,128615.32,60,4.25,2020-01-02,Kapalı,False
L002703,C02079,customer,İhtiyaç Kredisi,26256.9,12,2.57,2023-04-08,Kapalı,False
L002704,C02080,customer,KOBİ Kredisi,4580.77,120,3.75,2021-03-28,Aktif,False
L002705,C02081,customer,İhtiyaç Kredisi,51131.94,60,3.22,2020-04-23,Kapalı,False
L002706,C02082,customer,KOBİ Kredisi,13668.81,84,3.15,2024-01-29,Aktif,False
L002707,C02083,customer,Kredi Kartı,46655.82,12,3.52,2023-04-09,Kapalı,False
L002708,C02086,customer,Taşıt Kredisi,8017.08,36,2.94,2020-01-20,Aktif,False
L002709,C02087,customer,Kredi Kartı,153166.29,48,4.79,2021-01-25,Kapalı,False
L002710,C02088,customer,İşletme Kredisi,9565.66,84,4.39,2025-08-04,Aktif,False
L002711,C02089,customer,KOBİ Kredisi,5471.09,12,4.78,2021-06-19,Kapalı,False
L002712,C02089,customer,İşletme Kredisi,10749.43,60,4.01,2024-03-15,Aktif,True
L002713,C02090,customer,İhtiyaç Kredisi,13884.74,84,2.92,2025-02-18,Aktif,False
L002714,C02091,customer,Konut Kredisi,72203.03,12,3.86,2026-01-06,Aktif,False
L002715,C02092,customer,Kredi Kartı,102267.31,48,3.25,2026-01-25,Aktif,False
L002716,C02092,customer,Taşıt Kredisi,22417.37,36,3.88,2024-10-27,Aktif,False
L002717,C02093,customer,İşletme Kredisi,74568.24,36,3.02,2019-07-01,Kapalı,False
L002718,C02094,customer,Konut Kredisi,19406.56,120,3.18,2023-05-27,Aktif,False
L002719,C02094,customer,İhtiyaç Kredisi,11423.04,48,4.07,2019-01-11,Kapalı,False
L002720,C02095,customer,Taşıt Kredisi,65201.43,84,3.33,2020-08-13,Aktif,False
L002721,C02095,customer,Taşıt Kredisi,2299.68,24,4.77,2022-12-02,Kapalı,False
L002722,C02096,customer,Kredi Kartı,14171.55,60,2.94,2021-04-11,Kapalı,False
L002723,C02097,customer,İhtiyaç Kredisi,91700.25,60,4.72,2021-03-27,Kapalı,False
L002724,C02098,customer,KOBİ Kredisi,77130.79,24,3.19,2019-06-14,Kapalı,False
L002725,C02098,customer,Konut Kredisi,137619.14,6,4.7,2023-01-30,Aktif,False
L002726,C02099,customer,İhtiyaç Kredisi,20010.82,36,3.57,2024-02-15,Aktif,False
L002727,C02100,customer,Taşıt Kredisi,19823.56,120,4.67,2021-11-12,Aktif,False
L002728,C02100,customer,Kredi Kartı,2928.82,6,4.43,2024-09-06,Kapalı,False
L002729,C02101,customer,İhtiyaç Kredisi,8629.91,84,4.69,2025-04-15,Aktif,False
L002730,C02102,customer,İşletme Kredisi,6941.07,48,4.36,2024-10-15,Aktif,False
L002731,C02102,customer,KOBİ Kredisi,20271.65,6,4.17,2022-02-13,Aktif,False
L002732,C02102,customer,KOBİ Kredisi,26660.64,24,3.43,2025-07-19,Aktif,False
L002733,C02103,customer,KOBİ Kredisi,17374.21,12,4.77,2025-07-21,Aktif,False
L002734,C02105,customer,Taşıt Kredisi,306782.95,120,3.48,2025-11-27,Aktif,False
L002735,C02105,customer,İhtiyaç Kredisi,71396.96,6,2.52,2022-01-08,Kapalı,False
L002736,C02106,customer,İhtiyaç Kredisi,88508.88,24,2.95,2024-12-13,Aktif,False
L002737,C02107,customer,İşletme Kredisi,10822.51,24,3.64,2021-05-24,Kapalı,False
L002738,C02108,customer,KOBİ Kredisi,59804.22,6,3.89,2025-04-18,Aktif,False
L002739,C02109,customer,İhtiyaç Kredisi,73323.65,12,4.48,2022-07-18,Kapalı,False
L002740,C02109,customer,Konut Kredisi,5197.61,24,2.73,2021-12-31,Kapalı,True
L002741,C02110,customer,Taşıt Kredisi,12420.41,36,3.81,2020-08-07,Kapalı,False
L002742,C02110,customer,KOBİ Kredisi,18727.69,120,3.04,2026-04-29,Aktif,False
L002743,C02111,customer,İhtiyaç Kredisi,340291.92,6,4.25,2025-08-08,Kapalı,False
L002744,C02111,customer,Kredi Kartı,48973.34,48,3.12,2020-08-25,Kapalı,False
L002745,C02112,customer,İşletme Kredisi,26867.43,36,4.33,2020-03-17,Kapalı,False
L002746,C02112,customer,İhtiyaç Kredisi,50381.16,6,3.76,2021-08-29,Kapalı,False
L002747,C02114,customer,KOBİ Kredisi,50728.99,12,3.18,2022-05-21,Kapalı,False
L002748,C02115,customer,Kredi Kartı,7595.82,36,3.0,2019-06-21,Aktif,False
L002749,C02115,customer,Konut Kredisi,19848.82,60,4.65,2019-04-13,Kapalı,False
L002750,C02116,customer,Taşıt Kredisi,33620.84,120,4.13,2026-02-21,Aktif,False
L002751,C02116,customer,İşletme Kredisi,31364.16,84,3.16,2024-10-24,Aktif,False
L002752,C02117,customer,İşletme Kredisi,8106.16,12,3.88,2025-09-02,Aktif,False
L002753,C02118,customer,Konut Kredisi,30034.67,48,3.43,2023-09-02,Aktif,False
L002754,C02119,customer,Konut Kredisi,8642.8,24,2.75,2020-11-30,Kapalı,False
L002755,C02119,customer,KOBİ Kredisi,9299.62,48,3.47,2020-11-07,Kapalı,True
L002756,C02120,customer,KOBİ Kredisi,202296.26,48,2.57,2024-03-06,Aktif,True
L002757,C02121,customer,Kredi Kartı,89239.92,120,4.77,2022-04-13,Aktif,False
L002758,C02121,customer,Konut Kredisi,8523.52,48,3.86,2019-08-07,Aktif,False
L002759,C02122,customer,İhtiyaç Kredisi,33647.02,24,4.14,2022-01-10,Kapalı,False
L002760,C02123,customer,KOBİ Kredisi,23874.88,6,3.52,2020-02-16,Kapalı,False
L002761,C02123,customer,Kredi Kartı,43518.6,12,3.18,2025-03-21,Kapalı,False
L002762,C02124,customer,İhtiyaç Kredisi,58492.41,120,3.53,2023-06-16,Aktif,False
L002763,C02126,customer,İhtiyaç Kredisi,27667.11,6,3.31,2025-07-21,Aktif,False
L002764,C02126,customer,Kredi Kartı,9312.53,24,3.32,2023-08-02,Kapalı,False
L002765,C02127,customer,İşletme Kredisi,41044.94,48,3.07,2024-04-04,Aktif,False
L002766,C02128,customer,İhtiyaç Kredisi,8256.89,24,2.62,2019-07-13,Kapalı,True
L002767,C02130,customer,Konut Kredisi,7419.67,12,4.38,2019-05-23,Aktif,False
L002768,C02131,customer,Konut Kredisi,19927.27,36,4.7,2021-01-15,Kapalı,False
L002769,C02132,customer,Konut Kredisi,16571.23,6,3.18,2026-06-14,Aktif,False
L002770,C02133,customer,KOBİ Kredisi,4186.37,84,3.67,2022-03-14,Aktif,False
L002771,C02133,customer,İşletme Kredisi,10718.31,84,2.83,2020-05-20,Aktif,False
L002772,C02134,customer,KOBİ Kredisi,59212.0,24,4.43,2022-02-08,Kapalı,False
L002773,C02135,customer,Taşıt Kredisi,58512.49,120,2.85,2026-07-27,Aktif,False
L002774,C02136,customer,İşletme Kredisi,15990.02,120,4.79,2019-06-01,Aktif,False
L002775,C02137,customer,İhtiyaç Kredisi,22548.91,48,2.84,2021-12-30,Kapalı,True
L002776,C02137,customer,KOBİ Kredisi,17507.89,48,4.78,2022-03-25,Kapalı,False
L002777,C02138,customer,İşletme Kredisi,56044.87,12,4.52,2026-06-25,Aktif,False
L002778,C02138,customer,KOBİ Kredisi,8551.89,36,3.06,2022-02-27,Kapalı,False
L002779,C02138,customer,İhtiyaç Kredisi,64555.55,48,4.67,2020-08-15,Aktif,True
L002780,C02139,customer,İhtiyaç Kredisi,22183.07,120,2.99,2026-05-11,Aktif,False
L002781,C02140,customer,İhtiyaç Kredisi,45507.84,36,3.73,2023-11-24,Aktif,False
L002782,C02141,customer,Konut Kredisi,100587.14,24,2.73,2025-08-25,Aktif,True
L002783,C02142,customer,İhtiyaç Kredisi,4109.86,36,3.8,2024-10-21,Aktif,False
L002784,C02143,customer,İşletme Kredisi,32111.17,48,3.89,2020-12-09,Kapalı,False
L002785,C02144,customer,Taşıt Kredisi,38542.74,48,2.53,2020-08-08,Kapalı,False
L002786,C02144,customer,Kredi Kartı,2383.33,48,4.39,2026-06-18,Aktif,False
L002787,C02145,customer,Taşıt Kredisi,15043.65,24,2.53,2020-06-07,Kapalı,False
L002788,C02146,customer,İhtiyaç Kredisi,58991.87,84,4.87,2022-04-06,Aktif,True
L002789,C02147,customer,İhtiyaç Kredisi,25795.52,48,3.73,2024-08-14,Aktif,False
L002790,C02148,customer,Kredi Kartı,26443.18,60,3.75,2020-10-29,Kapalı,False
L002791,C02149,customer,Kredi Kartı,187169.19,48,2.65,2023-01-29,Aktif,False
L002792,C02150,customer,KOBİ Kredisi,6703.91,84,3.23,2021-06-12,Aktif,False
L002793,C02151,customer,İhtiyaç Kredisi,117104.6,6,4.01,2020-01-04,Kapalı,False
L002794,C02152,customer,KOBİ Kredisi,152739.02,36,3.19,2021-09-14,Kapalı,False
L002795,C02153,customer,Konut Kredisi,3466.04,120,3.29,2025-12-12,Aktif,False
L002796,C02154,customer,KOBİ Kredisi,226801.05,60,2.73,2023-07-16,Aktif,False
L002797,C02154,customer,KOBİ Kredisi,14548.74,48,4.58,2023-04-01,Aktif,False
L002798,C02156,customer,KOBİ Kredisi,96177.12,84,3.31,2023-06-14,Aktif,False
L002799,C02157,customer,Konut Kredisi,49212.01,12,2.87,2021-06-19,Kapalı,False
L002800,C02157,customer,KOBİ Kredisi,245077.15,48,2.9,2019-02-19,Kapalı,False
L002801,C02157,customer,Taşıt Kredisi,26235.26,24,2.8,2020-03-29,Kapalı,False
L002802,C02158,customer,Kredi Kartı,34898.84,60,3.14,2021-03-28,Kapalı,False
L002803,C02159,customer,Konut Kredisi,15562.18,48,2.9,2026-02-12,Aktif,False
L002804,C02160,customer,Konut Kredisi,3637.34,84,2.67,2020-01-25,Aktif,True
L002805,C02161,customer,Konut Kredisi,50361.47,36,3.34,2022-07-15,Aktif,True
L002806,C02161,customer,İhtiyaç Kredisi,12897.46,60,3.64,2024-08-19,Aktif,True
L002807,C02162,customer,İşletme Kredisi,62083.22,36,3.19,2023-09-27,Aktif,False
L002808,C02163,customer,Konut Kredisi,43337.46,84,4.14,2025-07-08,Aktif,True
L002809,C02164,customer,İşletme Kredisi,12836.86,12,3.99,2025-01-08,Aktif,False
L002810,C02165,customer,Konut Kredisi,34721.8,36,2.77,2025-12-12,Aktif,False
L002811,C02166,customer,İhtiyaç Kredisi,6246.96,6,3.35,2022-08-07,Kapalı,False
L002812,C02167,customer,Konut Kredisi,20417.49,12,2.72,2019-03-11,Kapalı,False
L002813,C02168,customer,İhtiyaç Kredisi,13175.92,60,4.47,2019-08-30,Kapalı,False
L002814,C02168,customer,Konut Kredisi,36219.49,48,3.27,2023-03-06,Aktif,False
L002815,C02168,customer,KOBİ Kredisi,5662.63,48,4.26,2019-06-03,Kapalı,False
L002816,C02169,customer,Konut Kredisi,52938.32,24,3.82,2020-09-03,Kapalı,False
L002817,C02169,customer,Kredi Kartı,12109.41,60,3.42,2025-07-27,Aktif,False
L002818,C02170,customer,Taşıt Kredisi,11618.14,12,3.31,2020-08-16,Kapalı,False
L002819,C02171,customer,İhtiyaç Kredisi,16419.86,60,3.06,2022-10-11,Aktif,False
L002820,C02171,customer,Konut Kredisi,71377.57,60,4.5,2025-05-25,Aktif,False
L002821,C02172,customer,Konut Kredisi,18385.22,12,4.17,2025-10-24,Aktif,False
L002822,C02172,customer,İhtiyaç Kredisi,25024.11,84,4.38,2023-05-23,Aktif,False
L002823,C02174,customer,Taşıt Kredisi,4567.16,84,4.3,2019-07-08,Kapalı,False
L002824,C02175,customer,Kredi Kartı,97928.96,120,4.12,2019-01-02,Aktif,False
L002825,C02176,customer,İşletme Kredisi,49331.67,6,4.27,2026-07-09,Aktif,False
L002826,C02177,customer,Kredi Kartı,6425.18,60,3.41,2021-04-03,Kapalı,False
L002827,C02177,customer,Konut Kredisi,45804.24,48,2.75,2025-12-24,Aktif,False
L002828,C02177,customer,İşletme Kredisi,31181.1,24,3.32,2019-10-17,Kapalı,False
L002829,C02178,customer,Konut Kredisi,6857.24,12,2.81,2019-09-16,Kapalı,False
L002830,C02179,customer,Konut Kredisi,27057.55,84,3.72,2025-03-15,Aktif,False
L002831,C02180,customer,Taşıt Kredisi,11887.7,84,2.55,2020-04-18,Aktif,False
L002832,C02180,customer,Taşıt Kredisi,5273.56,120,3.96,2019-03-01,Aktif,False
L002833,C02181,customer,Konut Kredisi,33608.55,36,3.46,2025-02-10,Aktif,False
L002834,C02182,customer,Konut Kredisi,51991.07,60,4.67,2019-06-20,Aktif,False
L002835,C02184,customer,Kredi Kartı,31717.97,84,3.78,2024-03-04,Aktif,False
L002836,C02185,customer,Taşıt Kredisi,43219.28,12,4.5,2020-09-13,Kapalı,False
L002837,C02186,customer,İhtiyaç Kredisi,12833.55,24,2.88,2022-06-25,Kapalı,False
L002838,C02187,customer,KOBİ Kredisi,14695.52,84,3.94,2023-05-10,Aktif,False
L002839,C02187,customer,İşletme Kredisi,41583.3,12,3.05,2021-04-04,Aktif,False
L002840,C02187,customer,Taşıt Kredisi,30702.88,12,2.51,2022-10-02,Kapalı,False
L002841,C02188,customer,Konut Kredisi,996.69,6,2.65,2023-04-22,Kapalı,False
L002842,C02189,customer,Konut Kredisi,85541.93,84,3.19,2020-04-07,Aktif,False
L002843,C02190,customer,İhtiyaç Kredisi,13630.48,60,3.35,2025-03-15,Aktif,False
L002844,C02191,customer,İşletme Kredisi,8715.58,48,4.85,2021-11-21,Aktif,False
L002845,C02192,customer,İşletme Kredisi,37175.08,36,4.88,2023-10-10,Aktif,False
L002846,C02192,customer,İhtiyaç Kredisi,28285.09,120,3.35,2022-04-28,Aktif,False
L002847,C02193,customer,Taşıt Kredisi,30064.08,36,3.01,2023-02-22,Kapalı,False
L002848,C02194,customer,Taşıt Kredisi,43021.65,84,2.99,2025-12-22,Aktif,False
L002849,C02194,customer,KOBİ Kredisi,8384.0,60,3.09,2020-03-30,Kapalı,False
L002850,C02196,customer,KOBİ Kredisi,13528.09,60,3.21,2023-05-03,Aktif,False
L002851,C02196,customer,Taşıt Kredisi,32080.29,60,2.85,2022-09-05,Aktif,False
L002852,C02198,customer,Kredi Kartı,27446.7,36,3.85,2024-09-04,Aktif,False
L002853,C02199,customer,Kredi Kartı,13866.01,84,3.25,2019-12-28,Aktif,False
L002854,C02200,customer,Kredi Kartı,4754.79,60,2.6,2024-11-04,Aktif,False
L002855,C02200,customer,İhtiyaç Kredisi,53517.78,60,4.5,2019-01-19,Kapalı,False
L002856,C02201,customer,Kredi Kartı,14888.62,6,4.84,2024-05-25,Aktif,False
L002857,C02202,customer,Kredi Kartı,19283.34,60,3.21,2023-05-02,Aktif,False
L002858,C02202,customer,Taşıt Kredisi,4805.16,84,2.86,2023-10-12,Aktif,False
L002859,C02203,customer,Taşıt Kredisi,91680.23,12,3.37,2021-05-25,Kapalı,False
L002860,C02204,customer,Kredi Kartı,36360.85,24,3.62,2024-10-27,Aktif,False
L002861,C02205,customer,Taşıt Kredisi,12136.24,120,3.91,2022-09-30,Aktif,False
L002862,C02206,customer,İhtiyaç Kredisi,85515.8,12,4.22,2026-07-01,Aktif,False
L002863,C02207,customer,İhtiyaç Kredisi,16665.63,48,4.63,2021-03-17,Kapalı,False
L002864,C02208,customer,Kredi Kartı,5572.71,36,4.82,2025-12-06,Aktif,False
L002865,C02209,customer,Konut Kredisi,2569.83,24,3.94,2023-12-28,Aktif,False
L002866,C02210,customer,Kredi Kartı,8469.77,24,4.52,2024-12-21,Aktif,False
L002867,C02210,customer,İhtiyaç Kredisi,85336.39,60,4.78,2023-09-03,Aktif,False
L002868,C02211,customer,İşletme Kredisi,107806.16,84,4.5,2019-02-26,Kapalı,False
L002869,C02212,customer,Kredi Kartı,157137.06,120,3.4,2022-02-27,Aktif,False
L002870,C02212,customer,KOBİ Kredisi,25205.64,6,2.88,2023-04-25,Kapalı,True
L002871,C02213,customer,Taşıt Kredisi,22168.22,60,4.59,2024-08-08,Aktif,False
L002872,C02216,customer,Taşıt Kredisi,6729.21,24,3.29,2022-01-03,Aktif,False
L002873,C02217,customer,Taşıt Kredisi,12188.18,36,2.51,2022-08-24,Kapalı,False
L002874,C02218,customer,İşletme Kredisi,22457.96,48,3.02,2021-05-31,Kapalı,False
L002875,C02218,customer,Taşıt Kredisi,41037.74,84,4.48,2019-04-19,Kapalı,False
L002876,C02219,customer,KOBİ Kredisi,25181.39,36,3.72,2025-02-01,Aktif,False
L002877,C02220,customer,Taşıt Kredisi,75710.19,12,3.6,2025-09-21,Aktif,False
L002878,C02220,customer,Konut Kredisi,59098.13,120,2.92,2024-08-19,Aktif,False
L002879,C02221,customer,KOBİ Kredisi,88011.93,48,2.67,2022-12-24,Aktif,False
L002880,C02223,customer,Konut Kredisi,135146.48,84,2.86,2019-03-02,Aktif,False
L002881,C02223,customer,Kredi Kartı,72738.23,84,3.48,2024-08-27,Aktif,False
L002882,C02223,customer,KOBİ Kredisi,12533.39,60,2.94,2025-07-13,Aktif,False
L002883,C02224,customer,İşletme Kredisi,5932.81,48,4.71,2024-10-15,Aktif,False
L002884,C02225,customer,Kredi Kartı,244459.5,24,4.09,2025-10-18,Aktif,False
L002885,C02226,customer,Konut Kredisi,115766.4,60,3.04,2022-03-11,Aktif,False
L002886,C02227,customer,Taşıt Kredisi,14012.94,120,2.87,2024-07-22,Aktif,False
L002887,C02228,customer,Kredi Kartı,203387.06,60,2.77,2025-10-11,Aktif,False
L002888,C02229,customer,Kredi Kartı,35190.66,12,3.04,2025-12-29,Aktif,False
L002889,C02229,customer,Konut Kredisi,21319.94,12,2.91,2021-07-20,Kapalı,False
L002890,C02231,customer,KOBİ Kredisi,19983.79,120,3.69,2020-10-20,Aktif,False
L002891,C02231,customer,İhtiyaç Kredisi,45664.8,48,3.39,2022-06-25,Kapalı,False
L002892,C02232,customer,Konut Kredisi,23602.56,120,3.16,2019-01-08,Aktif,False
L002893,C02233,customer,Taşıt Kredisi,4144.56,12,3.74,2025-08-19,Kapalı,False
L002894,C02234,customer,Kredi Kartı,26601.1,24,4.37,2022-12-16,Kapalı,False
L002895,C02234,customer,Kredi Kartı,10655.32,48,2.78,2021-12-10,Aktif,False
L002896,C02235,customer,KOBİ Kredisi,52111.35,12,2.98,2026-03-02,Aktif,False
L002897,C02237,customer,İhtiyaç Kredisi,84841.75,48,3.25,2023-01-19,Aktif,False
L002898,C02238,customer,İhtiyaç Kredisi,12374.15,24,4.32,2025-01-31,Aktif,False
L002899,C02238,customer,İşletme Kredisi,27283.4,60,3.85,2020-04-19,Kapalı,False
L002900,C02238,customer,Kredi Kartı,13365.3,120,4.17,2022-06-06,Aktif,False
L002901,C02239,customer,Kredi Kartı,2743.43,48,3.15,2023-12-22,Aktif,False
L002902,C02240,customer,KOBİ Kredisi,20206.87,36,3.26,2023-05-23,Kapalı,False
L002903,C02240,customer,Taşıt Kredisi,34939.24,120,4.37,2019-04-07,Aktif,False
L002904,C02241,customer,İhtiyaç Kredisi,79052.94,24,4.48,2021-02-28,Aktif,False
L002905,C02241,customer,Kredi Kartı,7417.52,24,2.86,2023-01-25,Kapalı,False
L002906,C02242,customer,Taşıt Kredisi,32924.3,12,3.38,2020-07-16,Kapalı,False
L002907,C02243,customer,Konut Kredisi,334271.25,12,2.58,2021-09-11,Aktif,False
L002908,C02245,customer,Kredi Kartı,25912.25,120,2.96,2025-12-11,Aktif,False
L002909,C02245,customer,İhtiyaç Kredisi,50319.79,84,4.86,2026-02-09,Aktif,False
L002910,C02246,customer,Konut Kredisi,208170.8,60,3.49,2020-09-05,Kapalı,False
L002911,C02246,customer,İşletme Kredisi,10897.09,120,3.43,2020-12-12,Aktif,False
L002912,C02247,customer,Konut Kredisi,35415.4,12,3.99,2025-05-16,Aktif,False
L002913,C02247,customer,İşletme Kredisi,7211.37,60,4.43,2023-01-06,Aktif,False
L002914,C02248,customer,Taşıt Kredisi,25255.4,24,4.47,2025-11-09,Aktif,False
L002915,C02249,customer,İhtiyaç Kredisi,17657.88,24,3.06,2023-02-03,Kapalı,False
L002916,C02250,customer,Konut Kredisi,23941.07,60,4.46,2025-04-14,Aktif,False
L002917,C02250,customer,Konut Kredisi,8927.94,48,4.05,2020-07-11,Kapalı,False
L002918,C02251,customer,Konut Kredisi,312297.84,120,4.05,2020-12-29,Aktif,False
L002919,C02252,customer,İşletme Kredisi,44343.72,12,3.29,2021-01-31,Kapalı,False
L002920,C02253,customer,Kredi Kartı,62177.36,84,3.67,2024-01-09,Aktif,False
L002921,C02253,customer,Kredi Kartı,57068.87,60,4.44,2021-08-23,Kapalı,False
L002922,C02254,customer,KOBİ Kredisi,40583.39,36,2.84,2020-08-21,Kapalı,True
L002923,C02254,customer,İhtiyaç Kredisi,20594.68,120,4.55,2019-12-17,Aktif,False
L002924,C02255,customer,Kredi Kartı,13359.98,60,3.08,2022-12-29,Aktif,False
L002925,C02255,customer,KOBİ Kredisi,41065.94,84,2.58,2021-02-12,Aktif,False
L002926,C02255,customer,Konut Kredisi,120645.94,12,3.8,2023-05-29,Aktif,False
L002927,C02256,customer,Konut Kredisi,45628.52,84,3.07,2026-02-15,Aktif,False
L002928,C02256,customer,KOBİ Kredisi,19977.41,48,2.68,2025-04-02,Aktif,False
L002929,C02257,customer,Taşıt Kredisi,20169.69,120,4.41,2022-03-03,Aktif,False
L002930,C02258,customer,İhtiyaç Kredisi,87024.56,36,3.65,2026-03-18,Aktif,True
L002931,C02259,customer,KOBİ Kredisi,102062.83,84,2.74,2021-09-23,Aktif,False
L002932,C02259,customer,İşletme Kredisi,19191.66,84,4.03,2026-06-28,Aktif,False
L002933,C02260,customer,Taşıt Kredisi,22069.96,84,3.95,2026-01-09,Aktif,False
L002934,C02260,customer,İhtiyaç Kredisi,35835.16,120,3.54,2022-09-28,Aktif,False
L002935,C02261,customer,Konut Kredisi,44316.78,6,3.42,2022-09-28,Kapalı,False
L002936,C02262,customer,İşletme Kredisi,52757.07,84,2.69,2022-09-21,Aktif,False
L002937,C02262,customer,Taşıt Kredisi,69583.26,24,4.51,2024-09-07,Aktif,False
L002938,C02263,customer,KOBİ Kredisi,37125.05,84,4.29,2020-05-19,Aktif,False
L002939,C02264,customer,KOBİ Kredisi,30068.12,48,4.34,2023-09-06,Aktif,False
L002940,C02266,customer,Taşıt Kredisi,92021.87,48,3.82,2020-01-04,Kapalı,False
L002941,C02267,customer,İşletme Kredisi,44889.37,24,4.39,2024-12-03,Aktif,False
L002942,C02268,customer,Taşıt Kredisi,34185.42,60,4.48,2019-12-30,Kapalı,False
L002943,C02269,customer,Konut Kredisi,65576.36,120,2.74,2021-11-22,Aktif,False
L002944,C02270,customer,İhtiyaç Kredisi,35755.26,120,4.42,2019-07-23,Aktif,False
L002945,C02270,customer,Kredi Kartı,3786.34,48,3.47,2019-07-26,Kapalı,False
L002946,C02271,customer,Kredi Kartı,27965.83,12,2.98,2026-03-06,Aktif,False
L002947,C02271,customer,Konut Kredisi,12136.86,36,3.02,2022-03-25,Aktif,False
L002948,C02271,customer,Konut Kredisi,31320.93,60,4.33,2026-01-07,Aktif,False
L002949,C02272,customer,Konut Kredisi,26918.57,6,3.74,2020-07-17,Aktif,False
L002950,C02274,customer,Kredi Kartı,37792.99,24,2.92,2019-08-09,Kapalı,False
L002951,C02274,customer,İhtiyaç Kredisi,2691.86,36,3.5,2019-05-04,Aktif,False
L002952,C02274,customer,Taşıt Kredisi,62693.43,60,4.04,2021-02-19,Kapalı,False
L002953,C02275,customer,Kredi Kartı,26864.13,60,4.4,2026-02-16,Aktif,False
L002954,C02275,customer,İhtiyaç Kredisi,7983.15,60,3.56,2020-06-05,Kapalı,False
L002955,C02276,customer,Taşıt Kredisi,9605.28,48,2.8,2022-09-03,Kapalı,True
L002956,C02277,customer,İşletme Kredisi,13782.48,84,3.8,2019-04-30,Kapalı,False
L002957,C02279,customer,İhtiyaç Kredisi,15747.83,36,2.55,2024-06-22,Aktif,False
L002958,C02280,customer,KOBİ Kredisi,57208.61,84,2.63,2024-03-30,Aktif,True
L002959,C02280,customer,İşletme Kredisi,33357.43,6,2.93,2023-04-23,Kapalı,False
L002960,C02281,customer,Konut Kredisi,6477.04,6,4.37,2023-09-16,Kapalı,False
L002961,C02281,customer,İhtiyaç Kredisi,54549.66,36,3.03,2020-12-30,Kapalı,False
L002962,C02282,customer,Kredi Kartı,47662.73,12,3.35,2026-05-24,Aktif,False
L002963,C02282,customer,Konut Kredisi,12098.83,6,4.19,2024-02-04,Kapalı,False
L002964,C02283,customer,İşletme Kredisi,38282.56,36,2.6,2022-08-08,Kapalı,False
L002965,C02283,customer,Kredi Kartı,4827.99,24,4.44,2022-04-06,Kapalı,False
L002966,C02283,customer,Kredi Kartı,15212.76,60,3.64,2020-10-02,Kapalı,False
L002967,C02284,customer,İhtiyaç Kredisi,11214.42,12,3.35,2021-10-13,Aktif,True
L002968,C02285,customer,İşletme Kredisi,106500.87,12,4.37,2020-07-20,Kapalı,False
L002969,C02285,customer,Taşıt Kredisi,14656.4,84,3.2,2023-02-24,Aktif,False
L002970,C02286,customer,Taşıt Kredisi,8314.63,60,4.49,2026-02-18,Aktif,False
L002971,C02286,customer,Taşıt Kredisi,35351.24,36,3.38,2026-04-16,Aktif,False
L002972,C02287,customer,KOBİ Kredisi,7078.76,60,3.99,2023-07-29,Aktif,True
L002973,C02288,customer,KOBİ Kredisi,7007.72,48,2.89,2022-08-24,Kapalı,False
L002974,C02288,customer,Konut Kredisi,135459.17,120,2.78,2019-07-31,Aktif,False
L002975,C02289,customer,Taşıt Kredisi,6998.08,12,4.01,2025-12-12,Aktif,False
L002976,C02290,customer,İşletme Kredisi,17319.35,84,3.69,2022-09-15,Aktif,False
L002977,C02291,customer,Taşıt Kredisi,110583.9,36,3.02,2025-08-31,Aktif,False
L002978,C02292,customer,Konut Kredisi,21553.24,48,4.4,2025-12-01,Aktif,False
L002979,C02292,customer,KOBİ Kredisi,9755.42,48,3.17,2022-09-09,Kapalı,False
L002980,C02293,customer,Konut Kredisi,15835.17,48,3.84,2025-09-07,Aktif,False
L002981,C02295,customer,İhtiyaç Kredisi,20223.01,24,2.76,2021-08-15,Kapalı,False
L002982,C02295,customer,KOBİ Kredisi,16011.19,12,3.12,2022-06-22,Kapalı,False
L002983,C02296,customer,Kredi Kartı,7087.11,6,4.59,2026-05-01,Aktif,False
L002984,C02296,customer,Taşıt Kredisi,47261.61,84,4.42,2019-02-23,Kapalı,False
L002985,C02297,customer,İşletme Kredisi,38596.96,36,3.7,2023-12-26,Aktif,False
L002986,C02297,customer,İşletme Kredisi,76776.19,12,3.4,2019-05-10,Kapalı,False
L002987,C02298,customer,İşletme Kredisi,70780.18,12,3.93,2026-04-08,Aktif,False
L002988,C02299,customer,KOBİ Kredisi,31026.17,6,3.36,2020-04-05,Kapalı,False
L002989,C02299,customer,İhtiyaç Kredisi,74813.48,48,4.11,2022-02-09,Kapalı,False
L002990,C02300,customer,Konut Kredisi,102997.89,36,3.03,2026-07-22,Aktif,False
L002991,C02301,customer,KOBİ Kredisi,2267.77,120,3.36,2020-07-02,Aktif,False
L002992,C02302,customer,Kredi Kartı,9272.72,12,4.29,2025-04-24,Kapalı,False
L002993,C02302,customer,İhtiyaç Kredisi,21791.81,6,3.85,2025-05-16,Kapalı,False
L002994,C02303,customer,Kredi Kartı,60899.8,24,4.89,2023-07-05,Kapalı,False
L002995,C02303,customer,Kredi Kartı,38277.98,24,4.29,2019-10-18,Kapalı,False
L002996,C02304,customer,Konut Kredisi,37660.51,84,4.04,2020-12-08,Aktif,False
L002997,C02305,customer,İhtiyaç Kredisi,3116.03,6,4.69,2019-01-29,Kapalı,False
L002998,C02306,customer,Kredi Kartı,10884.33,120,3.89,2026-03-15,Aktif,False
L002999,C02307,customer,Kredi Kartı,57157.16,12,4.72,2022-06-16,Kapalı,False
L003000,C02308,customer,Taşıt Kredisi,180468.78,24,3.03,2021-01-02,Kapalı,False
L003001,C02309,customer,KOBİ Kredisi,9216.04,36,3.71,2019-11-17,Kapalı,False
L003002,C02309,customer,Taşıt Kredisi,17666.2,60,4.07,2022-03-22,Aktif,False
L003003,C02311,customer,İhtiyaç Kredisi,29444.25,6,2.58,2024-07-09,Kapalı,False
L003004,C02312,customer,Kredi Kartı,106879.89,12,4.03,2025-08-17,Kapalı,False
L003005,C02313,customer,İhtiyaç Kredisi,45086.72,36,3.63,2024-01-08,Aktif,False
L003006,C02314,customer,KOBİ Kredisi,70077.53,36,3.44,2019-12-29,Kapalı,False
L003007,C02314,customer,Konut Kredisi,55210.8,36,3.88,2024-02-06,Aktif,False
L003008,C02315,customer,Konut Kredisi,8266.58,36,3.32,2021-05-03,Kapalı,False
L003009,C02316,customer,İhtiyaç Kredisi,75068.94,60,4.06,2026-06-25,Aktif,True
L003010,C02317,customer,Konut Kredisi,9706.72,48,3.45,2019-06-11,Kapalı,False
L003011,C02318,customer,KOBİ Kredisi,16988.67,120,3.14,2020-07-04,Aktif,True
L003012,C02319,customer,KOBİ Kredisi,21157.36,12,3.81,2020-03-02,Kapalı,False
L003013,C02320,customer,İhtiyaç Kredisi,48299.13,6,4.49,2023-12-05,Kapalı,False
L003014,C02320,customer,Kredi Kartı,23453.5,6,4.86,2022-08-20,Kapalı,False
L003015,C02321,customer,Konut Kredisi,109591.14,60,2.81,2025-01-01,Aktif,False
L003016,C02321,customer,Kredi Kartı,142165.3,120,4.23,2019-07-04,Aktif,False
L003017,C02322,customer,Konut Kredisi,188695.71,36,3.57,2023-11-30,Aktif,False
L003018,C02323,customer,KOBİ Kredisi,28849.84,84,3.46,2024-05-13,Aktif,False
L003019,C02324,customer,Taşıt Kredisi,21139.58,60,4.63,2022-01-15,Aktif,False
L003020,C02324,customer,KOBİ Kredisi,41818.93,6,2.97,2024-06-13,Kapalı,False
L003021,C02325,customer,Kredi Kartı,55965.41,120,3.5,2021-05-29,Aktif,False
L003022,C02326,customer,KOBİ Kredisi,98940.69,24,3.82,2021-05-07,Kapalı,False
L003023,C02326,customer,İhtiyaç Kredisi,63807.75,24,2.99,2020-04-19,Kapalı,False
L003024,C02327,customer,KOBİ Kredisi,7161.0,24,2.51,2025-10-05,Aktif,False
L003025,C02327,customer,KOBİ Kredisi,2965.07,24,3.23,2024-05-10,Kapalı,False
L003026,C02328,customer,İşletme Kredisi,79794.47,6,4.05,2026-05-01,Aktif,False
L003027,C02329,customer,Taşıt Kredisi,45383.02,84,3.65,2025-01-29,Aktif,False
L003028,C02329,customer,Kredi Kartı,59994.83,48,3.44,2022-04-05,Kapalı,True
L003029,C02329,customer,Kredi Kartı,24611.52,84,4.54,2024-09-04,Aktif,False
L003030,C02330,customer,Konut Kredisi,20022.81,36,3.61,2020-08-19,Kapalı,False
L003031,C02331,customer,Kredi Kartı,21758.15,36,3.97,2021-02-11,Kapalı,False
L003032,C02332,customer,Konut Kredisi,24114.68,24,3.95,2020-01-24,Kapalı,False
L003033,C02333,customer,Taşıt Kredisi,51035.22,48,4.35,2024-12-19,Aktif,False
L003034,C02334,customer,KOBİ Kredisi,57657.81,48,3.35,2022-12-04,Aktif,False
L003035,C02335,customer,Konut Kredisi,170513.82,48,2.52,2023-08-26,Aktif,True
L003036,C02335,customer,İhtiyaç Kredisi,7311.34,48,4.23,2026-04-12,Aktif,False
L003037,C02336,customer,İhtiyaç Kredisi,1857.52,84,3.75,2021-06-02,Aktif,False
L003038,C02337,customer,Kredi Kartı,15764.73,84,2.76,2022-03-24,Aktif,False
L003039,C02338,customer,KOBİ Kredisi,53610.85,6,3.65,2019-08-06,Kapalı,False
L003040,C02339,customer,İşletme Kredisi,138161.88,6,3.84,2021-11-19,Aktif,False
L003041,C02340,customer,Konut Kredisi,134656.82,24,3.61,2020-04-23,Kapalı,False
L003042,C02341,customer,KOBİ Kredisi,60699.45,84,3.9,2019-03-29,Kapalı,False
L003043,C02341,customer,İşletme Kredisi,12332.71,6,2.71,2025-01-01,Kapalı,False
L003044,C02342,customer,İhtiyaç Kredisi,17696.49,24,4.19,2025-04-09,Aktif,False
L003045,C02342,customer,İhtiyaç Kredisi,44828.2,120,3.34,2019-08-02,Aktif,False
L003046,C02343,customer,İşletme Kredisi,34400.36,6,3.99,2023-12-03,Kapalı,False
L003047,C02344,customer,İhtiyaç Kredisi,33292.27,120,2.86,2022-09-11,Aktif,False
L003048,C02344,customer,İşletme Kredisi,24646.16,120,4.33,2024-03-07,Aktif,False
L003049,C02344,customer,KOBİ Kredisi,83243.34,84,2.57,2023-05-23,Aktif,False
L003050,C02347,customer,Taşıt Kredisi,43202.33,48,3.95,2025-12-11,Aktif,False
L003051,C02348,customer,İşletme Kredisi,12638.67,84,3.0,2019-09-12,Kapalı,False
L003052,C02348,customer,İhtiyaç Kredisi,25421.19,6,2.52,2024-12-07,Kapalı,False
L003053,C02349,customer,Konut Kredisi,19969.06,12,3.06,2022-04-07,Kapalı,False
L003054,C02349,customer,KOBİ Kredisi,25477.63,120,3.91,2025-07-22,Aktif,False
L003055,C02350,customer,İhtiyaç Kredisi,75043.22,24,3.1,2023-12-12,Kapalı,False
L003056,C02350,customer,Konut Kredisi,92762.39,24,4.45,2023-07-21,Kapalı,False
L003057,C02350,customer,KOBİ Kredisi,9338.85,120,3.76,2019-09-04,Aktif,False
L003058,C02351,customer,KOBİ Kredisi,15616.14,36,3.68,2024-04-27,Aktif,False
L003059,C02351,customer,İhtiyaç Kredisi,8107.33,12,2.57,2023-11-26,Kapalı,False
L003060,C02352,customer,Konut Kredisi,111989.27,48,4.47,2024-03-09,Aktif,False
L003061,C02352,customer,Taşıt Kredisi,24534.26,24,4.02,2026-06-20,Aktif,False
L003062,C02352,customer,İhtiyaç Kredisi,12411.13,84,2.96,2021-05-05,Aktif,False
L003063,C02353,customer,İhtiyaç Kredisi,6314.66,36,2.84,2019-03-16,Kapalı,False
L003064,C02354,customer,Taşıt Kredisi,31798.36,84,3.27,2020-08-11,Aktif,False
L003065,C02354,customer,Kredi Kartı,60778.26,84,4.27,2025-05-11,Aktif,False
L003066,C02355,customer,Konut Kredisi,11193.24,36,4.59,2026-03-20,Aktif,False
L003067,C02356,customer,Kredi Kartı,11128.13,36,4.24,2019-02-01,Kapalı,False
L003068,C02356,customer,İhtiyaç Kredisi,4114.51,120,3.01,2023-04-06,Aktif,False
L003069,C02357,customer,Konut Kredisi,45887.01,6,3.96,2022-02-23,Aktif,False
L003070,C02358,customer,İhtiyaç Kredisi,214440.21,12,2.98,2019-05-24,Kapalı,False
L003071,C02359,customer,Kredi Kartı,121092.26,12,4.07,2025-06-03,Kapalı,False
L003072,C02360,customer,İhtiyaç Kredisi,31946.07,84,4.84,2020-01-11,Aktif,False
L003073,C02361,customer,Taşıt Kredisi,14675.44,24,3.05,2025-06-08,Aktif,False
L003074,C02362,customer,KOBİ Kredisi,8779.81,60,2.59,2021-03-01,Aktif,False
L003075,C02363,customer,İhtiyaç Kredisi,74783.36,48,4.6,2022-12-31,Aktif,True
L003076,C02364,customer,İhtiyaç Kredisi,8498.86,12,2.94,2025-04-18,Kapalı,False
L003077,C02364,customer,İhtiyaç Kredisi,17100.14,36,3.25,2024-03-15,Aktif,False
L003078,C02365,customer,Kredi Kartı,28654.48,36,3.6,2023-04-26,Kapalı,False
L003079,C02365,customer,İhtiyaç Kredisi,21982.09,48,2.98,2020-11-11,Kapalı,False
L003080,C02366,customer,Kredi Kartı,8511.04,84,3.67,2020-02-04,Aktif,False
L003081,C02367,customer,İşletme Kredisi,29732.93,12,4.52,2020-06-18,Kapalı,False
L003082,C02368,customer,Kredi Kartı,54115.99,24,4.09,2019-10-01,Kapalı,False
L003083,C02368,customer,Kredi Kartı,23583.04,36,3.97,2021-05-19,Kapalı,False
L003084,C02369,customer,İhtiyaç Kredisi,26881.05,84,2.78,2019-06-09,Kapalı,False
L003085,C02370,customer,İşletme Kredisi,56371.7,120,4.54,2025-10-02,Aktif,False
L003086,C02371,customer,Kredi Kartı,3041.84,60,2.84,2024-03-03,Aktif,False
L003087,C02372,customer,Kredi Kartı,17744.75,120,4.53,2023-02-14,Aktif,False
L003088,C02373,customer,Kredi Kartı,3604.98,48,3.52,2026-03-20,Aktif,False
L003089,C02373,customer,İşletme Kredisi,6888.72,48,3.67,2023-02-24,Aktif,False
L003090,C02374,customer,KOBİ Kredisi,28056.82,24,4.48,2022-10-14,Kapalı,False
L003091,C02374,customer,İhtiyaç Kredisi,33041.74,36,4.58,2024-07-21,Aktif,False
L003092,C02375,customer,İşletme Kredisi,78845.17,48,3.96,2019-11-23,Kapalı,False
L003093,C02376,customer,İhtiyaç Kredisi,12734.45,48,3.34,2022-08-01,Kapalı,False
L003094,C02376,customer,Taşıt Kredisi,23605.01,60,4.0,2022-08-19,Aktif,False
L003095,C02377,customer,İşletme Kredisi,17026.73,48,2.58,2020-05-28,Kapalı,False
L003096,C02378,customer,İhtiyaç Kredisi,12365.25,48,3.12,2020-01-09,Aktif,False
L003097,C02378,customer,Kredi Kartı,39215.02,36,4.52,2020-08-28,Kapalı,False
L003098,C02380,customer,KOBİ Kredisi,13212.8,12,4.77,2021-08-21,Kapalı,False
L003099,C02381,customer,Kredi Kartı,24189.15,36,3.02,2019-02-14,Kapalı,True
L003100,C02382,customer,Kredi Kartı,33076.11,36,2.7,2020-03-17,Kapalı,False
L003101,C02383,customer,Kredi Kartı,31299.19,36,4.09,2024-07-10,Aktif,False
L003102,C02383,customer,Taşıt Kredisi,31369.47,84,4.48,2024-04-06,Aktif,False
L003103,C02384,customer,İşletme Kredisi,130843.1,6,4.6,2024-09-26,Kapalı,False
L003104,C02385,customer,Taşıt Kredisi,7639.82,60,4.51,2026-02-02,Aktif,False
L003105,C02385,customer,Taşıt Kredisi,163564.47,12,4.85,2020-04-25,Kapalı,False
L003106,C02386,customer,İhtiyaç Kredisi,21668.61,36,4.72,2026-06-07,Aktif,False
L003107,C02387,customer,İşletme Kredisi,63768.58,120,3.48,2025-07-23,Aktif,False
L003108,C02388,customer,Taşıt Kredisi,37312.96,36,3.77,2019-07-11,Kapalı,False
L003109,C02390,customer,Taşıt Kredisi,40002.84,12,2.71,2026-01-25,Aktif,False
L003110,C02391,customer,İşletme Kredisi,22166.6,84,4.77,2019-03-28,Kapalı,False
L003111,C02392,customer,İşletme Kredisi,56079.7,24,3.17,2025-04-20,Aktif,False
L003112,C02392,customer,Kredi Kartı,140792.47,12,3.38,2025-02-12,Kapalı,False
L003113,C02394,customer,Konut Kredisi,86762.76,84,3.36,2021-01-04,Aktif,False
L003114,C02394,customer,Taşıt Kredisi,7869.93,60,3.61,2024-09-01,Aktif,False
L003115,C02395,customer,İhtiyaç Kredisi,14972.14,60,3.46,2025-02-01,Aktif,False
L003116,C02396,customer,KOBİ Kredisi,49634.81,120,2.68,2026-05-23,Aktif,False
L003117,C02397,customer,İşletme Kredisi,29201.73,84,2.82,2024-08-11,Aktif,True
L003118,C02399,customer,KOBİ Kredisi,69475.97,120,3.63,2025-05-19,Aktif,False
L003119,C02400,customer,Konut Kredisi,10286.17,48,4.02,2023-09-12,Aktif,False
L003120,C02400,customer,Taşıt Kredisi,39419.16,36,3.47,2026-05-11,Aktif,False
L003121,C02401,customer,İşletme Kredisi,14881.48,84,2.85,2022-01-18,Aktif,False
L003122,C02402,customer,İhtiyaç Kredisi,78087.04,24,3.01,2024-04-16,Kapalı,False
L003123,C02402,customer,İhtiyaç Kredisi,76086.97,120,4.14,2023-03-07,Aktif,False
L003124,C02403,customer,Taşıt Kredisi,9542.28,24,2.94,2026-03-08,Aktif,False
L003125,C02403,customer,İşletme Kredisi,11296.5,6,3.8,2020-01-07,Kapalı,False
L003126,C02404,customer,İşletme Kredisi,19098.55,36,4.15,2023-07-04,Kapalı,False
L003127,C02407,customer,İhtiyaç Kredisi,24537.8,60,4.12,2025-12-26,Aktif,False
L003128,C02408,customer,İşletme Kredisi,21697.43,84,3.22,2023-09-03,Aktif,False
L003129,C02410,customer,Kredi Kartı,4591.3,12,3.79,2022-01-23,Kapalı,False
L003130,C02411,customer,Konut Kredisi,9366.2,48,2.77,2022-10-26,Aktif,False
L003131,C02411,customer,Konut Kredisi,219368.69,36,4.8,2023-09-22,Aktif,False
L003132,C02412,customer,Taşıt Kredisi,6865.93,24,2.88,2023-09-03,Kapalı,False
L003133,C02413,customer,Kredi Kartı,16586.22,120,2.97,2019-08-27,Aktif,False
L003134,C02414,customer,İhtiyaç Kredisi,2341.04,12,2.86,2024-04-25,Kapalı,False
L003135,C02415,customer,İşletme Kredisi,12739.79,84,4.64,2023-07-30,Aktif,False
L003136,C02415,customer,Kredi Kartı,31778.66,48,3.98,2022-06-06,Kapalı,False
L003137,C02416,customer,İşletme Kredisi,30673.45,48,3.4,2025-07-25,Aktif,False
L003138,C02417,customer,Kredi Kartı,17142.79,60,2.58,2024-04-11,Aktif,True
L003139,C02417,customer,KOBİ Kredisi,10567.72,6,4.18,2023-04-23,Kapalı,False
L003140,C02418,customer,İhtiyaç Kredisi,55538.66,24,2.74,2020-11-14,Kapalı,False
L003141,C02418,customer,Konut Kredisi,14285.54,84,3.68,2019-02-17,Kapalı,False
L003142,C02419,customer,Konut Kredisi,69120.04,60,3.69,2020-12-12,Kapalı,False
L003143,C02419,customer,Konut Kredisi,21464.35,6,3.86,2025-09-05,Kapalı,False
L003144,C02420,customer,KOBİ Kredisi,26036.63,6,4.34,2022-01-16,Kapalı,False
L003145,C02421,customer,Konut Kredisi,84231.84,84,3.98,2019-09-29,Kapalı,False
L003146,C02422,customer,Konut Kredisi,104777.74,120,3.14,2022-07-19,Aktif,False
L003147,C02423,customer,İşletme Kredisi,88670.06,24,3.36,2023-11-06,Kapalı,False
L003148,C02423,customer,İşletme Kredisi,40718.81,6,4.07,2026-02-15,Kapalı,False
L003149,C02424,customer,Kredi Kartı,31913.49,120,4.45,2021-08-16,Aktif,False
L003150,C02425,customer,İhtiyaç Kredisi,14605.62,36,2.57,2023-10-03,Aktif,False
L003151,C02425,customer,İşletme Kredisi,10421.87,6,2.52,2024-03-20,Kapalı,False
L003152,C02425,customer,Konut Kredisi,158949.58,36,3.97,2021-03-10,Kapalı,True
L003153,C02426,customer,Kredi Kartı,6577.02,120,3.37,2019-08-08,Aktif,False
L003154,C02427,customer,Konut Kredisi,13136.81,6,3.36,2020-03-27,Kapalı,False
L003155,C02428,customer,Taşıt Kredisi,52553.54,36,4.55,2021-03-08,Kapalı,False
L003156,C02429,customer,Konut Kredisi,7384.89,36,3.72,2020-01-01,Aktif,False
L003157,C02430,customer,Taşıt Kredisi,3704.76,120,4.04,2022-03-28,Aktif,False
L003158,C02432,customer,KOBİ Kredisi,69821.35,36,3.78,2020-01-31,Kapalı,False
L003159,C02434,customer,Taşıt Kredisi,91293.5,48,2.77,2019-03-24,Kapalı,False
L003160,C02435,customer,İhtiyaç Kredisi,55665.38,6,3.95,2020-05-16,Kapalı,False
L003161,C02435,customer,Konut Kredisi,7235.05,24,3.87,2023-04-11,Kapalı,False
L003162,C02435,customer,İhtiyaç Kredisi,13146.67,6,4.62,2023-12-28,Kapalı,False
L003163,C02436,customer,Kredi Kartı,7990.08,60,3.43,2024-04-07,Aktif,False
L003164,C02437,customer,Kredi Kartı,106678.76,48,4.19,2023-09-12,Aktif,False
L003165,C02438,customer,İhtiyaç Kredisi,16464.86,60,4.55,2022-04-04,Aktif,False
L003166,C02439,customer,Kredi Kartı,8410.05,12,3.3,2020-01-05,Kapalı,False
L003167,C02439,customer,İşletme Kredisi,76263.51,24,4.05,2024-04-08,Kapalı,False
L003168,C02440,customer,Konut Kredisi,142495.56,6,4.32,2019-11-22,Kapalı,False
L003169,C02440,customer,Konut Kredisi,45239.84,120,3.89,2023-12-07,Aktif,False
L003170,C02441,customer,İhtiyaç Kredisi,7751.47,12,3.06,2024-08-22,Kapalı,False
L003171,C02441,customer,İhtiyaç Kredisi,31924.36,60,4.28,2020-02-27,Kapalı,False
L003172,C02442,customer,İşletme Kredisi,16449.34,48,3.87,2024-11-23,Aktif,False
L003173,C02444,customer,İşletme Kredisi,24612.25,24,2.73,2024-03-27,Kapalı,False
L003174,C02444,customer,Taşıt Kredisi,15399.77,48,4.29,2023-11-06,Aktif,False
L003175,C02444,customer,KOBİ Kredisi,20415.59,12,4.01,2024-12-19,Kapalı,False
L003176,C02446,customer,KOBİ Kredisi,42575.49,36,3.2,2022-07-23,Aktif,False
L003177,C02447,customer,Taşıt Kredisi,11002.94,120,4.57,2022-03-15,Aktif,False
L003178,C02448,customer,İhtiyaç Kredisi,38174.8,48,4.21,2024-01-06,Aktif,False
L003179,C02448,customer,Konut Kredisi,20573.73,120,3.3,2025-09-05,Aktif,False
L003180,C02449,customer,İhtiyaç Kredisi,539681.33,6,3.79,2023-12-17,Kapalı,False
L003181,C02449,customer,KOBİ Kredisi,8852.23,120,4.43,2024-10-01,Aktif,True
L003182,C02451,customer,Taşıt Kredisi,8545.33,12,3.53,2022-09-20,Kapalı,False
L003183,C02453,customer,Taşıt Kredisi,12766.99,36,3.72,2023-12-03,Aktif,False
L003184,C02454,customer,Kredi Kartı,27527.17,120,4.85,2024-01-26,Aktif,False
L003185,C02454,customer,İhtiyaç Kredisi,109355.86,48,3.19,2020-02-26,Kapalı,False
L003186,C02454,customer,İşletme Kredisi,510299.27,84,4.89,2019-12-10,Aktif,False
L003187,C02455,customer,Konut Kredisi,24960.94,36,3.34,2020-09-09,Kapalı,False
L003188,C02457,customer,İhtiyaç Kredisi,26712.85,84,3.85,2021-09-19,Aktif,False
L003189,C02457,customer,İşletme Kredisi,4957.36,120,4.46,2024-01-25,Aktif,False
L003190,C02459,customer,Konut Kredisi,47656.96,48,4.08,2024-08-14,Aktif,False
L003191,C02460,customer,İhtiyaç Kredisi,34245.94,48,3.79,2020-09-06,Kapalı,True
L003192,C02460,customer,Kredi Kartı,5663.35,120,4.6,2025-08-16,Aktif,False
L003193,C02462,customer,İşletme Kredisi,12165.79,60,3.9,2024-02-24,Aktif,False
L003194,C02463,customer,İhtiyaç Kredisi,36947.7,12,3.42,2025-05-29,Kapalı,False
L003195,C02464,customer,Kredi Kartı,166357.66,84,4.34,2023-12-17,Aktif,False
L003196,C02465,customer,İşletme Kredisi,11406.21,24,4.72,2024-07-14,Aktif,False
L003197,C02466,customer,Taşıt Kredisi,171859.21,84,3.17,2026-02-27,Aktif,False
L003198,C02466,customer,Kredi Kartı,5808.04,120,3.12,2025-07-10,Aktif,False
L003199,C02467,customer,İhtiyaç Kredisi,8507.92,120,4.62,2024-12-25,Aktif,False
L003200,C02467,customer,Kredi Kartı,38244.97,24,4.13,2019-03-09,Kapalı,False
L003201,C02468,customer,İşletme Kredisi,13239.58,36,3.62,2021-09-23,Kapalı,False
L003202,C02469,customer,İhtiyaç Kredisi,37651.31,36,2.6,2023-07-13,Aktif,False
L003203,C02470,customer,İşletme Kredisi,39536.16,36,4.12,2019-12-01,Kapalı,False
L003204,C02471,customer,Taşıt Kredisi,9827.79,84,2.56,2021-12-04,Aktif,False
L003205,C02472,customer,KOBİ Kredisi,102953.77,48,4.51,2021-10-30,Aktif,False
L003206,C02472,customer,Taşıt Kredisi,26296.37,24,4.24,2020-08-15,Aktif,False
L003207,C02473,customer,Konut Kredisi,10375.23,6,3.02,2023-02-05,Kapalı,False
L003208,C02474,customer,Kredi Kartı,61558.24,48,4.13,2024-08-13,Aktif,False
L003209,C02477,customer,İhtiyaç Kredisi,36321.24,60,3.53,2025-06-25,Aktif,False
L003210,C02477,customer,KOBİ Kredisi,75597.4,48,4.53,2021-01-11,Kapalı,False
L003211,C02478,customer,İşletme Kredisi,4603.07,24,2.98,2021-07-08,Kapalı,False
L003212,C02478,customer,Kredi Kartı,58667.66,120,3.5,2020-01-21,Aktif,False
L003213,C02479,customer,Taşıt Kredisi,33050.15,48,2.91,2021-02-27,Kapalı,False
L003214,C02480,customer,İhtiyaç Kredisi,3241.7,12,2.85,2021-10-04,Aktif,False
L003215,C02480,customer,Taşıt Kredisi,143770.83,48,3.66,2025-10-24,Aktif,False
L003216,C02481,customer,İşletme Kredisi,23635.29,48,3.64,2019-05-11,Kapalı,False
L003217,C02482,customer,KOBİ Kredisi,124160.54,84,3.73,2022-07-20,Aktif,False
L003218,C02482,customer,İşletme Kredisi,42316.89,60,3.19,2021-08-15,Kapalı,False
L003219,C02483,customer,İhtiyaç Kredisi,119605.6,24,4.08,2020-09-10,Kapalı,False
L003220,C02483,customer,Konut Kredisi,166040.14,6,4.55,2022-09-13,Kapalı,False
L003221,C02484,customer,Taşıt Kredisi,22742.56,24,4.85,2022-01-07,Kapalı,True
L003222,C02484,customer,Taşıt Kredisi,6229.94,12,3.83,2021-08-27,Kapalı,False
L003223,C02485,customer,Taşıt Kredisi,46573.32,120,3.34,2024-12-29,Aktif,False
L003224,C02485,customer,İhtiyaç Kredisi,75798.12,6,3.23,2023-05-10,Kapalı,True
L003225,C02486,customer,Kredi Kartı,105433.14,84,4.33,2022-02-11,Aktif,False
L003226,C02487,customer,Taşıt Kredisi,19765.35,36,4.19,2025-04-14,Aktif,False
L003227,C02488,customer,Konut Kredisi,11465.66,60,4.65,2023-02-09,Aktif,True
L003228,C02489,customer,Kredi Kartı,4761.62,36,3.19,2020-12-18,Kapalı,False
L003229,C02490,customer,İhtiyaç Kredisi,33824.05,6,2.85,2024-12-11,Kapalı,False
L003230,C02491,customer,Konut Kredisi,6224.9,48,3.04,2025-08-23,Aktif,True
L003231,C02491,customer,İhtiyaç Kredisi,10132.69,84,4.85,2020-02-18,Aktif,True
L003232,C02492,customer,Konut Kredisi,34729.57,60,4.47,2026-05-12,Aktif,False
L003233,C02493,customer,İhtiyaç Kredisi,61744.31,48,2.74,2020-05-11,Kapalı,False
L003234,C02493,customer,İhtiyaç Kredisi,46271.94,84,4.13,2022-01-27,Aktif,False
L003235,C02494,customer,Konut Kredisi,6470.01,12,2.79,2020-05-22,Kapalı,False
L003236,C02496,customer,Konut Kredisi,6835.35,12,4.88,2021-07-07,Kapalı,False
L003237,C02497,customer,Kredi Kartı,15601.48,60,4.09,2019-09-10,Kapalı,False
L003238,C02498,customer,Taşıt Kredisi,265571.43,36,3.91,2020-10-09,Kapalı,False
L003239,C02498,customer,İhtiyaç Kredisi,26577.08,36,4.88,2025-05-19,Aktif,False
L003240,C02498,customer,Kredi Kartı,12757.36,24,3.43,2025-01-21,Aktif,False
L003241,C02499,customer,İşletme Kredisi,18391.07,12,3.23,2022-03-05,Aktif,False
L003242,C02500,customer,Konut Kredisi,54931.12,6,4.82,2020-12-05,Kapalı,False
L003243,C02502,customer,İşletme Kredisi,68679.52,12,4.88,2023-05-27,Kapalı,True
L003244,C02502,customer,İhtiyaç Kredisi,17590.05,60,3.34,2021-07-05,Kapalı,False
L003245,C02503,customer,İhtiyaç Kredisi,41006.34,60,2.85,2025-11-06,Aktif,False
L003246,C02504,customer,Kredi Kartı,15073.55,48,2.99,2026-06-05,Aktif,False
L003247,C02505,customer,Kredi Kartı,20800.17,12,3.97,2022-04-16,Aktif,False
L003248,C02506,customer,Kredi Kartı,77982.04,60,4.3,2020-05-08,Kapalı,False
L003249,C02507,customer,Konut Kredisi,269105.68,12,4.19,2026-01-03,Aktif,False
L003250,C02508,customer,KOBİ Kredisi,32250.14,12,3.29,2024-06-11,Kapalı,True
L003251,C02509,customer,İhtiyaç Kredisi,3352.51,12,3.8,2020-03-18,Kapalı,False
L003252,C02510,customer,Taşıt Kredisi,55682.06,12,4.51,2023-11-17,Kapalı,False
L003253,C02512,customer,İhtiyaç Kredisi,4029.81,48,3.51,2020-03-25,Aktif,True
L003254,C02513,customer,Konut Kredisi,92475.15,24,3.17,2019-04-23,Kapalı,False
L003255,C02513,customer,KOBİ Kredisi,89660.77,24,3.97,2026-04-06,Aktif,False
L003256,C02514,customer,Kredi Kartı,52286.81,6,4.82,2025-11-28,Kapalı,False
L003257,C02515,customer,Kredi Kartı,16679.84,120,3.98,2021-02-19,Aktif,False
L003258,C02516,customer,Konut Kredisi,12357.58,24,4.68,2026-04-08,Aktif,False
L003259,C02517,customer,İşletme Kredisi,17144.81,36,3.25,2025-11-03,Aktif,False
L003260,C02519,customer,Konut Kredisi,50452.22,24,3.68,2019-07-30,Kapalı,False
L003261,C02520,customer,KOBİ Kredisi,131763.67,60,3.53,2023-08-15,Aktif,False
L003262,C02520,customer,KOBİ Kredisi,7607.76,12,2.61,2023-10-10,Kapalı,False
L003263,C02521,customer,Taşıt Kredisi,13943.18,120,4.04,2025-11-29,Aktif,False
L003264,C02522,customer,Konut Kredisi,105927.65,6,4.19,2020-02-01,Kapalı,False
L003265,C02523,customer,İşletme Kredisi,15326.26,120,3.13,2020-06-18,Aktif,False
L003266,C02523,customer,Taşıt Kredisi,62269.17,36,3.75,2026-04-10,Aktif,False
L003267,C02524,customer,Konut Kredisi,21598.48,120,4.37,2019-06-28,Aktif,False
L003268,C02524,customer,Taşıt Kredisi,51947.39,6,4.71,2023-06-11,Kapalı,False
L003269,C02524,customer,İşletme Kredisi,55922.3,120,3.14,2025-03-07,Aktif,False
L003270,C02525,customer,İhtiyaç Kredisi,15841.21,24,2.98,2019-09-06,Kapalı,False
L003271,C02526,customer,Taşıt Kredisi,29715.63,24,2.8,2025-02-02,Aktif,False
L003272,C02527,customer,Konut Kredisi,90838.35,6,3.85,2022-01-03,Kapalı,False
L003273,C02528,customer,İhtiyaç Kredisi,12524.0,84,4.31,2023-05-18,Aktif,False
L003274,C02529,customer,İşletme Kredisi,30915.51,48,3.73,2022-08-02,Kapalı,True
L003275,C02529,customer,KOBİ Kredisi,42302.83,24,4.04,2020-11-10,Kapalı,False
L003276,C02530,customer,İşletme Kredisi,34174.27,12,4.23,2025-12-26,Aktif,False
L003277,C02530,customer,KOBİ Kredisi,46077.72,6,4.52,2022-04-04,Kapalı,False
L003278,C02531,customer,İşletme Kredisi,5660.69,24,4.65,2023-12-03,Kapalı,False
L003279,C02532,customer,KOBİ Kredisi,177578.15,6,3.46,2022-10-30,Kapalı,False
L003280,C02533,customer,İşletme Kredisi,8291.92,120,3.66,2020-01-29,Aktif,False
L003281,C02533,customer,Taşıt Kredisi,27526.82,12,4.08,2020-11-28,Kapalı,False
L003282,C02534,customer,Konut Kredisi,68693.56,36,2.85,2021-07-01,Kapalı,False
L003283,C02534,customer,Taşıt Kredisi,14178.55,36,4.51,2025-02-07,Aktif,False
L003284,C02534,customer,Taşıt Kredisi,40940.48,6,3.93,2025-11-09,Kapalı,False
L003285,C02535,customer,KOBİ Kredisi,35816.25,36,3.74,2021-05-07,Kapalı,False
L003286,C02535,customer,Taşıt Kredisi,9644.36,6,2.9,2024-08-23,Kapalı,False
L003287,C02536,customer,Kredi Kartı,14707.52,60,4.6,2023-06-27,Aktif,False
L003288,C02537,customer,İşletme Kredisi,29309.54,6,4.38,2021-02-13,Kapalı,False
L003289,C02537,customer,İşletme Kredisi,31449.35,60,3.32,2023-11-26,Aktif,False
L003290,C02538,customer,İşletme Kredisi,27329.95,60,2.82,2019-11-20,Kapalı,False
L003291,C02539,customer,Konut Kredisi,12609.89,36,3.62,2025-10-16,Aktif,False
L003292,C02539,customer,İhtiyaç Kredisi,35553.26,48,4.1,2022-04-30,Kapalı,False
L003293,C02540,customer,Kredi Kartı,73055.0,48,4.15,2025-04-26,Aktif,False
L003294,C02541,customer,Taşıt Kredisi,46664.67,6,4.55,2025-08-25,Kapalı,False
L003295,C02542,customer,Konut Kredisi,8494.16,12,4.46,2021-01-17,Kapalı,False
L003296,C02542,customer,İhtiyaç Kredisi,18177.87,120,3.01,2025-05-25,Aktif,False
L003297,C02543,customer,İşletme Kredisi,110093.78,48,3.46,2022-01-10,Aktif,False
L003298,C02543,customer,İşletme Kredisi,42505.92,36,4.88,2020-07-30,Kapalı,False
L003299,C02544,customer,Kredi Kartı,25101.08,120,4.12,2022-04-27,Aktif,False
L003300,C02545,customer,İşletme Kredisi,53881.67,84,4.6,2021-06-18,Aktif,True
L003301,C02545,customer,Konut Kredisi,55212.77,60,4.2,2026-04-02,Aktif,False
L003302,C02546,customer,İşletme Kredisi,182009.4,48,2.95,2023-12-14,Aktif,False
L003303,C02546,customer,Kredi Kartı,25918.67,84,3.98,2022-03-13,Aktif,True
L003304,C02547,customer,KOBİ Kredisi,2570.87,36,3.29,2025-02-15,Aktif,False
L003305,C02547,customer,Taşıt Kredisi,32580.04,12,3.03,2019-02-24,Aktif,False
L003306,C02547,customer,Kredi Kartı,132293.23,24,3.98,2022-11-25,Kapalı,True
L003307,C02548,customer,İşletme Kredisi,27466.12,48,2.62,2023-04-11,Aktif,False
L003308,C02548,customer,İhtiyaç Kredisi,9239.78,12,3.27,2023-11-13,Aktif,False
L003309,C02548,customer,Konut Kredisi,78645.74,84,4.25,2021-07-01,Aktif,False
L003310,C02549,customer,KOBİ Kredisi,39313.58,36,4.68,2019-01-02,Kapalı,False
L003311,C02550,customer,Kredi Kartı,22767.26,36,4.66,2021-04-09,Kapalı,False
L003312,C02551,customer,İhtiyaç Kredisi,137468.83,12,4.66,2022-11-28,Kapalı,False
L003313,C02551,customer,KOBİ Kredisi,51540.42,60,4.27,2022-09-11,Aktif,False
L003314,C02552,customer,İşletme Kredisi,8912.35,48,3.71,2020-01-11,Kapalı,False
L003315,C02552,customer,Kredi Kartı,64407.52,120,4.52,2021-05-12,Aktif,False
L003316,C02553,customer,Taşıt Kredisi,17358.18,36,4.78,2025-11-26,Aktif,False
L003317,C02554,customer,Taşıt Kredisi,6765.91,60,4.56,2024-04-27,Aktif,False
L003318,C02555,customer,Konut Kredisi,17765.01,12,3.35,2026-05-13,Aktif,False
L003319,C02555,customer,KOBİ Kredisi,10146.11,60,3.42,2023-09-01,Aktif,False
L003320,C02556,customer,Konut Kredisi,47189.07,120,3.07,2023-07-05,Aktif,False
L003321,C02557,customer,KOBİ Kredisi,8359.49,36,3.08,2021-09-24,Kapalı,False
L003322,C02557,customer,KOBİ Kredisi,69559.34,12,2.54,2024-01-08,Kapalı,False
L003323,C02558,customer,İşletme Kredisi,4537.71,84,4.18,2024-02-26,Aktif,False
L003324,C02559,customer,İşletme Kredisi,33334.63,36,3.26,2025-11-27,Aktif,False
L003325,C02560,customer,Taşıt Kredisi,14170.07,48,3.42,2025-07-22,Aktif,False
L003326,C02560,customer,Taşıt Kredisi,6034.99,36,3.08,2022-06-28,Kapalı,False
L003327,C02561,customer,Taşıt Kredisi,57630.02,60,4.34,2019-12-09,Kapalı,False
L003328,C02562,customer,İşletme Kredisi,17795.1,36,3.6,2024-07-27,Aktif,False
L003329,C02562,customer,Konut Kredisi,4690.39,120,2.68,2024-01-07,Aktif,False
L003330,C02563,customer,İhtiyaç Kredisi,28514.38,120,3.69,2021-06-02,Aktif,False
L003331,C02566,customer,Taşıt Kredisi,7341.37,84,2.78,2019-08-17,Kapalı,False
L003332,C02567,customer,İşletme Kredisi,5334.17,84,3.13,2024-05-11,Aktif,False
L003333,C02569,customer,Kredi Kartı,32849.44,6,3.43,2023-02-15,Kapalı,False
L003334,C02570,customer,Konut Kredisi,17679.2,6,2.8,2021-04-19,Kapalı,False
L003335,C02571,customer,Kredi Kartı,6545.4,12,2.75,2023-10-20,Kapalı,False
L003336,C02572,customer,Kredi Kartı,52922.32,60,2.82,2022-06-21,Aktif,False
L003337,C02572,customer,İşletme Kredisi,210069.3,6,3.83,2026-01-14,Kapalı,False
L003338,C02573,customer,Konut Kredisi,11216.7,84,4.39,2022-05-20,Aktif,False
L003339,C02573,customer,KOBİ Kredisi,14120.93,84,2.52,2019-01-26,Aktif,False
L003340,C02573,customer,Konut Kredisi,91485.19,120,4.26,2023-05-22,Aktif,False
L003341,C02574,customer,İhtiyaç Kredisi,33037.97,36,2.84,2023-03-20,Aktif,False
L003342,C02574,customer,Taşıt Kredisi,25852.94,48,3.21,2020-06-17,Kapalı,False
L003343,C02574,customer,Taşıt Kredisi,24419.92,24,4.41,2024-08-07,Kapalı,False
L003344,C02575,customer,Kredi Kartı,7445.84,24,4.67,2019-12-24,Kapalı,False
L003345,C02576,customer,Kredi Kartı,116966.62,60,2.74,2023-11-18,Aktif,False
L003346,C02577,customer,Taşıt Kredisi,22538.28,6,3.08,2023-03-28,Aktif,False
L003347,C02577,customer,İhtiyaç Kredisi,54534.36,120,4.66,2020-10-12,Aktif,False
L003348,C02578,customer,KOBİ Kredisi,5668.87,24,4.06,2026-06-22,Aktif,False
L003349,C02579,customer,Konut Kredisi,56068.95,120,3.5,2023-08-16,Aktif,True
L003350,C02579,customer,Konut Kredisi,15676.32,120,2.92,2023-11-07,Aktif,False
L003351,C02580,customer,Kredi Kartı,12139.8,120,3.18,2026-01-19,Aktif,False
L003352,C02581,customer,Konut Kredisi,12776.15,6,4.1,2020-10-02,Kapalı,True
L003353,C02582,customer,Kredi Kartı,7113.93,24,4.35,2021-03-12,Kapalı,False
L003354,C02583,customer,Kredi Kartı,95178.85,48,3.87,2022-10-21,Aktif,False
L003355,C02584,customer,Taşıt Kredisi,3621.66,48,4.4,2021-12-11,Kapalı,False
L003356,C02585,customer,KOBİ Kredisi,36825.1,48,4.28,2025-01-12,Aktif,False
L003357,C02585,customer,Taşıt Kredisi,15460.38,84,4.71,2020-01-30,Aktif,False
L003358,C02586,customer,İşletme Kredisi,12109.42,12,4.76,2019-04-16,Kapalı,False
L003359,C02587,customer,Konut Kredisi,59521.42,120,4.62,2024-10-01,Aktif,False
L003360,C02588,customer,İşletme Kredisi,22193.33,36,3.46,2021-04-14,Kapalı,False
L003361,C02589,customer,KOBİ Kredisi,83931.02,6,4.48,2021-06-24,Kapalı,False
L003362,C02589,customer,Konut Kredisi,34721.95,84,4.68,2023-09-08,Aktif,False
L003363,C02590,customer,İhtiyaç Kredisi,25792.11,60,2.65,2021-03-02,Kapalı,False
L003364,C02591,customer,Kredi Kartı,56337.67,6,3.34,2024-12-22,Kapalı,False
L003365,C02592,customer,İşletme Kredisi,65478.1,36,2.55,2025-02-02,Aktif,False
L003366,C02592,customer,İhtiyaç Kredisi,81302.78,84,4.69,2025-05-18,Aktif,False
L003367,C02593,customer,Taşıt Kredisi,15111.88,48,2.7,2025-12-05,Aktif,False
L003368,C02595,customer,İşletme Kredisi,31884.63,60,4.01,2023-09-03,Aktif,False
L003369,C02597,customer,İhtiyaç Kredisi,18464.57,12,4.52,2019-06-25,Kapalı,True
L003370,C02598,customer,İşletme Kredisi,6561.23,120,4.89,2023-01-08,Aktif,False
L003371,C02599,customer,Taşıt Kredisi,10593.35,6,4.13,2021-11-25,Kapalı,False
L003372,C02600,customer,Konut Kredisi,20331.83,12,4.01,2023-05-12,Kapalı,False
L003373,C02601,customer,Kredi Kartı,75255.22,12,4.27,2021-04-04,Kapalı,False
L003374,C02602,customer,Konut Kredisi,19469.88,48,3.96,2024-11-25,Aktif,False
L003375,C02603,customer,İşletme Kredisi,24990.21,84,3.13,2019-12-28,Aktif,False
L003376,C02604,customer,İhtiyaç Kredisi,11123.52,48,4.36,2024-10-10,Aktif,False
L003377,C02605,customer,İşletme Kredisi,18625.61,6,4.79,2022-07-12,Kapalı,False
L003378,C02606,customer,Konut Kredisi,14758.15,120,2.55,2023-01-15,Aktif,False
L003379,C02606,customer,Konut Kredisi,6072.07,6,4.03,2020-11-24,Kapalı,False
L003380,C02607,customer,İşletme Kredisi,14655.79,120,4.81,2019-09-30,Aktif,False
L003381,C02608,customer,İşletme Kredisi,142298.05,24,4.48,2024-02-21,Kapalı,False
L003382,C02609,customer,Kredi Kartı,55878.53,48,4.15,2021-12-13,Kapalı,False
L003383,C02610,customer,İşletme Kredisi,68048.33,6,4.78,2022-11-01,Aktif,False
L003384,C02611,customer,Taşıt Kredisi,23124.65,6,3.4,2020-05-26,Kapalı,False
L003385,C02611,customer,Taşıt Kredisi,36136.65,84,3.2,2019-11-03,Aktif,False
L003386,C02612,customer,Kredi Kartı,13012.21,60,3.55,2023-12-29,Aktif,False
L003387,C02612,customer,Taşıt Kredisi,166189.93,48,4.34,2023-02-15,Aktif,False
L003388,C02612,customer,KOBİ Kredisi,13065.7,84,3.64,2021-07-24,Aktif,False
L003389,C02613,customer,İhtiyaç Kredisi,13151.55,60,2.92,2020-03-28,Kapalı,False
L003390,C02614,customer,KOBİ Kredisi,79924.5,36,2.72,2023-11-29,Aktif,False
L003391,C02615,customer,KOBİ Kredisi,30340.56,36,2.85,2020-01-01,Aktif,False
L003392,C02615,customer,Taşıt Kredisi,25819.6,60,2.6,2023-06-10,Aktif,False
L003393,C02615,customer,Taşıt Kredisi,25890.41,84,2.7,2025-05-28,Aktif,False
L003394,C02616,customer,Konut Kredisi,16153.32,120,3.29,2019-06-12,Aktif,False
L003395,C02617,customer,Kredi Kartı,9422.87,6,4.34,2020-04-13,Kapalı,False
L003396,C02618,customer,Kredi Kartı,41039.21,36,4.7,2022-01-12,Kapalı,False
L003397,C02619,customer,KOBİ Kredisi,28199.59,24,4.84,2025-11-01,Aktif,False
L003398,C02621,customer,Kredi Kartı,36300.92,60,4.46,2023-07-18,Aktif,False
L003399,C02621,customer,Taşıt Kredisi,29984.62,48,4.42,2021-03-07,Kapalı,False
L003400,C02622,customer,İhtiyaç Kredisi,14565.69,24,2.65,2019-03-09,Aktif,False
L003401,C02623,customer,Konut Kredisi,61169.28,24,4.84,2019-10-10,Kapalı,False
L003402,C02623,customer,İhtiyaç Kredisi,6733.68,84,2.78,2024-08-27,Aktif,False
L003403,C02624,customer,İşletme Kredisi,77960.37,120,3.62,2020-06-29,Aktif,False
L003404,C02625,customer,Kredi Kartı,17766.04,120,3.85,2019-05-17,Aktif,False
L003405,C02626,customer,Konut Kredisi,5044.74,60,4.43,2023-07-03,Aktif,False
L003406,C02627,customer,Kredi Kartı,10012.89,60,4.32,2021-08-13,Aktif,False
L003407,C02627,customer,İhtiyaç Kredisi,33052.59,120,2.8,2023-06-20,Aktif,False
L003408,C02628,customer,Kredi Kartı,1491.09,6,3.93,2024-05-10,Kapalı,False
L003409,C02628,customer,Kredi Kartı,58559.27,84,3.14,2019-06-16,Kapalı,False
L003410,C02629,customer,Konut Kredisi,80330.68,48,4.72,2021-07-22,Kapalı,False
L003411,C02629,customer,İşletme Kredisi,33549.49,36,2.62,2022-02-11,Kapalı,False
L003412,C02630,customer,KOBİ Kredisi,40971.32,12,4.08,2023-07-23,Kapalı,False
L003413,C02630,customer,Konut Kredisi,10337.15,84,2.78,2021-04-26,Aktif,False
L003414,C02632,customer,İhtiyaç Kredisi,15066.67,84,3.07,2019-11-29,Aktif,True
L003415,C02632,customer,Kredi Kartı,25102.4,12,3.66,2021-09-20,Kapalı,False
L003416,C02633,customer,Taşıt Kredisi,19519.2,36,2.61,2019-03-30,Kapalı,False
L003417,C02634,customer,Taşıt Kredisi,15251.17,84,3.83,2024-08-25,Aktif,False
L003418,C02635,customer,Taşıt Kredisi,34315.06,6,2.97,2025-01-31,Kapalı,False
L003419,C02636,customer,İhtiyaç Kredisi,7134.63,36,4.3,2022-11-04,Kapalı,False
L003420,C02638,customer,Konut Kredisi,8291.45,24,4.46,2019-06-29,Kapalı,False
L003421,C02638,customer,İşletme Kredisi,12600.31,60,4.47,2024-11-29,Aktif,False
L003422,C02639,customer,Konut Kredisi,77528.66,24,2.8,2022-04-10,Aktif,False
L003423,C02641,customer,İhtiyaç Kredisi,45579.55,12,3.15,2026-05-24,Aktif,False
L003424,C02641,customer,Kredi Kartı,21112.63,36,4.68,2025-07-23,Aktif,False
L003425,C02642,customer,İhtiyaç Kredisi,26705.13,48,4.58,2021-10-06,Kapalı,False
L003426,C02642,customer,Konut Kredisi,60708.6,120,4.78,2021-08-15,Aktif,False
L003427,C02643,customer,Kredi Kartı,138067.82,48,3.22,2023-05-03,Aktif,False
L003428,C02644,customer,KOBİ Kredisi,14688.42,84,2.68,2023-06-24,Aktif,False
L003429,C02644,customer,İşletme Kredisi,9380.27,36,3.2,2019-08-12,Aktif,False
L003430,C02645,customer,Taşıt Kredisi,28725.88,120,4.51,2019-03-01,Aktif,False
L003431,C02646,customer,İşletme Kredisi,46716.26,120,3.7,2024-07-16,Aktif,False
L003432,C02647,customer,KOBİ Kredisi,48004.25,48,3.04,2021-08-09,Kapalı,False
L003433,C02648,customer,İşletme Kredisi,27336.66,24,4.79,2023-03-04,Kapalı,True
L003434,C02649,customer,Konut Kredisi,20943.27,60,3.88,2022-11-27,Aktif,False
L003435,C02650,customer,İşletme Kredisi,15532.34,36,4.64,2023-02-13,Kapalı,False
L003436,C02650,customer,KOBİ Kredisi,67898.04,48,4.76,2020-12-05,Kapalı,False
L003437,C02650,customer,Taşıt Kredisi,2918.33,6,3.49,2022-11-27,Kapalı,False
L003438,C02651,customer,KOBİ Kredisi,25228.63,48,3.01,2024-09-23,Aktif,False
L003439,C02652,customer,Taşıt Kredisi,6478.75,6,2.73,2020-05-06,Kapalı,False
L003440,C02653,customer,İhtiyaç Kredisi,291252.24,6,2.92,2024-04-03,Kapalı,False
L003441,C02653,customer,Taşıt Kredisi,35592.69,36,3.46,2026-05-25,Aktif,False
L003442,C02655,customer,İşletme Kredisi,11197.17,60,4.35,2023-03-20,Aktif,False
L003443,C02656,customer,KOBİ Kredisi,8552.1,6,4.02,2019-04-29,Aktif,False
L003444,C02657,customer,Taşıt Kredisi,16151.21,120,4.05,2019-06-13,Aktif,False
L003445,C02657,customer,Taşıt Kredisi,29547.24,84,4.22,2022-10-06,Aktif,False
L003446,C02658,customer,İşletme Kredisi,105090.47,48,4.36,2026-02-01,Aktif,False
L003447,C02658,customer,Taşıt Kredisi,23330.37,6,4.67,2023-02-12,Kapalı,False
L003448,C02659,customer,Taşıt Kredisi,62823.67,48,4.59,2023-12-23,Aktif,False
L003449,C02661,customer,Kredi Kartı,19956.54,12,4.09,2023-05-06,Kapalı,False
L003450,C02661,customer,KOBİ Kredisi,37012.82,6,4.48,2022-11-12,Kapalı,False
L003451,C02662,customer,Konut Kredisi,111706.61,48,3.75,2022-11-26,Aktif,False
L003452,C02665,customer,İşletme Kredisi,3864.43,24,3.13,2023-02-27,Kapalı,False
L003453,C02666,customer,İşletme Kredisi,43257.24,12,4.33,2022-03-21,Kapalı,False
L003454,C02668,customer,Konut Kredisi,130793.62,60,3.28,2025-05-31,Aktif,False
L003455,C02669,customer,Kredi Kartı,54677.89,36,2.61,2020-02-05,Kapalı,False
L003456,C02669,customer,İşletme Kredisi,40098.31,120,4.23,2023-05-12,Aktif,False
L003457,C02670,customer,KOBİ Kredisi,27692.21,48,3.8,2023-04-06,Aktif,False
L003458,C02672,customer,Konut Kredisi,99906.78,12,3.16,2023-04-23,Kapalı,False
L003459,C02672,customer,Konut Kredisi,23850.42,12,4.58,2026-06-04,Aktif,False
L003460,C02673,customer,İşletme Kredisi,38477.2,120,4.76,2022-07-02,Aktif,False
L003461,C02673,customer,Kredi Kartı,12404.27,12,4.03,2019-05-03,Kapalı,False
L003462,C02673,customer,Taşıt Kredisi,16836.68,84,3.67,2020-12-31,Aktif,False
L003463,C02675,customer,KOBİ Kredisi,79920.98,36,3.96,2019-05-11,Kapalı,False
L003464,C02675,customer,Kredi Kartı,32484.21,120,3.88,2025-02-01,Aktif,False
L003465,C02676,customer,Konut Kredisi,49300.34,36,2.83,2022-10-05,Kapalı,False
L003466,C02677,customer,KOBİ Kredisi,25601.23,120,4.07,2021-05-24,Aktif,False
L003467,C02678,customer,İhtiyaç Kredisi,10006.55,36,3.06,2020-08-17,Aktif,False
L003468,C02679,customer,Kredi Kartı,9815.64,24,4.59,2022-02-09,Kapalı,False
L003469,C02680,customer,Konut Kredisi,14610.67,48,2.75,2024-05-30,Aktif,False
L003470,C02681,customer,İşletme Kredisi,6813.6,48,3.48,2021-12-23,Kapalı,False
L003471,C02681,customer,Kredi Kartı,16229.93,60,2.68,2019-09-29,Kapalı,False
L003472,C02683,customer,Taşıt Kredisi,54056.41,24,3.25,2024-05-23,Kapalı,False
L003473,C02684,customer,İşletme Kredisi,15284.78,6,3.24,2024-09-24,Kapalı,False
L003474,C02685,customer,İhtiyaç Kredisi,55007.41,6,3.68,2023-03-11,Kapalı,True
L003475,C02685,customer,Taşıt Kredisi,17574.81,36,3.46,2021-07-14,Kapalı,False
L003476,C02686,customer,Konut Kredisi,81751.73,120,4.7,2021-10-02,Aktif,False
L003477,C02687,customer,KOBİ Kredisi,25755.51,24,4.46,2020-06-11,Kapalı,False
L003478,C02687,customer,KOBİ Kredisi,33402.8,60,3.5,2025-01-22,Aktif,False
L003479,C02688,customer,Kredi Kartı,18111.17,12,3.03,2020-02-25,Kapalı,False
L003480,C02689,customer,KOBİ Kredisi,40325.97,120,4.39,2019-09-22,Aktif,False
L003481,C02690,customer,İhtiyaç Kredisi,6680.97,12,4.0,2022-01-04,Kapalı,False
L003482,C02691,customer,KOBİ Kredisi,14161.74,120,2.67,2020-05-03,Aktif,False
L003483,C02691,customer,İhtiyaç Kredisi,18053.21,60,3.76,2025-11-25,Aktif,False
L003484,C02692,customer,İşletme Kredisi,29796.87,6,3.24,2025-08-29,Kapalı,False
L003485,C02693,customer,Kredi Kartı,32703.12,120,4.75,2024-09-25,Aktif,False
L003486,C02694,customer,İhtiyaç Kredisi,39966.66,12,2.52,2024-10-24,Kapalı,True
L003487,C02694,customer,Taşıt Kredisi,41811.17,36,4.04,2022-02-22,Kapalı,False
L003488,C02695,customer,Kredi Kartı,20853.59,48,2.87,2019-05-31,Kapalı,False
L003489,C02695,customer,Kredi Kartı,10447.71,6,3.28,2026-06-29,Aktif,False
L003490,C02695,customer,Taşıt Kredisi,6655.33,60,3.1,2026-06-03,Aktif,False
L003491,C02696,customer,Kredi Kartı,6752.81,120,2.69,2022-03-01,Aktif,False
L003492,C02697,customer,Taşıt Kredisi,76278.0,60,3.6,2026-03-29,Aktif,False
L003493,C02697,customer,İşletme Kredisi,4790.52,60,4.64,2025-02-25,Aktif,False
L003494,C02698,customer,İhtiyaç Kredisi,239275.7,48,4.72,2025-11-07,Aktif,False
L003495,C02699,customer,Kredi Kartı,10463.42,48,3.75,2025-12-01,Aktif,False
L003496,C02700,customer,KOBİ Kredisi,6939.79,84,4.15,2024-03-30,Aktif,False
L003497,C02701,customer,KOBİ Kredisi,85637.36,120,4.12,2022-07-17,Aktif,False
L003498,C02702,customer,İşletme Kredisi,52061.88,84,4.88,2023-08-03,Aktif,False
L003499,C02703,customer,İhtiyaç Kredisi,53512.08,48,2.93,2022-11-03,Aktif,False
L003500,C02705,customer,Taşıt Kredisi,10637.03,24,3.4,2026-07-17,Aktif,True
L003501,C02706,customer,İhtiyaç Kredisi,49813.65,36,4.35,2021-04-10,Kapalı,False
L003502,C02707,customer,Taşıt Kredisi,13309.1,84,4.52,2026-05-22,Aktif,False
L003503,C02707,customer,İhtiyaç Kredisi,76364.01,12,3.76,2025-09-26,Aktif,False
L003504,C02708,customer,Konut Kredisi,21464.64,48,4.22,2025-04-21,Aktif,False
L003505,C02709,customer,İhtiyaç Kredisi,19137.0,24,2.81,2019-04-08,Kapalı,False
L003506,C02710,customer,KOBİ Kredisi,108883.19,36,2.9,2022-12-31,Kapalı,False
L003507,C02711,customer,Taşıt Kredisi,10283.63,12,4.48,2022-07-16,Kapalı,False
L003508,C02711,customer,KOBİ Kredisi,13216.41,48,3.0,2022-02-04,Kapalı,False
L003509,C02712,customer,Taşıt Kredisi,54748.98,84,3.83,2019-11-21,Aktif,False
L003510,C02712,customer,İhtiyaç Kredisi,36294.15,60,4.16,2020-08-30,Kapalı,False
L003511,C02713,customer,İhtiyaç Kredisi,37941.34,6,3.92,2020-05-07,Kapalı,False
L003512,C02714,customer,Konut Kredisi,37760.58,84,4.71,2023-03-07,Aktif,False
L003513,C02715,customer,İhtiyaç Kredisi,45194.67,24,3.88,2020-09-12,Kapalı,False
L003514,C02715,customer,Konut Kredisi,6671.01,36,3.19,2024-03-03,Aktif,False
L003515,C02716,customer,Taşıt Kredisi,84332.52,24,4.4,2019-06-05,Kapalı,False
L003516,C02717,customer,Konut Kredisi,45867.86,60,4.63,2023-08-26,Aktif,False
L003517,C02717,customer,Kredi Kartı,20047.86,84,3.98,2024-07-22,Aktif,False
L003518,C02718,customer,Taşıt Kredisi,21770.4,120,3.9,2019-07-16,Aktif,False
L003519,C02718,customer,İhtiyaç Kredisi,19261.56,6,2.76,2025-05-07,Aktif,False
L003520,C02719,customer,Konut Kredisi,31337.45,60,2.98,2024-06-03,Aktif,False
L003521,C02719,customer,Konut Kredisi,21459.36,36,4.37,2024-09-10,Aktif,False
L003522,C02721,customer,Kredi Kartı,36822.09,24,4.0,2022-11-04,Kapalı,False
L003523,C02722,customer,Konut Kredisi,10543.15,36,2.68,2024-02-23,Aktif,True
L003524,C02722,customer,İhtiyaç Kredisi,146973.81,120,3.94,2026-04-04,Aktif,False
L003525,C02723,customer,Kredi Kartı,15054.17,60,4.86,2026-03-16,Aktif,False
L003526,C02724,customer,İhtiyaç Kredisi,64143.84,12,3.21,2024-04-19,Kapalı,False
L003527,C02725,customer,İşletme Kredisi,55957.54,120,4.26,2022-09-09,Aktif,False
L003528,C02726,customer,İşletme Kredisi,27801.52,12,2.89,2023-01-12,Kapalı,False
L003529,C02727,customer,İşletme Kredisi,157733.35,84,4.3,2020-07-23,Aktif,False
L003530,C02728,customer,Taşıt Kredisi,27364.16,120,2.74,2024-10-24,Aktif,False
L003531,C02729,customer,İşletme Kredisi,29427.55,120,3.27,2019-10-05,Aktif,False
L003532,C02730,customer,KOBİ Kredisi,61493.45,12,2.82,2022-11-12,Aktif,False
L003533,C02731,customer,Taşıt Kredisi,7509.52,12,4.14,2019-02-09,Aktif,False
L003534,C02732,customer,Konut Kredisi,27068.23,120,2.67,2019-10-14,Aktif,False
L003535,C02732,customer,Konut Kredisi,35313.72,6,3.63,2023-11-14,Kapalı,False
L003536,C02733,customer,İşletme Kredisi,35926.19,60,4.21,2025-08-20,Aktif,True
L003537,C02734,customer,İhtiyaç Kredisi,44036.93,36,3.56,2023-12-25,Aktif,False
L003538,C02734,customer,İşletme Kredisi,14040.27,84,3.81,2019-09-17,Aktif,False
L003539,C02735,customer,Taşıt Kredisi,91385.81,12,3.56,2019-08-10,Kapalı,False
L003540,C02735,customer,Kredi Kartı,12316.75,48,3.41,2020-12-11,Kapalı,False
L003541,C02736,customer,İşletme Kredisi,15809.43,36,2.68,2024-01-02,Aktif,False
L003542,C02737,customer,KOBİ Kredisi,40839.27,24,4.0,2021-08-28,Kapalı,False
L003543,C02738,customer,Konut Kredisi,17776.28,120,3.01,2019-01-17,Aktif,False
L003544,C02740,customer,Taşıt Kredisi,4867.0,84,3.33,2019-03-15,Kapalı,False
L003545,C02741,customer,Kredi Kartı,168035.09,24,3.89,2026-01-01,Aktif,False
L003546,C02742,customer,KOBİ Kredisi,19338.71,24,3.35,2021-08-15,Kapalı,False
L003547,C02743,customer,İhtiyaç Kredisi,109589.55,36,2.9,2022-03-30,Kapalı,False
L003548,C02744,customer,Kredi Kartı,5673.36,120,3.88,2023-11-26,Aktif,False
L003549,C02744,customer,Taşıt Kredisi,27140.48,84,4.81,2020-06-20,Aktif,False
L003550,C02746,customer,İhtiyaç Kredisi,4636.79,12,3.58,2025-03-06,Kapalı,False
L003551,C02747,customer,KOBİ Kredisi,63995.86,60,3.29,2021-02-25,Kapalı,True
L003552,C02748,customer,Kredi Kartı,37322.12,60,3.41,2024-08-28,Aktif,False
L003553,C02748,customer,KOBİ Kredisi,37973.31,36,2.72,2024-08-01,Aktif,False
L003554,C02749,customer,Kredi Kartı,21872.89,48,3.6,2024-01-04,Aktif,False
L003555,C02749,customer,İşletme Kredisi,27372.3,24,4.32,2022-05-01,Kapalı,False
L003556,C02751,customer,İhtiyaç Kredisi,33358.8,120,4.27,2024-12-26,Aktif,False
L003557,C02752,customer,Taşıt Kredisi,20458.6,36,3.51,2025-05-15,Aktif,False
L003558,C02752,customer,KOBİ Kredisi,8470.62,24,2.75,2021-03-20,Kapalı,False
L003559,C02753,customer,Taşıt Kredisi,14643.64,36,3.54,2025-12-09,Aktif,False
L003560,C02754,customer,Kredi Kartı,68512.63,120,2.58,2022-08-02,Aktif,False
L003561,C02754,customer,Taşıt Kredisi,122215.53,120,4.33,2019-07-22,Aktif,False
L003562,C02754,customer,Konut Kredisi,47525.81,48,4.22,2022-02-26,Kapalı,False
L003563,C02755,customer,Kredi Kartı,28397.27,48,4.38,2024-06-14,Aktif,False
L003564,C02755,customer,Taşıt Kredisi,13383.66,24,2.73,2022-04-23,Aktif,False
L003565,C02757,customer,KOBİ Kredisi,13711.27,6,4.76,2024-05-07,Kapalı,False
L003566,C02757,customer,Kredi Kartı,137292.53,48,4.34,2025-07-19,Aktif,False
L003567,C02758,customer,İhtiyaç Kredisi,26006.87,48,4.31,2026-07-25,Aktif,True
L003568,C02758,customer,Kredi Kartı,58550.24,120,4.11,2020-02-06,Aktif,False
L003569,C02758,customer,İşletme Kredisi,46681.21,120,2.87,2024-10-07,Aktif,False
L003570,C02759,customer,KOBİ Kredisi,48854.69,60,3.14,2021-04-14,Kapalı,False
L003571,C02760,customer,İhtiyaç Kredisi,26351.99,48,3.89,2022-07-07,Kapalı,False
L003572,C02760,customer,KOBİ Kredisi,106833.12,48,4.48,2020-07-26,Kapalı,False
L003573,C02761,customer,KOBİ Kredisi,26237.46,36,4.69,2024-02-06,Aktif,False
L003574,C02762,customer,KOBİ Kredisi,14078.16,60,3.38,2021-04-03,Kapalı,False
L003575,C02762,customer,Konut Kredisi,32260.54,120,4.5,2020-05-08,Aktif,False
L003576,C02763,customer,Taşıt Kredisi,15104.44,84,3.52,2025-08-20,Aktif,False
L003577,C02763,customer,İhtiyaç Kredisi,10857.6,48,4.46,2026-04-13,Aktif,False
L003578,C02764,customer,Taşıt Kredisi,12870.23,84,4.08,2025-09-13,Aktif,False
L003579,C02764,customer,İhtiyaç Kredisi,6046.58,6,2.55,2025-07-02,Kapalı,False
L003580,C02764,customer,Konut Kredisi,75493.27,60,2.96,2021-08-23,Aktif,False
L003581,C02765,customer,İhtiyaç Kredisi,29640.53,24,3.73,2025-09-29,Aktif,False
L003582,C02766,customer,İhtiyaç Kredisi,6856.39,60,3.29,2021-08-24,Kapalı,False
L003583,C02767,customer,İşletme Kredisi,163679.77,120,4.03,2019-04-01,Aktif,False
L003584,C02767,customer,Kredi Kartı,16277.21,48,2.78,2019-05-24,Kapalı,False
L003585,C02768,customer,KOBİ Kredisi,68026.29,48,4.61,2025-03-20,Aktif,False
L003586,C02769,customer,KOBİ Kredisi,30272.58,24,2.7,2023-10-21,Kapalı,False
L003587,C02770,customer,KOBİ Kredisi,73595.24,24,4.05,2021-12-12,Kapalı,True
L003588,C02771,customer,Kredi Kartı,133702.1,36,3.04,2020-04-02,Kapalı,True
L003589,C02772,customer,Kredi Kartı,31185.42,48,3.45,2024-06-07,Aktif,False
L003590,C02773,customer,İhtiyaç Kredisi,11694.36,60,3.26,2019-06-05,Kapalı,False
L003591,C02774,customer,Konut Kredisi,7144.63,12,4.18,2022-09-27,Kapalı,False
L003592,C02775,customer,KOBİ Kredisi,18121.6,6,4.78,2021-09-20,Aktif,False
L003593,C02777,customer,Taşıt Kredisi,44421.07,120,4.69,2019-02-13,Aktif,False
L003594,C02777,customer,İhtiyaç Kredisi,67838.21,6,2.83,2026-05-14,Aktif,False
L003595,C02778,customer,İhtiyaç Kredisi,11648.41,12,3.25,2024-06-11,Kapalı,False
L003596,C02779,customer,İşletme Kredisi,11932.31,60,2.57,2021-09-29,Aktif,False
L003597,C02780,customer,İşletme Kredisi,48978.27,12,4.86,2024-03-04,Kapalı,False
L003598,C02781,customer,İhtiyaç Kredisi,6470.37,48,3.52,2024-04-23,Aktif,False
L003599,C02782,customer,Konut Kredisi,24543.69,36,3.25,2019-11-03,Kapalı,False
L003600,C02783,customer,Konut Kredisi,44987.81,48,4.75,2022-08-13,Aktif,False
L003601,C02783,customer,KOBİ Kredisi,12162.57,48,3.43,2021-05-28,Kapalı,False
L003602,C02783,customer,İşletme Kredisi,89308.8,24,2.88,2024-10-29,Aktif,False
L003603,C02784,customer,KOBİ Kredisi,11323.98,120,4.75,2019-01-07,Aktif,True
L003604,C02785,customer,KOBİ Kredisi,68341.9,48,2.66,2020-03-06,Aktif,False
L003605,C02786,customer,KOBİ Kredisi,13386.05,24,4.85,2025-03-11,Aktif,False
L003606,C02787,customer,Kredi Kartı,50057.2,120,2.89,2022-12-15,Aktif,False
L003607,C02787,customer,İhtiyaç Kredisi,171706.69,120,3.56,2021-02-05,Aktif,False
L003608,C02788,customer,Kredi Kartı,191504.02,36,2.64,2019-08-01,Kapalı,False
L003609,C02788,customer,Konut Kredisi,7922.96,120,3.77,2025-02-27,Aktif,False
L003610,C02788,customer,Kredi Kartı,45601.53,12,4.37,2023-04-04,Kapalı,False
L003611,C02789,customer,İhtiyaç Kredisi,46076.32,36,4.33,2019-01-27,Kapalı,False
L003612,C02790,customer,Taşıt Kredisi,23687.67,24,3.03,2020-11-03,Kapalı,False
L003613,C02791,customer,Taşıt Kredisi,50372.76,6,3.09,2023-09-17,Kapalı,False
L003614,C02792,customer,İşletme Kredisi,45993.49,36,2.73,2023-09-03,Kapalı,False
L003615,C02792,customer,Konut Kredisi,28051.61,12,3.04,2019-04-29,Kapalı,False
L003616,C02794,customer,Kredi Kartı,17863.81,24,3.7,2025-09-10,Aktif,False
L003617,C02794,customer,Kredi Kartı,49243.51,6,4.25,2020-12-24,Kapalı,False
L003618,C02795,customer,Kredi Kartı,80217.81,24,3.13,2025-04-09,Aktif,False
L003619,C02796,customer,İhtiyaç Kredisi,46156.39,60,3.76,2020-03-15,Kapalı,False
L003620,C02797,customer,Kredi Kartı,16102.44,84,4.0,2022-07-15,Aktif,False
L003621,C02798,customer,İşletme Kredisi,24121.56,12,3.62,2023-12-15,Kapalı,False
L003622,C02798,customer,Kredi Kartı,19330.02,24,3.87,2022-11-13,Kapalı,False
L003623,C02799,customer,Taşıt Kredisi,30663.19,84,4.86,2024-12-15,Aktif,False
L003624,C02800,customer,Taşıt Kredisi,32898.6,6,2.7,2022-08-25,Kapalı,False
L003625,C02801,customer,Konut Kredisi,23011.87,24,3.08,2023-10-10,Kapalı,False
L003626,C02801,customer,İhtiyaç Kredisi,49903.95,12,3.04,2021-01-28,Aktif,False
L003627,C02801,customer,İhtiyaç Kredisi,7387.32,120,4.12,2021-05-20,Aktif,False
L003628,C02802,customer,İşletme Kredisi,26042.21,6,3.28,2019-11-10,Kapalı,False
L003629,C02803,customer,Taşıt Kredisi,8643.6,48,4.2,2026-01-06,Aktif,False
L003630,C02804,customer,Kredi Kartı,30793.02,84,3.17,2022-12-05,Aktif,False
L003631,C02804,customer,İhtiyaç Kredisi,46855.27,6,2.94,2019-11-14,Kapalı,False
L003632,C02806,customer,Konut Kredisi,13620.12,60,3.08,2021-01-01,Aktif,False
L003633,C02807,customer,Konut Kredisi,27132.47,6,2.69,2019-05-22,Kapalı,False
L003634,C02808,customer,İhtiyaç Kredisi,102828.89,120,4.64,2020-04-23,Aktif,False
L003635,C02808,customer,İhtiyaç Kredisi,44764.14,60,3.57,2026-01-15,Aktif,False
L003636,C02809,customer,Kredi Kartı,12574.44,12,4.21,2022-08-15,Kapalı,False
L003637,C02809,customer,İhtiyaç Kredisi,56805.61,24,3.32,2020-10-23,Kapalı,False
L003638,C02810,customer,İhtiyaç Kredisi,25592.62,12,2.53,2020-11-13,Aktif,False
L003639,C02811,customer,Konut Kredisi,126872.93,6,4.67,2024-11-05,Kapalı,False
L003640,C02811,customer,İhtiyaç Kredisi,56508.08,36,2.85,2025-05-07,Aktif,False
L003641,C02812,customer,KOBİ Kredisi,70986.75,36,4.14,2025-04-03,Aktif,True
L003642,C02813,customer,İşletme Kredisi,69638.33,12,3.02,2022-03-10,Kapalı,False
L003643,C02814,customer,İhtiyaç Kredisi,46187.15,12,3.68,2019-05-10,Kapalı,False
L003644,C02814,customer,İhtiyaç Kredisi,9418.71,48,3.43,2023-04-12,Aktif,False
L003645,C02815,customer,İşletme Kredisi,27228.67,12,3.85,2024-07-19,Kapalı,False
L003646,C02816,customer,İhtiyaç Kredisi,52313.58,60,4.07,2025-03-25,Aktif,False
L003647,C02816,customer,Konut Kredisi,17303.79,36,4.45,2022-10-21,Aktif,False
L003648,C02817,customer,Taşıt Kredisi,68150.86,120,3.15,2022-10-06,Aktif,False
L003649,C02817,customer,KOBİ Kredisi,129617.08,24,2.74,2022-05-18,Aktif,False
L003650,C02818,customer,İşletme Kredisi,14267.67,6,2.77,2022-12-20,Kapalı,False
L003651,C02818,customer,Taşıt Kredisi,21325.06,48,3.88,2024-05-05,Aktif,False
L003652,C02819,customer,İşletme Kredisi,41381.1,12,3.15,2024-06-05,Kapalı,False
L003653,C02820,customer,KOBİ Kredisi,22807.53,36,3.76,2026-04-02,Aktif,False
L003654,C02821,customer,Konut Kredisi,125031.07,6,3.96,2026-01-27,Aktif,False
L003655,C02822,customer,İşletme Kredisi,16433.33,60,2.66,2024-09-03,Aktif,False
L003656,C02825,customer,İhtiyaç Kredisi,14299.78,60,4.13,2022-12-05,Aktif,False
L003657,C02826,customer,İhtiyaç Kredisi,11300.31,120,3.88,2019-04-06,Aktif,False
L003658,C02827,customer,KOBİ Kredisi,18571.87,60,4.12,2024-04-18,Aktif,False
L003659,C02828,customer,KOBİ Kredisi,5402.81,24,3.72,2024-03-06,Kapalı,False
L003660,C02828,customer,Kredi Kartı,49372.61,84,3.1,2020-02-28,Aktif,False
L003661,C02829,customer,Konut Kredisi,25805.88,24,4.82,2019-05-16,Kapalı,False
L003662,C02829,customer,Kredi Kartı,131405.71,60,3.81,2021-08-16,Kapalı,False
L003663,C02830,customer,İşletme Kredisi,29661.59,12,4.56,2022-08-11,Kapalı,False
L003664,C02831,customer,İşletme Kredisi,10909.4,6,3.95,2019-02-08,Kapalı,False
L003665,C02831,customer,Kredi Kartı,137337.52,84,4.33,2020-04-21,Aktif,False
L003666,C02832,customer,KOBİ Kredisi,8469.05,6,3.64,2019-09-12,Kapalı,False
L003667,C02833,customer,Konut Kredisi,35289.25,120,2.55,2022-09-02,Aktif,False
L003668,C02833,customer,Kredi Kartı,38222.72,120,2.8,2022-05-03,Aktif,False
L003669,C02834,customer,İhtiyaç Kredisi,18496.52,48,3.9,2022-05-10,Aktif,False
L003670,C02834,customer,İşletme Kredisi,82851.6,48,4.67,2022-02-23,Kapalı,False
L003671,C02835,customer,KOBİ Kredisi,13971.14,84,4.25,2020-12-15,Aktif,False
L003672,C02835,customer,Taşıt Kredisi,50957.09,60,2.74,2020-01-28,Kapalı,False
L003673,C02836,customer,İhtiyaç Kredisi,41191.33,36,3.96,2024-12-28,Aktif,False
L003674,C02836,customer,Taşıt Kredisi,10715.1,36,4.36,2022-02-18,Aktif,False
L003675,C02837,customer,Kredi Kartı,31003.75,48,3.42,2019-11-22,Kapalı,False
L003676,C02838,customer,Taşıt Kredisi,19860.06,24,4.88,2024-03-07,Kapalı,False
L003677,C02839,customer,KOBİ Kredisi,33841.46,12,4.35,2021-02-18,Kapalı,False
L003678,C02840,customer,Kredi Kartı,168804.03,84,4.08,2020-04-25,Aktif,False
L003679,C02840,customer,KOBİ Kredisi,26749.11,6,4.19,2019-08-28,Kapalı,True
L003680,C02841,customer,Taşıt Kredisi,28885.76,120,3.4,2024-08-16,Aktif,False
L003681,C02841,customer,İşletme Kredisi,43731.9,120,2.58,2026-05-20,Aktif,False
L003682,C02842,customer,KOBİ Kredisi,25736.2,24,3.67,2025-05-30,Aktif,False
L003683,C02844,customer,İhtiyaç Kredisi,9986.43,6,4.47,2024-01-21,Aktif,False
L003684,C02844,customer,Konut Kredisi,11222.92,48,3.17,2019-07-19,Kapalı,True
L003685,C02845,customer,Kredi Kartı,44522.83,6,4.38,2023-08-26,Aktif,False
L003686,C02845,customer,İhtiyaç Kredisi,46805.3,48,2.71,2023-07-31,Aktif,False
L003687,C02847,customer,Kredi Kartı,26916.8,84,3.45,2019-01-16,Kapalı,False
L003688,C02848,customer,İhtiyaç Kredisi,15579.34,84,3.22,2024-10-18,Aktif,False
L003689,C02849,customer,Taşıt Kredisi,9284.95,60,4.06,2023-02-23,Aktif,False
L003690,C02850,customer,İşletme Kredisi,15111.19,120,4.49,2021-03-20,Aktif,False
L003691,C02850,customer,İşletme Kredisi,39372.57,48,4.15,2019-04-15,Kapalı,True
L003692,C02852,customer,İhtiyaç Kredisi,54068.21,6,4.45,2020-12-11,Aktif,False
L003693,C02853,customer,KOBİ Kredisi,10337.69,12,2.97,2024-07-23,Kapalı,False
L003694,C02854,customer,KOBİ Kredisi,18224.72,120,3.13,2021-07-27,Aktif,False
L003695,C02854,customer,İhtiyaç Kredisi,8331.45,60,4.13,2021-07-07,Kapalı,False
L003696,C02855,customer,İhtiyaç Kredisi,22663.04,12,3.37,2026-07-28,Aktif,False
L003697,C02855,customer,Konut Kredisi,13529.98,12,4.16,2024-11-28,Aktif,False
L003698,C02856,customer,İhtiyaç Kredisi,57095.84,48,4.82,2024-12-03,Aktif,False
L003699,C02856,customer,Konut Kredisi,20417.06,6,3.13,2020-11-29,Kapalı,False
L003700,C02857,customer,KOBİ Kredisi,22432.01,48,2.91,2022-01-13,Kapalı,False
L003701,C02858,customer,Konut Kredisi,63348.94,84,2.97,2023-01-07,Aktif,False
L003702,C02859,customer,KOBİ Kredisi,22416.44,12,4.44,2022-08-17,Aktif,False
L003703,C02859,customer,İhtiyaç Kredisi,58234.2,6,3.55,2024-06-06,Kapalı,False
L003704,C02859,customer,İşletme Kredisi,52954.8,24,3.73,2023-11-22,Kapalı,False
L003705,C02860,customer,İhtiyaç Kredisi,17204.83,24,4.33,2019-05-22,Kapalı,False
L003706,C02860,customer,İhtiyaç Kredisi,23889.14,60,3.88,2020-08-09,Kapalı,False
L003707,C02861,customer,İhtiyaç Kredisi,32659.55,120,3.09,2026-05-24,Aktif,False
L003708,C02861,customer,KOBİ Kredisi,13645.4,120,4.67,2025-06-03,Aktif,False
L003709,C02862,customer,KOBİ Kredisi,83010.6,60,2.82,2024-03-09,Aktif,False
L003710,C02863,customer,İşletme Kredisi,6083.17,84,2.99,2025-09-22,Aktif,False
L003711,C02864,customer,KOBİ Kredisi,23620.28,24,4.02,2023-02-13,Kapalı,True
L003712,C02864,customer,İşletme Kredisi,17835.47,120,4.69,2021-09-29,Aktif,False
L003713,C02865,customer,İşletme Kredisi,42161.29,120,4.67,2026-03-20,Aktif,False
L003714,C02865,customer,Konut Kredisi,46498.69,24,3.25,2026-05-22,Aktif,False
L003715,C02866,customer,Kredi Kartı,147380.77,60,3.52,2020-03-19,Kapalı,False
L003716,C02866,customer,Kredi Kartı,7825.99,12,3.53,2024-07-14,Kapalı,False
L003717,C02867,customer,Taşıt Kredisi,86892.32,60,4.02,2024-02-22,Aktif,False
L003718,C02868,customer,İşletme Kredisi,15108.0,6,3.05,2025-08-17,Kapalı,False
L003719,C02868,customer,KOBİ Kredisi,28476.2,84,2.97,2020-03-28,Aktif,False
L003720,C02869,customer,KOBİ Kredisi,31779.81,60,2.92,2024-09-08,Aktif,False
L003721,C02869,customer,İhtiyaç Kredisi,28170.65,36,3.83,2024-03-21,Aktif,False
L003722,C02870,customer,İhtiyaç Kredisi,12971.5,84,3.34,2019-10-05,Aktif,False
L003723,C02871,customer,KOBİ Kredisi,12405.25,12,4.88,2020-06-25,Aktif,False
L003724,C02871,customer,İhtiyaç Kredisi,16593.82,120,3.23,2022-11-10,Aktif,False
L003725,C02872,customer,İşletme Kredisi,35792.26,36,3.43,2025-11-01,Aktif,False
L003726,C02872,customer,Kredi Kartı,5831.24,120,4.81,2025-01-02,Aktif,False
L003727,C02873,customer,KOBİ Kredisi,49998.89,48,4.87,2019-08-27,Kapalı,False
L003728,C02874,customer,Konut Kredisi,30251.22,48,4.5,2022-06-10,Kapalı,True
L003729,C02875,customer,İşletme Kredisi,4840.05,60,3.46,2022-07-05,Aktif,False
L003730,C02876,customer,İhtiyaç Kredisi,98892.9,6,3.87,2024-09-24,Kapalı,False
L003731,C02877,customer,Konut Kredisi,32272.51,84,4.84,2023-03-28,Aktif,False
L003732,C02878,customer,Taşıt Kredisi,6942.34,60,3.65,2024-06-29,Aktif,False
L003733,C02878,customer,Taşıt Kredisi,31127.17,12,2.82,2025-01-16,Kapalı,False
L003734,C02879,customer,Taşıt Kredisi,60215.89,6,2.93,2019-02-09,Kapalı,False
L003735,C02880,customer,İşletme Kredisi,24563.43,84,3.54,2022-09-09,Aktif,False
L003736,C02880,customer,Taşıt Kredisi,36512.23,120,3.51,2019-01-14,Aktif,False
L003737,C02881,customer,Taşıt Kredisi,44438.79,84,2.65,2025-09-02,Aktif,False
L003738,C02882,customer,İşletme Kredisi,94284.24,120,2.95,2026-04-08,Aktif,False
L003739,C02882,customer,Konut Kredisi,25562.41,120,3.98,2023-07-28,Aktif,False
L003740,C02884,customer,İşletme Kredisi,32813.75,36,4.43,2022-06-24,Kapalı,False
L003741,C02885,customer,Kredi Kartı,31607.57,84,4.73,2019-06-28,Kapalı,False
L003742,C02886,customer,Kredi Kartı,64072.27,84,3.59,2020-06-23,Aktif,False
L003743,C02886,customer,Taşıt Kredisi,90544.58,12,3.03,2020-05-20,Aktif,False
L003744,C02886,customer,İhtiyaç Kredisi,34067.44,24,4.57,2023-05-19,Kapalı,False
L003745,C02887,customer,KOBİ Kredisi,18328.21,12,4.34,2019-02-08,Kapalı,False
L003746,C02888,customer,KOBİ Kredisi,33057.19,84,4.43,2023-01-03,Aktif,False
L003747,C02889,customer,Konut Kredisi,110312.34,48,3.97,2019-05-14,Kapalı,False
L003748,C02890,customer,İşletme Kredisi,7467.99,12,2.59,2026-03-25,Aktif,False
L003749,C02890,customer,KOBİ Kredisi,45230.66,48,3.52,2025-07-16,Aktif,False
L003750,C02891,customer,Taşıt Kredisi,20653.72,84,3.01,2022-05-11,Aktif,False
L003751,C02891,customer,KOBİ Kredisi,16189.42,12,4.68,2020-10-15,Kapalı,False
L003752,C02891,customer,Konut Kredisi,104929.67,120,3.81,2023-11-07,Aktif,False
L003753,C02892,customer,Konut Kredisi,34451.03,12,4.61,2022-08-09,Kapalı,False
L003754,C02892,customer,Kredi Kartı,12569.86,24,2.93,2020-05-11,Kapalı,False
L003755,C02893,customer,İhtiyaç Kredisi,36480.65,12,2.57,2021-10-10,Kapalı,False
L003756,C02893,customer,Taşıt Kredisi,12649.92,6,3.66,2020-11-22,Kapalı,False
L003757,C02894,customer,İşletme Kredisi,18446.94,120,2.62,2023-11-09,Aktif,False
L003758,C02896,customer,Taşıt Kredisi,26347.16,24,3.84,2019-03-08,Kapalı,False
L003759,C02897,customer,Kredi Kartı,61452.69,12,3.17,2021-06-01,Aktif,True
L003760,C02898,customer,Kredi Kartı,36874.45,36,4.09,2021-02-12,Kapalı,False
L003761,C02898,customer,İşletme Kredisi,24407.58,48,3.72,2025-10-27,Aktif,False
L003762,C02899,customer,Taşıt Kredisi,18704.13,120,3.19,2025-04-14,Aktif,False
L003763,C02899,customer,KOBİ Kredisi,12303.84,120,2.94,2022-02-17,Aktif,False
L003764,C02900,customer,Taşıt Kredisi,21016.88,24,3.69,2022-04-02,Kapalı,False
L003765,C02901,customer,İşletme Kredisi,11424.77,60,3.93,2023-02-06,Aktif,False
L003766,C02901,customer,KOBİ Kredisi,51454.67,48,2.55,2024-05-02,Aktif,False
L003767,C02902,customer,KOBİ Kredisi,15720.34,84,4.51,2019-06-23,Kapalı,False
L003768,C02903,customer,Taşıt Kredisi,110422.53,12,3.96,2024-05-12,Kapalı,False
L003769,C02903,customer,KOBİ Kredisi,19060.74,48,2.52,2022-01-17,Kapalı,False
L003770,C02903,customer,İşletme Kredisi,9732.87,36,3.95,2025-07-14,Aktif,False
L003771,C02904,customer,Taşıt Kredisi,93071.04,48,4.42,2024-07-12,Aktif,False
L003772,C02904,customer,İhtiyaç Kredisi,47273.95,48,4.54,2020-11-17,Kapalı,False
L003773,C02905,customer,Konut Kredisi,38489.57,60,3.2,2022-01-15,Aktif,False
L003774,C02906,customer,KOBİ Kredisi,63760.94,12,4.78,2020-11-07,Kapalı,False
L003775,C02906,customer,İhtiyaç Kredisi,85969.02,84,3.13,2025-03-25,Aktif,True
L003776,C02906,customer,İhtiyaç Kredisi,34612.8,84,3.5,2025-04-15,Aktif,True
L003777,C02907,customer,Taşıt Kredisi,13395.25,36,3.01,2025-12-09,Aktif,False
L003778,C02908,customer,KOBİ Kredisi,896157.45,120,2.78,2023-05-24,Aktif,False
L003779,C02908,customer,Konut Kredisi,22941.54,36,3.48,2020-06-04,Aktif,False
L003780,C02909,customer,İşletme Kredisi,14667.15,36,3.12,2025-06-23,Aktif,True
L003781,C02910,customer,KOBİ Kredisi,19359.83,60,4.67,2025-10-23,Aktif,False
L003782,C02911,customer,Konut Kredisi,8541.98,48,4.14,2020-04-24,Kapalı,False
L003783,C02912,customer,Kredi Kartı,6895.62,48,4.75,2024-10-01,Aktif,False
L003784,C02913,customer,KOBİ Kredisi,8846.9,48,4.16,2020-04-17,Kapalı,False
L003785,C02914,customer,İhtiyaç Kredisi,18460.92,36,3.22,2022-01-09,Kapalı,True
L003786,C02915,customer,İhtiyaç Kredisi,23682.67,84,2.72,2020-03-14,Aktif,False
L003787,C02916,customer,İşletme Kredisi,92261.22,36,2.52,2025-01-20,Aktif,False
L003788,C02917,customer,KOBİ Kredisi,6233.01,36,2.91,2024-09-24,Aktif,True
L003789,C02917,customer,Kredi Kartı,95767.46,84,2.91,2021-10-01,Aktif,False
L003790,C02917,customer,İhtiyaç Kredisi,68700.11,120,2.77,2020-11-19,Aktif,True
L003791,C02918,customer,Konut Kredisi,13685.88,6,4.12,2025-04-16,Kapalı,False
L003792,C02919,customer,KOBİ Kredisi,16062.07,36,3.79,2022-06-10,Kapalı,False
L003793,C02921,customer,Konut Kredisi,17121.04,60,2.67,2025-11-23,Aktif,True
L003794,C02921,customer,İhtiyaç Kredisi,9278.06,120,2.83,2022-11-23,Aktif,False
L003795,C02922,customer,Konut Kredisi,79963.16,6,3.83,2019-02-02,Kapalı,False
L003796,C02922,customer,İhtiyaç Kredisi,88034.19,48,4.79,2025-08-22,Aktif,False
L003797,C02923,customer,Konut Kredisi,5444.78,120,2.74,2025-02-23,Aktif,False
L003798,C02924,customer,İhtiyaç Kredisi,19533.14,24,3.26,2024-04-16,Aktif,True
L003799,C02925,customer,Kredi Kartı,44361.69,60,4.9,2021-09-08,Kapalı,False
L003800,C02926,customer,KOBİ Kredisi,17419.97,24,4.52,2026-06-04,Aktif,False
L003801,C02927,customer,İşletme Kredisi,12242.28,24,4.0,2025-08-30,Aktif,False
L003802,C02927,customer,Taşıt Kredisi,56577.42,36,4.19,2024-08-19,Aktif,False
L003803,C02928,customer,Kredi Kartı,42974.32,12,3.51,2026-05-10,Aktif,False
L003804,C02928,customer,KOBİ Kredisi,18155.26,48,3.02,2026-04-27,Aktif,False
L003805,C02929,customer,İhtiyaç Kredisi,21119.31,120,3.31,2021-10-29,Aktif,False
L003806,C02930,customer,Taşıt Kredisi,11786.61,84,4.62,2020-11-04,Aktif,False
L003807,C02931,customer,Kredi Kartı,15907.98,48,3.48,2021-05-18,Kapalı,False
L003808,C02932,customer,KOBİ Kredisi,90461.16,84,3.55,2019-06-19,Aktif,False
L003809,C02933,customer,Taşıt Kredisi,94021.34,60,4.66,2023-03-25,Aktif,False
L003810,C02934,customer,Taşıt Kredisi,26213.25,48,3.08,2022-01-25,Aktif,False
L003811,C02935,customer,KOBİ Kredisi,59585.4,24,4.29,2020-07-20,Kapalı,False
L003812,C02935,customer,KOBİ Kredisi,102104.42,24,2.68,2024-08-16,Aktif,False
L003813,C02937,customer,Taşıt Kredisi,20948.17,48,2.88,2021-08-24,Kapalı,False
L003814,C02938,customer,Kredi Kartı,8849.47,36,3.89,2021-01-08,Kapalı,False
L003815,C02938,customer,Konut Kredisi,14469.88,84,3.92,2020-02-15,Aktif,False
L003816,C02939,customer,Konut Kredisi,22251.5,36,4.28,2022-06-04,Kapalı,False
L003817,C02940,customer,İhtiyaç Kredisi,8348.3,120,4.39,2021-06-15,Aktif,True
L003818,C02940,customer,İşletme Kredisi,31159.15,12,3.24,2024-10-12,Kapalı,False
L003819,C02941,customer,İşletme Kredisi,60599.32,24,3.21,2022-03-29,Kapalı,False
L003820,C02942,customer,Taşıt Kredisi,25423.52,48,2.63,2020-03-24,Kapalı,False
L003821,C02942,customer,KOBİ Kredisi,34337.94,36,2.96,2022-12-30,Kapalı,False
L003822,C02943,customer,Taşıt Kredisi,16126.26,24,2.83,2024-10-01,Aktif,False
L003823,C02944,customer,Taşıt Kredisi,70975.21,24,4.18,2019-05-08,Kapalı,False
L003824,C02945,customer,KOBİ Kredisi,10925.59,48,4.24,2025-12-05,Aktif,False
L003825,C02945,customer,İhtiyaç Kredisi,80135.62,24,4.62,2025-11-07,Aktif,False
L003826,C02945,customer,KOBİ Kredisi,80412.57,120,3.21,2024-12-25,Aktif,False
L003827,C02946,customer,İhtiyaç Kredisi,11548.48,48,4.69,2022-12-02,Aktif,False
L003828,C02947,customer,Kredi Kartı,57063.56,48,3.22,2022-03-09,Kapalı,False
L003829,C02948,customer,İşletme Kredisi,27780.08,120,4.86,2021-06-30,Aktif,False
L003830,C02948,customer,KOBİ Kredisi,26555.88,36,4.1,2020-11-01,Kapalı,False
L003831,C02949,customer,Konut Kredisi,30096.97,36,4.54,2021-04-10,Kapalı,False
L003832,C02950,customer,Kredi Kartı,4803.1,120,2.75,2026-02-25,Aktif,False
L003833,C02952,customer,Taşıt Kredisi,52849.97,120,4.48,2025-01-26,Aktif,False
L003834,C02953,customer,Taşıt Kredisi,9846.71,36,4.38,2019-11-09,Kapalı,False
L003835,C02953,customer,KOBİ Kredisi,20443.64,60,4.86,2021-06-02,Kapalı,False
L003836,C02954,customer,KOBİ Kredisi,10005.15,48,3.95,2022-11-19,Aktif,False
L003837,C02954,customer,Kredi Kartı,30635.41,84,3.58,2023-12-27,Aktif,False
L003838,C02954,customer,KOBİ Kredisi,28573.7,6,2.83,2022-12-22,Kapalı,False
L003839,C02955,customer,KOBİ Kredisi,19190.61,12,2.73,2023-01-21,Kapalı,True
L003840,C02955,customer,İşletme Kredisi,101360.68,36,2.91,2021-07-31,Kapalı,False
L003841,C02956,customer,Konut Kredisi,19705.7,84,4.79,2020-11-14,Aktif,False
L003842,C02956,customer,Kredi Kartı,26786.45,60,3.69,2022-10-11,Aktif,True
L003843,C02956,customer,Taşıt Kredisi,32123.03,60,2.74,2025-03-07,Aktif,False
L003844,C02957,customer,İhtiyaç Kredisi,92092.15,36,4.89,2021-12-02,Kapalı,False
L003845,C02959,customer,KOBİ Kredisi,15392.78,36,3.39,2026-06-04,Aktif,False
L003846,C02959,customer,Kredi Kartı,6690.37,24,4.66,2020-06-25,Kapalı,False
L003847,C02960,customer,KOBİ Kredisi,99412.73,36,2.62,2025-01-21,Aktif,False
L003848,C02963,customer,Taşıt Kredisi,21652.89,84,3.76,2019-06-11,Aktif,False
L003849,C02963,customer,KOBİ Kredisi,26791.36,84,3.03,2023-09-22,Aktif,False
L003850,C02964,customer,KOBİ Kredisi,78245.82,6,3.21,2026-01-02,Kapalı,False
L003851,C02964,customer,Konut Kredisi,26221.23,84,2.62,2021-07-24,Aktif,False
L003852,C02966,customer,Kredi Kartı,7495.72,120,3.02,2022-07-05,Aktif,False
L003853,C02968,customer,İşletme Kredisi,2391.75,12,2.83,2025-06-17,Kapalı,False
L003854,C02969,customer,Konut Kredisi,16023.87,12,4.2,2019-12-20,Aktif,False
L003855,C02970,customer,İşletme Kredisi,9733.21,48,3.7,2025-07-11,Aktif,False
L003856,C02970,customer,İşletme Kredisi,19969.39,36,4.64,2022-08-03,Kapalı,False
L003857,C02971,customer,Taşıt Kredisi,8658.36,120,4.65,2023-02-20,Aktif,True
L003858,C02972,customer,İşletme Kredisi,9545.86,84,3.78,2025-10-20,Aktif,False
L003859,C02973,customer,İşletme Kredisi,16786.68,84,3.05,2021-02-21,Aktif,False
L003860,C02973,customer,Kredi Kartı,24192.23,24,4.66,2019-08-15,Kapalı,False
L003861,C02974,customer,Taşıt Kredisi,33928.58,6,4.76,2023-06-12,Kapalı,False
L003862,C02975,customer,Taşıt Kredisi,100135.73,24,3.66,2021-08-29,Kapalı,False
L003863,C02975,customer,İşletme Kredisi,67098.78,12,4.12,2020-02-05,Kapalı,False
L003864,C02976,customer,Konut Kredisi,5252.34,12,4.47,2019-10-30,Kapalı,False
L003865,C02977,customer,KOBİ Kredisi,93644.49,48,3.09,2026-07-02,Aktif,False
L003866,C02978,customer,KOBİ Kredisi,8882.67,60,4.81,2025-10-14,Aktif,False
L003867,C02979,customer,Taşıt Kredisi,51197.88,84,2.84,2023-03-16,Aktif,False
L003868,C02980,customer,İşletme Kredisi,129803.31,120,3.11,2025-04-18,Aktif,False
L003869,C02981,customer,İşletme Kredisi,11148.52,6,4.0,2019-08-01,Kapalı,True
L003870,C02981,customer,KOBİ Kredisi,12553.1,6,3.73,2021-03-26,Kapalı,False
L003871,C02981,customer,Kredi Kartı,25033.19,6,2.85,2024-12-03,Kapalı,False
L003872,C02982,customer,Konut Kredisi,106303.7,36,3.11,2025-04-25,Aktif,True
L003873,C02983,customer,Kredi Kartı,23807.41,48,2.61,2025-12-13,Aktif,False
L003874,C02984,customer,İhtiyaç Kredisi,40358.18,6,4.41,2023-02-04,Kapalı,False
L003875,C02984,customer,Kredi Kartı,15377.77,36,4.57,2020-02-18,Kapalı,False
L003876,C02984,customer,İhtiyaç Kredisi,5956.98,48,3.36,2022-01-20,Kapalı,False
L003877,C02985,customer,Taşıt Kredisi,2544.68,36,4.03,2023-09-21,Aktif,False
L003878,C02986,customer,İhtiyaç Kredisi,61869.89,12,2.55,2019-03-27,Kapalı,False
L003879,C02987,customer,KOBİ Kredisi,24517.58,24,3.89,2025-04-07,Aktif,False
L003880,C02987,customer,Taşıt Kredisi,9894.35,24,4.19,2019-10-08,Kapalı,False
L003881,C02988,customer,Kredi Kartı,14530.7,12,4.07,2019-06-10,Kapalı,False
L003882,C02989,customer,İhtiyaç Kredisi,39878.02,6,4.63,2023-08-27,Aktif,False
L003883,C02989,customer,İşletme Kredisi,4694.38,120,2.89,2024-10-09,Aktif,False
L003884,C02990,customer,KOBİ Kredisi,56524.92,6,3.8,2022-02-27,Aktif,False
L003885,C02991,customer,Kredi Kartı,28685.32,6,4.39,2025-07-10,Kapalı,False
L003886,C02992,customer,KOBİ Kredisi,16589.65,84,3.76,2023-10-14,Aktif,False
L003887,C02993,customer,Taşıt Kredisi,42839.42,12,4.88,2019-05-16,Kapalı,False
L003888,C02994,customer,Konut Kredisi,7860.59,36,3.83,2019-11-11,Kapalı,False
L003889,C02995,customer,Kredi Kartı,8318.04,48,3.77,2020-07-25,Kapalı,False
L003890,C02996,customer,Konut Kredisi,129753.35,36,2.63,2020-11-04,Kapalı,False
L003891,C02996,customer,KOBİ Kredisi,19054.35,24,3.14,2026-03-21,Aktif,False
L003892,C02999,customer,İhtiyaç Kredisi,4328.99,120,4.69,2023-03-29,Aktif,False
L003893,C02999,customer,Taşıt Kredisi,17006.0,36,4.07,2020-06-05,Aktif,False
L003894,C03000,customer,Konut Kredisi,14240.23,6,3.22,2025-07-10,Kapalı,False
L003895,C03000,customer,Konut Kredisi,27441.92,36,4.8,2019-12-07,Kapalı,False
L003896,C03000,customer,Kredi Kartı,86596.18,48,2.83,2025-07-08,Aktif,False
L003897,C03001,customer,Taşıt Kredisi,48844.65,84,3.6,2019-02-07,Kapalı,False
L003898,C03001,customer,İhtiyaç Kredisi,24891.57,84,3.77,2024-09-30,Aktif,False
L003899,C03001,customer,Kredi Kartı,50292.81,84,3.99,2021-07-04,Aktif,False
L003900,C03002,customer,KOBİ Kredisi,63351.93,36,4.4,2024-03-20,Aktif,False
L003901,C03003,customer,Kredi Kartı,27511.12,60,4.58,2024-05-24,Aktif,False
L003902,C03003,customer,Konut Kredisi,23749.31,36,4.07,2023-07-09,Kapalı,False
L003903,C03004,customer,İhtiyaç Kredisi,35442.54,12,4.22,2021-05-17,Kapalı,False
L003904,C03004,customer,İşletme Kredisi,41521.73,12,4.82,2019-01-25,Kapalı,False
L003905,C03005,customer,KOBİ Kredisi,37668.36,24,4.2,2020-12-10,Aktif,False
L003906,C03005,customer,Taşıt Kredisi,5723.81,60,3.23,2024-12-09,Aktif,False
L003907,C03007,customer,Taşıt Kredisi,41771.3,48,4.69,2020-08-03,Kapalı,False
L003908,C03008,customer,Konut Kredisi,36899.71,24,3.39,2020-08-13,Kapalı,True
L003909,C03009,customer,İhtiyaç Kredisi,120883.52,48,3.36,2026-02-17,Aktif,False
L003910,C03011,customer,Taşıt Kredisi,8753.37,36,3.04,2019-01-23,Kapalı,False
L003911,C03013,customer,Konut Kredisi,21408.87,120,3.17,2024-01-26,Aktif,False
L003912,C03014,customer,Kredi Kartı,6493.94,84,4.88,2020-03-18,Aktif,False
L003913,C03015,customer,Taşıt Kredisi,51477.43,60,3.4,2020-05-23,Kapalı,False
L003914,C03016,customer,Taşıt Kredisi,33770.6,12,3.18,2019-04-25,Kapalı,False
L003915,C03017,customer,İşletme Kredisi,41588.29,36,2.99,2025-05-11,Aktif,True
L003916,C03018,customer,Kredi Kartı,12623.81,12,3.26,2023-11-18,Kapalı,False
L003917,C03018,customer,KOBİ Kredisi,48338.53,6,2.53,2020-09-06,Kapalı,False
L003918,C03019,customer,Kredi Kartı,21099.15,120,3.51,2022-04-10,Aktif,False
L003919,C03020,customer,Konut Kredisi,103659.88,12,4.61,2026-01-23,Aktif,False
L003920,C03020,customer,KOBİ Kredisi,87110.55,84,2.79,2026-06-10,Aktif,False
L003921,C03021,customer,Kredi Kartı,61547.29,84,3.58,2020-04-14,Aktif,False
L003922,C03024,customer,KOBİ Kredisi,105962.4,84,3.32,2026-03-15,Aktif,False
L003923,C03025,customer,Konut Kredisi,7649.93,120,4.37,2023-03-29,Aktif,False
L003924,C03026,customer,KOBİ Kredisi,20145.63,24,3.44,2023-11-09,Kapalı,False
L003925,C03026,customer,Kredi Kartı,50196.13,6,3.79,2021-01-19,Kapalı,False
L003926,C03027,customer,KOBİ Kredisi,27325.74,48,2.84,2023-08-09,Aktif,False
L003927,C03027,customer,Konut Kredisi,26668.35,24,2.55,2022-09-22,Kapalı,False
L003928,C03027,customer,KOBİ Kredisi,83734.9,84,4.83,2021-09-23,Aktif,False
L003929,C03028,customer,KOBİ Kredisi,43951.48,24,2.84,2019-06-17,Kapalı,False
L003930,C03028,customer,Kredi Kartı,23714.4,84,4.13,2024-09-26,Aktif,False
L003931,C03028,customer,Taşıt Kredisi,14707.4,12,4.37,2021-08-18,Kapalı,False
L003932,C03029,customer,Taşıt Kredisi,12908.99,6,2.52,2022-03-24,Kapalı,False
L003933,C03030,customer,Konut Kredisi,55605.58,24,2.97,2019-09-30,Kapalı,False
L003934,C03031,customer,Konut Kredisi,9164.36,120,3.14,2020-07-04,Aktif,False
L003935,C03031,customer,KOBİ Kredisi,5631.88,120,4.05,2025-06-02,Aktif,False
L003936,C03032,customer,İhtiyaç Kredisi,11751.28,6,3.65,2020-08-17,Kapalı,False
L003937,C03033,customer,İhtiyaç Kredisi,18686.54,48,2.71,2021-02-20,Kapalı,False
L003938,C03034,customer,KOBİ Kredisi,38621.44,120,2.75,2025-05-01,Aktif,False
L003939,C03035,customer,Kredi Kartı,2810.87,6,3.32,2026-02-21,Kapalı,False
L003940,C03036,customer,Konut Kredisi,12448.28,36,4.65,2021-01-09,Kapalı,False
L003941,C03038,customer,İhtiyaç Kredisi,13849.3,60,3.51,2023-02-26,Aktif,False
L003942,C03038,customer,KOBİ Kredisi,6596.35,24,3.23,2024-06-11,Kapalı,False
L003943,C03040,customer,KOBİ Kredisi,65385.31,36,2.82,2019-10-18,Kapalı,False
L003944,C03041,customer,Konut Kredisi,15412.43,6,3.19,2023-11-05,Kapalı,False
L003945,C03041,customer,KOBİ Kredisi,22402.82,48,2.91,2023-11-09,Aktif,True
L003946,C03042,customer,İşletme Kredisi,71640.49,6,2.92,2026-06-17,Aktif,False
L003947,C03042,customer,Kredi Kartı,168383.67,84,3.39,2022-08-14,Aktif,False
L003948,C03042,customer,Konut Kredisi,161116.71,12,4.78,2020-06-26,Aktif,False
L003949,C03043,customer,Konut Kredisi,10802.81,120,4.34,2021-03-17,Aktif,False
L003950,C03043,customer,Konut Kredisi,24412.38,24,3.41,2026-04-17,Aktif,True
L003951,C03044,customer,Konut Kredisi,59845.34,12,2.91,2023-01-28,Kapalı,False
L003952,C03045,customer,KOBİ Kredisi,26069.93,120,3.5,2019-09-01,Aktif,False
L003953,C03045,customer,İhtiyaç Kredisi,11270.54,60,4.45,2022-01-15,Aktif,False
L003954,C03047,customer,İhtiyaç Kredisi,5643.76,84,4.19,2026-02-22,Aktif,False
L003955,C03048,customer,Konut Kredisi,60778.11,120,4.7,2023-06-21,Aktif,False
L003956,C03049,customer,Taşıt Kredisi,18554.93,12,3.15,2021-02-01,Kapalı,False
L003957,C03049,customer,Konut Kredisi,33597.91,36,2.87,2026-04-27,Aktif,False
L003958,C03050,customer,İhtiyaç Kredisi,39610.2,84,2.56,2020-09-25,Aktif,True
L003959,C03051,customer,KOBİ Kredisi,62746.22,84,2.91,2019-08-18,Kapalı,False
L003960,C03051,customer,Kredi Kartı,53296.17,120,4.01,2019-05-12,Aktif,False
L003961,C03052,customer,KOBİ Kredisi,31210.05,36,2.73,2023-06-09,Kapalı,False
L003962,C03053,customer,Taşıt Kredisi,39299.98,12,4.09,2023-11-15,Kapalı,False
L003963,C03054,customer,KOBİ Kredisi,10923.81,6,4.08,2024-01-13,Kapalı,True
L003964,C03055,customer,KOBİ Kredisi,71079.32,84,3.8,2019-03-31,Kapalı,False
L003965,C03056,customer,Taşıt Kredisi,16394.08,12,4.87,2025-07-19,Kapalı,False
L003966,C03056,customer,Taşıt Kredisi,30981.17,48,2.88,2022-01-03,Kapalı,False
L003967,C03056,customer,Kredi Kartı,35137.01,84,3.21,2019-12-16,Aktif,False
L003968,C03057,customer,İhtiyaç Kredisi,161125.12,24,2.93,2025-04-10,Aktif,False
L003969,C03058,customer,Kredi Kartı,24342.01,24,2.75,2023-09-03,Kapalı,False
L003970,C03058,customer,Konut Kredisi,78460.6,60,4.62,2022-09-26,Aktif,False
L003971,C03059,customer,Konut Kredisi,3475.34,12,3.38,2025-12-14,Aktif,False
L003972,C03060,customer,Kredi Kartı,6955.0,60,3.95,2026-02-06,Aktif,False
L003973,C03061,customer,İhtiyaç Kredisi,19776.95,6,3.89,2023-11-13,Kapalı,False
L003974,C03062,customer,Taşıt Kredisi,52544.25,48,4.31,2019-02-24,Kapalı,False
L003975,C03063,customer,KOBİ Kredisi,45560.92,12,2.94,2023-09-01,Kapalı,False
L003976,C03064,customer,Taşıt Kredisi,15607.86,36,4.83,2023-03-28,Kapalı,False
L003977,C03065,customer,Taşıt Kredisi,15222.96,6,4.48,2022-01-05,Kapalı,False
L003978,C03066,customer,Kredi Kartı,9969.15,84,4.24,2021-11-21,Aktif,False
L003979,C03067,customer,Konut Kredisi,121519.66,12,3.26,2023-07-18,Kapalı,False
L003980,C03067,customer,KOBİ Kredisi,27073.14,12,3.74,2022-09-06,Aktif,False
L003981,C03068,customer,KOBİ Kredisi,15882.66,12,4.06,2022-09-04,Aktif,False
L003982,C03068,customer,Konut Kredisi,12422.46,84,4.07,2024-03-25,Aktif,False
L003983,C03069,customer,İhtiyaç Kredisi,24643.87,120,4.62,2025-08-03,Aktif,False
L003984,C03070,customer,İhtiyaç Kredisi,114100.57,120,3.26,2026-05-02,Aktif,False
L003985,C03070,customer,İşletme Kredisi,137842.95,6,4.65,2023-10-02,Kapalı,False
L003986,C03071,customer,İşletme Kredisi,9695.31,12,3.74,2020-07-24,Kapalı,False
L003987,C03072,customer,KOBİ Kredisi,69991.47,6,2.69,2020-09-28,Kapalı,False
L003988,C03073,customer,Taşıt Kredisi,8657.5,24,4.66,2021-12-23,Aktif,False
L003989,C03073,customer,Kredi Kartı,32678.13,120,2.72,2019-10-02,Aktif,False
L003990,C03074,customer,İhtiyaç Kredisi,30137.29,84,4.71,2024-06-22,Aktif,False
L003991,C03075,customer,KOBİ Kredisi,28193.48,60,2.74,2019-05-15,Aktif,False
L003992,C03076,customer,Kredi Kartı,56799.12,6,3.28,2021-01-17,Kapalı,False
L003993,C03077,customer,Kredi Kartı,8572.09,120,3.66,2025-12-16,Aktif,False
L003994,C03079,customer,Kredi Kartı,484664.34,84,3.66,2022-05-27,Aktif,False
L003995,C03079,customer,KOBİ Kredisi,41331.25,6,3.26,2026-04-22,Aktif,False
L003996,C03081,customer,İşletme Kredisi,41130.06,84,4.33,2026-06-07,Aktif,True
L003997,C03081,customer,KOBİ Kredisi,37132.77,60,2.55,2023-06-20,Aktif,False
L003998,C03083,customer,Konut Kredisi,14365.61,84,2.73,2023-08-14,Aktif,False
L003999,C03084,customer,KOBİ Kredisi,36103.53,60,2.65,2019-09-21,Kapalı,False
L004000,C03084,customer,KOBİ Kredisi,58294.39,24,3.28,2024-08-17,Kapalı,True
L004001,C03084,customer,KOBİ Kredisi,19100.84,12,2.91,2022-01-30,Kapalı,True
L004002,C03085,customer,İşletme Kredisi,2702.92,48,3.55,2024-08-06,Aktif,False
L004003,C03086,customer,İşletme Kredisi,29885.27,120,4.05,2024-11-05,Aktif,False
L004004,C03086,customer,İhtiyaç Kredisi,54194.2,36,2.83,2023-09-26,Aktif,False
L004005,C03087,customer,İhtiyaç Kredisi,36189.92,48,2.95,2025-01-19,Aktif,True
L004006,C03088,customer,Konut Kredisi,48855.42,48,4.74,2023-03-21,Aktif,False
L004007,C03089,customer,Konut Kredisi,2536.3,6,3.14,2019-06-24,Kapalı,False
L004008,C03090,customer,KOBİ Kredisi,8907.86,24,4.53,2025-11-05,Aktif,False
L004009,C03090,customer,İhtiyaç Kredisi,17985.61,48,3.57,2020-05-24,Kapalı,False
L004010,C03091,customer,Taşıt Kredisi,24754.89,6,2.84,2022-11-20,Kapalı,False
L004011,C03092,customer,İşletme Kredisi,23909.53,48,2.89,2019-10-04,Kapalı,False
L004012,C03093,customer,KOBİ Kredisi,15659.47,24,2.69,2023-03-17,Kapalı,False
L004013,C03093,customer,Taşıt Kredisi,122335.71,12,4.78,2021-06-26,Aktif,False
L004014,C03094,customer,Konut Kredisi,34876.45,84,2.74,2019-04-23,Kapalı,False
L004015,C03094,customer,İşletme Kredisi,34020.47,24,3.02,2025-12-30,Aktif,False
L004016,C03095,customer,Taşıt Kredisi,17729.37,12,4.84,2025-08-11,Kapalı,False
L004017,C03096,customer,Konut Kredisi,109399.8,24,3.36,2020-07-02,Kapalı,False
L004018,C03096,customer,İhtiyaç Kredisi,53501.04,12,4.9,2022-06-28,Aktif,False
L004019,C03097,customer,İhtiyaç Kredisi,5417.24,12,2.77,2023-01-24,Aktif,False
L004020,C03098,customer,İşletme Kredisi,52150.53,120,3.35,2026-01-24,Aktif,False
L004021,C03099,customer,İhtiyaç Kredisi,136656.09,48,2.8,2025-12-30,Aktif,False
L004022,C03100,customer,Kredi Kartı,256995.64,36,4.45,2019-11-17,Kapalı,False
L004023,C03101,customer,Taşıt Kredisi,19489.38,6,4.57,2023-04-01,Kapalı,False
L004024,C03102,customer,Taşıt Kredisi,1428.68,60,2.74,2022-06-23,Aktif,False
L004025,C03102,customer,Kredi Kartı,31351.12,24,4.31,2024-10-07,Aktif,False
L004026,C03103,customer,Kredi Kartı,31833.01,12,4.32,2020-06-16,Kapalı,False
L004027,C03104,customer,İşletme Kredisi,47292.97,36,4.64,2025-01-03,Aktif,False
L004028,C03105,customer,İşletme Kredisi,38222.14,48,4.56,2021-04-06,Kapalı,False
L004029,C03106,customer,İşletme Kredisi,30121.42,12,4.06,2021-12-12,Aktif,False
L004030,C03107,customer,KOBİ Kredisi,10592.15,48,3.63,2021-01-01,Kapalı,True
L004031,C03109,customer,İhtiyaç Kredisi,41814.56,24,3.41,2019-08-02,Kapalı,False
L004032,C03110,customer,İşletme Kredisi,51998.38,120,4.09,2019-09-07,Aktif,False
L004033,C03110,customer,KOBİ Kredisi,46531.06,36,4.87,2020-08-28,Kapalı,False
L004034,C03110,customer,Konut Kredisi,74443.3,6,4.47,2019-11-23,Kapalı,False
L004035,C03111,customer,İşletme Kredisi,113603.29,6,3.92,2019-12-26,Kapalı,False
L004036,C03112,customer,İhtiyaç Kredisi,9388.99,120,3.32,2021-09-17,Aktif,False
L004037,C03113,customer,İşletme Kredisi,89722.1,12,4.33,2025-06-10,Kapalı,False
L004038,C03114,customer,Kredi Kartı,33065.5,6,3.09,2024-02-06,Kapalı,True
L004039,C03117,customer,İşletme Kredisi,88104.45,6,4.19,2023-10-31,Kapalı,False
L004040,C03118,customer,Kredi Kartı,3527.78,6,4.69,2026-06-12,Aktif,False
L004041,C03118,customer,Konut Kredisi,30745.06,60,4.21,2021-08-13,Kapalı,False
L004042,C03118,customer,İhtiyaç Kredisi,16052.22,6,3.24,2020-09-06,Kapalı,False
L004043,C03119,customer,İhtiyaç Kredisi,52553.05,84,4.78,2019-10-09,Aktif,False
L004044,C03119,customer,KOBİ Kredisi,16561.83,120,3.49,2022-07-24,Aktif,False
L004045,C03120,customer,İşletme Kredisi,8058.41,60,4.43,2021-11-27,Aktif,False
L004046,C03120,customer,Kredi Kartı,165606.26,12,3.21,2026-01-13,Aktif,False
L004047,C03120,customer,KOBİ Kredisi,62433.46,12,3.44,2019-10-29,Kapalı,False
L004048,C03121,customer,İhtiyaç Kredisi,7635.3,48,2.66,2020-12-06,Kapalı,False
L004049,C03122,customer,Konut Kredisi,11320.31,24,4.65,2025-05-09,Aktif,False
L004050,C03122,customer,İhtiyaç Kredisi,151214.76,6,3.49,2022-04-23,Kapalı,False
L004051,C03123,customer,Taşıt Kredisi,201263.74,24,3.49,2025-07-11,Aktif,False
L004052,C03123,customer,İşletme Kredisi,30446.07,120,4.05,2023-07-01,Aktif,False
L004053,C03124,customer,KOBİ Kredisi,6600.07,84,2.59,2020-05-25,Aktif,False
L004054,C03125,customer,Konut Kredisi,19619.8,120,4.57,2019-05-29,Aktif,False
L004055,C03127,customer,İhtiyaç Kredisi,202119.1,6,2.91,2025-06-07,Kapalı,False
L004056,C03129,customer,KOBİ Kredisi,16581.06,36,4.46,2023-12-20,Aktif,False
L004057,C03131,customer,Kredi Kartı,11554.76,84,3.07,2023-07-04,Aktif,False
L004058,C03132,customer,Kredi Kartı,39114.48,120,4.79,2020-04-17,Aktif,False
L004059,C03133,customer,Konut Kredisi,2183.72,120,4.65,2020-11-07,Aktif,False
L004060,C03135,customer,Taşıt Kredisi,19673.02,48,4.53,2019-10-11,Kapalı,False
L004061,C03136,customer,Konut Kredisi,10874.45,12,3.49,2024-03-15,Kapalı,False
L004062,C03136,customer,Kredi Kartı,120485.87,36,3.34,2026-04-10,Aktif,False
L004063,C03136,customer,KOBİ Kredisi,118242.41,24,4.47,2022-11-12,Kapalı,False
L004064,C03137,customer,İhtiyaç Kredisi,51059.47,84,4.22,2021-02-22,Aktif,False
L004065,C03138,customer,Kredi Kartı,33710.41,36,4.03,2020-05-10,Kapalı,True
L004066,C03138,customer,Konut Kredisi,42840.46,12,3.78,2026-06-07,Aktif,False
L004067,C03139,customer,İhtiyaç Kredisi,25838.31,12,2.88,2020-12-16,Kapalı,False
L004068,C03140,customer,Taşıt Kredisi,9285.61,48,4.05,2024-11-11,Aktif,False
L004069,C03141,customer,KOBİ Kredisi,21933.41,12,4.02,2021-06-11,Kapalı,False
L004070,C03142,customer,Taşıt Kredisi,24467.69,60,2.92,2024-10-30,Aktif,True
L004071,C03142,customer,KOBİ Kredisi,24778.95,12,3.6,2019-08-21,Aktif,False
L004072,C03143,customer,İhtiyaç Kredisi,5610.81,48,4.46,2022-10-30,Aktif,False
L004073,C03144,customer,İşletme Kredisi,5495.77,36,3.62,2024-09-25,Aktif,False
L004074,C03145,customer,Konut Kredisi,4150.93,84,3.02,2021-07-13,Aktif,False
L004075,C03145,customer,Konut Kredisi,34435.74,60,2.92,2021-10-20,Aktif,False
L004076,C03147,customer,Konut Kredisi,11707.49,84,3.03,2025-02-17,Aktif,False
L004077,C03148,customer,İşletme Kredisi,17921.51,84,3.84,2023-04-23,Aktif,False
L004078,C03150,customer,Taşıt Kredisi,21170.67,6,3.32,2019-02-07,Kapalı,False
L004079,C03150,customer,KOBİ Kredisi,69085.29,36,3.17,2024-03-21,Aktif,False
L004080,C03150,customer,Kredi Kartı,48680.0,60,4.3,2024-05-13,Aktif,False
L004081,C03151,customer,İhtiyaç Kredisi,14213.56,12,4.18,2022-09-18,Kapalı,False
L004082,C03151,customer,Kredi Kartı,48248.9,6,4.55,2024-02-09,Kapalı,False
L004083,C03152,customer,Taşıt Kredisi,43523.47,36,3.49,2023-10-15,Aktif,False
L004084,C03152,customer,KOBİ Kredisi,26204.96,12,3.02,2022-04-05,Kapalı,False
L004085,C03152,customer,KOBİ Kredisi,238534.16,48,3.6,2022-12-26,Aktif,False
L004086,C03153,customer,KOBİ Kredisi,32951.11,60,3.5,2021-06-28,Kapalı,False
L004087,C03154,customer,Taşıt Kredisi,26896.85,84,3.11,2023-10-19,Aktif,False
L004088,C03155,customer,İşletme Kredisi,50575.24,120,3.31,2022-06-23,Aktif,False
L004089,C03155,customer,Taşıt Kredisi,13812.11,120,2.7,2022-07-31,Aktif,False
L004090,C03156,customer,İhtiyaç Kredisi,20418.0,48,3.42,2024-11-13,Aktif,False
L004091,C03156,customer,İhtiyaç Kredisi,28226.54,24,3.21,2023-03-08,Kapalı,False
L004092,C03157,customer,Kredi Kartı,79803.16,84,4.0,2022-11-14,Aktif,False
L004093,C03157,customer,İşletme Kredisi,46754.65,120,2.9,2025-05-13,Aktif,False
L004094,C03158,customer,KOBİ Kredisi,85232.23,48,3.44,2019-02-09,Kapalı,False
L004095,C03158,customer,Konut Kredisi,60705.33,84,3.36,2023-09-05,Aktif,False
L004096,C03159,customer,Konut Kredisi,25055.57,24,3.37,2023-12-27,Kapalı,False
L004097,C03161,customer,Konut Kredisi,5525.15,24,3.44,2024-12-09,Aktif,False
L004098,C03162,customer,Kredi Kartı,141641.43,24,2.57,2022-01-28,Kapalı,False
L004099,C03162,customer,Taşıt Kredisi,66583.75,6,4.71,2024-11-05,Kapalı,False
L004100,C03163,customer,Kredi Kartı,14850.78,12,4.63,2020-07-12,Kapalı,False
L004101,C03164,customer,İşletme Kredisi,45945.68,48,4.67,2021-03-07,Kapalı,False
L004102,C03165,customer,Kredi Kartı,17488.93,60,2.64,2019-05-29,Kapalı,False
L004103,C03167,customer,Kredi Kartı,28608.71,36,3.59,2025-05-30,Aktif,False
L004104,C03168,customer,Konut Kredisi,134369.15,24,4.64,2026-07-18,Aktif,False
L004105,C03170,customer,İhtiyaç Kredisi,44363.99,6,2.53,2025-05-17,Kapalı,True
L004106,C03170,customer,KOBİ Kredisi,63143.6,48,3.06,2025-12-30,Aktif,False
L004107,C03171,customer,İhtiyaç Kredisi,791941.56,24,3.06,2024-09-17,Aktif,False
L004108,C03172,customer,Konut Kredisi,35976.07,60,3.14,2020-02-01,Kapalı,False
L004109,C03172,customer,KOBİ Kredisi,5533.22,120,4.11,2019-05-07,Aktif,False
L004110,C03174,customer,Taşıt Kredisi,7087.43,48,2.98,2025-12-26,Aktif,False
L004111,C03175,customer,KOBİ Kredisi,43183.03,36,4.26,2022-05-07,Kapalı,False
L004112,C03176,customer,KOBİ Kredisi,7387.76,120,3.64,2023-08-24,Aktif,False
L004113,C03176,customer,KOBİ Kredisi,43987.52,48,4.69,2023-05-14,Aktif,False
L004114,C03177,customer,Taşıt Kredisi,10209.13,6,3.02,2024-03-06,Kapalı,False
L004115,C03177,customer,Kredi Kartı,122112.04,120,4.24,2025-03-21,Aktif,False
L004116,C03179,customer,Kredi Kartı,121728.89,24,4.27,2024-06-04,Kapalı,True
L004117,C03179,customer,İhtiyaç Kredisi,18229.78,84,4.03,2024-10-02,Aktif,False
L004118,C03180,customer,KOBİ Kredisi,10751.09,48,2.78,2020-12-28,Kapalı,False
L004119,C03182,customer,Konut Kredisi,19716.73,60,4.49,2026-06-01,Aktif,False
L004120,C03182,customer,KOBİ Kredisi,19417.69,36,3.97,2023-02-05,Kapalı,False
L004121,C03183,customer,Taşıt Kredisi,387339.65,12,3.94,2019-12-24,Kapalı,False
L004122,C03184,customer,Konut Kredisi,12107.67,24,3.04,2022-07-08,Kapalı,False
L004123,C03184,customer,Konut Kredisi,50135.44,84,2.77,2022-04-06,Aktif,False
L004124,C03184,customer,Taşıt Kredisi,200383.46,12,3.37,2021-04-21,Kapalı,False
L004125,C03185,customer,Kredi Kartı,38629.1,60,4.14,2023-05-01,Aktif,False
L004126,C03187,customer,KOBİ Kredisi,23503.52,24,2.52,2021-06-17,Aktif,False
L004127,C03188,customer,Kredi Kartı,32887.23,24,4.26,2025-12-25,Aktif,False
L004128,C03188,customer,Kredi Kartı,26570.81,48,3.74,2023-10-30,Aktif,True
L004129,C03189,customer,İşletme Kredisi,9756.44,48,3.77,2023-05-01,Aktif,False
L004130,C03189,customer,Kredi Kartı,60521.83,120,3.83,2022-05-03,Aktif,False
L004131,C03190,customer,Taşıt Kredisi,15806.52,48,3.17,2024-12-05,Aktif,False
L004132,C03192,customer,İhtiyaç Kredisi,14519.51,12,4.15,2024-10-05,Kapalı,False
L004133,C03192,customer,KOBİ Kredisi,52937.23,12,4.15,2024-06-22,Aktif,False
L004134,C03193,customer,İşletme Kredisi,158644.09,48,3.42,2025-03-31,Aktif,False
L004135,C03193,customer,Kredi Kartı,10877.14,24,4.55,2024-06-30,Kapalı,False
L004136,C03193,customer,Konut Kredisi,105884.01,24,4.56,2024-07-13,Kapalı,True
L004137,C03194,customer,Kredi Kartı,23446.85,36,3.69,2023-10-10,Aktif,False
L004138,C03194,customer,Taşıt Kredisi,9009.28,24,3.11,2019-05-26,Kapalı,False
L004139,C03195,customer,KOBİ Kredisi,53609.96,36,2.93,2020-10-28,Kapalı,False
L004140,C03195,customer,Taşıt Kredisi,17178.95,12,3.38,2026-03-15,Aktif,False
L004141,C03196,customer,Kredi Kartı,13034.86,120,4.53,2025-04-25,Aktif,False
L004142,C03197,customer,İhtiyaç Kredisi,32237.43,12,4.59,2019-12-03,Kapalı,False
L004143,C03198,customer,KOBİ Kredisi,64032.95,84,4.54,2020-01-04,Aktif,False
L004144,C03198,customer,İşletme Kredisi,29641.59,84,4.8,2024-02-18,Aktif,False
L004145,C03199,customer,İşletme Kredisi,23725.59,120,3.01,2025-08-12,Aktif,False
L004146,C03199,customer,KOBİ Kredisi,100474.06,120,4.69,2024-11-17,Aktif,False
L004147,C03200,customer,Taşıt Kredisi,10674.75,84,4.15,2023-04-05,Aktif,False
L004148,C03200,customer,Konut Kredisi,7564.35,12,3.65,2023-11-11,Kapalı,False
L004149,C03202,customer,Kredi Kartı,11857.93,60,3.72,2025-07-06,Aktif,False
L004150,C03203,customer,İhtiyaç Kredisi,87023.04,120,4.3,2021-05-31,Aktif,False
L004151,C03203,customer,İhtiyaç Kredisi,123130.45,24,2.86,2024-01-26,Kapalı,False
L004152,C03204,customer,Taşıt Kredisi,47751.88,12,4.59,2022-12-22,Kapalı,False
L004153,C03205,customer,KOBİ Kredisi,11930.59,6,3.12,2025-10-21,Kapalı,False
L004154,C03205,customer,KOBİ Kredisi,24616.68,36,3.06,2020-03-23,Kapalı,False
L004155,C03206,customer,Konut Kredisi,388047.39,24,2.79,2025-03-19,Aktif,False
L004156,C03207,customer,Taşıt Kredisi,22110.29,84,3.99,2024-06-22,Aktif,False
L004157,C03207,customer,Kredi Kartı,31412.1,12,4.01,2024-01-07,Kapalı,False
L004158,C03208,customer,Konut Kredisi,27748.16,48,3.19,2025-01-28,Aktif,False
L004159,C03208,customer,Kredi Kartı,29806.4,12,3.72,2020-06-08,Kapalı,False
L004160,C03209,customer,Kredi Kartı,5365.89,84,4.18,2024-09-29,Aktif,False
L004161,C03211,customer,Taşıt Kredisi,179685.85,120,3.64,2019-02-21,Aktif,False
L004162,C03211,customer,Konut Kredisi,17496.65,120,4.85,2024-06-05,Aktif,False
L004163,C03212,customer,Kredi Kartı,16707.43,60,4.47,2024-11-25,Aktif,False
L004164,C03213,customer,İşletme Kredisi,182079.82,24,4.42,2024-07-10,Kapalı,False
L004165,C03213,customer,Kredi Kartı,24090.44,24,4.28,2023-01-04,Kapalı,False
L004166,C03214,customer,Kredi Kartı,5974.69,12,2.77,2025-08-17,Kapalı,False
L004167,C03215,customer,İşletme Kredisi,28105.01,36,4.16,2023-09-16,Aktif,False
L004168,C03216,customer,Konut Kredisi,33178.4,24,4.38,2020-04-26,Kapalı,False
L004169,C03217,customer,Kredi Kartı,2743.87,24,4.56,2023-05-20,Kapalı,True
L004170,C03217,customer,Kredi Kartı,90282.31,12,4.83,2020-07-07,Kapalı,False
L004171,C03217,customer,KOBİ Kredisi,33429.28,60,4.4,2023-03-27,Aktif,False
L004172,C03218,customer,Konut Kredisi,9602.05,36,3.48,2025-10-21,Aktif,False
L004173,C03219,customer,İşletme Kredisi,11514.92,36,4.88,2024-07-03,Aktif,False
L004174,C03219,customer,Kredi Kartı,7383.5,120,4.03,2021-07-24,Aktif,False
L004175,C03220,customer,Taşıt Kredisi,46336.3,84,4.52,2022-06-11,Aktif,False
L004176,C03220,customer,Taşıt Kredisi,80730.42,84,3.19,2026-05-29,Aktif,False
L004177,C03221,customer,KOBİ Kredisi,155245.95,120,2.9,2021-05-17,Aktif,True
L004178,C03222,customer,Konut Kredisi,98442.97,24,3.19,2021-04-07,Kapalı,False
L004179,C03223,customer,Kredi Kartı,12897.55,48,2.59,2021-09-07,Kapalı,False
L004180,C03224,customer,KOBİ Kredisi,9626.16,12,4.5,2023-07-22,Kapalı,False
L004181,C03225,customer,KOBİ Kredisi,12265.97,84,3.03,2021-11-28,Aktif,False
L004182,C03225,customer,Kredi Kartı,11118.13,48,3.34,2024-11-07,Aktif,False
L004183,C03226,customer,Kredi Kartı,87770.13,60,3.9,2023-04-22,Aktif,False
L004184,C03226,customer,İhtiyaç Kredisi,49380.58,36,3.12,2019-11-23,Kapalı,False
L004185,C03227,customer,KOBİ Kredisi,41867.64,6,2.68,2020-09-20,Kapalı,False
L004186,C03228,customer,Taşıt Kredisi,47678.48,48,2.61,2022-09-28,Aktif,False
L004187,C03228,customer,Kredi Kartı,23344.65,60,3.64,2023-08-10,Aktif,True
L004188,C03229,customer,İşletme Kredisi,10508.42,6,4.13,2019-11-08,Kapalı,False
L004189,C03229,customer,İhtiyaç Kredisi,17393.7,84,3.19,2025-03-21,Aktif,False
L004190,C03230,customer,KOBİ Kredisi,15488.92,60,3.19,2025-08-28,Aktif,False
L004191,C03231,customer,Konut Kredisi,51301.21,6,3.63,2021-04-15,Kapalı,False
L004192,C03231,customer,Kredi Kartı,16354.74,24,3.28,2023-10-28,Kapalı,False
L004193,C03232,customer,Konut Kredisi,31218.63,6,2.52,2022-10-05,Aktif,False
L004194,C03233,customer,Konut Kredisi,172125.46,36,2.66,2020-09-22,Aktif,False
L004195,C03233,customer,İhtiyaç Kredisi,32772.98,24,3.71,2024-05-27,Kapalı,False
L004196,C03235,customer,Kredi Kartı,125786.99,24,4.37,2022-03-06,Aktif,False
L004197,C03236,customer,Kredi Kartı,3117.03,36,2.64,2024-01-26,Aktif,False
L004198,C03236,customer,İşletme Kredisi,41272.32,48,4.14,2022-12-31,Aktif,False
L004199,C03237,customer,Kredi Kartı,31525.54,6,3.67,2020-08-13,Kapalı,True
L004200,C03239,customer,Kredi Kartı,17581.38,12,4.18,2019-06-26,Kapalı,False
L004201,C03241,customer,İhtiyaç Kredisi,15152.33,6,4.32,2023-08-18,Kapalı,False
L004202,C03241,customer,Konut Kredisi,20674.81,84,3.76,2024-07-21,Aktif,False
L004203,C03242,customer,Kredi Kartı,19740.42,24,4.09,2022-03-21,Kapalı,False
L004204,C03243,customer,KOBİ Kredisi,25317.71,48,4.21,2020-02-12,Kapalı,False
L004205,C03244,customer,Kredi Kartı,84709.18,60,4.01,2019-03-11,Kapalı,False
L004206,C03245,customer,KOBİ Kredisi,48645.63,48,3.44,2022-06-08,Kapalı,False
L004207,C03246,customer,İşletme Kredisi,54551.6,24,3.09,2020-01-28,Kapalı,False
L004208,C03247,customer,İşletme Kredisi,57327.79,84,3.91,2022-06-26,Aktif,False
L004209,C03247,customer,Konut Kredisi,18547.68,6,3.42,2022-03-03,Kapalı,False
L004210,C03248,customer,Konut Kredisi,26464.84,60,2.72,2019-11-21,Kapalı,True
L004211,C03249,customer,KOBİ Kredisi,146603.58,6,2.61,2019-07-26,Kapalı,False
L004212,C03250,customer,Taşıt Kredisi,298269.96,84,4.73,2022-09-17,Aktif,False
L004213,C03250,customer,KOBİ Kredisi,14074.95,120,3.0,2025-09-08,Aktif,False
L004214,C03250,customer,KOBİ Kredisi,36123.48,84,2.94,2020-07-04,Aktif,False
L004215,C03251,customer,Konut Kredisi,52067.41,12,3.81,2024-03-13,Kapalı,False
L004216,C03253,customer,İhtiyaç Kredisi,10043.02,48,2.95,2024-11-11,Aktif,False
L004217,C03253,customer,İhtiyaç Kredisi,16723.59,84,3.31,2023-01-16,Aktif,False
L004218,C03255,customer,Kredi Kartı,78085.82,84,3.97,2020-02-28,Aktif,False
L004219,C03255,customer,İşletme Kredisi,11257.51,24,4.18,2026-05-14,Aktif,False
L004220,C03255,customer,İhtiyaç Kredisi,22768.06,12,3.18,2025-07-14,Kapalı,False
L004221,C03256,customer,İşletme Kredisi,10302.48,120,2.67,2023-01-24,Aktif,False
L004222,C03256,customer,İhtiyaç Kredisi,11428.8,24,4.83,2020-12-12,Kapalı,False
L004223,C03256,customer,KOBİ Kredisi,14628.11,6,2.55,2021-10-23,Kapalı,False
L004224,C03258,customer,İhtiyaç Kredisi,100333.53,84,3.69,2025-05-02,Aktif,False
L004225,C03259,customer,İhtiyaç Kredisi,112497.39,36,3.41,2025-10-04,Aktif,False
L004226,C03260,customer,İhtiyaç Kredisi,42137.58,6,4.42,2024-09-09,Aktif,False
L004227,C03261,customer,Kredi Kartı,70870.99,36,4.74,2022-07-24,Kapalı,False
L004228,C03262,customer,KOBİ Kredisi,12320.16,12,2.83,2022-02-27,Kapalı,True
L004229,C03262,customer,Taşıt Kredisi,10867.19,12,4.81,2025-09-05,Aktif,True
L004230,C03263,customer,Taşıt Kredisi,27093.03,12,2.97,2020-09-08,Kapalı,False
L004231,C03264,customer,Konut Kredisi,25868.63,36,4.46,2022-10-04,Kapalı,False
L004232,C03264,customer,Konut Kredisi,9407.63,12,3.87,2020-11-05,Aktif,False
L004233,C03265,customer,Kredi Kartı,33172.41,24,3.76,2026-05-15,Aktif,True
L004234,C03266,customer,İşletme Kredisi,22275.71,60,3.4,2023-05-25,Aktif,False
L004235,C03266,customer,İhtiyaç Kredisi,40995.69,6,3.29,2020-09-15,Kapalı,False
L004236,C03267,customer,Konut Kredisi,27685.96,12,2.91,2019-10-14,Kapalı,False
L004237,C03267,customer,Kredi Kartı,35732.48,24,4.53,2019-04-29,Kapalı,True
L004238,C03268,customer,KOBİ Kredisi,18425.78,12,2.88,2022-10-05,Kapalı,False
L004239,C03268,customer,Kredi Kartı,35714.25,24,3.19,2024-03-14,Aktif,False
L004240,C03269,customer,Kredi Kartı,22499.8,12,3.19,2026-03-29,Aktif,False
L004241,C03269,customer,İhtiyaç Kredisi,16613.77,48,3.6,2023-01-05,Aktif,False
L004242,C03270,customer,İşletme Kredisi,15374.05,120,3.28,2023-07-23,Aktif,False
L004243,C03271,customer,KOBİ Kredisi,51957.31,6,4.16,2025-12-07,Kapalı,False
L004244,C03272,customer,İşletme Kredisi,397040.94,60,4.65,2020-10-01,Kapalı,False
L004245,C03273,customer,İhtiyaç Kredisi,34498.04,60,4.15,2022-04-16,Aktif,False
L004246,C03274,customer,KOBİ Kredisi,204018.02,48,2.86,2020-01-20,Aktif,False
L004247,C03275,customer,İşletme Kredisi,20445.95,12,3.68,2020-03-08,Kapalı,False
L004248,C03275,customer,Konut Kredisi,5426.5,48,3.65,2025-04-06,Aktif,False
L004249,C03276,customer,Taşıt Kredisi,15114.49,84,2.96,2023-09-30,Aktif,False
L004250,C03278,customer,Taşıt Kredisi,143144.76,60,3.26,2023-02-14,Aktif,False
L004251,C03278,customer,İşletme Kredisi,14951.36,60,3.92,2025-04-27,Aktif,False
L004252,C03279,customer,Kredi Kartı,7159.57,120,4.05,2022-09-10,Aktif,False
L004253,C03279,customer,Taşıt Kredisi,18840.3,84,4.03,2022-11-20,Aktif,False
L004254,C03280,customer,KOBİ Kredisi,42622.77,6,3.82,2019-08-21,Kapalı,False
L004255,C03281,customer,Kredi Kartı,16260.23,48,4.49,2022-03-08,Aktif,False
L004256,C03282,customer,Taşıt Kredisi,7192.38,6,3.54,2025-01-25,Kapalı,False
L004257,C03283,customer,İhtiyaç Kredisi,160497.93,84,4.48,2020-12-30,Aktif,False
L004258,C03283,customer,Taşıt Kredisi,27794.6,60,2.99,2026-02-24,Aktif,False
L004259,C03284,customer,Taşıt Kredisi,59599.62,84,2.64,2020-01-17,Aktif,False
L004260,C03285,customer,İhtiyaç Kredisi,60596.89,6,3.46,2019-01-30,Kapalı,False
L004261,C03286,customer,Kredi Kartı,56722.84,24,4.89,2020-05-23,Kapalı,False
L004262,C03286,customer,İşletme Kredisi,23462.46,84,4.37,2025-11-23,Aktif,False
L004263,C03287,customer,KOBİ Kredisi,13983.45,6,3.88,2019-07-21,Kapalı,False
L004264,C03287,customer,Kredi Kartı,22847.91,60,3.37,2024-01-06,Aktif,False
L004265,C03288,customer,Konut Kredisi,18528.93,60,4.31,2022-09-15,Aktif,False
L004266,C03289,customer,Kredi Kartı,184449.11,36,2.86,2025-06-14,Aktif,False
L004267,C03290,customer,KOBİ Kredisi,16760.64,84,4.73,2022-06-18,Aktif,False
L004268,C03291,customer,Kredi Kartı,7472.7,12,3.11,2022-03-01,Kapalı,False
L004269,C03292,customer,Konut Kredisi,4008.6,6,2.69,2025-07-01,Kapalı,False
L004270,C03293,customer,İşletme Kredisi,122124.47,6,2.74,2025-07-30,Kapalı,False
L004271,C03294,customer,İhtiyaç Kredisi,1861.13,60,2.66,2023-03-21,Aktif,True
L004272,C03295,customer,Taşıt Kredisi,517462.14,24,3.54,2023-05-16,Kapalı,False
L004273,C03296,customer,Taşıt Kredisi,140715.01,60,2.54,2020-02-03,Kapalı,False
L004274,C03297,customer,Taşıt Kredisi,120805.68,6,3.07,2024-09-16,Kapalı,True
L004275,C03298,customer,Taşıt Kredisi,121780.31,6,4.28,2020-10-26,Kapalı,False
L004276,C03298,customer,KOBİ Kredisi,42183.42,84,4.55,2026-06-14,Aktif,False
L004277,C03299,customer,KOBİ Kredisi,74165.01,120,3.07,2019-01-22,Aktif,False
L004278,C03300,customer,Konut Kredisi,16736.74,12,2.97,2019-08-20,Kapalı,False
L004279,C03301,customer,İşletme Kredisi,6956.41,12,4.16,2019-02-01,Kapalı,False
L004280,C03301,customer,İşletme Kredisi,17435.56,84,3.09,2024-07-22,Aktif,False
L004281,C03302,customer,Konut Kredisi,114311.92,60,3.33,2022-12-09,Aktif,False
L004282,C03302,customer,Kredi Kartı,8406.5,120,4.44,2019-05-28,Aktif,False
L004283,C03303,customer,Konut Kredisi,43895.51,36,2.74,2022-03-05,Kapalı,False
L004284,C03303,customer,İhtiyaç Kredisi,40314.41,6,4.72,2019-08-05,Kapalı,False
L004285,C03304,customer,Konut Kredisi,39793.53,120,2.98,2026-01-07,Aktif,False
L004286,C03305,customer,İşletme Kredisi,58903.11,36,2.72,2026-04-26,Aktif,False
L004287,C03306,customer,Kredi Kartı,8872.73,48,4.85,2025-08-24,Aktif,False
L004288,C03306,customer,Taşıt Kredisi,20133.9,120,4.66,2022-03-10,Aktif,False
L004289,C03307,customer,İhtiyaç Kredisi,52557.07,84,4.07,2021-05-02,Aktif,False
L004290,C03307,customer,İşletme Kredisi,73676.75,60,2.75,2021-05-04,Kapalı,False
L004291,C03308,customer,Kredi Kartı,37657.25,24,4.73,2024-09-08,Aktif,False
L004292,C03308,customer,Taşıt Kredisi,45121.15,84,3.83,2025-07-13,Aktif,False
L004293,C03309,customer,Taşıt Kredisi,25888.02,48,4.04,2026-07-24,Aktif,False
L004294,C03310,customer,İhtiyaç Kredisi,44436.19,60,4.03,2020-07-14,Kapalı,False
L004295,C03311,customer,İhtiyaç Kredisi,35342.74,84,3.22,2022-12-19,Aktif,False
L004296,C03311,customer,KOBİ Kredisi,278040.17,48,4.05,2021-05-16,Kapalı,False
L004297,C03312,customer,İhtiyaç Kredisi,39267.64,60,3.9,2022-04-23,Aktif,False
L004298,C03312,customer,Kredi Kartı,30829.37,84,3.61,2025-05-23,Aktif,False
L004299,C03313,customer,İhtiyaç Kredisi,18399.84,48,3.62,2024-09-25,Aktif,False
L004300,C03313,customer,İşletme Kredisi,9085.97,24,3.22,2024-02-12,Kapalı,False
L004301,C03314,customer,Taşıt Kredisi,80142.98,36,2.94,2019-06-01,Kapalı,False
L004302,C03315,customer,Taşıt Kredisi,14663.72,24,2.66,2022-02-14,Aktif,False
L004303,C03316,customer,KOBİ Kredisi,72573.47,120,4.47,2020-04-29,Aktif,False
L004304,C03317,customer,Kredi Kartı,36389.64,36,2.83,2023-10-24,Aktif,False
L004305,C03318,customer,Taşıt Kredisi,27117.66,12,2.6,2024-06-03,Kapalı,False
L004306,C03319,customer,İhtiyaç Kredisi,27487.78,12,3.67,2022-11-02,Kapalı,False
L004307,C03320,customer,İşletme Kredisi,37106.4,24,3.97,2023-11-11,Kapalı,False
L004308,C03321,customer,KOBİ Kredisi,102085.59,6,3.11,2025-06-24,Kapalı,True
L004309,C03322,customer,Taşıt Kredisi,11554.17,60,3.71,2023-01-30,Aktif,False
L004310,C03323,customer,İhtiyaç Kredisi,111412.99,6,2.86,2021-09-12,Kapalı,False
L004311,C03323,customer,KOBİ Kredisi,3442.76,84,4.19,2021-03-07,Aktif,False
L004312,C03325,customer,Konut Kredisi,49680.95,12,2.75,2020-07-30,Kapalı,False
L004313,C03325,customer,KOBİ Kredisi,30694.11,60,4.04,2023-04-01,Aktif,False
L004314,C03326,customer,Konut Kredisi,20838.81,60,3.75,2021-10-17,Aktif,False
L004315,C03326,customer,Kredi Kartı,170696.04,120,3.28,2019-05-28,Aktif,False
L004316,C03328,customer,Konut Kredisi,35170.71,24,3.07,2020-07-13,Kapalı,False
L004317,C03329,customer,Konut Kredisi,6147.97,12,3.84,2023-11-16,Kapalı,False
L004318,C03330,customer,Taşıt Kredisi,18804.36,12,3.62,2025-12-10,Aktif,False
L004319,C03330,customer,Konut Kredisi,8787.41,48,3.51,2020-06-26,Kapalı,False
L004320,C03331,customer,İhtiyaç Kredisi,27351.49,48,3.34,2022-09-19,Aktif,False
L004321,C03332,customer,İhtiyaç Kredisi,166387.2,36,2.95,2020-07-19,Kapalı,False
L004322,C03332,customer,Konut Kredisi,41458.29,48,4.07,2023-11-10,Aktif,False
L004323,C03333,customer,Taşıt Kredisi,11404.26,60,2.77,2023-02-23,Aktif,False
L004324,C03333,customer,Taşıt Kredisi,16361.05,120,4.13,2019-10-31,Aktif,False
L004325,C03334,customer,Taşıt Kredisi,63864.3,6,4.06,2024-04-10,Kapalı,True
L004326,C03335,customer,İhtiyaç Kredisi,40092.2,48,3.88,2026-07-24,Aktif,False
L004327,C03336,customer,Taşıt Kredisi,7345.55,120,4.73,2024-09-12,Aktif,False
L004328,C03337,customer,Taşıt Kredisi,8773.94,48,2.82,2022-08-16,Kapalı,False
L004329,C03337,customer,Taşıt Kredisi,3692.42,12,4.85,2026-01-14,Aktif,False
L004330,C03338,customer,İhtiyaç Kredisi,20699.26,48,3.27,2019-02-18,Aktif,False
L004331,C03338,customer,İhtiyaç Kredisi,83562.32,36,3.65,2023-09-29,Aktif,False
L004332,C03338,customer,KOBİ Kredisi,4984.31,6,3.01,2019-09-29,Kapalı,True
L004333,C03339,customer,Konut Kredisi,90302.29,12,3.42,2024-12-23,Aktif,False
L004334,C03339,customer,KOBİ Kredisi,7283.24,48,4.18,2021-11-26,Kapalı,False
L004335,C03340,customer,Konut Kredisi,177567.48,48,3.61,2021-10-20,Kapalı,False
L004336,C03340,customer,Kredi Kartı,29179.68,24,2.78,2020-06-04,Kapalı,False
L004337,C03341,customer,Konut Kredisi,11091.38,24,2.72,2021-06-26,Kapalı,False
L004338,C03342,customer,Kredi Kartı,110460.64,48,4.14,2026-02-06,Aktif,False
L004339,C03342,customer,İhtiyaç Kredisi,5415.8,36,2.86,2024-08-24,Aktif,False
L004340,C03343,customer,Taşıt Kredisi,19866.67,48,4.62,2024-05-25,Aktif,False
L004341,C03344,customer,Konut Kredisi,45199.19,60,4.03,2021-01-20,Kapalı,False
L004342,C03345,customer,Konut Kredisi,29061.16,36,4.22,2024-04-21,Aktif,False
L004343,C03346,customer,Konut Kredisi,73484.61,24,3.74,2020-10-07,Kapalı,False
L004344,C03346,customer,İhtiyaç Kredisi,34358.65,84,4.49,2022-03-25,Aktif,False
L004345,C03347,customer,Taşıt Kredisi,327182.49,60,3.96,2020-05-14,Kapalı,False
L004346,C03347,customer,Kredi Kartı,27711.02,84,4.38,2020-07-04,Aktif,False
L004347,C03347,customer,Konut Kredisi,63414.41,60,4.18,2021-07-26,Kapalı,False
L004348,C03348,customer,Konut Kredisi,54448.61,60,2.6,2025-01-26,Aktif,False
L004349,C03348,customer,İşletme Kredisi,98590.67,12,4.74,2026-02-18,Aktif,False
L004350,C03349,customer,İhtiyaç Kredisi,21235.21,36,3.89,2022-01-01,Kapalı,False
L004351,C03350,customer,Konut Kredisi,51582.18,48,2.54,2025-12-01,Aktif,False
L004352,C03350,customer,İşletme Kredisi,107146.18,60,4.24,2021-05-16,Kapalı,False
L004353,C03351,customer,İhtiyaç Kredisi,67967.79,12,3.53,2019-10-15,Kapalı,True
L004354,C03351,customer,İşletme Kredisi,58512.93,36,4.89,2020-08-16,Kapalı,False
L004355,C03352,customer,Taşıt Kredisi,53943.19,12,4.68,2023-10-15,Kapalı,False
L004356,C03352,customer,Kredi Kartı,30517.81,120,4.45,2023-09-15,Aktif,False
L004357,C03353,customer,İhtiyaç Kredisi,3523.64,120,3.1,2021-04-27,Aktif,False
L004358,C03354,customer,İhtiyaç Kredisi,37108.89,6,3.89,2020-08-29,Kapalı,False
L004359,C03355,customer,İşletme Kredisi,29945.36,36,3.76,2021-06-13,Aktif,False
L004360,C03356,customer,Konut Kredisi,59306.05,24,2.64,2026-04-28,Aktif,False
L004361,C03357,customer,İhtiyaç Kredisi,78967.72,6,3.96,2023-12-26,Kapalı,False
L004362,C03357,customer,İşletme Kredisi,6746.24,120,3.9,2019-11-06,Aktif,False
L004363,C03358,customer,Konut Kredisi,15142.29,48,3.76,2024-11-11,Aktif,False
L004364,C03359,customer,Konut Kredisi,11677.97,36,3.54,2025-03-27,Aktif,False
L004365,C03359,customer,İhtiyaç Kredisi,11384.7,84,2.8,2023-08-03,Aktif,False
L004366,C03360,customer,İşletme Kredisi,167487.19,12,3.0,2022-07-12,Kapalı,False
L004367,C03360,customer,KOBİ Kredisi,3851.41,24,4.74,2020-08-21,Aktif,False
L004368,C03361,customer,Taşıt Kredisi,29449.29,36,3.51,2023-04-26,Kapalı,False
L004369,C03362,customer,Konut Kredisi,80275.75,48,3.26,2025-05-13,Aktif,False
L004370,C03362,customer,KOBİ Kredisi,6832.45,60,2.77,2025-04-25,Aktif,False
L004371,C03362,customer,Taşıt Kredisi,54870.14,6,3.59,2023-01-25,Kapalı,False
L004372,C03363,customer,Konut Kredisi,33473.44,6,3.96,2024-03-29,Aktif,False
L004373,C03364,customer,KOBİ Kredisi,6432.65,12,3.41,2023-08-02,Kapalı,False
L004374,C03365,customer,Kredi Kartı,53266.49,6,4.57,2024-05-23,Aktif,False
L004375,C03366,customer,İşletme Kredisi,7928.58,24,3.11,2023-02-01,Kapalı,False
L004376,C03367,customer,İhtiyaç Kredisi,47862.84,84,4.33,2023-09-08,Aktif,False
L004377,C03368,customer,Taşıt Kredisi,51564.7,60,2.83,2019-05-18,Kapalı,True
L004378,C03369,customer,İhtiyaç Kredisi,20712.81,6,4.16,2025-03-02,Kapalı,False
L004379,C03369,customer,İşletme Kredisi,40686.1,24,4.25,2020-06-17,Kapalı,False
L004380,C03370,customer,Konut Kredisi,32232.47,60,3.35,2025-08-24,Aktif,False
L004381,C03371,customer,İhtiyaç Kredisi,33112.48,120,4.25,2024-10-06,Aktif,False
L004382,C03372,customer,İşletme Kredisi,17270.44,120,3.83,2024-08-30,Aktif,False
L004383,C03372,customer,KOBİ Kredisi,10472.56,36,4.29,2022-01-23,Kapalı,False
L004384,C03373,customer,İşletme Kredisi,79010.57,84,4.67,2024-05-17,Aktif,False
L004385,C03374,customer,KOBİ Kredisi,26546.51,120,4.36,2024-02-10,Aktif,False
L004386,C03375,customer,Kredi Kartı,3647.19,36,3.01,2024-05-23,Aktif,False
L004387,C03375,customer,Taşıt Kredisi,17327.43,120,3.66,2025-05-05,Aktif,False
L004388,C03376,customer,KOBİ Kredisi,12107.17,24,3.53,2025-03-25,Aktif,False
L004389,C03377,customer,Taşıt Kredisi,50312.23,84,3.13,2023-12-21,Aktif,False
L004390,C03377,customer,Kredi Kartı,24304.02,48,4.01,2023-07-14,Aktif,False
L004391,C03378,customer,İhtiyaç Kredisi,14040.5,12,3.38,2021-02-02,Kapalı,False
L004392,C03379,customer,İşletme Kredisi,5386.22,24,3.65,2020-12-15,Kapalı,False
L004393,C03380,customer,İşletme Kredisi,21989.54,120,3.51,2019-05-30,Aktif,False
L004394,C03381,customer,Taşıt Kredisi,7372.99,48,2.81,2019-07-19,Kapalı,False
L004395,C03382,customer,İşletme Kredisi,36035.24,60,2.71,2021-08-06,Kapalı,False
L004396,C03383,customer,Konut Kredisi,30848.58,120,2.62,2024-06-30,Aktif,False
L004397,C03384,customer,Kredi Kartı,7091.27,48,4.41,2022-10-19,Aktif,False
L004398,C03385,customer,İşletme Kredisi,146745.05,48,4.87,2020-05-12,Kapalı,False
L004399,C03385,customer,İşletme Kredisi,22312.04,6,3.83,2025-01-27,Kapalı,False
L004400,C03386,customer,İşletme Kredisi,40656.18,6,3.09,2025-07-28,Kapalı,False
L004401,C03387,customer,KOBİ Kredisi,72930.36,84,4.83,2022-03-13,Aktif,False
L004402,C03388,customer,İşletme Kredisi,5698.16,12,3.78,2024-05-02,Kapalı,False
L004403,C03390,customer,Konut Kredisi,7609.48,24,3.58,2022-10-06,Kapalı,False
L004404,C03390,customer,İhtiyaç Kredisi,31172.93,24,4.89,2022-12-09,Kapalı,False
L004405,C03391,customer,İhtiyaç Kredisi,15094.57,6,3.93,2021-02-27,Kapalı,False
L004406,C03393,customer,KOBİ Kredisi,18981.52,36,4.71,2024-05-02,Aktif,False
L004407,C03393,customer,İhtiyaç Kredisi,10965.21,24,3.87,2024-04-10,Aktif,False
L004408,C03394,customer,Taşıt Kredisi,30631.72,36,3.79,2020-06-29,Aktif,False
L004409,C03394,customer,Kredi Kartı,34925.9,60,3.16,2024-08-13,Aktif,False
L004410,C03395,customer,Kredi Kartı,37118.49,84,2.52,2021-05-02,Aktif,False
L004411,C03396,customer,Kredi Kartı,150079.67,24,4.26,2024-09-23,Aktif,False
L004412,C03397,customer,İşletme Kredisi,9361.96,84,4.27,2024-03-21,Aktif,False
L004413,C03397,customer,Taşıt Kredisi,73422.69,84,3.82,2019-04-03,Kapalı,False
L004414,C03398,customer,İşletme Kredisi,8624.58,36,2.5,2021-09-15,Kapalı,False
L004415,C03399,customer,Kredi Kartı,22449.36,12,3.55,2023-12-03,Kapalı,False
L004416,C03400,customer,KOBİ Kredisi,38999.61,6,2.83,2025-08-15,Kapalı,False
L004417,C03401,customer,İhtiyaç Kredisi,60744.03,6,3.28,2026-07-25,Aktif,False
L004418,C03402,customer,Kredi Kartı,29859.82,60,3.85,2019-10-22,Kapalı,False
L004419,C03403,customer,İşletme Kredisi,21490.91,12,3.68,2022-02-02,Kapalı,False
L004420,C03404,customer,Taşıt Kredisi,57221.17,6,4.38,2024-01-04,Kapalı,False
L004421,C03405,customer,İşletme Kredisi,16498.22,84,4.75,2021-04-16,Aktif,False
L004422,C03406,customer,KOBİ Kredisi,19163.83,48,2.56,2023-05-12,Aktif,False
L004423,C03406,customer,İhtiyaç Kredisi,37967.22,120,3.75,2025-02-24,Aktif,False
L004424,C03408,customer,İhtiyaç Kredisi,91358.28,24,2.98,2024-01-24,Kapalı,False
L004425,C03408,customer,İşletme Kredisi,12289.61,12,2.88,2024-04-13,Kapalı,False
L004426,C03409,customer,Konut Kredisi,11014.96,24,3.18,2021-06-21,Aktif,False
L004427,C03410,customer,Kredi Kartı,133536.65,24,3.03,2024-05-30,Kapalı,False
L004428,C03410,customer,Konut Kredisi,184843.86,12,3.48,2024-11-07,Aktif,False
L004429,C03410,customer,KOBİ Kredisi,37668.97,24,3.29,2021-08-31,Kapalı,False
L004430,C03411,customer,Kredi Kartı,16612.28,36,3.39,2020-03-26,Kapalı,False
L004431,C03411,customer,İhtiyaç Kredisi,30832.02,6,2.71,2021-08-19,Kapalı,False
L004432,C03412,customer,Kredi Kartı,40939.74,48,4.68,2026-03-13,Aktif,False
L004433,C03414,customer,İhtiyaç Kredisi,29651.99,48,4.14,2020-05-02,Kapalı,False
L004434,C03415,customer,İhtiyaç Kredisi,11239.8,36,4.4,2019-08-03,Kapalı,False
L004435,C03415,customer,Taşıt Kredisi,21482.93,6,2.6,2026-02-13,Kapalı,False
L004436,C03416,customer,Taşıt Kredisi,53056.1,6,4.11,2023-02-10,Aktif,False
L004437,C03417,customer,İhtiyaç Kredisi,15242.48,36,2.52,2025-07-09,Aktif,False
L004438,C03418,customer,Kredi Kartı,50435.43,24,4.24,2023-08-30,Kapalı,False
L004439,C03419,customer,Taşıt Kredisi,18166.95,6,2.91,2024-07-27,Kapalı,False
L004440,C03421,customer,Kredi Kartı,131476.39,120,3.43,2019-09-29,Aktif,False
L004441,C03421,customer,KOBİ Kredisi,29258.96,48,3.34,2020-08-27,Kapalı,False
L004442,C03422,customer,Kredi Kartı,63622.97,84,2.82,2020-02-18,Aktif,False
L004443,C03423,customer,Konut Kredisi,101619.26,120,2.98,2025-11-03,Aktif,False
L004444,C03424,customer,Kredi Kartı,38715.87,12,2.73,2020-11-10,Kapalı,False
L004445,C03425,customer,İhtiyaç Kredisi,44147.45,84,4.07,2019-04-29,Kapalı,False
L004446,C03426,customer,Kredi Kartı,24915.82,24,3.28,2026-07-23,Aktif,False
L004447,C03426,customer,Taşıt Kredisi,17394.68,12,3.12,2019-12-24,Kapalı,True
L004448,C03427,customer,Taşıt Kredisi,14225.45,12,3.32,2022-12-03,Kapalı,False
L004449,C03428,customer,İşletme Kredisi,72351.11,6,2.97,2022-03-04,Kapalı,False
L004450,C03428,customer,KOBİ Kredisi,97550.99,12,4.7,2024-03-26,Aktif,False
L004451,C03429,customer,İhtiyaç Kredisi,11856.42,24,3.38,2024-10-01,Aktif,False
L004452,C03430,customer,Taşıt Kredisi,96189.47,24,4.57,2021-06-16,Kapalı,False
L004453,C03431,customer,Taşıt Kredisi,23617.38,24,2.63,2021-04-21,Kapalı,True
L004454,C03432,customer,KOBİ Kredisi,14878.69,120,4.32,2024-10-18,Aktif,False
L004455,C03432,customer,KOBİ Kredisi,41710.42,24,4.7,2020-04-02,Kapalı,False
L004456,C03433,customer,KOBİ Kredisi,50913.64,84,4.75,2023-01-27,Aktif,False
L004457,C03433,customer,Konut Kredisi,26886.43,120,4.89,2019-03-30,Aktif,False
L004458,C03434,customer,Taşıt Kredisi,6652.09,12,4.61,2021-11-08,Aktif,False
L004459,C03434,customer,Konut Kredisi,11151.01,6,2.56,2020-07-23,Kapalı,False
L004460,C03435,customer,İhtiyaç Kredisi,45655.27,84,4.7,2026-04-20,Aktif,False
L004461,C03436,customer,Konut Kredisi,24240.82,12,4.75,2019-07-11,Kapalı,False
L004462,C03436,customer,Konut Kredisi,60581.23,60,3.61,2022-10-14,Aktif,False
L004463,C03437,customer,Taşıt Kredisi,10418.45,6,2.52,2019-04-12,Kapalı,False
L004464,C03438,customer,İhtiyaç Kredisi,16922.04,24,4.63,2022-01-12,Kapalı,False
L004465,C03439,customer,İhtiyaç Kredisi,52365.67,48,3.73,2023-07-28,Aktif,False
L004466,C03440,customer,KOBİ Kredisi,33150.64,6,3.28,2026-01-02,Kapalı,False
L004467,C03440,customer,Kredi Kartı,65856.62,120,2.96,2025-10-26,Aktif,False
L004468,C03441,customer,Taşıt Kredisi,94233.79,24,3.25,2026-01-04,Aktif,False
L004469,C03443,customer,Kredi Kartı,27386.04,36,3.81,2023-04-08,Aktif,False
L004470,C03445,customer,İhtiyaç Kredisi,31175.08,60,3.73,2021-04-14,Aktif,False
L004471,C03446,customer,Konut Kredisi,18960.1,12,3.8,2024-07-25,Kapalı,False
L004472,C03446,customer,Kredi Kartı,61370.86,60,3.83,2024-08-12,Aktif,False
L004473,C03446,customer,İhtiyaç Kredisi,83950.0,24,4.4,2020-05-09,Kapalı,False
L004474,C03448,customer,Konut Kredisi,82727.1,24,2.67,2021-12-17,Kapalı,False
L004475,C03448,customer,İhtiyaç Kredisi,61840.26,120,3.67,2020-05-19,Aktif,False
L004476,C03450,customer,İhtiyaç Kredisi,25660.53,84,3.89,2020-01-11,Aktif,False
L004477,C03452,customer,İşletme Kredisi,74149.69,6,2.76,2022-06-18,Kapalı,False
L004478,C03453,customer,İhtiyaç Kredisi,15526.31,12,3.48,2021-01-12,Aktif,True
L004479,C03453,customer,Taşıt Kredisi,7062.54,84,3.96,2020-05-17,Aktif,True
L004480,C03454,customer,Kredi Kartı,40076.82,6,2.67,2023-10-08,Kapalı,False
L004481,C03454,customer,Taşıt Kredisi,34729.93,84,2.65,2024-04-15,Aktif,False
L004482,C03455,customer,KOBİ Kredisi,33835.53,120,3.93,2023-12-03,Aktif,False
L004483,C03457,customer,Taşıt Kredisi,28457.91,48,4.74,2025-05-29,Aktif,False
L004484,C03458,customer,İhtiyaç Kredisi,43265.27,84,2.57,2021-08-11,Aktif,False
L004485,C03458,customer,Taşıt Kredisi,32903.23,48,3.83,2025-02-05,Aktif,False
L004486,C03459,customer,Konut Kredisi,18349.32,120,3.97,2022-07-01,Aktif,False
L004487,C03460,customer,İşletme Kredisi,11878.75,60,3.12,2023-12-07,Aktif,False
L004488,C03460,customer,KOBİ Kredisi,60763.22,12,4.82,2024-07-04,Kapalı,False
L004489,C03461,customer,KOBİ Kredisi,69622.54,48,2.89,2024-11-06,Aktif,False
L004490,C03461,customer,KOBİ Kredisi,15787.34,48,2.97,2021-08-23,Kapalı,False
L004491,C03462,customer,KOBİ Kredisi,5618.02,84,4.54,2021-08-11,Aktif,False
L004492,C03463,customer,İşletme Kredisi,44894.69,12,2.74,2022-08-25,Aktif,False
L004493,C03463,customer,KOBİ Kredisi,102545.91,6,4.22,2025-07-30,Kapalı,False
L004494,C03464,customer,Kredi Kartı,64178.68,24,2.91,2023-05-09,Kapalı,False
L004495,C03464,customer,İşletme Kredisi,64536.82,24,4.66,2023-10-31,Kapalı,False
L004496,C03465,customer,İşletme Kredisi,16812.9,24,2.56,2021-10-27,Kapalı,False
L004497,C03466,customer,Konut Kredisi,5941.22,24,3.33,2019-10-15,Kapalı,False
L004498,C03466,customer,İhtiyaç Kredisi,9058.72,6,3.5,2019-10-04,Kapalı,False
L004499,C03467,customer,KOBİ Kredisi,12221.0,36,4.83,2021-04-22,Kapalı,False
L004500,C03468,customer,KOBİ Kredisi,30469.92,12,4.74,2022-11-02,Kapalı,False
L004501,C03468,customer,İşletme Kredisi,37915.33,84,3.03,2024-05-01,Aktif,False
L004502,C03471,customer,Taşıt Kredisi,60577.78,6,3.71,2021-02-16,Kapalı,False
L004503,C03472,customer,KOBİ Kredisi,73387.2,24,4.17,2024-10-31,Aktif,False
L004504,C03472,customer,İşletme Kredisi,1942.01,60,2.93,2026-03-24,Aktif,False
L004505,C03472,customer,Konut Kredisi,28295.2,6,3.16,2024-02-16,Kapalı,False
L004506,C03473,customer,Taşıt Kredisi,57070.02,12,4.0,2025-05-30,Kapalı,False
L004507,C03473,customer,Kredi Kartı,375850.54,60,4.3,2026-01-15,Aktif,False
L004508,C03474,customer,Taşıt Kredisi,15731.64,48,4.58,2023-06-04,Aktif,False
L004509,C03475,customer,İşletme Kredisi,166969.04,84,4.56,2024-03-04,Aktif,False
L004510,C03475,customer,İşletme Kredisi,52630.24,120,3.4,2019-09-06,Aktif,False
L004511,C03475,customer,Konut Kredisi,161758.2,48,3.75,2020-09-14,Aktif,False
L004512,C03476,customer,Kredi Kartı,12471.62,120,4.41,2019-06-12,Aktif,False
L004513,C03477,customer,Kredi Kartı,16835.24,60,3.79,2023-03-13,Aktif,False
L004514,C03478,customer,Kredi Kartı,40210.32,24,4.87,2019-05-23,Aktif,False
L004515,C03478,customer,Kredi Kartı,52063.42,60,2.91,2021-08-17,Kapalı,False
L004516,C03479,customer,İşletme Kredisi,16427.13,6,2.76,2025-03-19,Kapalı,False
L004517,C03480,customer,Konut Kredisi,41732.43,36,4.61,2025-02-09,Aktif,False
L004518,C03480,customer,İhtiyaç Kredisi,5794.26,120,3.5,2024-06-26,Aktif,False
L004519,C03481,customer,Kredi Kartı,15997.59,12,2.82,2020-11-01,Aktif,False
L004520,C03482,customer,Kredi Kartı,12827.06,48,3.92,2019-11-12,Aktif,False
L004521,C03483,customer,Kredi Kartı,14865.45,6,3.35,2025-11-26,Kapalı,False
L004522,C03484,customer,Kredi Kartı,46894.65,6,4.7,2023-12-27,Kapalı,False
L004523,C03485,customer,Taşıt Kredisi,14536.89,6,3.66,2023-08-05,Kapalı,False
L004524,C03485,customer,Taşıt Kredisi,9729.59,120,4.51,2020-05-27,Aktif,False
L004525,C03486,customer,Konut Kredisi,5963.33,120,2.52,2019-02-18,Aktif,False
L004526,C03487,customer,İşletme Kredisi,9045.86,84,2.83,2024-04-11,Aktif,False
L004527,C03487,customer,İhtiyaç Kredisi,13515.35,120,3.68,2019-09-23,Aktif,False
L004528,C03487,customer,Taşıt Kredisi,18136.45,24,4.74,2022-12-31,Kapalı,False
L004529,C03488,customer,Kredi Kartı,18254.11,60,4.35,2022-09-24,Aktif,False
L004530,C03489,customer,KOBİ Kredisi,25642.48,60,4.18,2023-12-24,Aktif,False
L004531,C03490,customer,Kredi Kartı,22383.86,12,3.73,2020-03-30,Kapalı,False
L004532,C03491,customer,İhtiyaç Kredisi,61628.22,6,3.75,2023-01-05,Kapalı,False
L004533,C03491,customer,Konut Kredisi,15057.68,60,2.72,2021-09-25,Aktif,False
L004534,C03492,customer,Kredi Kartı,10040.63,48,3.96,2019-03-25,Kapalı,False
L004535,C03493,customer,Taşıt Kredisi,61359.08,36,3.31,2024-12-14,Aktif,False
L004536,C03494,customer,Kredi Kartı,35385.44,120,4.64,2019-02-09,Aktif,False
L004537,C03495,customer,Konut Kredisi,21850.57,36,4.12,2021-07-19,Kapalı,False
L004538,C03495,customer,Taşıt Kredisi,11011.4,48,3.88,2020-11-15,Kapalı,False
L004539,C03496,customer,İşletme Kredisi,105805.03,24,3.27,2021-10-08,Kapalı,False
L004540,C03497,customer,İhtiyaç Kredisi,36623.02,12,4.88,2024-04-15,Kapalı,False
L004541,C03497,customer,KOBİ Kredisi,97576.84,12,3.09,2020-05-15,Kapalı,False
L004542,C03498,customer,İşletme Kredisi,16529.08,36,4.74,2025-02-04,Aktif,False
L004543,C03500,customer,Kredi Kartı,2202.59,60,4.01,2021-12-02,Aktif,False
L004544,C03501,customer,Kredi Kartı,17405.23,60,2.67,2024-08-06,Aktif,False
L004545,C03502,customer,İhtiyaç Kredisi,378098.67,24,3.94,2025-04-07,Aktif,False
L004546,C03503,customer,Taşıt Kredisi,75976.13,48,3.09,2019-09-12,Aktif,False
L004547,C03504,customer,İşletme Kredisi,11071.21,120,3.68,2019-01-27,Aktif,False
L004548,C03504,customer,İşletme Kredisi,70608.28,12,3.29,2025-05-13,Kapalı,True
L004549,C03505,customer,Kredi Kartı,99289.47,120,4.63,2021-06-16,Aktif,False
L004550,C03506,customer,Kredi Kartı,6217.83,36,3.86,2022-08-31,Kapalı,False
L004551,C03507,customer,İhtiyaç Kredisi,108434.6,84,2.62,2020-07-29,Aktif,False
L004552,C03508,customer,Taşıt Kredisi,26475.12,48,3.91,2022-01-24,Kapalı,False
L004553,C03508,customer,Kredi Kartı,14602.34,36,4.13,2025-03-14,Aktif,False
L004554,C03509,customer,İşletme Kredisi,135851.0,36,2.89,2021-09-22,Aktif,False
L004555,C03510,customer,Kredi Kartı,42633.58,120,4.27,2021-04-17,Aktif,False
L004556,C03512,customer,Taşıt Kredisi,4929.44,60,3.98,2024-11-17,Aktif,True
L004557,C03513,customer,İşletme Kredisi,27666.85,24,2.94,2025-11-13,Aktif,False
L004558,C03514,customer,İşletme Kredisi,50238.1,60,3.8,2025-05-17,Aktif,False
L004559,C03515,customer,İhtiyaç Kredisi,195982.28,48,2.84,2024-10-20,Aktif,False
L004560,C03516,customer,Konut Kredisi,102878.7,60,4.78,2019-10-01,Kapalı,False
L004561,C03517,customer,Konut Kredisi,30387.8,84,3.0,2022-05-17,Aktif,False
L004562,C03517,customer,Taşıt Kredisi,31385.08,120,2.88,2021-03-25,Aktif,False
L004563,C03517,customer,KOBİ Kredisi,219381.15,36,4.54,2023-05-23,Kapalı,False
L004564,C03518,customer,İşletme Kredisi,10242.26,120,3.65,2019-09-03,Aktif,False
L004565,C03519,customer,Taşıt Kredisi,4452.14,6,3.04,2022-01-15,Aktif,False
L004566,C03520,customer,İşletme Kredisi,3176.12,12,3.64,2025-10-09,Aktif,False
L004567,C03520,customer,Konut Kredisi,6019.92,48,3.73,2023-12-20,Aktif,False
L004568,C03520,customer,Taşıt Kredisi,32021.93,120,3.11,2024-06-24,Aktif,False
L004569,C03521,customer,İşletme Kredisi,3807.45,36,4.66,2024-09-21,Aktif,True
L004570,C03524,customer,Konut Kredisi,91037.94,120,2.8,2019-06-16,Aktif,False
L004571,C03524,customer,İhtiyaç Kredisi,43204.97,36,3.32,2024-02-02,Aktif,False
L004572,C03525,customer,İhtiyaç Kredisi,44659.7,48,3.72,2025-08-22,Aktif,False
L004573,C03525,customer,İhtiyaç Kredisi,17195.04,120,3.44,2025-09-02,Aktif,False
L004574,C03526,customer,İhtiyaç Kredisi,41174.69,60,4.19,2024-02-08,Aktif,False
L004575,C03527,customer,Kredi Kartı,169619.51,120,4.03,2021-06-05,Aktif,False
L004576,C03527,customer,İşletme Kredisi,41984.68,6,4.36,2020-12-10,Kapalı,False
L004577,C03528,customer,Taşıt Kredisi,8567.96,84,3.53,2020-11-11,Aktif,False
L004578,C03529,customer,Taşıt Kredisi,21301.17,60,4.16,2023-02-14,Aktif,False
L004579,C03529,customer,Konut Kredisi,9744.66,12,4.09,2025-04-28,Kapalı,False
L004580,C03530,customer,Taşıt Kredisi,81809.26,12,4.77,2020-04-23,Kapalı,False
L004581,C03531,customer,İşletme Kredisi,114617.87,84,4.68,2025-11-29,Aktif,False
L004582,C03532,customer,Kredi Kartı,48868.76,12,3.37,2025-03-22,Kapalı,False
L004583,C03533,customer,KOBİ Kredisi,84628.61,6,4.74,2025-11-27,Kapalı,False
L004584,C03534,customer,İşletme Kredisi,7239.81,60,3.85,2024-07-24,Aktif,False
L004585,C03535,customer,Konut Kredisi,26515.98,12,4.58,2023-08-11,Kapalı,False
L004586,C03535,customer,Kredi Kartı,10456.64,48,4.66,2022-12-05,Aktif,False
L004587,C03536,customer,Taşıt Kredisi,9983.15,84,2.86,2025-05-09,Aktif,False
L004588,C03537,customer,Kredi Kartı,33811.21,12,4.3,2026-01-07,Aktif,True
L004589,C03537,customer,Konut Kredisi,43646.85,36,4.23,2022-06-20,Kapalı,False
L004590,C03538,customer,KOBİ Kredisi,17349.52,48,4.88,2025-05-23,Aktif,False
L004591,C03538,customer,Kredi Kartı,28649.75,36,3.25,2019-06-20,Kapalı,False
L004592,C03539,customer,İhtiyaç Kredisi,82469.97,120,4.03,2025-12-23,Aktif,False
L004593,C03540,customer,Taşıt Kredisi,21019.94,48,4.37,2022-12-21,Aktif,False
L004594,C03542,customer,İhtiyaç Kredisi,31703.29,36,4.57,2025-08-12,Aktif,False
L004595,C03544,customer,KOBİ Kredisi,38948.46,24,2.94,2023-05-10,Kapalı,False
L004596,C03545,customer,Kredi Kartı,48364.06,60,3.69,2021-10-17,Aktif,False
L004597,C03546,customer,İşletme Kredisi,13579.38,84,2.81,2020-06-23,Aktif,False
L004598,C03547,customer,İşletme Kredisi,54534.37,12,2.88,2023-12-11,Aktif,False
L004599,C03548,customer,Kredi Kartı,130151.96,24,2.65,2024-05-23,Kapalı,False
L004600,C03548,customer,Taşıt Kredisi,44112.77,120,4.82,2021-08-19,Aktif,False
L004601,C03550,customer,Kredi Kartı,20396.52,24,2.7,2020-07-24,Aktif,False
L004602,C03552,customer,İşletme Kredisi,30011.83,84,4.65,2020-04-02,Aktif,False
L004603,C03553,customer,KOBİ Kredisi,5155.57,12,2.54,2023-04-07,Kapalı,True
L004604,C03555,customer,İşletme Kredisi,81728.86,36,2.75,2022-10-21,Kapalı,False
L004605,C03555,customer,İşletme Kredisi,38548.86,12,3.37,2019-04-30,Kapalı,False
L004606,C03556,customer,Kredi Kartı,30943.21,60,3.34,2019-02-20,Kapalı,False
L004607,C03556,customer,Kredi Kartı,10156.23,36,4.47,2023-02-09,Kapalı,False
L004608,C03557,customer,İhtiyaç Kredisi,14225.26,36,3.18,2026-04-23,Aktif,False
L004609,C03558,customer,Konut Kredisi,12028.86,120,4.88,2025-12-07,Aktif,False
L004610,C03558,customer,İhtiyaç Kredisi,4447.17,48,3.39,2021-12-08,Kapalı,True
L004611,C03558,customer,KOBİ Kredisi,79860.68,120,3.25,2025-10-12,Aktif,False
L004612,C03559,customer,Taşıt Kredisi,17250.8,12,3.52,2022-10-28,Kapalı,False
L004613,C03560,customer,İşletme Kredisi,23780.75,12,3.33,2020-03-27,Kapalı,False
L004614,C03560,customer,KOBİ Kredisi,17207.17,60,3.09,2022-10-28,Aktif,False
L004615,C03561,customer,KOBİ Kredisi,59046.63,60,3.71,2021-08-27,Kapalı,False
L004616,C03561,customer,İhtiyaç Kredisi,5728.84,6,3.02,2023-10-01,Kapalı,False
L004617,C03562,customer,Konut Kredisi,124711.68,24,2.9,2021-02-11,Kapalı,False
L004618,C03563,customer,İhtiyaç Kredisi,77495.65,48,4.86,2020-10-16,Kapalı,False
L004619,C03565,customer,İhtiyaç Kredisi,9794.49,48,3.68,2020-10-03,Kapalı,False
L004620,C03567,customer,Konut Kredisi,19058.51,60,2.55,2019-07-18,Aktif,False
L004621,C03568,customer,KOBİ Kredisi,1326.98,24,2.97,2022-04-26,Kapalı,False
L004622,C03568,customer,Taşıt Kredisi,11139.91,24,3.37,2019-08-07,Kapalı,False
L004623,C03569,customer,Kredi Kartı,11884.54,120,3.98,2022-08-16,Aktif,False
L004624,C03570,customer,İşletme Kredisi,50969.08,36,4.08,2020-10-17,Kapalı,False
L004625,C03571,customer,Kredi Kartı,163245.82,84,3.5,2022-06-09,Aktif,False
L004626,C03572,customer,İhtiyaç Kredisi,12113.53,24,4.25,2025-08-07,Aktif,False
L004627,C03572,customer,Taşıt Kredisi,76532.63,6,4.49,2025-04-29,Kapalı,False
L004628,C03573,customer,İşletme Kredisi,30112.01,36,2.66,2026-01-25,Aktif,False
L004629,C03574,customer,İhtiyaç Kredisi,48327.62,120,4.05,2024-11-04,Aktif,False
L004630,C03575,customer,Taşıt Kredisi,3249.83,6,4.12,2024-11-03,Kapalı,False
L004631,C03576,customer,İşletme Kredisi,24731.29,120,4.01,2025-11-28,Aktif,False
L004632,C03576,customer,İşletme Kredisi,24180.88,36,3.48,2020-12-14,Kapalı,False
L004633,C03577,customer,KOBİ Kredisi,21659.02,48,3.84,2020-07-30,Kapalı,False
L004634,C03577,customer,İhtiyaç Kredisi,20668.29,120,3.7,2022-12-13,Aktif,True
L004635,C03578,customer,KOBİ Kredisi,17089.92,120,2.59,2022-11-27,Aktif,False
L004636,C03580,customer,Konut Kredisi,24601.51,6,4.57,2021-06-21,Kapalı,False
L004637,C03581,customer,Kredi Kartı,9067.46,12,2.76,2023-01-05,Kapalı,False
L004638,C03582,customer,Konut Kredisi,18692.84,6,4.82,2026-07-05,Aktif,False
L004639,C03583,customer,Kredi Kartı,25859.42,84,4.65,2025-04-13,Aktif,True
L004640,C03583,customer,Taşıt Kredisi,36041.22,6,2.99,2019-03-19,Kapalı,True
L004641,C03584,customer,İşletme Kredisi,10735.09,12,3.26,2025-09-05,Aktif,False
L004642,C03585,customer,İhtiyaç Kredisi,114337.51,48,3.3,2023-12-20,Aktif,False
L004643,C03585,customer,İşletme Kredisi,4740.92,60,4.38,2022-04-30,Aktif,False
L004644,C03586,customer,Konut Kredisi,50417.73,6,3.78,2025-04-07,Kapalı,False
L004645,C03588,customer,İhtiyaç Kredisi,8113.59,36,3.02,2024-07-02,Aktif,False
L004646,C03588,customer,İşletme Kredisi,42989.15,36,3.13,2019-04-21,Kapalı,False
L004647,C03589,customer,İhtiyaç Kredisi,4829.33,48,4.17,2025-04-02,Aktif,False
L004648,C03590,customer,KOBİ Kredisi,38830.82,6,2.6,2022-03-13,Kapalı,False
L004649,C03590,customer,İşletme Kredisi,156924.38,120,3.91,2021-08-08,Aktif,False
L004650,C03592,customer,Konut Kredisi,5645.24,36,2.65,2020-07-22,Kapalı,False
L004651,C03593,customer,KOBİ Kredisi,9807.39,36,3.3,2022-04-29,Aktif,False
L004652,C03594,customer,Kredi Kartı,41406.18,120,4.47,2023-09-20,Aktif,False
L004653,C03595,customer,Taşıt Kredisi,116859.92,60,4.49,2020-06-09,Kapalı,False
L004654,C03596,customer,Konut Kredisi,34572.05,48,3.22,2024-04-22,Aktif,False
L004655,C03596,customer,Taşıt Kredisi,46851.85,24,4.19,2026-03-25,Aktif,False
L004656,C03599,customer,Konut Kredisi,56388.71,60,4.77,2024-01-08,Aktif,False
L004657,C03599,customer,Taşıt Kredisi,48993.58,36,3.81,2023-01-24,Kapalı,False
L004658,C03600,customer,Kredi Kartı,44134.88,48,4.13,2019-10-22,Kapalı,False
L004659,C03601,customer,İhtiyaç Kredisi,39228.15,120,3.38,2026-03-06,Aktif,False
L004660,C03601,customer,Konut Kredisi,31196.22,36,2.6,2020-06-06,Kapalı,False
L004661,C03602,customer,Kredi Kartı,44090.59,6,4.6,2021-01-30,Aktif,False
L004662,C03602,customer,Taşıt Kredisi,11499.21,12,3.24,2020-08-14,Kapalı,False
L004663,C03603,customer,Kredi Kartı,79507.35,6,2.67,2026-05-16,Aktif,False
L004664,C03603,customer,Kredi Kartı,14494.93,24,4.07,2024-11-21,Aktif,False
L004665,C03604,customer,İşletme Kredisi,194814.79,120,4.72,2019-08-31,Aktif,False
L004666,C03604,customer,Kredi Kartı,24569.66,84,4.26,2019-05-05,Kapalı,False
L004667,C03605,customer,İhtiyaç Kredisi,110410.66,84,3.13,2020-04-14,Aktif,True
L004668,C03605,customer,İşletme Kredisi,2069.98,48,4.87,2020-03-23,Aktif,False
L004669,C03605,customer,KOBİ Kredisi,22952.7,120,3.21,2024-04-25,Aktif,False
L004670,C03606,customer,KOBİ Kredisi,16322.39,60,4.7,2021-02-09,Aktif,False
L004671,C03607,customer,KOBİ Kredisi,23228.16,36,4.55,2026-06-15,Aktif,False
L004672,C03608,customer,KOBİ Kredisi,59808.79,36,3.25,2023-07-10,Kapalı,False
L004673,C03609,customer,KOBİ Kredisi,5539.44,60,3.2,2026-05-30,Aktif,False
L004674,C03610,customer,Taşıt Kredisi,16354.25,6,3.31,2021-12-29,Kapalı,False
L004675,C03611,customer,İşletme Kredisi,121556.66,12,4.87,2023-12-04,Aktif,False
L004676,C03612,customer,Taşıt Kredisi,12018.72,36,3.61,2025-03-20,Aktif,False
L004677,C03613,customer,Kredi Kartı,120453.33,84,3.02,2025-10-04,Aktif,False
L004678,C03614,customer,İşletme Kredisi,13196.5,12,3.4,2024-11-10,Kapalı,False
L004679,C03615,customer,İhtiyaç Kredisi,42033.54,120,4.67,2022-05-11,Aktif,False
L004680,C03615,customer,Kredi Kartı,30351.11,24,2.86,2024-01-16,Kapalı,False
L004681,C03617,customer,KOBİ Kredisi,192717.7,6,2.82,2019-04-09,Kapalı,False
L004682,C03618,customer,İhtiyaç Kredisi,438914.48,24,2.61,2021-04-01,Kapalı,False
L004683,C03619,customer,Taşıt Kredisi,11120.42,84,3.37,2022-03-19,Aktif,False
L004684,C03619,customer,İhtiyaç Kredisi,9214.96,84,3.71,2025-10-09,Aktif,True
L004685,C03620,customer,KOBİ Kredisi,51129.75,6,2.74,2021-09-26,Aktif,False
L004686,C03620,customer,Kredi Kartı,27071.89,12,4.42,2026-07-08,Aktif,False
L004687,C03621,customer,Kredi Kartı,116931.64,84,4.73,2026-05-10,Aktif,True
L004688,C03622,customer,İhtiyaç Kredisi,11366.36,36,4.36,2023-11-04,Aktif,False
L004689,C03622,customer,KOBİ Kredisi,11985.92,12,4.32,2023-10-01,Kapalı,False
L004690,C03623,customer,Taşıt Kredisi,83499.11,36,3.78,2019-10-23,Kapalı,True
L004691,C03623,customer,İhtiyaç Kredisi,131991.89,60,4.46,2022-12-15,Aktif,False
L004692,C03624,customer,Konut Kredisi,33694.51,120,4.42,2021-11-28,Aktif,False
L004693,C03625,customer,KOBİ Kredisi,58440.97,6,2.95,2021-06-22,Aktif,False
L004694,C03625,customer,KOBİ Kredisi,10397.15,12,2.72,2024-06-04,Kapalı,False
L004695,C03626,customer,İşletme Kredisi,27608.16,6,4.57,2024-04-26,Kapalı,False
L004696,C03627,customer,İşletme Kredisi,99218.68,60,4.6,2021-04-10,Kapalı,False
L004697,C03627,customer,KOBİ Kredisi,48214.54,24,2.92,2021-03-25,Kapalı,False
L004698,C03628,customer,KOBİ Kredisi,42503.58,84,3.08,2020-09-10,Aktif,False
L004699,C03629,customer,Kredi Kartı,19224.3,6,4.61,2024-03-07,Kapalı,False
L004700,C03629,customer,İşletme Kredisi,18651.83,36,4.19,2020-05-15,Aktif,False
L004701,C03630,customer,İşletme Kredisi,20131.14,60,3.18,2020-12-10,Aktif,False
L004702,C03630,customer,İşletme Kredisi,9554.52,84,2.52,2020-08-04,Aktif,False
L004703,C03631,customer,İşletme Kredisi,12429.04,60,3.86,2023-05-17,Aktif,False
L004704,C03632,customer,Konut Kredisi,21417.6,120,2.61,2022-02-28,Aktif,False
L004705,C03633,customer,Konut Kredisi,57238.0,36,3.67,2022-04-11,Kapalı,False
L004706,C03633,customer,Taşıt Kredisi,45140.42,48,4.82,2020-08-06,Kapalı,False
L004707,C03634,customer,Taşıt Kredisi,3596.27,84,2.51,2021-06-26,Aktif,False
L004708,C03634,customer,Konut Kredisi,175820.8,48,4.21,2022-05-11,Kapalı,True
L004709,C03635,customer,İhtiyaç Kredisi,30950.29,6,4.88,2023-02-26,Aktif,False
L004710,C03636,customer,İşletme Kredisi,51570.04,84,4.79,2019-02-14,Kapalı,False
L004711,C03636,customer,KOBİ Kredisi,11032.94,120,4.41,2020-11-23,Aktif,False
L004712,C03637,customer,KOBİ Kredisi,17360.15,60,3.01,2026-03-14,Aktif,False
L004713,C03637,customer,KOBİ Kredisi,42379.01,6,2.76,2024-07-05,Kapalı,False
L004714,C03638,customer,Kredi Kartı,116725.09,120,4.73,2020-05-24,Aktif,True
L004715,C03639,customer,İhtiyaç Kredisi,3224.34,120,4.05,2024-10-01,Aktif,True
L004716,C03640,customer,Konut Kredisi,26737.62,60,2.92,2019-06-03,Kapalı,False
L004717,C03640,customer,Taşıt Kredisi,8795.44,24,3.69,2021-04-06,Kapalı,False
L004718,C03641,customer,Kredi Kartı,19667.81,48,4.77,2020-09-23,Kapalı,True
L004719,C03642,customer,KOBİ Kredisi,71462.56,84,3.27,2023-01-07,Aktif,False
L004720,C03643,customer,İşletme Kredisi,31881.63,84,4.32,2023-06-05,Aktif,False
L004721,C03643,customer,Konut Kredisi,10372.59,12,3.71,2021-04-26,Kapalı,False
L004722,C03644,customer,Kredi Kartı,16627.24,48,3.14,2024-03-13,Aktif,False
L004723,C03645,customer,KOBİ Kredisi,86101.43,84,2.97,2020-11-20,Aktif,False
L004724,C03645,customer,Kredi Kartı,27092.87,84,4.75,2023-07-29,Aktif,False
L004725,C03645,customer,KOBİ Kredisi,47891.25,84,3.44,2020-05-05,Aktif,False
L004726,C03646,customer,İhtiyaç Kredisi,46632.2,48,3.92,2022-12-18,Aktif,False
L004727,C03647,customer,KOBİ Kredisi,7702.25,120,4.46,2023-08-07,Aktif,False
L004728,C03647,customer,Kredi Kartı,38982.88,48,3.82,2019-08-22,Kapalı,False
L004729,C03648,customer,İhtiyaç Kredisi,18309.94,84,4.77,2026-03-17,Aktif,False
L004730,C03648,customer,Konut Kredisi,309651.43,12,3.21,2025-10-09,Aktif,False
L004731,C03649,customer,İhtiyaç Kredisi,8637.28,12,3.86,2022-11-22,Kapalı,False
L004732,C03650,customer,Taşıt Kredisi,77627.88,24,3.5,2024-02-08,Kapalı,False
L004733,C03651,customer,Taşıt Kredisi,20111.86,84,3.53,2020-08-11,Aktif,False
L004734,C03651,customer,İşletme Kredisi,10033.69,6,4.01,2021-12-26,Kapalı,False
L004735,C03651,customer,İşletme Kredisi,11504.92,36,4.77,2021-03-26,Kapalı,False
L004736,C03652,customer,Kredi Kartı,22125.78,6,3.32,2020-09-10,Kapalı,False
L004737,C03653,customer,KOBİ Kredisi,21345.07,24,2.86,2023-04-28,Kapalı,False
L004738,C03654,customer,İhtiyaç Kredisi,22832.56,48,2.97,2020-01-03,Kapalı,False
L004739,C03655,customer,İhtiyaç Kredisi,116099.18,36,2.5,2025-10-16,Aktif,False
L004740,C03656,customer,Konut Kredisi,109711.12,12,4.47,2022-05-12,Kapalı,False
L004741,C03656,customer,İhtiyaç Kredisi,24289.81,12,4.1,2025-07-11,Kapalı,False
L004742,C03657,customer,KOBİ Kredisi,37744.73,36,4.46,2023-09-08,Kapalı,False
L004743,C03658,customer,Taşıt Kredisi,24149.06,120,3.93,2026-03-14,Aktif,False
L004744,C03659,customer,KOBİ Kredisi,3461.54,84,2.75,2020-05-14,Aktif,False
L004745,C03660,customer,Konut Kredisi,121298.86,48,2.77,2025-07-20,Aktif,False
L004746,C03661,customer,KOBİ Kredisi,178150.31,36,3.11,2024-09-08,Aktif,False
L004747,C03662,customer,İhtiyaç Kredisi,20108.02,6,2.8,2024-10-28,Kapalı,False
L004748,C03663,customer,Konut Kredisi,149483.59,24,2.89,2020-01-09,Kapalı,True
L004749,C03664,customer,KOBİ Kredisi,25173.52,84,4.16,2023-08-17,Aktif,False
L004750,C03664,customer,KOBİ Kredisi,7563.97,12,3.05,2025-11-19,Aktif,False
L004751,C03666,customer,KOBİ Kredisi,30319.16,48,4.31,2022-12-18,Aktif,False
L004752,C03667,customer,İşletme Kredisi,14659.64,36,3.67,2024-02-10,Aktif,False
L004753,C03668,customer,İhtiyaç Kredisi,31080.54,6,2.88,2023-12-03,Kapalı,False
L004754,C03668,customer,KOBİ Kredisi,26678.2,84,4.2,2019-04-13,Aktif,False
L004755,C03669,customer,KOBİ Kredisi,13704.87,120,4.74,2024-02-19,Aktif,False
L004756,C03669,customer,Konut Kredisi,17978.87,36,3.52,2021-08-23,Kapalı,False
L004757,C03670,customer,Konut Kredisi,13374.52,48,3.21,2020-01-06,Kapalı,False
L004758,C03670,customer,Konut Kredisi,18314.17,120,3.93,2025-05-18,Aktif,False
L004759,C03671,customer,İhtiyaç Kredisi,56763.18,24,3.09,2024-02-18,Kapalı,False
L004760,C03671,customer,İşletme Kredisi,21888.28,36,4.16,2022-09-18,Kapalı,False
L004761,C03672,customer,Taşıt Kredisi,17325.61,6,4.66,2025-12-06,Kapalı,False
L004762,C03672,customer,Konut Kredisi,23614.27,60,4.79,2022-07-02,Aktif,False
L004763,C03673,customer,KOBİ Kredisi,10726.43,120,2.68,2019-08-19,Aktif,True
L004764,C03673,customer,KOBİ Kredisi,60142.41,60,4.43,2025-02-21,Aktif,False
L004765,C03674,customer,İhtiyaç Kredisi,78242.33,24,3.48,2024-10-26,Aktif,True
L004766,C03675,customer,İşletme Kredisi,53819.26,120,4.41,2019-05-14,Aktif,False
L004767,C03676,customer,İhtiyaç Kredisi,21186.84,12,3.02,2023-05-25,Kapalı,False
L004768,C03677,customer,İhtiyaç Kredisi,94225.19,12,4.29,2019-02-06,Kapalı,False
L004769,C03678,customer,Konut Kredisi,21768.58,36,3.82,2022-11-06,Kapalı,False
L004770,C03679,customer,Taşıt Kredisi,2074.0,120,3.41,2025-03-29,Aktif,True
L004771,C03680,customer,Kredi Kartı,27237.28,60,2.92,2023-08-01,Aktif,False
L004772,C03681,customer,İşletme Kredisi,2323.04,84,3.43,2021-02-28,Aktif,False
L004773,C03682,customer,Kredi Kartı,9235.32,48,4.51,2019-12-17,Kapalı,False
L004774,C03683,customer,İşletme Kredisi,43022.57,48,3.46,2020-03-09,Kapalı,False
L004775,C03683,customer,KOBİ Kredisi,15542.13,48,2.84,2023-05-13,Aktif,False
L004776,C03684,customer,Kredi Kartı,54704.49,60,3.32,2024-07-22,Aktif,False
L004777,C03685,customer,Taşıt Kredisi,7782.07,24,4.2,2026-06-07,Aktif,False
L004778,C03686,customer,İşletme Kredisi,4566.53,36,2.54,2025-05-29,Aktif,False
L004779,C03687,customer,KOBİ Kredisi,13476.6,60,2.82,2021-03-15,Kapalı,False
L004780,C03688,customer,Konut Kredisi,24803.69,84,3.06,2020-05-31,Aktif,False
L004781,C03689,customer,İhtiyaç Kredisi,36199.99,60,4.02,2019-12-05,Kapalı,False
L004782,C03689,customer,KOBİ Kredisi,26055.56,36,3.35,2020-02-11,Kapalı,False
L004783,C03691,customer,Taşıt Kredisi,48173.1,120,3.9,2024-10-24,Aktif,False
L004784,C03692,customer,İşletme Kredisi,8456.34,60,2.67,2023-08-17,Aktif,False
L004785,C03693,customer,Kredi Kartı,84674.25,84,3.12,2024-02-04,Aktif,False
L004786,C03693,customer,KOBİ Kredisi,35825.51,60,4.07,2023-04-18,Aktif,False
L004787,C03694,customer,İhtiyaç Kredisi,71012.0,60,4.48,2025-09-15,Aktif,False
L004788,C03695,customer,KOBİ Kredisi,7399.29,84,4.42,2022-11-29,Aktif,False
L004789,C03696,customer,KOBİ Kredisi,62845.82,36,3.72,2026-03-06,Aktif,False
L004790,C03696,customer,İşletme Kredisi,19127.77,120,4.06,2025-03-12,Aktif,False
L004791,C03697,customer,KOBİ Kredisi,87377.8,48,3.21,2024-11-05,Aktif,True
L004792,C03699,customer,İhtiyaç Kredisi,22924.11,60,4.48,2020-04-21,Kapalı,False
L004793,C03699,customer,Taşıt Kredisi,8638.12,84,4.12,2022-05-31,Aktif,False
L004794,C03701,customer,İhtiyaç Kredisi,16614.9,24,2.71,2020-08-22,Kapalı,True
L004795,C03702,customer,İşletme Kredisi,28982.15,36,4.12,2022-08-12,Kapalı,False
L004796,C03703,customer,Kredi Kartı,20490.04,120,2.92,2025-03-14,Aktif,False
L004797,C03704,customer,Kredi Kartı,18760.61,36,4.04,2022-11-19,Kapalı,False
L004798,C03706,customer,Kredi Kartı,3887.68,120,4.21,2021-09-27,Aktif,False
L004799,C03706,customer,Kredi Kartı,3718.44,24,4.52,2023-12-15,Kapalı,False
L004800,C03707,customer,KOBİ Kredisi,13347.71,120,4.86,2019-05-28,Aktif,False
L004801,C03707,customer,Konut Kredisi,57561.23,6,2.71,2025-12-09,Kapalı,False
L004802,C03708,customer,Kredi Kartı,21174.75,24,3.62,2023-07-11,Aktif,False
L004803,C03709,customer,Kredi Kartı,8914.14,6,4.58,2025-10-30,Kapalı,False
L004804,C03710,customer,Kredi Kartı,40904.84,6,4.67,2023-03-22,Kapalı,False
L004805,C03712,customer,Kredi Kartı,31364.78,24,4.29,2021-09-30,Kapalı,True
L004806,C03713,customer,KOBİ Kredisi,1930.78,36,2.99,2023-06-26,Kapalı,False
L004807,C03714,customer,Kredi Kartı,5552.32,6,3.66,2019-12-02,Kapalı,False
L004808,C03714,customer,KOBİ Kredisi,30533.49,36,3.6,2020-05-03,Kapalı,False
L004809,C03715,customer,İhtiyaç Kredisi,115127.56,24,4.63,2024-03-16,Kapalı,False
L004810,C03715,customer,Taşıt Kredisi,50300.81,12,3.56,2024-06-23,Kapalı,False
L004811,C03716,customer,İhtiyaç Kredisi,20026.9,36,2.66,2025-02-21,Aktif,False
L004812,C03717,customer,Kredi Kartı,13102.87,120,4.44,2021-09-20,Aktif,False
L004813,C03717,customer,Konut Kredisi,5679.87,6,2.78,2025-10-18,Kapalı,False
L004814,C03718,customer,Taşıt Kredisi,15747.87,60,4.61,2022-04-05,Aktif,False
L004815,C03718,customer,Taşıt Kredisi,56360.92,36,3.12,2020-07-24,Kapalı,False
L004816,C03719,customer,KOBİ Kredisi,6506.29,24,2.55,2021-11-21,Kapalı,False
L004817,C03720,customer,Kredi Kartı,19666.25,84,4.11,2023-03-22,Aktif,False
L004818,C03721,customer,İşletme Kredisi,13837.62,6,4.63,2024-01-11,Kapalı,False
L004819,C03722,customer,KOBİ Kredisi,8851.77,36,3.11,2021-05-13,Kapalı,False
L004820,C03724,customer,İhtiyaç Kredisi,13832.25,24,4.56,2020-08-29,Kapalı,False
L004821,C03725,customer,İhtiyaç Kredisi,5831.29,24,4.23,2021-06-30,Kapalı,False
L004822,C03725,customer,Kredi Kartı,20938.6,84,4.83,2019-03-29,Kapalı,False
L004823,C03726,customer,Kredi Kartı,26336.72,36,2.57,2019-10-20,Kapalı,False
L004824,C03726,customer,Taşıt Kredisi,25490.46,36,2.6,2023-05-15,Kapalı,False
L004825,C03728,customer,Taşıt Kredisi,11824.43,36,3.47,2025-02-20,Aktif,True
L004826,C03729,customer,İşletme Kredisi,5340.44,48,2.84,2022-11-07,Aktif,False
L004827,C03729,customer,Konut Kredisi,39709.55,120,3.87,2022-12-09,Aktif,False
L004828,C03730,customer,Kredi Kartı,9389.25,60,4.55,2020-10-08,Kapalı,False
L004829,C03731,customer,Konut Kredisi,8859.79,120,3.27,2020-09-10,Aktif,False
L004830,C03732,customer,KOBİ Kredisi,4197.69,120,3.43,2019-11-07,Aktif,False
L004831,C03733,customer,Taşıt Kredisi,20231.71,36,4.18,2024-01-20,Aktif,False
L004832,C03734,customer,Kredi Kartı,49093.27,6,3.54,2025-07-01,Kapalı,False
L004833,C03735,customer,Taşıt Kredisi,61707.14,48,2.55,2023-05-23,Aktif,False
L004834,C03737,customer,Taşıt Kredisi,65061.85,6,4.63,2019-12-09,Kapalı,False
L004835,C03737,customer,Taşıt Kredisi,1401.05,60,4.45,2025-04-14,Aktif,False
L004836,C03738,customer,Taşıt Kredisi,403504.99,24,4.07,2026-06-13,Aktif,False
L004837,C03739,customer,İhtiyaç Kredisi,97669.42,6,4.52,2020-04-28,Kapalı,False
L004838,C03740,customer,İşletme Kredisi,221351.44,48,4.61,2026-04-25,Aktif,False
L004839,C03740,customer,İşletme Kredisi,21581.48,36,2.83,2026-02-19,Aktif,False
L004840,C03741,customer,Konut Kredisi,68150.14,6,4.6,2021-10-08,Aktif,False
L004841,C03743,customer,İhtiyaç Kredisi,86290.21,84,3.94,2024-03-22,Aktif,False
L004842,C03744,customer,İşletme Kredisi,85074.3,12,2.69,2026-04-26,Aktif,False
L004843,C03744,customer,Taşıt Kredisi,4549.56,48,4.27,2023-07-31,Aktif,False
L004844,C03745,customer,İhtiyaç Kredisi,27602.45,84,4.16,2026-01-15,Aktif,False
L004845,C03745,customer,KOBİ Kredisi,13723.94,60,3.19,2023-06-09,Aktif,False
L004846,C03746,customer,İhtiyaç Kredisi,66399.2,120,3.98,2022-06-28,Aktif,False
L004847,C03746,customer,KOBİ Kredisi,31051.97,120,4.15,2021-01-06,Aktif,False
L004848,C03747,customer,İhtiyaç Kredisi,5552.85,84,4.07,2025-01-18,Aktif,False
L004849,C03749,customer,Kredi Kartı,11087.63,120,3.03,2024-07-25,Aktif,False
L004850,C03750,customer,Konut Kredisi,41763.81,36,4.12,2025-02-22,Aktif,False
L004851,C03750,customer,İşletme Kredisi,6122.54,120,3.32,2019-08-15,Aktif,False
L004852,C03751,customer,Taşıt Kredisi,26754.65,48,2.87,2026-04-03,Aktif,False
L004853,C03752,customer,İhtiyaç Kredisi,14163.64,6,2.75,2024-09-21,Kapalı,False
L004854,C03753,customer,İhtiyaç Kredisi,2197.26,84,4.81,2025-10-14,Aktif,False
L004855,C03754,customer,Taşıt Kredisi,108307.98,120,4.07,2025-06-19,Aktif,False
L004856,C03754,customer,İşletme Kredisi,18848.17,60,2.78,2021-09-28,Aktif,False
L004857,C03754,customer,Konut Kredisi,9487.11,24,3.93,2026-02-13,Aktif,False
L004858,C03755,customer,Konut Kredisi,8627.89,84,4.72,2023-07-22,Aktif,False
L004859,C03756,customer,KOBİ Kredisi,14882.43,36,3.02,2023-01-08,Kapalı,False
L004860,C03756,customer,KOBİ Kredisi,78225.79,60,3.87,2023-05-11,Aktif,False
L004861,C03757,customer,Taşıt Kredisi,77699.41,6,4.81,2023-03-13,Kapalı,False
L004862,C03757,customer,İhtiyaç Kredisi,19046.3,36,3.87,2023-06-16,Kapalı,False
L004863,C03758,customer,Konut Kredisi,15193.73,84,4.63,2026-02-04,Aktif,False
L004864,C03759,customer,Kredi Kartı,130720.26,60,4.02,2020-03-22,Kapalı,True
L004865,C03760,customer,İşletme Kredisi,14997.44,60,4.7,2019-01-14,Kapalı,False
L004866,C03761,customer,İşletme Kredisi,11414.18,120,2.92,2020-11-25,Aktif,False
L004867,C03762,customer,KOBİ Kredisi,34175.5,24,3.32,2024-01-16,Kapalı,False
L004868,C03763,customer,Konut Kredisi,11839.58,24,3.92,2019-02-08,Kapalı,False
L004869,C03763,customer,Kredi Kartı,31604.15,60,2.66,2021-12-12,Aktif,True
L004870,C03764,customer,KOBİ Kredisi,25921.44,24,4.87,2021-08-20,Kapalı,False
L004871,C03765,customer,Konut Kredisi,7758.54,120,2.85,2022-03-05,Aktif,False
L004872,C03765,customer,Konut Kredisi,10051.65,12,3.29,2026-01-01,Aktif,False
L004873,C03766,customer,Kredi Kartı,47982.54,60,4.29,2025-11-22,Aktif,False
L004874,C03767,customer,KOBİ Kredisi,39822.38,48,4.34,2023-10-22,Aktif,False
L004875,C03768,customer,İhtiyaç Kredisi,3367.88,48,3.18,2023-10-01,Aktif,False
L004876,C03768,customer,Konut Kredisi,19791.64,84,4.13,2021-05-15,Aktif,False
L004877,C03769,customer,İhtiyaç Kredisi,60908.39,84,2.53,2019-05-02,Kapalı,False
L004878,C03769,customer,İşletme Kredisi,31588.61,48,4.41,2026-07-11,Aktif,False
L004879,C03769,customer,İşletme Kredisi,38911.1,120,4.74,2025-04-04,Aktif,False
L004880,C03770,customer,İşletme Kredisi,72850.62,48,3.08,2020-03-06,Kapalı,False
L004881,C03771,customer,Taşıt Kredisi,64928.03,84,2.67,2021-07-16,Aktif,False
L004882,C03772,customer,Konut Kredisi,30364.29,24,4.35,2024-10-27,Aktif,False
L004883,C03773,customer,İşletme Kredisi,19908.47,6,3.16,2024-12-08,Kapalı,False
L004884,C03774,customer,Konut Kredisi,11362.27,36,2.98,2026-06-05,Aktif,False
L004885,C03775,customer,İhtiyaç Kredisi,129104.41,24,4.19,2022-12-01,Kapalı,True
L004886,C03776,customer,Taşıt Kredisi,67790.3,6,4.79,2022-04-02,Kapalı,False
L004887,C03777,customer,Kredi Kartı,23967.58,6,4.61,2025-01-30,Kapalı,False
L004888,C03777,customer,Konut Kredisi,43281.66,36,4.33,2021-12-06,Kapalı,False
L004889,C03778,customer,İşletme Kredisi,36958.2,120,2.83,2026-05-31,Aktif,False
L004890,C03779,customer,Konut Kredisi,13574.42,6,3.7,2023-11-19,Kapalı,True
L004891,C03780,customer,İhtiyaç Kredisi,31500.9,24,4.11,2020-05-11,Kapalı,False
L004892,C03780,customer,Kredi Kartı,55338.22,12,3.24,2023-11-15,Kapalı,False
L004893,C03781,customer,KOBİ Kredisi,82308.06,120,3.44,2022-01-04,Aktif,False
L004894,C03781,customer,Taşıt Kredisi,22139.17,24,3.62,2021-08-26,Aktif,False
L004895,C03782,customer,İşletme Kredisi,20058.19,48,4.19,2022-06-01,Aktif,False
L004896,C03783,customer,İhtiyaç Kredisi,3530.58,120,3.68,2025-05-15,Aktif,False
L004897,C03783,customer,Konut Kredisi,20351.0,48,3.82,2025-08-29,Aktif,False
L004898,C03784,customer,Kredi Kartı,11716.76,120,2.95,2019-10-03,Aktif,False
L004899,C03786,customer,İhtiyaç Kredisi,65466.56,120,3.11,2019-02-12,Aktif,False
L004900,C03786,customer,Konut Kredisi,43356.47,48,3.99,2026-04-16,Aktif,False
L004901,C03788,customer,Konut Kredisi,116084.29,36,4.77,2023-05-01,Aktif,False
L004902,C03788,customer,İhtiyaç Kredisi,32028.96,36,3.02,2019-10-31,Aktif,False
L004903,C03789,customer,İhtiyaç Kredisi,49083.35,12,2.74,2023-03-25,Kapalı,False
L004904,C03789,customer,Konut Kredisi,18636.53,12,2.93,2023-01-12,Kapalı,False
L004905,C03790,customer,İhtiyaç Kredisi,18987.01,120,3.83,2020-06-07,Aktif,False
L004906,C03790,customer,KOBİ Kredisi,19313.38,84,4.5,2024-09-30,Aktif,False
L004907,C03791,customer,Konut Kredisi,39700.34,12,3.89,2023-09-21,Aktif,False
L004908,C03792,customer,Kredi Kartı,41400.39,6,2.6,2026-03-09,Aktif,False
L004909,C03793,customer,Konut Kredisi,13627.84,6,3.44,2019-07-30,Kapalı,False
L004910,C03794,customer,Kredi Kartı,16987.23,48,4.25,2022-04-20,Kapalı,False
L004911,C03795,customer,Taşıt Kredisi,28430.92,24,2.5,2024-05-29,Kapalı,True
L004912,C03796,customer,Konut Kredisi,13324.75,24,3.71,2025-01-01,Aktif,False
L004913,C03796,customer,İhtiyaç Kredisi,2805.68,12,3.4,2023-09-28,Aktif,False
L004914,C03797,customer,Konut Kredisi,22110.22,120,2.54,2020-10-26,Aktif,False
L004915,C03799,customer,İşletme Kredisi,40770.47,36,3.16,2020-09-26,Kapalı,False
L004916,C03801,customer,KOBİ Kredisi,15966.28,48,3.36,2025-03-08,Aktif,False
L004917,C03803,customer,İhtiyaç Kredisi,8192.64,36,4.42,2021-04-24,Aktif,False
L004918,C03804,customer,İşletme Kredisi,8909.28,36,2.96,2021-07-04,Kapalı,False
L004919,C03804,customer,Taşıt Kredisi,37002.52,36,4.43,2025-02-23,Aktif,False
L004920,C03805,customer,İşletme Kredisi,11010.03,120,2.52,2020-04-02,Aktif,False
L004921,C03805,customer,Konut Kredisi,128654.45,84,4.49,2023-12-04,Aktif,False
L004922,C03805,customer,KOBİ Kredisi,15103.6,24,2.65,2025-10-09,Aktif,False
L004923,C03806,customer,Taşıt Kredisi,17912.77,48,3.67,2026-04-02,Aktif,False
L004924,C03806,customer,KOBİ Kredisi,21986.92,6,2.88,2024-04-19,Kapalı,False
L004925,C03807,customer,İşletme Kredisi,53583.47,120,3.41,2022-12-31,Aktif,False
L004926,C03807,customer,İhtiyaç Kredisi,43737.09,36,2.53,2020-01-16,Kapalı,False
L004927,C03808,customer,Taşıt Kredisi,180937.07,84,3.42,2024-08-04,Aktif,False
L004928,C03809,customer,Taşıt Kredisi,19609.95,12,3.76,2021-06-08,Kapalı,False
L004929,C03810,customer,KOBİ Kredisi,9830.71,24,4.44,2025-11-28,Aktif,False
L004930,C03811,customer,Kredi Kartı,206736.86,48,2.77,2021-12-27,Kapalı,False
L004931,C03811,customer,KOBİ Kredisi,179320.33,24,2.71,2022-06-29,Kapalı,False
L004932,C03812,customer,KOBİ Kredisi,24214.11,120,3.03,2022-07-04,Aktif,True
L004933,C03812,customer,İşletme Kredisi,54798.33,48,3.87,2024-12-04,Aktif,False
L004934,C03813,customer,Taşıt Kredisi,27037.53,36,2.52,2021-06-30,Kapalı,False
L004935,C03814,customer,Taşıt Kredisi,21749.09,84,3.37,2019-05-04,Aktif,False
L004936,C03815,customer,Konut Kredisi,404043.02,120,3.3,2020-04-09,Aktif,False
L004937,C03815,customer,Kredi Kartı,295700.86,120,3.77,2024-07-23,Aktif,False
L004938,C03816,customer,İhtiyaç Kredisi,98324.03,48,3.31,2026-01-21,Aktif,False
L004939,C03817,customer,İşletme Kredisi,117758.21,60,4.08,2025-12-02,Aktif,False
L004940,C03817,customer,Konut Kredisi,2094.09,6,2.66,2025-11-17,Aktif,False
L004941,C03818,customer,Konut Kredisi,229072.04,12,4.35,2024-09-12,Kapalı,False
L004942,C03818,customer,Taşıt Kredisi,31902.27,84,4.6,2021-10-29,Aktif,False
L004943,C03819,customer,Konut Kredisi,14793.39,36,4.08,2023-01-22,Kapalı,False
L004944,C03820,customer,Taşıt Kredisi,58239.57,24,2.55,2024-03-09,Kapalı,False
L004945,C03822,customer,Taşıt Kredisi,29376.83,6,3.26,2022-08-26,Kapalı,False
L004946,C03823,customer,İşletme Kredisi,19612.46,84,2.61,2022-02-16,Aktif,False
L004947,C03823,customer,Kredi Kartı,17247.56,36,3.42,2020-06-14,Kapalı,False
L004948,C03824,customer,KOBİ Kredisi,6842.84,12,4.89,2024-04-03,Aktif,False
L004949,C03825,customer,İşletme Kredisi,10805.28,36,4.61,2026-03-03,Aktif,False
L004950,C03826,customer,Konut Kredisi,55280.05,60,4.66,2026-03-17,Aktif,False
L004951,C03827,customer,KOBİ Kredisi,27145.99,12,3.76,2024-10-19,Kapalı,False
L004952,C03828,customer,Konut Kredisi,20756.68,120,3.06,2019-07-28,Aktif,True
L004953,C03829,customer,KOBİ Kredisi,26569.78,120,3.77,2021-08-27,Aktif,False
L004954,C03829,customer,İhtiyaç Kredisi,15497.32,24,4.15,2025-04-23,Aktif,False
L004955,C03831,customer,Taşıt Kredisi,65115.87,6,2.8,2022-11-15,Kapalı,False
L004956,C03832,customer,Taşıt Kredisi,26884.94,84,4.11,2021-11-26,Aktif,False
L004957,C03833,customer,İşletme Kredisi,67481.41,120,2.72,2023-07-30,Aktif,False
L004958,C03834,customer,İşletme Kredisi,27144.23,24,3.41,2023-12-21,Kapalı,False
L004959,C03835,customer,Kredi Kartı,84425.84,24,3.68,2023-08-08,Kapalı,True
L004960,C03836,customer,İşletme Kredisi,18275.23,84,3.14,2025-02-14,Aktif,False
L004961,C03836,customer,Taşıt Kredisi,13023.68,60,3.79,2022-05-12,Aktif,False
L004962,C03837,customer,KOBİ Kredisi,12167.54,48,2.85,2025-01-16,Aktif,False
L004963,C03838,customer,İşletme Kredisi,34964.32,12,4.64,2023-08-29,Aktif,False
L004964,C03838,customer,İhtiyaç Kredisi,58531.06,48,4.75,2021-06-03,Kapalı,False
L004965,C03838,customer,Taşıt Kredisi,33353.51,120,4.62,2024-06-10,Aktif,False
L004966,C03839,customer,KOBİ Kredisi,204065.43,120,2.8,2022-04-27,Aktif,False
L004967,C03840,customer,Taşıt Kredisi,55143.56,120,4.08,2025-01-04,Aktif,False
L004968,C03841,customer,Kredi Kartı,24608.62,48,4.32,2021-02-14,Kapalı,False
L004969,C03841,customer,KOBİ Kredisi,82016.89,24,2.97,2022-01-10,Kapalı,False
L004970,C03842,customer,İhtiyaç Kredisi,10208.03,48,4.43,2019-04-13,Kapalı,False
L004971,C03843,customer,İhtiyaç Kredisi,15607.78,60,4.3,2025-02-14,Aktif,True
L004972,C03844,customer,Kredi Kartı,55398.41,60,3.81,2021-05-28,Kapalı,False
L004973,C03845,customer,KOBİ Kredisi,9042.82,6,3.37,2023-03-12,Kapalı,False
L004974,C03846,customer,İşletme Kredisi,31854.79,120,3.84,2022-10-17,Aktif,False
L004975,C03846,customer,Konut Kredisi,51788.07,6,4.77,2024-06-01,Kapalı,False
L004976,C03847,customer,Taşıt Kredisi,519843.82,24,3.36,2025-01-10,Aktif,False
L004977,C03847,customer,Konut Kredisi,56737.5,84,2.73,2025-02-02,Aktif,False
L004978,C03848,customer,İşletme Kredisi,3593.66,36,3.05,2020-08-11,Kapalı,False
L004979,C03849,customer,İhtiyaç Kredisi,7375.25,120,2.91,2019-12-23,Aktif,False
L004980,C03850,customer,İhtiyaç Kredisi,126737.3,24,4.6,2020-08-08,Aktif,False
L004981,C03850,customer,İhtiyaç Kredisi,19842.01,48,2.64,2019-08-18,Kapalı,False
L004982,C03851,customer,Kredi Kartı,73866.58,120,3.16,2024-02-17,Aktif,False
L004983,C03852,customer,Kredi Kartı,48130.44,36,3.91,2021-05-14,Kapalı,False
L004984,C03853,customer,Taşıt Kredisi,59957.68,60,4.77,2024-10-06,Aktif,False
L004985,C03853,customer,Konut Kredisi,8953.74,60,2.89,2022-01-26,Aktif,False
L004986,C03854,customer,Kredi Kartı,37153.63,84,3.3,2024-06-22,Aktif,False
L004987,C03855,customer,İşletme Kredisi,130521.94,12,2.51,2021-05-08,Kapalı,False
L004988,C03855,customer,Taşıt Kredisi,73057.45,36,3.7,2020-03-04,Aktif,False
L004989,C03856,customer,İşletme Kredisi,11431.39,84,4.84,2024-08-08,Aktif,False
L004990,C03857,customer,KOBİ Kredisi,120736.11,48,4.08,2024-01-26,Aktif,False
L004991,C03857,customer,İşletme Kredisi,46276.82,36,2.89,2021-09-24,Kapalı,False
L004992,C03858,customer,İşletme Kredisi,15870.14,24,2.74,2024-09-20,Aktif,False
L004993,C03859,customer,KOBİ Kredisi,252415.77,6,4.13,2023-06-23,Aktif,False
L004994,C03860,customer,İşletme Kredisi,15558.24,120,3.21,2024-08-06,Aktif,False
L004995,C03861,customer,Taşıt Kredisi,15091.83,6,4.87,2024-12-21,Kapalı,False
L004996,C03861,customer,İşletme Kredisi,510995.47,60,3.18,2019-09-05,Kapalı,False
L004997,C03862,customer,Kredi Kartı,12488.91,24,3.35,2021-05-19,Kapalı,False
L004998,C03863,customer,İhtiyaç Kredisi,39078.81,48,3.07,2023-09-28,Aktif,False
L004999,C03863,customer,KOBİ Kredisi,271824.15,36,4.11,2020-08-02,Kapalı,True
L005000,C03864,customer,Konut Kredisi,23889.66,48,4.58,2023-03-19,Aktif,False
L005001,C03864,customer,İhtiyaç Kredisi,127077.07,48,4.26,2025-07-29,Aktif,False
L005002,C03865,customer,İhtiyaç Kredisi,12027.96,24,4.82,2026-03-05,Aktif,False
L005003,C03866,customer,Kredi Kartı,72715.76,84,4.22,2024-01-03,Aktif,True
L005004,C03866,customer,Kredi Kartı,8155.96,48,3.54,2020-05-09,Kapalı,False
L005005,C03867,customer,Konut Kredisi,78632.98,24,3.03,2026-03-25,Aktif,False
L005006,C03867,customer,Kredi Kartı,97739.89,60,3.48,2020-02-29,Kapalı,False
L005007,C03868,customer,İşletme Kredisi,55649.25,6,2.71,2020-12-26,Kapalı,False
L005008,C03869,customer,İhtiyaç Kredisi,112921.16,60,3.64,2026-01-28,Aktif,False
L005009,C03870,customer,Taşıt Kredisi,25190.73,12,2.78,2026-06-25,Aktif,False
L005010,C03870,customer,Kredi Kartı,146379.41,6,3.2,2025-05-21,Aktif,True
L005011,C03871,customer,Konut Kredisi,14736.67,24,3.62,2019-09-10,Aktif,False
L005012,C03872,customer,Konut Kredisi,45641.63,36,4.82,2022-08-22,Kapalı,False
L005013,C03872,customer,Taşıt Kredisi,70828.75,6,4.32,2025-12-16,Kapalı,False
L005014,C03873,customer,KOBİ Kredisi,63402.37,24,4.78,2024-05-31,Aktif,False
L005015,C03873,customer,İhtiyaç Kredisi,3197.84,84,3.61,2022-10-17,Aktif,False
L005016,C03874,customer,Konut Kredisi,6734.44,84,4.36,2021-03-06,Aktif,False
L005017,C03874,customer,Konut Kredisi,23694.86,60,3.37,2022-03-26,Aktif,False
L005018,C03875,customer,Kredi Kartı,78791.36,60,3.06,2021-07-15,Kapalı,False
L005019,C03875,customer,KOBİ Kredisi,55640.21,12,2.93,2022-08-07,Kapalı,True
L005020,C03875,customer,İşletme Kredisi,10532.31,60,3.46,2020-10-07,Kapalı,False
L005021,C03876,customer,Taşıt Kredisi,35943.91,84,3.4,2020-06-16,Aktif,False
L005022,C03877,customer,İşletme Kredisi,8069.52,24,2.97,2021-07-18,Kapalı,False
L005023,C03878,customer,KOBİ Kredisi,8961.73,120,3.11,2020-03-14,Aktif,False
L005024,C03878,customer,Konut Kredisi,7368.56,84,3.54,2019-11-01,Aktif,False
L005025,C03879,customer,Taşıt Kredisi,44760.86,24,4.67,2024-01-28,Kapalı,True
L005026,C03880,customer,KOBİ Kredisi,27786.38,84,2.59,2026-07-11,Aktif,False
L005027,C03881,customer,Kredi Kartı,34878.86,84,3.44,2024-01-02,Aktif,False
L005028,C03882,customer,Konut Kredisi,16212.08,6,4.76,2019-02-22,Kapalı,False
L005029,C03882,customer,Kredi Kartı,8787.83,48,3.92,2024-03-16,Aktif,False
L005030,C03883,customer,Kredi Kartı,2562.6,84,4.73,2023-04-29,Aktif,False
L005031,C03884,customer,Kredi Kartı,44433.31,60,3.03,2021-02-21,Kapalı,False
L005032,C03885,customer,KOBİ Kredisi,14238.71,12,3.85,2020-08-20,Kapalı,False
L005033,C03886,customer,İhtiyaç Kredisi,178382.77,48,2.78,2026-07-11,Aktif,False
L005034,C03886,customer,Konut Kredisi,62366.24,24,3.64,2019-04-29,Kapalı,False
L005035,C03887,customer,Taşıt Kredisi,36668.12,24,4.86,2022-05-04,Kapalı,False
L005036,C03888,customer,İhtiyaç Kredisi,23356.76,36,2.68,2026-02-23,Aktif,False
L005037,C03888,customer,İşletme Kredisi,3454.86,12,4.44,2026-01-19,Aktif,False
L005038,C03890,customer,Kredi Kartı,94924.76,36,3.67,2024-02-12,Aktif,False
L005039,C03891,customer,Konut Kredisi,67704.32,60,4.19,2026-03-18,Aktif,False
L005040,C03892,customer,KOBİ Kredisi,46839.22,6,4.61,2025-08-20,Kapalı,True
L005041,C03893,customer,İhtiyaç Kredisi,24965.81,120,2.65,2022-07-15,Aktif,False
L005042,C03895,customer,Kredi Kartı,4854.46,120,4.77,2022-10-08,Aktif,False
L005043,C03896,customer,Taşıt Kredisi,8571.65,24,2.93,2019-10-31,Kapalı,True
L005044,C03896,customer,KOBİ Kredisi,24130.79,120,3.41,2023-12-24,Aktif,False
L005045,C03897,customer,İşletme Kredisi,34371.29,12,3.9,2024-09-26,Kapalı,False
L005046,C03898,customer,Kredi Kartı,14944.73,12,4.37,2023-06-22,Kapalı,False
L005047,C03899,customer,KOBİ Kredisi,10662.17,48,4.7,2020-05-28,Aktif,False
L005048,C03899,customer,Taşıt Kredisi,26353.56,36,4.1,2023-11-26,Aktif,True
L005049,C03900,customer,İşletme Kredisi,6322.8,12,4.02,2021-09-02,Kapalı,False
L005050,C03901,customer,Kredi Kartı,144934.56,84,3.67,2023-01-30,Aktif,False
L005051,C03902,customer,KOBİ Kredisi,13102.98,24,2.66,2025-03-02,Aktif,False
L005052,C03902,customer,İşletme Kredisi,32688.4,12,3.23,2026-05-15,Aktif,False
L005053,C03903,customer,Konut Kredisi,64507.58,12,2.97,2022-05-31,Aktif,False
L005054,C03904,customer,Kredi Kartı,7347.55,36,4.36,2024-09-17,Aktif,False
L005055,C03904,customer,KOBİ Kredisi,37887.45,120,4.81,2019-08-26,Aktif,False
L005056,C03905,customer,İşletme Kredisi,11465.44,48,4.68,2023-07-26,Aktif,False
L005057,C03906,customer,KOBİ Kredisi,14969.42,120,4.3,2024-06-04,Aktif,False
L005058,C03907,customer,Kredi Kartı,30302.53,84,4.23,2022-02-14,Aktif,False
L005059,C03908,customer,İhtiyaç Kredisi,4833.4,48,2.84,2023-09-17,Aktif,False
L005060,C03908,customer,Kredi Kartı,31979.08,12,2.89,2020-09-11,Kapalı,False
L005061,C03909,customer,KOBİ Kredisi,20203.19,36,3.3,2020-08-17,Kapalı,True
L005062,C03909,customer,Kredi Kartı,10562.02,24,4.58,2025-10-21,Aktif,False
L005063,C03910,customer,İşletme Kredisi,14905.35,6,3.61,2019-10-27,Kapalı,False
L005064,C03911,customer,Taşıt Kredisi,18034.85,6,2.91,2025-05-02,Kapalı,False
L005065,C03911,customer,İşletme Kredisi,36292.59,84,3.05,2023-05-06,Aktif,False
L005066,C03912,customer,İhtiyaç Kredisi,10239.06,84,2.62,2023-03-14,Aktif,False
L005067,C03913,customer,KOBİ Kredisi,218611.31,120,3.16,2019-04-14,Aktif,False
L005068,C03913,customer,İşletme Kredisi,48395.1,24,3.17,2024-05-24,Kapalı,False
L005069,C03914,customer,İhtiyaç Kredisi,48996.49,48,4.01,2021-08-07,Aktif,False
L005070,C03914,customer,KOBİ Kredisi,139167.87,60,2.73,2019-01-04,Kapalı,False
L005071,C03915,customer,İşletme Kredisi,43353.57,36,4.7,2021-05-20,Kapalı,False
L005072,C03915,customer,İhtiyaç Kredisi,111654.83,12,2.9,2022-04-15,Kapalı,False
L005073,C03916,customer,KOBİ Kredisi,31697.83,12,3.41,2022-12-06,Kapalı,False
L005074,C03916,customer,İşletme Kredisi,16708.26,24,2.99,2024-06-22,Kapalı,False
L005075,C03917,customer,Taşıt Kredisi,12161.07,48,3.18,2024-09-02,Aktif,False
L005076,C03917,customer,Taşıt Kredisi,91617.38,84,4.27,2019-06-09,Kapalı,False
L005077,C03918,customer,Konut Kredisi,65323.21,60,3.05,2023-02-21,Aktif,False
L005078,C03918,customer,KOBİ Kredisi,105644.02,84,4.55,2021-10-09,Aktif,False
L005079,C03919,customer,Konut Kredisi,196164.8,6,3.87,2025-01-04,Kapalı,False
L005080,C03919,customer,KOBİ Kredisi,520039.45,60,4.49,2024-09-07,Aktif,False
L005081,C03920,customer,Konut Kredisi,27550.97,24,4.0,2024-06-24,Kapalı,False
L005082,C03920,customer,KOBİ Kredisi,86150.75,24,4.55,2020-11-30,Kapalı,False
L005083,C03921,customer,İhtiyaç Kredisi,217014.72,12,4.7,2025-08-17,Kapalı,False
L005084,C03923,customer,KOBİ Kredisi,10212.37,60,3.06,2025-11-12,Aktif,False
L005085,C03924,customer,İşletme Kredisi,52126.71,84,4.63,2021-04-21,Aktif,True
L005086,C03925,customer,İhtiyaç Kredisi,5424.95,12,3.08,2025-09-26,Aktif,False
L005087,C03926,customer,İhtiyaç Kredisi,7712.71,120,3.37,2019-05-06,Aktif,False
L005088,C03926,customer,KOBİ Kredisi,48388.59,12,4.4,2023-09-02,Kapalı,False
L005089,C03927,customer,İhtiyaç Kredisi,8915.6,120,4.43,2019-07-22,Aktif,False
L005090,C03927,customer,Kredi Kartı,34135.73,120,3.24,2023-06-08,Aktif,True
L005091,C03928,customer,Konut Kredisi,7345.24,24,3.01,2022-03-25,Kapalı,False
L005092,C03928,customer,KOBİ Kredisi,60616.43,48,2.81,2022-09-11,Kapalı,False
L005093,C03929,customer,İşletme Kredisi,38888.43,48,3.94,2022-07-12,Kapalı,False
L005094,C03930,customer,Kredi Kartı,9162.92,120,4.04,2020-06-30,Aktif,False
L005095,C03931,customer,Kredi Kartı,23785.63,120,3.91,2022-11-17,Aktif,False
L005096,C03931,customer,İşletme Kredisi,32497.18,120,2.69,2026-01-24,Aktif,False
L005097,C03932,customer,Kredi Kartı,22302.97,24,4.32,2026-05-30,Aktif,False
L005098,C03933,customer,Konut Kredisi,232525.34,24,2.81,2025-11-11,Aktif,False
L005099,C03934,customer,KOBİ Kredisi,28425.33,24,4.35,2023-02-12,Kapalı,False
L005100,C03934,customer,Kredi Kartı,1848.0,84,4.03,2024-12-26,Aktif,False
L005101,C03935,customer,Kredi Kartı,43331.13,60,4.41,2019-02-04,Kapalı,True
L005102,C03935,customer,İhtiyaç Kredisi,26537.28,84,3.46,2022-11-15,Aktif,False
L005103,C03936,customer,KOBİ Kredisi,33019.85,60,3.99,2020-01-23,Kapalı,False
L005104,C03937,customer,İhtiyaç Kredisi,43352.29,36,3.85,2022-08-19,Kapalı,False
L005105,C03937,customer,İşletme Kredisi,16694.22,6,3.84,2026-07-22,Aktif,False
L005106,C03939,customer,Kredi Kartı,10942.05,6,4.31,2023-08-31,Kapalı,True
L005107,C03940,customer,KOBİ Kredisi,8521.25,120,4.44,2024-05-20,Aktif,False
L005108,C03941,customer,Taşıt Kredisi,40818.04,12,3.3,2021-02-08,Aktif,True
L005109,C03941,customer,İşletme Kredisi,9391.02,48,4.5,2021-05-25,Kapalı,False
L005110,C03942,customer,Kredi Kartı,18422.67,84,3.84,2021-10-03,Aktif,False
L005111,C03943,customer,İşletme Kredisi,90470.52,36,3.01,2024-07-16,Aktif,False
L005112,C03943,customer,Taşıt Kredisi,112723.76,84,2.86,2025-07-24,Aktif,False
L005113,C03944,customer,İhtiyaç Kredisi,29567.86,6,3.91,2025-10-07,Kapalı,False
L005114,C03945,customer,KOBİ Kredisi,33564.11,120,3.54,2020-11-22,Aktif,False
L005115,C03947,customer,İhtiyaç Kredisi,51513.4,12,3.91,2023-04-20,Kapalı,True
L005116,C03947,customer,Kredi Kartı,105275.41,12,3.71,2023-11-05,Kapalı,False
L005117,C03947,customer,İhtiyaç Kredisi,11647.51,6,3.82,2022-01-10,Kapalı,False
L005118,C03950,customer,Konut Kredisi,12807.81,36,4.71,2022-09-15,Kapalı,False
L005119,C03951,customer,İhtiyaç Kredisi,82729.69,36,4.79,2022-09-15,Kapalı,False
L005120,C03951,customer,KOBİ Kredisi,35164.99,6,4.57,2021-02-01,Kapalı,False
L005121,C03952,customer,Konut Kredisi,30555.44,60,2.59,2026-05-29,Aktif,False
L005122,C03952,customer,Kredi Kartı,16091.78,12,4.27,2025-02-04,Kapalı,False
L005123,C03953,customer,İhtiyaç Kredisi,67276.43,6,4.66,2026-04-26,Aktif,False
L005124,C03953,customer,Taşıt Kredisi,28273.99,48,2.97,2020-08-14,Kapalı,False
L005125,C03954,customer,Kredi Kartı,38537.46,48,3.71,2021-04-07,Kapalı,False
L005126,C03955,customer,Taşıt Kredisi,16688.42,36,3.0,2020-12-14,Kapalı,False
L005127,C03955,customer,Taşıt Kredisi,15897.66,48,3.91,2021-03-26,Kapalı,False
L005128,C03956,customer,İşletme Kredisi,32917.39,36,2.57,2021-10-05,Kapalı,False
L005129,C03957,customer,Kredi Kartı,62732.09,12,3.4,2021-09-05,Kapalı,False
L005130,C03958,customer,KOBİ Kredisi,13551.55,6,2.54,2021-11-11,Kapalı,False
L005131,C03958,customer,KOBİ Kredisi,15200.14,48,3.96,2022-05-06,Kapalı,False
L005132,C03959,customer,Taşıt Kredisi,7543.64,6,3.35,2025-10-14,Kapalı,False
L005133,C03959,customer,İhtiyaç Kredisi,36528.34,6,4.4,2023-12-28,Aktif,False
L005134,C03959,customer,İhtiyaç Kredisi,49528.17,120,2.8,2023-09-14,Aktif,False
L005135,C03960,customer,KOBİ Kredisi,48253.82,48,3.74,2022-10-22,Aktif,False
L005136,C03961,customer,Taşıt Kredisi,8236.42,48,2.97,2026-02-25,Aktif,False
L005137,C03962,customer,Kredi Kartı,69406.11,36,3.12,2022-12-07,Kapalı,False
L005138,C03963,customer,Konut Kredisi,16299.2,36,2.54,2024-02-10,Aktif,False
L005139,C03965,customer,İhtiyaç Kredisi,49477.73,12,4.38,2024-09-09,Kapalı,False
L005140,C03966,customer,Taşıt Kredisi,10315.04,36,2.82,2023-06-22,Aktif,False
L005141,C03966,customer,Taşıt Kredisi,51576.37,120,4.35,2022-08-29,Aktif,True
L005142,C03967,customer,İhtiyaç Kredisi,25215.99,60,3.71,2019-09-04,Kapalı,False
L005143,C03968,customer,Konut Kredisi,90242.16,12,3.69,2020-04-06,Kapalı,False
L005144,C03968,customer,Kredi Kartı,21697.03,120,2.76,2025-03-28,Aktif,False
L005145,C03969,customer,Konut Kredisi,36137.4,60,4.27,2024-01-22,Aktif,False
L005146,C03970,customer,Taşıt Kredisi,58297.0,84,3.43,2020-11-19,Aktif,False
L005147,C03971,customer,Taşıt Kredisi,27664.31,6,3.65,2021-09-30,Kapalı,False
L005148,C03972,customer,KOBİ Kredisi,59914.95,6,3.42,2020-11-22,Kapalı,True
L005149,C03972,customer,Taşıt Kredisi,20184.99,84,4.84,2025-12-02,Aktif,False
L005150,C03972,customer,KOBİ Kredisi,22257.45,24,3.52,2026-02-20,Aktif,False
L005151,C03974,customer,İhtiyaç Kredisi,99600.09,24,4.76,2021-01-25,Kapalı,False
L005152,C03975,customer,İhtiyaç Kredisi,47362.97,120,4.76,2022-09-14,Aktif,False
L005153,C03975,customer,İhtiyaç Kredisi,14098.92,6,4.42,2021-02-02,Kapalı,False
L005154,C03976,customer,Kredi Kartı,15261.2,48,4.7,2019-02-16,Kapalı,False
L005155,C03978,customer,KOBİ Kredisi,21554.21,60,3.65,2023-09-09,Aktif,False
L005156,C03978,customer,İşletme Kredisi,20975.01,60,3.45,2026-01-31,Aktif,False
L005157,C03979,customer,Kredi Kartı,32051.55,60,3.2,2025-10-19,Aktif,False
L005158,C03980,customer,İşletme Kredisi,43894.53,12,3.51,2023-12-15,Kapalı,False
L005159,C03981,customer,İhtiyaç Kredisi,5965.95,36,4.34,2020-10-21,Aktif,False
L005160,C03983,customer,İşletme Kredisi,51637.55,48,4.0,2022-05-06,Kapalı,False
L005161,C03984,customer,Taşıt Kredisi,40347.74,48,4.05,2021-04-15,Kapalı,False
L005162,C03985,customer,Taşıt Kredisi,84512.05,36,4.68,2019-06-02,Aktif,False
L005163,C03986,customer,Konut Kredisi,6915.85,24,2.67,2025-12-19,Aktif,False
L005164,C03986,customer,İhtiyaç Kredisi,14558.29,36,2.9,2019-04-29,Kapalı,False
L005165,C03987,customer,Kredi Kartı,64248.6,6,2.91,2025-07-09,Kapalı,False
L005166,C03987,customer,Kredi Kartı,21947.97,24,3.52,2019-04-19,Kapalı,False
L005167,C03987,customer,Konut Kredisi,57547.07,24,4.78,2019-07-25,Kapalı,False
L005168,C03988,customer,Konut Kredisi,31903.89,60,4.55,2023-05-29,Aktif,False
L005169,C03988,customer,İhtiyaç Kredisi,8263.18,84,4.25,2019-01-29,Kapalı,False
L005170,C03989,customer,Kredi Kartı,51151.64,12,3.76,2021-12-24,Kapalı,False
L005171,C03989,customer,Konut Kredisi,43837.64,36,4.16,2024-07-14,Aktif,False
L005172,C03989,customer,İhtiyaç Kredisi,5484.75,60,3.0,2021-07-22,Aktif,False
L005173,C03990,customer,Taşıt Kredisi,157796.59,120,3.23,2023-08-22,Aktif,False
L005174,C03990,customer,İhtiyaç Kredisi,106587.13,120,2.87,2023-04-14,Aktif,False
L005175,C03991,customer,Kredi Kartı,4594.01,24,3.21,2022-08-25,Kapalı,False
L005176,C03992,customer,İşletme Kredisi,68934.42,120,3.68,2023-04-30,Aktif,False
L005177,C03993,customer,Konut Kredisi,47792.9,12,3.71,2021-08-06,Aktif,True
L005178,C03993,customer,Taşıt Kredisi,41381.2,6,3.76,2021-08-04,Aktif,False
L005179,C03993,customer,KOBİ Kredisi,52029.96,48,3.51,2019-09-14,Kapalı,True
L005180,C03994,customer,Konut Kredisi,11133.78,6,3.48,2020-02-21,Kapalı,False
L005181,C03994,customer,KOBİ Kredisi,14802.4,48,3.13,2020-10-24,Aktif,False
L005182,C03995,customer,Kredi Kartı,58172.95,36,4.08,2024-03-07,Aktif,False
L005183,C03995,customer,İşletme Kredisi,51142.09,48,4.31,2021-02-06,Kapalı,False
L005184,C03996,customer,İşletme Kredisi,5678.07,60,4.59,2023-08-13,Aktif,False
L005185,C03997,customer,İşletme Kredisi,17602.34,6,3.66,2021-01-19,Kapalı,False
L005186,C03998,customer,Taşıt Kredisi,32946.66,12,4.74,2020-09-14,Kapalı,True
L005187,C03999,customer,Konut Kredisi,10079.49,12,4.03,2023-07-14,Kapalı,False
L005188,C04000,customer,Kredi Kartı,23508.79,60,2.69,2020-01-16,Aktif,False
L005189,F00001,company,Kredi Kartı,50458.82,84,4.18,2021-12-07,Aktif,False
L005190,F00001,company,İşletme Kredisi,64170.53,6,4.47,2021-02-10,Aktif,False
L005191,F00001,company,KOBİ Kredisi,261286.93,120,4.09,2019-03-03,Aktif,False
L005192,F00001,company,İşletme Kredisi,572349.38,6,3.71,2026-06-24,Aktif,False
L005193,F00002,company,Kredi Kartı,224663.93,48,3.67,2020-11-05,Kapalı,False
L005194,F00002,company,İşletme Kredisi,108190.63,48,4.4,2019-02-05,Kapalı,False
L005195,F00002,company,İşletme Kredisi,24404.2,6,4.54,2023-10-10,Kapalı,False
L005196,F00004,company,Kredi Kartı,13378.16,84,4.24,2021-04-15,Aktif,False
L005197,F00004,company,İşletme Kredisi,170119.57,24,3.58,2020-08-08,Kapalı,False
L005198,F00005,company,KOBİ Kredisi,437857.08,84,4.68,2022-09-28,Aktif,False
L005199,F00006,company,KOBİ Kredisi,49382.91,60,4.11,2026-06-18,Aktif,False
L005200,F00007,company,İşletme Kredisi,29691.8,24,2.6,2021-07-27,Kapalı,False
L005201,F00008,company,KOBİ Kredisi,46979.56,120,2.99,2020-06-25,Aktif,False
L005202,F00009,company,Kredi Kartı,56839.26,48,3.49,2024-02-09,Aktif,False
L005203,F00009,company,Kredi Kartı,152262.41,24,3.57,2024-03-28,Kapalı,False
L005204,F00009,company,Kredi Kartı,90394.18,48,4.73,2022-02-13,Kapalı,False
L005205,F00010,company,İşletme Kredisi,19676.15,36,3.81,2023-07-03,Kapalı,False
L005206,F00011,company,İşletme Kredisi,21050.86,48,3.1,2024-08-03,Aktif,False
L005207,F00011,company,KOBİ Kredisi,97025.9,84,2.52,2024-06-27,Aktif,False
L005208,F00012,company,Kredi Kartı,424716.15,12,4.42,2020-10-04,Kapalı,False
L005209,F00012,company,Kredi Kartı,167027.51,120,4.06,2026-02-25,Aktif,False
L005210,F00013,company,Kredi Kartı,83478.56,120,4.39,2019-09-24,Aktif,False
L005211,F00013,company,İşletme Kredisi,33238.06,48,3.61,2024-09-14,Aktif,True
L005212,F00013,company,KOBİ Kredisi,106474.77,36,4.79,2020-08-16,Aktif,False
L005213,F00014,company,Kredi Kartı,8914.92,84,4.01,2025-04-25,Aktif,False
L005214,F00015,company,Kredi Kartı,78406.37,6,3.12,2019-09-11,Kapalı,False
L005215,F00016,company,KOBİ Kredisi,170932.17,48,4.35,2024-11-20,Aktif,False
L005216,F00016,company,Kredi Kartı,178272.21,48,3.6,2023-05-06,Aktif,False
L005217,F00016,company,İşletme Kredisi,47806.89,48,2.74,2019-10-29,Kapalı,False
L005218,F00017,company,Kredi Kartı,429924.85,24,2.88,2020-08-14,Kapalı,False
L005219,F00018,company,KOBİ Kredisi,216329.47,84,3.37,2025-12-15,Aktif,False
L005220,F00019,company,Kredi Kartı,19875.26,24,3.73,2020-05-05,Kapalı,False
L005221,F00019,company,Kredi Kartı,299707.5,60,4.78,2020-08-13,Kapalı,False
L005222,F00020,company,İşletme Kredisi,330777.94,120,3.23,2024-10-19,Aktif,False
L005223,F00021,company,KOBİ Kredisi,100108.53,84,4.51,2024-06-01,Aktif,False
L005224,F00022,company,Kredi Kartı,17341.19,120,2.88,2023-08-15,Aktif,False
L005225,F00023,company,Kredi Kartı,67208.05,48,3.09,2025-03-29,Aktif,False
L005226,F00024,company,İşletme Kredisi,208572.25,120,2.5,2026-03-12,Aktif,False
L005227,F00024,company,İşletme Kredisi,212480.8,60,3.72,2025-08-12,Aktif,False
L005228,F00024,company,KOBİ Kredisi,118817.4,12,2.51,2024-11-06,Kapalı,False
L005229,F00024,company,KOBİ Kredisi,94319.12,48,4.4,2024-10-25,Aktif,False
L005230,F00025,company,Kredi Kartı,80087.01,120,3.65,2019-03-16,Aktif,False
L005231,F00025,company,KOBİ Kredisi,166520.55,36,3.13,2024-05-13,Aktif,False
L005232,F00025,company,İşletme Kredisi,24272.14,48,3.11,2023-12-27,Aktif,False
L005233,F00026,company,İşletme Kredisi,87837.26,120,4.19,2021-05-17,Aktif,False
L005234,F00026,company,İşletme Kredisi,11950.87,12,4.37,2021-08-17,Kapalı,False
L005235,F00026,company,Kredi Kartı,311790.03,36,4.1,2023-06-23,Kapalı,False
L005236,F00027,company,İşletme Kredisi,436500.21,24,3.42,2019-07-08,Kapalı,False
L005237,F00028,company,KOBİ Kredisi,83182.21,24,3.48,2019-04-29,Kapalı,False
L005238,F00028,company,Kredi Kartı,68637.75,60,3.78,2025-12-02,Aktif,False
L005239,F00029,company,Kredi Kartı,79277.03,48,4.67,2019-12-31,Kapalı,False
L005240,F00030,company,KOBİ Kredisi,597275.07,48,3.76,2022-11-08,Aktif,False
L005241,F00032,company,Kredi Kartı,67179.11,12,3.11,2020-06-12,Kapalı,False
L005242,F00033,company,İşletme Kredisi,230443.55,12,2.69,2022-01-09,Kapalı,False
L005243,F00033,company,Kredi Kartı,14823.87,24,3.42,2022-11-04,Aktif,False
L005244,F00034,company,İşletme Kredisi,133948.65,12,4.09,2021-10-25,Kapalı,False
L005245,F00034,company,KOBİ Kredisi,822532.38,60,4.34,2019-09-07,Kapalı,False
L005246,F00034,company,İşletme Kredisi,22605.57,24,4.29,2019-05-27,Kapalı,True
L005247,F00035,company,İşletme Kredisi,36007.63,12,2.95,2023-01-13,Kapalı,False
L005248,F00037,company,Kredi Kartı,26292.66,24,4.44,2025-02-03,Aktif,False
L005249,F00038,company,Kredi Kartı,298145.93,48,4.28,2020-09-15,Kapalı,False
L005250,F00038,company,KOBİ Kredisi,19625.46,120,3.35,2019-09-06,Aktif,False
L005251,F00039,company,İşletme Kredisi,114273.76,120,3.36,2026-04-04,Aktif,False
L005252,F00040,company,KOBİ Kredisi,51180.0,48,3.51,2025-09-25,Aktif,False
L005253,F00041,company,İşletme Kredisi,15969.04,48,2.54,2020-08-07,Kapalı,False
L005254,F00041,company,KOBİ Kredisi,537477.28,120,3.99,2026-03-19,Aktif,True
L005255,F00042,company,KOBİ Kredisi,67967.29,48,3.79,2020-12-10,Kapalı,False
L005256,F00042,company,İşletme Kredisi,60751.46,120,3.07,2025-08-02,Aktif,False
L005257,F00042,company,KOBİ Kredisi,90046.65,12,3.19,2020-03-07,Kapalı,False
L005258,F00043,company,KOBİ Kredisi,63713.63,48,4.79,2022-07-11,Aktif,False
L005259,F00044,company,Kredi Kartı,183207.91,6,2.81,2020-01-23,Kapalı,False
L005260,F00045,company,KOBİ Kredisi,238390.09,120,4.29,2020-11-27,Aktif,False
L005261,F00046,company,Kredi Kartı,101823.46,48,2.96,2019-03-08,Kapalı,False
L005262,F00047,company,Kredi Kartı,142614.57,48,3.27,2021-03-15,Aktif,False
L005263,F00047,company,KOBİ Kredisi,36856.47,12,4.34,2025-10-25,Aktif,False
L005264,F00047,company,Kredi Kartı,29560.93,120,2.92,2020-05-17,Aktif,False
L005265,F00048,company,Kredi Kartı,29258.74,84,3.89,2021-01-19,Aktif,False
L005266,F00049,company,Kredi Kartı,45744.87,84,4.45,2020-01-06,Aktif,False
L005267,F00049,company,KOBİ Kredisi,292078.25,84,3.62,2025-03-24,Aktif,False
L005268,F00051,company,İşletme Kredisi,58179.07,48,3.81,2026-07-03,Aktif,False
L005269,F00051,company,Kredi Kartı,186563.04,60,3.84,2026-04-05,Aktif,True
L005270,F00051,company,İşletme Kredisi,114586.73,84,2.51,2025-06-12,Aktif,False
L005271,F00052,company,Kredi Kartı,100214.81,84,2.99,2020-10-17,Aktif,False
L005272,F00052,company,KOBİ Kredisi,15740.65,84,3.21,2026-01-31,Aktif,False
L005273,F00052,company,İşletme Kredisi,50171.83,48,4.01,2025-10-12,Aktif,False
L005274,F00053,company,Kredi Kartı,593428.16,12,3.32,2024-12-05,Aktif,False
L005275,F00053,company,KOBİ Kredisi,421693.16,12,4.22,2021-04-06,Aktif,False
L005276,F00053,company,İşletme Kredisi,141136.05,48,3.8,2021-02-21,Aktif,False
L005277,F00054,company,KOBİ Kredisi,23763.98,12,3.34,2020-08-02,Kapalı,False
L005278,F00055,company,KOBİ Kredisi,13766.52,84,2.8,2022-03-17,Aktif,False
L005279,F00055,company,İşletme Kredisi,270425.37,36,4.81,2025-05-28,Aktif,False
L005280,F00056,company,Kredi Kartı,244901.27,6,2.7,2022-02-17,Kapalı,False
L005281,F00057,company,Kredi Kartı,237845.91,12,2.65,2019-03-16,Kapalı,False
L005282,F00057,company,KOBİ Kredisi,37871.24,120,4.33,2025-08-04,Aktif,False
L005283,F00057,company,İşletme Kredisi,145044.68,12,3.78,2024-10-03,Kapalı,True
L005284,F00057,company,Kredi Kartı,47392.05,120,4.79,2023-06-22,Aktif,False
L005285,F00059,company,İşletme Kredisi,239172.06,48,2.82,2022-03-03,Kapalı,False
L005286,F00060,company,KOBİ Kredisi,1062628.17,60,3.46,2024-05-24,Aktif,False
L005287,F00061,company,Kredi Kartı,286885.07,12,4.68,2022-04-06,Aktif,False
L005288,F00062,company,Kredi Kartı,160251.36,24,3.18,2023-05-24,Kapalı,False
L005289,F00062,company,KOBİ Kredisi,34708.55,84,2.78,2021-05-30,Aktif,False
L005290,F00063,company,İşletme Kredisi,132318.25,48,4.54,2019-06-06,Kapalı,False
L005291,F00063,company,Kredi Kartı,23371.36,60,3.97,2020-03-13,Kapalı,False
L005292,F00064,company,İşletme Kredisi,138059.31,12,2.78,2021-09-24,Aktif,False
L005293,F00065,company,Kredi Kartı,149268.93,24,4.46,2022-07-18,Kapalı,False
L005294,F00065,company,KOBİ Kredisi,221689.09,60,3.14,2022-11-07,Aktif,False
L005295,F00066,company,KOBİ Kredisi,274006.16,120,3.63,2021-04-22,Aktif,False
L005296,F00066,company,KOBİ Kredisi,69135.91,84,3.14,2020-02-15,Aktif,False
L005297,F00066,company,Kredi Kartı,155356.29,6,2.69,2022-03-02,Aktif,False
L005298,F00067,company,Kredi Kartı,19798.75,12,3.15,2019-08-05,Kapalı,False
L005299,F00067,company,KOBİ Kredisi,30818.58,60,2.51,2025-09-07,Aktif,False
L005300,F00067,company,İşletme Kredisi,48170.86,6,4.16,2024-03-05,Kapalı,False
L005301,F00067,company,KOBİ Kredisi,351738.23,48,2.6,2024-10-08,Aktif,False
L005302,F00068,company,İşletme Kredisi,143141.45,12,3.29,2026-05-27,Aktif,False
L005303,F00068,company,KOBİ Kredisi,163655.58,120,3.36,2021-09-15,Aktif,False
L005304,F00068,company,KOBİ Kredisi,466865.71,24,2.69,2020-03-13,Kapalı,False
L005305,F00068,company,KOBİ Kredisi,70208.97,12,3.7,2020-04-22,Kapalı,False
L005306,F00069,company,Kredi Kartı,106443.25,24,4.26,2020-04-24,Kapalı,False
L005307,F00069,company,KOBİ Kredisi,31324.68,48,4.26,2024-03-10,Aktif,False
L005308,F00070,company,Kredi Kartı,27354.59,36,4.84,2026-07-14,Aktif,False
L005309,F00070,company,İşletme Kredisi,191680.84,84,4.02,2025-10-01,Aktif,True
L005310,F00070,company,İşletme Kredisi,50026.53,12,3.04,2019-02-27,Kapalı,True
L005311,F00070,company,KOBİ Kredisi,52536.06,24,4.47,2020-08-27,Kapalı,False
L005312,F00071,company,Kredi Kartı,151058.98,24,4.83,2021-01-18,Kapalı,False
L005313,F00071,company,İşletme Kredisi,38368.54,60,3.62,2024-07-27,Aktif,False
L005314,F00071,company,İşletme Kredisi,16500.02,6,4.0,2022-09-26,Kapalı,False
L005315,F00072,company,İşletme Kredisi,200163.97,6,3.11,2026-04-19,Aktif,False
L005316,F00072,company,Kredi Kartı,116493.47,120,3.46,2020-09-13,Aktif,False
L005317,F00072,company,Kredi Kartı,12879.88,84,4.84,2023-01-14,Aktif,False
L005318,F00072,company,İşletme Kredisi,103958.11,120,4.24,2023-07-22,Aktif,False
L005319,F00073,company,Kredi Kartı,79870.7,120,2.54,2025-02-17,Aktif,False
L005320,F00074,company,Kredi Kartı,506417.03,120,4.0,2020-05-18,Aktif,False
L005321,F00074,company,KOBİ Kredisi,38809.67,48,2.86,2024-08-20,Aktif,False
L005322,F00075,company,İşletme Kredisi,101529.42,24,3.06,2019-01-07,Aktif,False
L005323,F00075,company,İşletme Kredisi,108536.8,36,3.02,2020-06-16,Kapalı,False
L005324,F00076,company,Kredi Kartı,521484.88,84,2.5,2022-12-20,Aktif,False
L005325,F00077,company,Kredi Kartı,136272.5,36,4.55,2023-06-30,Kapalı,False
L005326,F00077,company,KOBİ Kredisi,106502.21,84,3.1,2019-09-26,Kapalı,False
L005327,F00077,company,İşletme Kredisi,162368.24,60,4.47,2019-02-03,Kapalı,False
L005328,F00078,company,Kredi Kartı,29824.55,48,3.54,2026-04-08,Aktif,True
L005329,F00080,company,KOBİ Kredisi,39560.39,6,2.98,2019-12-28,Kapalı,False
L005330,F00081,company,İşletme Kredisi,115531.57,6,3.57,2019-02-12,Kapalı,False
L005331,F00083,company,KOBİ Kredisi,286581.34,60,3.25,2026-07-08,Aktif,False
L005332,F00086,company,Kredi Kartı,149592.98,60,3.83,2026-04-27,Aktif,False
L005333,F00086,company,İşletme Kredisi,181782.15,24,4.27,2022-09-15,Kapalı,False
L005334,F00087,company,KOBİ Kredisi,59969.16,120,4.31,2024-11-02,Aktif,False
L005335,F00088,company,İşletme Kredisi,46170.02,84,4.16,2019-04-26,Kapalı,False
L005336,F00089,company,KOBİ Kredisi,139966.5,24,3.87,2023-01-10,Kapalı,False
L005337,F00090,company,KOBİ Kredisi,80996.41,84,2.9,2025-09-08,Aktif,False
L005338,F00091,company,Kredi Kartı,109295.06,36,2.6,2026-03-25,Aktif,False
L005339,F00092,company,KOBİ Kredisi,115241.04,48,4.85,2026-07-24,Aktif,False
L005340,F00092,company,Kredi Kartı,36237.93,36,4.09,2023-10-18,Aktif,False
L005341,F00093,company,Kredi Kartı,86686.71,24,3.37,2022-09-05,Kapalı,False
L005342,F00094,company,İşletme Kredisi,86470.02,6,2.58,2019-10-10,Kapalı,False
L005343,F00094,company,Kredi Kartı,248752.75,60,2.95,2025-04-13,Aktif,False
L005344,F00095,company,KOBİ Kredisi,70652.35,48,2.61,2021-08-24,Kapalı,False
L005345,F00097,company,İşletme Kredisi,112562.96,60,3.76,2024-07-25,Aktif,False
L005346,F00097,company,KOBİ Kredisi,387324.02,48,4.3,2026-04-13,Aktif,False
L005347,F00097,company,Kredi Kartı,327498.11,60,3.66,2026-01-25,Aktif,False
L005348,F00097,company,KOBİ Kredisi,47806.54,84,4.03,2025-07-14,Aktif,False
L005349,F00098,company,Kredi Kartı,8109.01,36,4.67,2026-01-24,Aktif,False
L005350,F00098,company,KOBİ Kredisi,41002.73,6,4.67,2023-11-18,Kapalı,False
L005351,F00098,company,İşletme Kredisi,100762.41,24,3.33,2020-02-08,Kapalı,False
L005352,F00098,company,İşletme Kredisi,120411.01,36,3.08,2022-10-09,Kapalı,False
L005353,F00100,company,KOBİ Kredisi,171690.21,60,4.7,2024-03-05,Aktif,True
L005354,F00100,company,İşletme Kredisi,24755.16,48,4.78,2019-12-13,Kapalı,False
L005355,F00102,company,KOBİ Kredisi,112840.4,48,4.44,2021-05-07,Kapalı,True
L005356,F00103,company,İşletme Kredisi,340426.16,60,3.56,2024-08-27,Aktif,False
L005357,F00103,company,İşletme Kredisi,50757.49,60,4.07,2023-12-23,Aktif,False
L005358,F00103,company,KOBİ Kredisi,12030.92,120,3.38,2021-12-31,Aktif,False
L005359,F00104,company,İşletme Kredisi,74770.56,6,4.82,2025-02-04,Kapalı,False
L005360,F00104,company,Kredi Kartı,165311.5,84,3.99,2020-10-06,Aktif,False
L005361,F00104,company,İşletme Kredisi,43547.59,12,3.23,2021-12-24,Kapalı,False
L005362,F00105,company,KOBİ Kredisi,31689.16,60,4.58,2021-06-10,Kapalı,False
L005363,F00106,company,Kredi Kartı,107725.48,60,2.83,2023-07-27,Aktif,False
L005364,F00107,company,KOBİ Kredisi,160267.1,120,4.88,2020-10-24,Aktif,False
L005365,F00107,company,İşletme Kredisi,115523.91,6,3.28,2021-10-09,Kapalı,False
L005366,F00108,company,Kredi Kartı,704816.17,36,4.73,2024-04-26,Aktif,False
L005367,F00109,company,KOBİ Kredisi,17999.85,6,2.75,2020-01-30,Kapalı,False
L005368,F00109,company,İşletme Kredisi,108289.24,120,2.88,2021-04-02,Aktif,False
L005369,F00109,company,Kredi Kartı,14242.98,12,2.6,2020-05-18,Kapalı,False
L005370,F00109,company,İşletme Kredisi,123521.53,6,3.59,2023-01-03,Kapalı,False
L005371,F00110,company,İşletme Kredisi,120573.07,48,4.24,2019-07-25,Kapalı,False
L005372,F00110,company,KOBİ Kredisi,247364.34,60,3.37,2022-08-09,Aktif,False
L005373,F00111,company,İşletme Kredisi,250105.27,24,3.52,2022-08-20,Aktif,False
L005374,F00112,company,KOBİ Kredisi,252123.93,36,4.72,2019-04-02,Kapalı,False
L005375,F00112,company,KOBİ Kredisi,411203.63,36,4.38,2024-01-29,Aktif,False
L005376,F00114,company,KOBİ Kredisi,369901.56,60,4.8,2022-05-19,Aktif,True
L005377,F00114,company,İşletme Kredisi,24566.26,36,3.94,2021-04-03,Kapalı,False
L005378,F00115,company,KOBİ Kredisi,38628.3,12,3.83,2023-09-07,Kapalı,False
L005379,F00116,company,Kredi Kartı,616555.63,120,3.5,2025-02-02,Aktif,False
L005380,F00117,company,Kredi Kartı,411584.73,6,3.09,2023-09-02,Aktif,False
L005381,F00118,company,Kredi Kartı,18886.18,36,4.38,2021-03-21,Kapalı,False
L005382,F00119,company,İşletme Kredisi,97651.44,60,3.15,2024-09-02,Aktif,False
L005383,F00119,company,KOBİ Kredisi,25955.23,6,2.53,2020-06-19,Kapalı,False
L005384,F00120,company,Kredi Kartı,154451.59,12,4.81,2022-03-29,Kapalı,False
L005385,F00121,company,KOBİ Kredisi,93303.04,36,3.6,2020-12-11,Aktif,False
L005386,F00121,company,KOBİ Kredisi,112264.06,84,3.45,2019-10-02,Kapalı,False
L005387,F00122,company,KOBİ Kredisi,141147.21,12,4.89,2025-09-22,Aktif,False
L005388,F00122,company,İşletme Kredisi,14521.83,120,3.57,2025-10-01,Aktif,False
L005389,F00123,company,Kredi Kartı,406152.69,120,3.14,2025-04-29,Aktif,False
L005390,F00123,company,İşletme Kredisi,99886.96,120,2.91,2026-03-05,Aktif,False
L005391,F00124,company,KOBİ Kredisi,220945.07,84,4.05,2021-01-21,Aktif,False
L005392,F00124,company,KOBİ Kredisi,83757.34,12,3.85,2024-01-24,Kapalı,False
L005393,F00124,company,KOBİ Kredisi,114783.03,120,4.15,2022-02-28,Aktif,False
L005394,F00125,company,Kredi Kartı,74523.87,6,3.14,2025-09-24,Aktif,False
L005395,F00125,company,Kredi Kartı,85317.72,36,2.87,2023-08-02,Aktif,False
L005396,F00126,company,Kredi Kartı,142254.61,48,4.29,2024-06-08,Aktif,True
L005397,F00126,company,Kredi Kartı,193963.11,6,2.72,2023-09-15,Kapalı,False
L005398,F00126,company,İşletme Kredisi,86505.91,84,2.71,2022-08-08,Aktif,False
L005399,F00126,company,KOBİ Kredisi,38012.41,36,4.7,2019-10-17,Kapalı,False
L005400,F00127,company,İşletme Kredisi,169514.68,24,3.24,2020-07-24,Aktif,False
L005401,F00127,company,Kredi Kartı,203114.76,120,4.55,2019-02-04,Aktif,False
L005402,F00127,company,KOBİ Kredisi,106998.54,48,3.35,2021-11-09,Kapalı,False
L005403,F00128,company,Kredi Kartı,106290.62,84,3.93,2019-12-04,Aktif,False
L005404,F00130,company,KOBİ Kredisi,22582.05,36,4.49,2021-12-07,Kapalı,False
L005405,F00131,company,İşletme Kredisi,226065.22,120,2.97,2024-11-03,Aktif,False
L005406,F00132,company,KOBİ Kredisi,51589.31,60,3.68,2019-07-01,Kapalı,False
L005407,F00133,company,Kredi Kartı,21140.11,120,3.74,2026-02-18,Aktif,False
L005408,F00133,company,Kredi Kartı,108261.0,36,3.66,2025-10-16,Aktif,False
L005409,F00134,company,KOBİ Kredisi,138160.5,12,2.88,2023-04-06,Kapalı,False
L005410,F00135,company,İşletme Kredisi,199209.86,6,4.47,2023-08-08,Kapalı,False
L005411,F00135,company,İşletme Kredisi,98211.96,24,3.45,2024-07-19,Kapalı,False
L005412,F00136,company,Kredi Kartı,55950.76,84,3.41,2019-09-01,Kapalı,False
L005413,F00137,company,Kredi Kartı,37989.86,36,3.95,2021-02-17,Kapalı,False
L005414,F00137,company,KOBİ Kredisi,285912.84,6,3.09,2020-08-30,Kapalı,False
L005415,F00137,company,Kredi Kartı,231122.9,24,3.84,2020-08-06,Kapalı,False
L005416,F00137,company,Kredi Kartı,125244.07,48,4.26,2022-10-11,Aktif,False
L005417,F00138,company,Kredi Kartı,671914.46,12,4.45,2021-04-26,Kapalı,False
L005418,F00139,company,İşletme Kredisi,125138.32,120,4.85,2022-07-29,Aktif,False
L005419,F00139,company,KOBİ Kredisi,168527.65,24,4.53,2023-03-26,Kapalı,False
L005420,F00140,company,KOBİ Kredisi,182989.42,24,3.54,2020-04-07,Kapalı,False
L005421,F00141,company,KOBİ Kredisi,324468.24,60,2.56,2019-06-26,Kapalı,False
L005422,F00141,company,İşletme Kredisi,86784.56,12,3.0,2021-09-19,Kapalı,False
L005423,F00142,company,Kredi Kartı,349174.56,84,3.84,2020-12-07,Aktif,False
L005424,F00142,company,KOBİ Kredisi,46655.31,84,4.79,2022-04-05,Aktif,False
L005425,F00142,company,İşletme Kredisi,156377.39,120,3.18,2019-03-09,Aktif,False
L005426,F00143,company,KOBİ Kredisi,70515.66,48,3.7,2022-10-15,Aktif,False
L005427,F00145,company,KOBİ Kredisi,35829.39,60,4.57,2023-01-11,Aktif,False
L005428,F00146,company,İşletme Kredisi,64194.23,48,4.86,2020-09-19,Aktif,False
L005429,F00147,company,Kredi Kartı,101070.98,12,3.94,2025-07-20,Aktif,False
L005430,F00147,company,İşletme Kredisi,24225.4,48,4.47,2020-04-14,Kapalı,False
L005431,F00147,company,İşletme Kredisi,130733.37,60,2.58,2021-12-18,Aktif,False
L005432,F00148,company,KOBİ Kredisi,236457.9,84,4.62,2022-08-12,Aktif,False
L005433,F00149,company,İşletme Kredisi,144556.67,24,2.61,2025-10-30,Aktif,False
L005434,F00149,company,KOBİ Kredisi,222130.31,84,4.82,2023-10-18,Aktif,False
L005435,F00150,company,Kredi Kartı,488415.67,12,3.42,2024-12-03,Aktif,False
L005436,F00150,company,KOBİ Kredisi,125879.24,6,2.83,2023-12-01,Kapalı,False
L005437,F00150,company,Kredi Kartı,11917.38,6,3.34,2019-02-24,Kapalı,False
L005438,F00150,company,KOBİ Kredisi,113255.17,6,4.05,2021-02-15,Kapalı,False
L005439,F00151,company,İşletme Kredisi,624516.63,120,4.08,2022-07-22,Aktif,False
L005440,F00151,company,İşletme Kredisi,175631.67,36,3.82,2023-02-14,Kapalı,False
L005441,F00151,company,Kredi Kartı,37466.71,48,3.26,2022-02-21,Kapalı,False
L005442,F00152,company,KOBİ Kredisi,22021.55,120,4.48,2023-11-15,Aktif,False
L005443,F00152,company,İşletme Kredisi,224385.82,120,4.63,2024-12-02,Aktif,False
L005444,F00152,company,Kredi Kartı,115618.02,12,4.73,2022-07-20,Kapalı,False
L005445,F00152,company,Kredi Kartı,204094.03,120,3.96,2024-07-04,Aktif,False
L005446,F00153,company,Kredi Kartı,38983.1,12,3.13,2022-06-13,Kapalı,False
L005447,F00153,company,Kredi Kartı,45592.5,6,4.5,2024-07-29,Kapalı,False
L005448,F00154,company,KOBİ Kredisi,523836.17,24,3.01,2019-01-06,Kapalı,False
L005449,F00154,company,İşletme Kredisi,176877.34,36,3.82,2023-08-21,Kapalı,False
L005450,F00154,company,İşletme Kredisi,42327.03,24,3.84,2021-09-18,Kapalı,False
L005451,F00155,company,Kredi Kartı,64776.48,12,3.83,2022-03-26,Kapalı,False
L005452,F00155,company,İşletme Kredisi,175064.39,12,4.49,2024-06-19,Kapalı,False
L005453,F00155,company,İşletme Kredisi,67018.17,36,2.75,2024-09-24,Aktif,False
L005454,F00156,company,KOBİ Kredisi,194682.89,120,4.77,2019-10-17,Aktif,False
L005455,F00157,company,İşletme Kredisi,79020.86,84,2.62,2023-11-01,Aktif,True
L005456,F00158,company,KOBİ Kredisi,95109.69,36,3.92,2022-09-15,Kapalı,False
L005457,F00158,company,KOBİ Kredisi,38430.99,36,3.34,2021-06-13,Aktif,False
L005458,F00159,company,KOBİ Kredisi,118521.38,36,2.92,2023-04-11,Kapalı,False
L005459,F00159,company,İşletme Kredisi,90580.94,120,4.77,2020-08-30,Aktif,False
L005460,F00159,company,KOBİ Kredisi,27479.48,120,3.29,2021-04-05,Aktif,False
L005461,F00160,company,İşletme Kredisi,32709.58,84,3.1,2024-06-28,Aktif,False
L005462,F00160,company,İşletme Kredisi,130553.6,24,4.73,2021-09-01,Kapalı,False
L005463,F00161,company,Kredi Kartı,76838.4,24,3.04,2023-07-18,Kapalı,True
L005464,F00162,company,KOBİ Kredisi,38347.48,84,2.79,2019-11-14,Aktif,False
L005465,F00163,company,KOBİ Kredisi,225189.55,6,4.72,2026-07-13,Aktif,False
L005466,F00163,company,İşletme Kredisi,311491.91,48,2.85,2020-10-07,Kapalı,False
L005467,F00164,company,İşletme Kredisi,29817.26,6,2.84,2022-12-22,Kapalı,False
L005468,F00165,company,İşletme Kredisi,49290.82,12,4.5,2022-09-24,Kapalı,False
L005469,F00166,company,Kredi Kartı,116952.1,36,4.48,2020-10-03,Kapalı,False
L005470,F00166,company,KOBİ Kredisi,81272.41,12,3.43,2020-10-29,Kapalı,False
L005471,F00166,company,Kredi Kartı,8428.56,12,3.09,2025-04-27,Aktif,False
L005472,F00166,company,Kredi Kartı,67256.6,6,4.86,2019-11-25,Kapalı,False
L005473,F00167,company,KOBİ Kredisi,99858.52,120,3.4,2024-03-11,Aktif,False
L005474,F00168,company,KOBİ Kredisi,63600.77,120,4.02,2025-08-16,Aktif,False
L005475,F00169,company,İşletme Kredisi,71708.2,60,3.91,2026-02-08,Aktif,False
L005476,F00171,company,İşletme Kredisi,92456.33,84,4.22,2020-05-18,Aktif,False
L005477,F00172,company,Kredi Kartı,129617.19,120,3.02,2024-06-27,Aktif,False
L005478,F00173,company,Kredi Kartı,30192.13,48,3.99,2021-11-23,Kapalı,False
L005479,F00174,company,İşletme Kredisi,86986.7,60,3.59,2024-01-17,Aktif,False
L005480,F00174,company,İşletme Kredisi,544281.14,60,4.39,2025-09-23,Aktif,False
L005481,F00175,company,İşletme Kredisi,152968.21,12,3.48,2021-06-02,Kapalı,False
L005482,F00176,company,KOBİ Kredisi,39146.92,6,3.12,2020-01-24,Aktif,False
L005483,F00176,company,İşletme Kredisi,196918.09,60,3.51,2024-08-18,Aktif,False
L005484,F00177,company,İşletme Kredisi,72775.46,60,2.76,2024-01-07,Aktif,False
L005485,F00177,company,İşletme Kredisi,120977.5,24,4.6,2023-05-19,Kapalı,False
L005486,F00178,company,KOBİ Kredisi,95658.81,48,4.57,2026-01-13,Aktif,False
L005487,F00178,company,KOBİ Kredisi,17548.17,36,2.92,2020-03-16,Kapalı,False
L005488,F00179,company,Kredi Kartı,340946.02,60,2.96,2020-08-09,Kapalı,True
L005489,F00179,company,Kredi Kartı,334982.38,48,2.81,2022-12-28,Aktif,False
L005490,F00181,company,İşletme Kredisi,72427.2,48,3.82,2021-05-14,Kapalı,False
L005491,F00182,company,KOBİ Kredisi,14408.09,36,3.71,2024-12-03,Aktif,False
L005492,F00183,company,İşletme Kredisi,101831.98,60,4.85,2020-02-11,Kapalı,False
L005493,F00184,company,İşletme Kredisi,233815.05,24,3.68,2025-06-04,Aktif,False
L005494,F00185,company,İşletme Kredisi,281415.76,36,3.73,2021-03-10,Kapalı,False
L005495,F00186,company,KOBİ Kredisi,42986.95,60,2.54,2020-05-11,Kapalı,False
L005496,F00186,company,Kredi Kartı,91153.38,12,3.29,2021-01-25,Kapalı,False
L005497,F00187,company,Kredi Kartı,463567.81,84,4.46,2020-02-09,Aktif,False
L005498,F00188,company,İşletme Kredisi,45660.58,24,2.93,2022-11-22,Kapalı,False
L005499,F00189,company,Kredi Kartı,15630.67,120,3.34,2022-04-27,Aktif,False
L005500,F00191,company,KOBİ Kredisi,32763.67,36,2.57,2020-05-06,Kapalı,False
L005501,F00191,company,KOBİ Kredisi,141108.67,36,4.08,2020-12-02,Kapalı,False
L005502,F00191,company,KOBİ Kredisi,94407.03,36,3.35,2022-04-08,Aktif,True
L005503,F00191,company,İşletme Kredisi,32793.1,12,4.6,2025-01-02,Kapalı,False
L005504,F00192,company,İşletme Kredisi,599382.24,48,4.3,2021-07-26,Aktif,False
L005505,F00192,company,İşletme Kredisi,60541.39,48,3.01,2024-11-02,Aktif,False
L005506,F00196,company,Kredi Kartı,108331.56,12,2.93,2025-04-17,Kapalı,False
L005507,F00197,company,Kredi Kartı,155371.21,60,3.67,2020-07-06,Kapalı,False
L005508,F00197,company,KOBİ Kredisi,465006.14,48,3.11,2026-05-07,Aktif,False
L005509,F00197,company,İşletme Kredisi,891440.94,60,4.38,2020-05-23,Kapalı,False
L005510,F00199,company,İşletme Kredisi,66816.2,60,4.28,2025-01-20,Aktif,False
L005511,F00199,company,İşletme Kredisi,23439.13,24,3.79,2024-01-20,Kapalı,False
L005512,F00200,company,Kredi Kartı,132827.75,6,3.64,2026-03-21,Aktif,False
L005513,F00200,company,Kredi Kartı,36830.68,12,2.94,2023-05-26,Kapalı,False
L005514,F00202,company,KOBİ Kredisi,89347.39,12,3.13,2020-03-10,Aktif,False
L005515,F00203,company,İşletme Kredisi,195687.44,6,4.46,2022-04-01,Kapalı,False
L005516,F00204,company,Kredi Kartı,42607.73,120,3.23,2021-07-31,Aktif,False
L005517,F00205,company,Kredi Kartı,22796.87,6,4.21,2023-03-11,Kapalı,False
L005518,F00205,company,İşletme Kredisi,237822.48,6,3.33,2020-06-09,Kapalı,False
L005519,F00205,company,Kredi Kartı,150148.76,120,3.27,2019-08-19,Aktif,False
L005520,F00206,company,İşletme Kredisi,81367.41,36,3.6,2020-05-25,Kapalı,False
L005521,F00206,company,Kredi Kartı,372017.13,12,3.63,2019-08-01,Kapalı,False
L005522,F00208,company,KOBİ Kredisi,188528.41,84,4.13,2026-05-13,Aktif,False
L005523,F00209,company,İşletme Kredisi,466852.39,120,3.05,2021-11-15,Aktif,False
L005524,F00209,company,İşletme Kredisi,13145.19,84,3.49,2019-07-28,Kapalı,False
L005525,F00209,company,Kredi Kartı,338194.19,48,4.86,2026-01-30,Aktif,False
L005526,F00210,company,İşletme Kredisi,27113.34,24,2.96,2022-03-21,Kapalı,False
L005527,F00210,company,Kredi Kartı,48982.13,84,3.09,2022-04-08,Aktif,False
L005528,F00210,company,KOBİ Kredisi,111920.98,84,2.91,2025-04-08,Aktif,False
L005529,F00211,company,Kredi Kartı,98038.86,48,4.74,2022-07-19,Kapalı,False
L005530,F00212,company,KOBİ Kredisi,750164.54,120,3.37,2023-08-30,Aktif,False
L005531,F00213,company,İşletme Kredisi,179329.64,36,3.44,2020-03-20,Kapalı,False
L005532,F00214,company,İşletme Kredisi,84725.11,12,2.79,2024-03-24,Kapalı,False
L005533,F00215,company,KOBİ Kredisi,21728.23,12,3.98,2019-11-19,Kapalı,False
L005534,F00215,company,KOBİ Kredisi,60465.87,84,2.82,2024-10-20,Aktif,False
L005535,F00215,company,İşletme Kredisi,187800.2,36,2.92,2022-05-06,Kapalı,False
L005536,F00217,company,Kredi Kartı,6947.22,60,3.71,2023-09-03,Aktif,False
L005537,F00218,company,Kredi Kartı,447371.7,120,2.78,2024-06-08,Aktif,False
L005538,F00218,company,İşletme Kredisi,99272.83,60,2.65,2026-04-27,Aktif,False
L005539,F00218,company,Kredi Kartı,156413.1,24,4.32,2023-11-14,Aktif,False
L005540,F00221,company,KOBİ Kredisi,55424.58,48,4.55,2021-01-18,Kapalı,False
L005541,F00221,company,Kredi Kartı,46457.29,120,3.9,2019-02-17,Aktif,False
L005542,F00222,company,İşletme Kredisi,188042.86,24,3.11,2022-12-01,Kapalı,False
L005543,F00222,company,KOBİ Kredisi,13926.3,120,3.04,2020-12-21,Aktif,False
L005544,F00222,company,İşletme Kredisi,132270.88,12,4.83,2024-09-06,Kapalı,False
L005545,F00223,company,İşletme Kredisi,32902.86,6,4.25,2025-02-25,Kapalı,False
L005546,F00223,company,Kredi Kartı,83755.24,120,3.11,2021-11-25,Aktif,False
L005547,F00223,company,KOBİ Kredisi,66254.67,60,3.77,2026-02-02,Aktif,False
L005548,F00223,company,İşletme Kredisi,32348.66,12,2.73,2020-11-28,Kapalı,False
L005549,F00224,company,KOBİ Kredisi,119471.76,120,3.62,2023-03-13,Aktif,False
L005550,F00224,company,KOBİ Kredisi,139315.69,36,3.11,2021-01-23,Aktif,True
L005551,F00225,company,KOBİ Kredisi,14105.1,12,3.36,2026-03-27,Aktif,False
L005552,F00225,company,KOBİ Kredisi,68873.66,84,3.47,2025-03-17,Aktif,False
L005553,F00226,company,KOBİ Kredisi,93736.86,120,4.78,2022-03-07,Aktif,False
L005554,F00226,company,Kredi Kartı,17934.95,6,3.64,2020-11-22,Aktif,False
L005555,F00226,company,Kredi Kartı,15648.97,60,3.54,2020-10-17,Kapalı,False
L005556,F00226,company,Kredi Kartı,57791.31,48,3.1,2023-03-11,Aktif,False
L005557,F00227,company,KOBİ Kredisi,278990.46,36,2.83,2026-06-20,Aktif,False
L005558,F00227,company,İşletme Kredisi,26453.9,84,4.48,2019-09-13,Kapalı,False
L005559,F00227,company,KOBİ Kredisi,145606.49,84,3.52,2025-11-06,Aktif,False
L005560,F00227,company,KOBİ Kredisi,102176.71,60,2.97,2022-08-31,Aktif,False
L005561,F00228,company,KOBİ Kredisi,227467.45,36,4.37,2025-10-28,Aktif,False
L005562,F00230,company,Kredi Kartı,342235.73,6,4.74,2026-07-11,Aktif,False
L005563,F00230,company,Kredi Kartı,37268.6,60,4.08,2020-04-21,Aktif,True
L005564,F00231,company,KOBİ Kredisi,309164.31,48,4.87,2020-07-15,Kapalı,False
L005565,F00231,company,İşletme Kredisi,137108.61,60,3.13,2024-10-22,Aktif,False
L005566,F00232,company,Kredi Kartı,202354.22,36,4.62,2021-03-30,Kapalı,False
L005567,F00233,company,İşletme Kredisi,76941.21,12,2.75,2024-01-09,Aktif,False
L005568,F00233,company,Kredi Kartı,415772.28,60,3.3,2021-02-26,Kapalı,False
L005569,F00234,company,İşletme Kredisi,199551.21,48,2.71,2019-04-01,Kapalı,False
L005570,F00235,company,Kredi Kartı,265474.49,120,4.6,2024-03-18,Aktif,False
L005571,F00235,company,İşletme Kredisi,110007.15,120,3.25,2020-09-23,Aktif,False
L005572,F00236,company,Kredi Kartı,675752.57,24,3.51,2024-07-30,Aktif,False
L005573,F00236,company,KOBİ Kredisi,145174.13,48,4.46,2019-01-02,Aktif,False
L005574,F00236,company,Kredi Kartı,160227.78,48,4.88,2023-03-24,Aktif,False
L005575,F00237,company,KOBİ Kredisi,98979.7,120,2.57,2025-09-29,Aktif,False
L005576,F00237,company,İşletme Kredisi,47850.67,36,3.63,2023-11-05,Aktif,False
L005577,F00238,company,Kredi Kartı,117555.94,60,3.26,2024-01-18,Aktif,False
L005578,F00238,company,KOBİ Kredisi,21248.52,48,3.69,2023-01-28,Aktif,False
L005579,F00238,company,KOBİ Kredisi,58915.24,84,3.06,2022-04-12,Aktif,False
L005580,F00239,company,Kredi Kartı,105189.16,6,4.36,2020-01-18,Kapalı,False
L005581,F00239,company,Kredi Kartı,19105.08,24,3.47,2026-05-05,Aktif,False
L005582,F00241,company,İşletme Kredisi,162381.53,60,4.58,2020-07-01,Kapalı,False
L005583,F00241,company,KOBİ Kredisi,22941.57,24,4.74,2020-04-05,Aktif,False
L005584,F00241,company,Kredi Kartı,153626.46,48,4.31,2023-09-28,Aktif,False
L005585,F00241,company,KOBİ Kredisi,70190.41,12,4.04,2024-04-21,Aktif,False
L005586,F00242,company,İşletme Kredisi,378999.97,24,2.84,2023-11-29,Aktif,False
L005587,F00243,company,KOBİ Kredisi,21044.7,12,2.83,2024-03-27,Kapalı,False
L005588,F00243,company,Kredi Kartı,73871.74,6,3.89,2022-09-12,Aktif,False
L005589,F00244,company,İşletme Kredisi,264580.08,6,2.94,2020-05-20,Kapalı,False
L005590,F00244,company,KOBİ Kredisi,39890.25,84,3.31,2022-10-21,Aktif,False
L005591,F00245,company,İşletme Kredisi,28296.03,36,2.79,2023-07-30,Kapalı,False
L005592,F00245,company,İşletme Kredisi,236097.12,6,2.6,2022-11-13,Kapalı,False
L005593,F00246,company,KOBİ Kredisi,71647.24,6,4.4,2025-07-14,Kapalı,False
L005594,F00246,company,KOBİ Kredisi,21010.47,60,3.09,2025-01-08,Aktif,False
L005595,F00246,company,İşletme Kredisi,41133.64,6,3.61,2022-04-23,Kapalı,False
L005596,F00247,company,KOBİ Kredisi,108334.82,36,3.01,2019-04-21,Kapalı,False
L005597,F00248,company,İşletme Kredisi,217593.97,84,3.5,2019-07-16,Kapalı,False
L005598,F00250,company,İşletme Kredisi,230182.41,48,3.71,2019-09-01,Kapalı,False
L005599,F00251,company,İşletme Kredisi,107769.16,60,3.34,2023-04-14,Aktif,False
L005600,F00251,company,Kredi Kartı,133103.7,24,4.16,2022-07-06,Kapalı,False
L005601,F00251,company,KOBİ Kredisi,310029.5,36,3.09,2021-11-03,Kapalı,False
L005602,F00252,company,Kredi Kartı,22165.27,60,2.68,2022-06-16,Aktif,False
L005603,F00253,company,KOBİ Kredisi,351863.49,6,4.44,2020-05-28,Kapalı,True
L005604,F00254,company,Kredi Kartı,166057.76,120,2.71,2023-09-25,Aktif,False
L005605,F00254,company,İşletme Kredisi,2826566.8,36,4.43,2019-10-10,Kapalı,False
L005606,F00254,company,Kredi Kartı,33619.76,60,3.14,2025-11-29,Aktif,False
L005607,F00254,company,İşletme Kredisi,80800.31,24,4.86,2026-07-11,Aktif,False
L005608,F00255,company,İşletme Kredisi,62127.81,24,3.45,2021-06-04,Kapalı,False
L005609,F00255,company,KOBİ Kredisi,305698.11,24,3.03,2025-02-13,Aktif,False
L005610,F00255,company,İşletme Kredisi,39106.98,36,2.98,2026-02-21,Aktif,False
L005611,F00256,company,KOBİ Kredisi,68850.89,36,3.25,2024-03-04,Aktif,False
L005612,F00256,company,İşletme Kredisi,39541.0,84,4.61,2024-09-30,Aktif,False
L005613,F00256,company,İşletme Kredisi,45713.74,36,2.84,2025-09-11,Aktif,False
L005614,F00257,company,Kredi Kartı,27294.62,12,3.07,2021-02-12,Kapalı,False
L005615,F00257,company,Kredi Kartı,88473.6,36,3.44,2021-08-21,Kapalı,False
L005616,F00257,company,KOBİ Kredisi,47633.8,84,2.93,2021-06-10,Aktif,False
L005617,F00259,company,İşletme Kredisi,75814.48,12,3.21,2020-05-08,Kapalı,False
L005618,F00259,company,KOBİ Kredisi,230340.38,60,4.13,2020-04-26,Kapalı,False
L005619,F00259,company,İşletme Kredisi,264228.8,12,4.49,2022-12-01,Kapalı,False
L005620,F00260,company,İşletme Kredisi,201307.13,6,4.15,2026-02-21,Kapalı,False
L005621,F00262,company,Kredi Kartı,32764.0,12,2.68,2026-01-07,Aktif,False
L005622,F00262,company,Kredi Kartı,142637.96,60,2.97,2022-12-08,Aktif,False
L005623,F00263,company,KOBİ Kredisi,107163.92,84,4.3,2019-01-10,Kapalı,False
L005624,F00264,company,KOBİ Kredisi,267775.27,84,2.75,2019-08-06,Kapalı,False
L005625,F00265,company,Kredi Kartı,161020.67,48,4.61,2025-06-20,Aktif,False
L005626,F00266,company,KOBİ Kredisi,14865.73,60,3.75,2019-01-27,Kapalı,False
L005627,F00270,company,İşletme Kredisi,24495.4,24,3.92,2021-04-19,Aktif,False
L005628,F00270,company,İşletme Kredisi,92717.98,60,3.81,2019-10-24,Kapalı,False
L005629,F00272,company,İşletme Kredisi,45729.43,60,4.15,2024-01-21,Aktif,False
L005630,F00272,company,Kredi Kartı,258624.47,12,2.98,2019-02-19,Kapalı,False
L005631,F00273,company,KOBİ Kredisi,87551.87,48,3.09,2019-01-13,Kapalı,False
L005632,F00273,company,KOBİ Kredisi,230981.69,12,3.46,2022-07-31,Kapalı,False
L005633,F00273,company,İşletme Kredisi,68316.8,48,3.0,2021-05-06,Aktif,False
L005634,F00274,company,Kredi Kartı,111419.69,84,4.1,2024-06-23,Aktif,False
L005635,F00274,company,Kredi Kartı,122265.31,6,4.73,2025-12-06,Kapalı,False
L005636,F00276,company,KOBİ Kredisi,55807.27,120,4.25,2025-02-25,Aktif,False
L005637,F00277,company,İşletme Kredisi,55025.45,12,4.38,2020-04-23,Kapalı,False
L005638,F00277,company,Kredi Kartı,61426.76,36,4.79,2023-09-14,Aktif,False
L005639,F00278,company,İşletme Kredisi,109122.37,36,4.73,2021-12-18,Kapalı,False
L005640,F00278,company,KOBİ Kredisi,153608.12,36,4.16,2019-05-30,Kapalı,False
L005641,F00278,company,KOBİ Kredisi,59532.95,60,2.57,2021-04-23,Kapalı,False
L005642,F00279,company,KOBİ Kredisi,167082.84,24,3.26,2021-07-17,Kapalı,False
L005643,F00279,company,İşletme Kredisi,196796.31,12,4.9,2023-09-11,Aktif,False
L005644,F00280,company,Kredi Kartı,131377.18,84,3.11,2025-03-04,Aktif,False
L005645,F00281,company,İşletme Kredisi,1152095.91,60,3.63,2022-06-14,Aktif,False
L005646,F00282,company,KOBİ Kredisi,140332.66,48,2.9,2022-04-22,Kapalı,False
L005647,F00283,company,KOBİ Kredisi,86695.4,36,2.74,2022-11-10,Kapalı,False
L005648,F00284,company,Kredi Kartı,60299.56,12,3.25,2022-07-14,Kapalı,False
L005649,F00284,company,Kredi Kartı,107112.72,24,4.7,2022-05-17,Aktif,False
L005650,F00284,company,İşletme Kredisi,36207.71,48,4.68,2023-06-12,Aktif,False
L005651,F00285,company,Kredi Kartı,98559.34,120,3.05,2025-05-14,Aktif,False
L005652,F00286,company,İşletme Kredisi,32644.65,12,4.73,2025-03-06,Kapalı,False
L005653,F00286,company,KOBİ Kredisi,664815.23,120,4.7,2019-08-11,Aktif,False
L005654,F00286,company,İşletme Kredisi,15872.38,120,4.64,2025-09-21,Aktif,False
L005655,F00287,company,Kredi Kartı,224668.97,6,2.99,2025-04-07,Kapalı,False
L005656,F00287,company,İşletme Kredisi,48810.39,12,4.82,2024-02-19,Kapalı,False
L005657,F00289,company,İşletme Kredisi,82404.45,36,4.02,2025-11-27,Aktif,False
L005658,F00289,company,KOBİ Kredisi,44156.0,84,4.16,2025-09-07,Aktif,False
L005659,F00290,company,İşletme Kredisi,22264.66,60,4.63,2024-07-07,Aktif,False
L005660,F00290,company,KOBİ Kredisi,172629.08,6,4.45,2021-04-23,Aktif,False
L005661,F00290,company,KOBİ Kredisi,138208.34,48,4.83,2025-01-22,Aktif,False
L005662,F00291,company,KOBİ Kredisi,69538.38,12,3.18,2021-11-28,Aktif,False
L005663,F00291,company,KOBİ Kredisi,19370.88,36,4.12,2024-12-26,Aktif,False
L005664,F00292,company,Kredi Kartı,297263.47,36,4.73,2021-09-25,Kapalı,False
L005665,F00292,company,KOBİ Kredisi,27414.95,48,4.24,2025-06-12,Aktif,False
L005666,F00293,company,İşletme Kredisi,167400.68,24,3.15,2022-02-15,Kapalı,False
L005667,F00294,company,KOBİ Kredisi,457643.19,6,3.12,2022-02-15,Kapalı,False
L005668,F00295,company,Kredi Kartı,118340.78,60,3.86,2020-03-06,Aktif,False
L005669,F00295,company,KOBİ Kredisi,151892.81,12,3.69,2023-08-14,Kapalı,False
L005670,F00296,company,İşletme Kredisi,92092.49,6,2.54,2021-07-22,Aktif,False
L005671,F00296,company,Kredi Kartı,190345.44,84,4.32,2020-06-14,Aktif,False
L005672,F00297,company,Kredi Kartı,70587.54,6,4.66,2023-11-24,Kapalı,False
L005673,F00297,company,Kredi Kartı,1570700.68,12,3.42,2020-03-17,Kapalı,False
L005674,F00298,company,KOBİ Kredisi,55642.54,12,3.27,2020-11-25,Kapalı,False
L005675,F00298,company,İşletme Kredisi,145893.36,48,2.77,2019-09-19,Kapalı,False
L005676,F00301,company,KOBİ Kredisi,89686.84,84,3.46,2023-09-15,Aktif,False
L005677,F00303,company,Kredi Kartı,449004.01,12,4.84,2022-10-24,Kapalı,True
L005678,F00303,company,Kredi Kartı,163190.25,60,3.99,2024-07-18,Aktif,False
L005679,F00306,company,İşletme Kredisi,36214.77,84,3.11,2024-11-28,Aktif,False
L005680,F00306,company,KOBİ Kredisi,154183.39,36,4.3,2021-11-01,Kapalı,False
L005681,F00306,company,KOBİ Kredisi,697697.86,36,3.0,2020-01-20,Kapalı,False
L005682,F00307,company,KOBİ Kredisi,452255.81,24,4.35,2020-10-02,Kapalı,False
L005683,F00307,company,İşletme Kredisi,137588.77,36,3.88,2022-02-09,Aktif,False
L005684,F00308,company,KOBİ Kredisi,169458.39,84,3.66,2020-11-12,Aktif,False
L005685,F00308,company,İşletme Kredisi,148227.62,12,3.78,2025-08-30,Kapalı,False
L005686,F00309,company,KOBİ Kredisi,73831.21,84,4.88,2022-07-25,Aktif,False
L005687,F00309,company,KOBİ Kredisi,103020.57,120,2.58,2026-07-23,Aktif,False
L005688,F00310,company,İşletme Kredisi,125474.5,36,4.75,2019-01-23,Kapalı,False
L005689,F00311,company,Kredi Kartı,183628.21,48,3.11,2019-02-11,Kapalı,False
L005690,F00312,company,KOBİ Kredisi,1523384.05,6,3.99,2020-11-07,Kapalı,False
L005691,F00312,company,Kredi Kartı,55481.8,48,4.23,2019-02-07,Kapalı,False
L005692,F00312,company,Kredi Kartı,25833.97,84,3.21,2026-07-04,Aktif,False
L005693,F00312,company,İşletme Kredisi,50685.17,60,2.75,2019-09-22,Kapalı,False
L005694,F00313,company,İşletme Kredisi,63444.39,60,4.9,2021-06-18,Kapalı,False
L005695,F00315,company,KOBİ Kredisi,209671.55,36,4.29,2026-02-18,Aktif,False
L005696,F00316,company,Kredi Kartı,23291.77,60,2.52,2023-11-19,Aktif,False
L005697,F00316,company,KOBİ Kredisi,343801.86,48,3.74,2025-07-30,Aktif,False
L005698,F00316,company,KOBİ Kredisi,420558.87,12,3.41,2023-02-16,Kapalı,False
L005699,F00317,company,Kredi Kartı,30046.46,24,3.24,2021-11-06,Aktif,False
L005700,F00317,company,Kredi Kartı,49621.37,24,3.56,2020-07-19,Aktif,False
L005701,F00317,company,İşletme Kredisi,161825.34,36,4.62,2023-05-01,Kapalı,False
L005702,F00318,company,İşletme Kredisi,26532.85,84,3.57,2021-03-31,Aktif,True
L005703,F00318,company,Kredi Kartı,189006.87,6,3.38,2023-04-01,Kapalı,False
L005704,F00319,company,KOBİ Kredisi,214788.72,48,4.25,2025-11-11,Aktif,False
L005705,F00319,company,İşletme Kredisi,49419.33,84,2.75,2022-05-19,Aktif,False
L005706,F00320,company,İşletme Kredisi,26450.2,12,2.71,2022-09-19,Kapalı,False
L005707,F00320,company,Kredi Kartı,91332.26,24,4.58,2021-08-07,Aktif,True
L005708,F00320,company,KOBİ Kredisi,27517.97,36,3.35,2022-02-11,Kapalı,False
L005709,F00320,company,Kredi Kartı,204731.35,48,4.03,2022-04-30,Kapalı,False
L005710,F00321,company,KOBİ Kredisi,300443.4,120,2.53,2022-06-24,Aktif,False
L005711,F00321,company,KOBİ Kredisi,77495.11,24,3.27,2025-02-09,Aktif,True
L005712,F00321,company,Kredi Kartı,134403.41,120,3.26,2025-07-05,Aktif,False
L005713,F00323,company,İşletme Kredisi,125581.27,6,4.33,2019-08-03,Kapalı,True
L005714,F00323,company,İşletme Kredisi,116290.4,84,4.48,2024-12-12,Aktif,False
L005715,F00324,company,Kredi Kartı,97873.11,120,4.87,2024-04-25,Aktif,False
L005716,F00324,company,KOBİ Kredisi,270592.54,84,2.75,2021-11-20,Aktif,False
L005717,F00325,company,Kredi Kartı,282020.31,84,4.24,2022-05-29,Aktif,False
L005718,F00325,company,Kredi Kartı,621818.65,24,4.52,2020-04-16,Kapalı,False
L005719,F00325,company,Kredi Kartı,79431.51,24,2.97,2024-08-10,Kapalı,False
L005720,F00328,company,İşletme Kredisi,125865.62,36,4.23,2022-04-16,Kapalı,False
L005721,F00329,company,Kredi Kartı,90694.13,84,3.83,2021-02-07,Aktif,False
L005722,F00331,company,İşletme Kredisi,500524.11,24,4.32,2020-06-10,Kapalı,False
L005723,F00331,company,Kredi Kartı,33423.13,12,3.03,2022-07-17,Kapalı,False
L005724,F00331,company,İşletme Kredisi,29267.33,6,4.45,2023-01-15,Kapalı,False
L005725,F00332,company,İşletme Kredisi,24541.35,12,2.91,2022-07-06,Kapalı,False
L005726,F00332,company,KOBİ Kredisi,176606.06,6,2.62,2019-11-13,Kapalı,False
L005727,F00334,company,İşletme Kredisi,112296.72,60,3.36,2019-09-18,Kapalı,False
L005728,F00335,company,İşletme Kredisi,39429.78,36,3.93,2024-05-06,Aktif,False
L005729,F00336,company,Kredi Kartı,27196.81,48,4.44,2024-09-24,Aktif,False
L005730,F00336,company,Kredi Kartı,219456.14,6,4.7,2020-08-23,Kapalı,False
L005731,F00337,company,KOBİ Kredisi,166561.27,24,3.02,2024-10-24,Aktif,False
L005732,F00338,company,Kredi Kartı,76840.5,6,2.66,2023-12-15,Aktif,False
L005733,F00338,company,İşletme Kredisi,60109.7,12,4.56,2024-05-14,Kapalı,False
L005734,F00338,company,KOBİ Kredisi,68641.04,24,2.78,2026-06-08,Aktif,False
L005735,F00340,company,KOBİ Kredisi,400020.62,60,4.61,2026-06-18,Aktif,False
L005736,F00341,company,Kredi Kartı,242444.23,12,3.44,2023-02-17,Kapalı,False
L005737,F00341,company,KOBİ Kredisi,267208.92,24,4.24,2020-12-29,Aktif,False
L005738,F00342,company,Kredi Kartı,65826.75,24,4.81,2023-07-04,Aktif,False
L005739,F00342,company,İşletme Kredisi,130536.42,48,4.02,2020-08-12,Kapalı,False
L005740,F00342,company,Kredi Kartı,15022.51,36,2.89,2020-11-15,Kapalı,False
L005741,F00342,company,Kredi Kartı,1117352.15,12,3.83,2020-07-11,Kapalı,False
L005742,F00343,company,Kredi Kartı,333671.64,36,2.85,2026-05-03,Aktif,False
L005743,F00343,company,KOBİ Kredisi,53041.82,84,4.65,2019-11-19,Aktif,False
L005744,F00343,company,İşletme Kredisi,1005660.45,60,3.75,2023-07-19,Aktif,False
L005745,F00344,company,İşletme Kredisi,130498.68,24,4.6,2023-12-01,Kapalı,False
L005746,F00344,company,KOBİ Kredisi,90424.62,24,3.9,2021-05-10,Kapalı,False
L005747,F00344,company,İşletme Kredisi,27827.23,48,4.35,2024-05-20,Aktif,False
L005748,F00344,company,KOBİ Kredisi,22182.91,48,3.89,2023-06-02,Aktif,False
L005749,F00345,company,KOBİ Kredisi,383087.42,6,2.55,2025-12-25,Kapalı,False
L005750,F00348,company,İşletme Kredisi,217732.66,6,3.52,2020-04-05,Kapalı,False
L005751,F00349,company,İşletme Kredisi,115549.27,48,3.34,2019-02-15,Aktif,False
L005752,F00349,company,KOBİ Kredisi,98196.42,84,4.81,2025-08-14,Aktif,False
L005753,F00349,company,Kredi Kartı,99677.14,120,4.34,2022-01-03,Aktif,False
L005754,F00350,company,KOBİ Kredisi,592148.28,12,3.1,2023-01-16,Aktif,False
L005755,F00350,company,İşletme Kredisi,252530.21,60,4.57,2019-12-07,Kapalı,False
L005756,F00350,company,KOBİ Kredisi,486978.49,84,3.53,2021-12-03,Aktif,False
L005757,F00352,company,Kredi Kartı,45396.42,24,4.34,2019-12-19,Kapalı,False
L005758,F00352,company,KOBİ Kredisi,32958.9,120,3.28,2023-07-31,Aktif,False
L005759,F00353,company,KOBİ Kredisi,65534.43,84,2.91,2019-12-29,Aktif,False
L005760,F00354,company,Kredi Kartı,112890.3,6,3.35,2025-02-25,Kapalı,False
L005761,F00355,company,Kredi Kartı,73987.46,36,4.42,2019-09-10,Kapalı,False
L005762,F00356,company,KOBİ Kredisi,43866.19,60,3.91,2022-08-14,Aktif,False
L005763,F00357,company,Kredi Kartı,30188.07,60,4.61,2021-03-13,Kapalı,False
L005764,F00358,company,Kredi Kartı,25979.67,60,4.32,2023-08-23,Aktif,True
L005765,F00358,company,Kredi Kartı,49905.44,84,4.8,2022-04-18,Aktif,False
L005766,F00359,company,KOBİ Kredisi,135256.53,24,3.07,2020-08-05,Kapalı,False
L005767,F00359,company,KOBİ Kredisi,67147.52,84,4.14,2024-03-14,Aktif,False
L005768,F00359,company,İşletme Kredisi,359669.19,12,2.9,2019-06-24,Kapalı,False
L005769,F00359,company,KOBİ Kredisi,34022.53,12,3.79,2021-08-10,Kapalı,True
L005770,F00360,company,KOBİ Kredisi,110193.25,24,3.59,2021-05-14,Aktif,False
L005771,F00361,company,İşletme Kredisi,77471.11,48,4.53,2021-07-05,Kapalı,False
L005772,F00361,company,İşletme Kredisi,234850.18,60,3.73,2021-04-30,Kapalı,False
L005773,F00362,company,İşletme Kredisi,110543.84,84,3.25,2019-06-04,Kapalı,False
L005774,F00362,company,Kredi Kartı,817538.54,48,4.83,2020-02-13,Aktif,False
L005775,F00362,company,İşletme Kredisi,60798.72,36,2.9,2024-09-12,Aktif,False
L005776,F00363,company,İşletme Kredisi,336872.24,84,4.88,2021-02-03,Aktif,False
L005777,F00363,company,KOBİ Kredisi,152066.54,120,2.8,2020-08-09,Aktif,False
L005778,F00363,company,Kredi Kartı,78461.19,48,4.79,2021-06-11,Kapalı,False
L005779,F00364,company,Kredi Kartı,26484.35,6,4.04,2025-09-12,Aktif,False
L005780,F00364,company,KOBİ Kredisi,35133.66,120,3.92,2025-07-13,Aktif,False
L005781,F00365,company,KOBİ Kredisi,124970.74,6,4.73,2022-12-04,Aktif,False
L005782,F00365,company,KOBİ Kredisi,467683.15,120,3.92,2019-10-13,Aktif,False
L005783,F00365,company,KOBİ Kredisi,122276.23,12,4.71,2023-08-16,Kapalı,False
L005784,F00365,company,KOBİ Kredisi,122949.15,60,2.66,2025-06-13,Aktif,False
L005785,F00366,company,Kredi Kartı,38358.56,60,3.6,2026-05-29,Aktif,True
L005786,F00366,company,İşletme Kredisi,4191.91,36,4.51,2026-01-05,Aktif,False
L005787,F00367,company,KOBİ Kredisi,24077.35,24,3.1,2025-04-06,Aktif,False
L005788,F00368,company,İşletme Kredisi,82818.75,36,2.78,2022-01-19,Kapalı,False
L005789,F00368,company,Kredi Kartı,111552.27,60,2.61,2019-02-06,Kapalı,False
L005790,F00370,company,KOBİ Kredisi,25303.65,6,4.53,2019-08-05,Kapalı,False
L005791,F00370,company,Kredi Kartı,26961.33,84,4.75,2020-05-15,Aktif,False
L005792,F00370,company,İşletme Kredisi,26911.84,120,2.56,2026-05-19,Aktif,False
L005793,F00371,company,Kredi Kartı,375782.96,36,4.78,2021-01-27,Kapalı,False
L005794,F00371,company,Kredi Kartı,155161.34,84,3.35,2021-12-25,Aktif,False
L005795,F00372,company,KOBİ Kredisi,112200.67,84,4.64,2021-04-03,Aktif,False
L005796,F00373,company,Kredi Kartı,103459.98,84,4.56,2024-09-15,Aktif,True
L005797,F00373,company,KOBİ Kredisi,79528.14,84,2.53,2023-03-25,Aktif,False
L005798,F00374,company,Kredi Kartı,47589.83,36,4.01,2019-08-10,Kapalı,False
L005799,F00375,company,İşletme Kredisi,418235.82,48,2.75,2020-11-22,Kapalı,False
L005800,F00375,company,İşletme Kredisi,317416.33,24,4.1,2025-04-22,Aktif,False
L005801,F00375,company,Kredi Kartı,770124.23,12,3.28,2024-10-08,Aktif,False
L005802,F00376,company,İşletme Kredisi,53141.16,12,3.52,2020-10-10,Kapalı,False
L005803,F00376,company,Kredi Kartı,31522.31,12,3.45,2024-06-06,Kapalı,False
L005804,F00377,company,İşletme Kredisi,119332.8,24,4.27,2025-10-16,Aktif,False
L005805,F00378,company,KOBİ Kredisi,125411.92,12,3.25,2021-09-06,Kapalı,False
L005806,F00378,company,Kredi Kartı,207125.81,84,4.38,2023-10-20,Aktif,True
L005807,F00379,company,KOBİ Kredisi,182315.67,84,2.82,2021-07-26,Aktif,False
L005808,F00380,company,İşletme Kredisi,46164.63,6,4.32,2020-04-24,Kapalı,False
L005809,F00381,company,KOBİ Kredisi,50352.08,48,4.58,2026-06-15,Aktif,True
L005810,F00381,company,Kredi Kartı,254527.9,36,4.23,2022-07-02,Aktif,False
L005811,F00381,company,İşletme Kredisi,165682.58,84,3.89,2019-01-17,Kapalı,False
L005812,F00383,company,KOBİ Kredisi,226164.88,36,4.16,2024-08-09,Aktif,False
L005813,F00383,company,Kredi Kartı,300793.07,36,3.82,2024-10-29,Aktif,False
L005814,F00384,company,KOBİ Kredisi,40703.8,48,3.38,2024-03-22,Aktif,False
L005815,F00384,company,İşletme Kredisi,76028.43,24,4.35,2019-06-27,Kapalı,False
L005816,F00385,company,İşletme Kredisi,69319.32,84,2.51,2022-05-01,Aktif,False
L005817,F00386,company,Kredi Kartı,182323.19,84,4.72,2021-02-11,Aktif,False
L005818,F00386,company,Kredi Kartı,31496.07,48,3.94,2021-10-17,Kapalı,False
L005819,F00386,company,KOBİ Kredisi,117949.34,24,3.37,2023-05-07,Kapalı,False
L005820,F00386,company,KOBİ Kredisi,298892.81,60,3.66,2021-10-26,Aktif,False
L005821,F00387,company,KOBİ Kredisi,114448.32,120,3.93,2019-02-22,Aktif,False
L005822,F00387,company,Kredi Kartı,114815.9,60,3.64,2019-06-14,Kapalı,False
L005823,F00387,company,KOBİ Kredisi,45143.3,12,3.29,2023-07-24,Aktif,False
L005824,F00388,company,Kredi Kartı,249683.16,36,2.63,2020-12-11,Aktif,False
L005825,F00388,company,Kredi Kartı,91830.61,48,2.75,2026-02-12,Aktif,True
L005826,F00388,company,Kredi Kartı,199151.68,120,4.12,2022-04-21,Aktif,False
L005827,F00389,company,Kredi Kartı,606738.29,36,4.85,2021-12-21,Aktif,False
L005828,F00389,company,KOBİ Kredisi,54849.83,24,3.08,2022-08-05,Kapalı,False
L005829,F00389,company,İşletme Kredisi,56196.93,48,3.52,2022-06-16,Aktif,True
L005830,F00390,company,Kredi Kartı,238394.34,12,3.57,2021-03-16,Kapalı,False
L005831,F00392,company,İşletme Kredisi,780015.98,6,4.03,2021-04-27,Kapalı,False
L005832,F00393,company,KOBİ Kredisi,41977.2,12,3.2,2023-08-10,Kapalı,False
L005833,F00393,company,KOBİ Kredisi,86241.95,84,3.02,2021-11-22,Aktif,False
L005834,F00394,company,Kredi Kartı,172726.34,60,4.3,2022-09-20,Aktif,False
L005835,F00394,company,KOBİ Kredisi,101554.23,84,3.48,2023-07-11,Aktif,False
L005836,F00395,company,KOBİ Kredisi,366635.41,6,2.71,2022-08-15,Kapalı,False
L005837,F00395,company,KOBİ Kredisi,20677.69,120,2.67,2023-05-20,Aktif,False
L005838,F00395,company,Kredi Kartı,310138.13,48,3.01,2023-03-19,Aktif,False
L005839,F00395,company,İşletme Kredisi,73790.44,6,3.92,2024-08-01,Kapalı,False
L005840,F00396,company,KOBİ Kredisi,106822.58,60,4.41,2025-12-19,Aktif,False
L005841,F00396,company,İşletme Kredisi,40097.56,120,3.62,2023-01-21,Aktif,False
L005842,F00396,company,İşletme Kredisi,67205.37,48,3.44,2026-02-22,Aktif,False
L005843,F00396,company,İşletme Kredisi,32876.49,36,4.69,2021-03-02,Aktif,False
L005844,F00397,company,Kredi Kartı,74614.04,36,3.73,2021-03-18,Aktif,False
L005845,F00397,company,KOBİ Kredisi,44309.44,84,4.66,2025-06-16,Aktif,False
L005846,F00397,company,İşletme Kredisi,12322.55,48,2.94,2021-09-23,Kapalı,False
L005847,F00398,company,KOBİ Kredisi,20855.62,24,2.51,2022-08-19,Aktif,False
L005848,F00398,company,KOBİ Kredisi,98882.87,24,3.84,2024-04-22,Aktif,True
L005849,F00398,company,İşletme Kredisi,194926.6,84,3.17,2021-10-25,Aktif,False
L005850,F00400,company,Kredi Kartı,26255.0,60,3.85,2026-03-15,Aktif,False
L005851,F00400,company,İşletme Kredisi,14682.72,84,3.92,2024-10-11,Aktif,False
L005852,F00401,company,İşletme Kredisi,11466.09,60,2.82,2022-07-18,Aktif,False
L005853,F00401,company,İşletme Kredisi,67130.42,6,4.16,2020-01-26,Kapalı,False
L005854,F00402,company,İşletme Kredisi,71247.61,6,3.53,2023-06-08,Aktif,False
L005855,F00402,company,Kredi Kartı,53466.89,120,3.86,2019-02-19,Aktif,False
L005856,F00404,company,Kredi Kartı,282128.48,60,4.17,2022-10-11,Aktif,False
L005857,F00404,company,İşletme Kredisi,124615.55,60,4.32,2020-03-01,Kapalı,False
L005858,F00405,company,İşletme Kredisi,118567.67,24,3.33,2021-06-22,Kapalı,False
L005859,F00405,company,KOBİ Kredisi,156394.51,48,4.69,2022-07-14,Kapalı,False
L005860,F00405,company,KOBİ Kredisi,83931.26,24,3.82,2020-09-28,Kapalı,False
L005861,F00406,company,KOBİ Kredisi,66454.33,48,2.87,2019-05-19,Kapalı,True
L005862,F00407,company,KOBİ Kredisi,224178.36,12,2.6,2025-06-21,Kapalı,True
L005863,F00407,company,İşletme Kredisi,326903.51,48,3.21,2020-11-30,Kapalı,False
L005864,F00408,company,İşletme Kredisi,61664.73,60,4.79,2024-08-26,Aktif,False
L005865,F00408,company,KOBİ Kredisi,1215594.08,12,4.51,2019-05-21,Kapalı,False
L005866,F00408,company,KOBİ Kredisi,301403.04,60,3.68,2022-12-31,Aktif,False
L005867,F00408,company,İşletme Kredisi,547382.25,24,4.08,2023-06-22,Kapalı,False
L005868,F00409,company,İşletme Kredisi,24529.44,60,4.1,2023-09-02,Aktif,False
L005869,F00409,company,Kredi Kartı,225037.62,24,3.65,2022-04-04,Kapalı,False
L005870,F00409,company,Kredi Kartı,314880.77,60,2.82,2024-12-29,Aktif,False
L005871,F00410,company,İşletme Kredisi,163730.66,120,4.82,2020-06-28,Aktif,False
L005872,F00410,company,İşletme Kredisi,261031.38,6,3.97,2020-05-10,Kapalı,False
L005873,F00410,company,KOBİ Kredisi,107836.03,24,3.17,2023-10-19,Kapalı,False
L005874,F00411,company,İşletme Kredisi,51017.51,120,3.6,2024-02-21,Aktif,False
L005875,F00412,company,İşletme Kredisi,3204.86,12,3.22,2025-07-20,Kapalı,False
L005876,F00412,company,İşletme Kredisi,146756.95,84,3.8,2021-10-11,Aktif,False
L005877,F00412,company,İşletme Kredisi,42941.92,60,4.32,2023-01-19,Aktif,False
L005878,F00413,company,İşletme Kredisi,41097.84,48,2.62,2021-08-09,Kapalı,False
L005879,F00414,company,KOBİ Kredisi,303273.39,84,4.81,2023-04-14,Aktif,False
L005880,F00415,company,KOBİ Kredisi,161999.37,12,3.53,2023-06-28,Kapalı,False
L005881,F00415,company,İşletme Kredisi,47698.03,24,4.01,2020-07-07,Aktif,False
L005882,F00416,company,Kredi Kartı,66536.0,84,4.13,2020-11-14,Aktif,False
L005883,F00416,company,Kredi Kartı,46472.86,12,3.2,2025-01-05,Kapalı,False
L005884,F00417,company,Kredi Kartı,32114.29,120,2.91,2022-10-24,Aktif,False
L005885,F00417,company,KOBİ Kredisi,56968.78,120,3.82,2026-02-12,Aktif,False
L005886,F00417,company,İşletme Kredisi,112748.5,12,2.65,2021-06-06,Kapalı,False
L005887,F00418,company,İşletme Kredisi,72013.26,84,3.32,2020-08-07,Aktif,False
L005888,F00419,company,İşletme Kredisi,44521.13,12,3.04,2021-04-21,Aktif,False
L005889,F00419,company,İşletme Kredisi,119826.05,120,4.15,2026-06-21,Aktif,False
L005890,F00419,company,Kredi Kartı,45507.25,60,3.21,2022-05-11,Aktif,False
L005891,F00420,company,KOBİ Kredisi,51205.78,120,3.76,2025-07-25,Aktif,False
L005892,F00420,company,İşletme Kredisi,324038.86,36,2.85,2025-11-24,Aktif,False
L005893,F00422,company,KOBİ Kredisi,34021.18,12,4.84,2021-01-26,Aktif,False
L005894,F00422,company,İşletme Kredisi,37612.54,84,4.25,2021-01-11,Aktif,False
L005895,F00422,company,Kredi Kartı,530081.29,60,4.2,2019-07-20,Kapalı,False
L005896,F00422,company,Kredi Kartı,202657.09,24,4.33,2019-01-26,Kapalı,False
L005897,F00424,company,İşletme Kredisi,66032.99,120,3.49,2022-06-13,Aktif,True
L005898,F00425,company,İşletme Kredisi,81484.94,60,2.93,2019-03-08,Kapalı,False
L005899,F00425,company,KOBİ Kredisi,267464.33,84,3.89,2019-01-01,Kapalı,False
L005900,F00426,company,KOBİ Kredisi,24430.84,48,4.4,2024-05-21,Aktif,False
L005901,F00426,company,İşletme Kredisi,108155.03,12,4.18,2020-06-27,Kapalı,False
L005902,F00426,company,KOBİ Kredisi,152890.76,120,4.57,2021-08-29,Aktif,False
L005903,F00427,company,İşletme Kredisi,98926.29,60,3.16,2023-11-13,Aktif,False
L005904,F00427,company,Kredi Kartı,608393.95,84,4.61,2022-11-24,Aktif,False
L005905,F00427,company,Kredi Kartı,174430.04,6,2.84,2025-12-14,Kapalı,False
L005906,F00428,company,İşletme Kredisi,157327.88,120,3.52,2021-11-05,Aktif,False
L005907,F00429,company,KOBİ Kredisi,71786.49,84,4.15,2024-11-25,Aktif,False
L005908,F00429,company,İşletme Kredisi,176631.12,48,2.69,2024-11-22,Aktif,False
L005909,F00429,company,İşletme Kredisi,67491.52,12,4.34,2022-10-09,Kapalı,False
L005910,F00430,company,İşletme Kredisi,7485.47,6,3.31,2019-03-13,Kapalı,False
L005911,F00430,company,KOBİ Kredisi,852965.32,60,3.29,2025-01-03,Aktif,False
L005912,F00430,company,İşletme Kredisi,148106.89,12,4.87,2019-01-08,Kapalı,False
L005913,F00431,company,İşletme Kredisi,106287.38,6,3.05,2024-01-03,Kapalı,True
L005914,F00431,company,Kredi Kartı,14861.02,48,3.73,2023-02-09,Aktif,False
L005915,F00431,company,KOBİ Kredisi,55642.67,120,4.59,2026-02-20,Aktif,False
L005916,F00432,company,KOBİ Kredisi,127208.1,60,4.88,2020-09-26,Kapalı,False
L005917,F00432,company,KOBİ Kredisi,66471.18,12,3.3,2020-08-02,Kapalı,False
L005918,F00433,company,KOBİ Kredisi,135197.33,48,3.74,2021-09-14,Kapalı,False
L005919,F00433,company,KOBİ Kredisi,225497.65,6,2.72,2025-01-21,Aktif,False
L005920,F00433,company,İşletme Kredisi,80732.27,36,3.64,2024-02-03,Aktif,False
L005921,F00434,company,KOBİ Kredisi,22670.88,24,3.85,2023-09-08,Kapalı,False
L005922,F00434,company,İşletme Kredisi,194349.43,120,4.2,2021-12-27,Aktif,False
L005923,F00435,company,Kredi Kartı,32257.48,84,4.5,2019-10-29,Aktif,False
L005924,F00435,company,Kredi Kartı,230002.85,48,3.58,2020-06-19,Kapalı,False
L005925,F00436,company,İşletme Kredisi,92620.36,120,2.93,2024-08-18,Aktif,False
L005926,F00436,company,Kredi Kartı,76583.34,6,3.83,2020-10-20,Kapalı,False
L005927,F00436,company,KOBİ Kredisi,222285.62,84,4.62,2022-11-25,Aktif,False
L005928,F00436,company,KOBİ Kredisi,41038.04,24,3.01,2019-03-31,Kapalı,False
L005929,F00437,company,İşletme Kredisi,71167.89,6,3.54,2021-08-14,Kapalı,False
L005930,F00438,company,KOBİ Kredisi,239262.03,60,3.52,2024-03-23,Aktif,False
L005931,F00439,company,İşletme Kredisi,97321.64,12,4.39,2025-10-03,Aktif,False
L005932,F00440,company,İşletme Kredisi,806501.4,84,3.71,2024-02-16,Aktif,False
L005933,F00441,company,Kredi Kartı,102500.77,6,2.92,2026-05-13,Aktif,False
L005934,F00442,company,İşletme Kredisi,207988.72,12,2.7,2025-02-16,Kapalı,False
L005935,F00444,company,KOBİ Kredisi,126305.22,12,2.91,2021-04-29,Kapalı,False
L005936,F00444,company,Kredi Kartı,90530.72,60,4.41,2019-10-01,Kapalı,False
L005937,F00445,company,İşletme Kredisi,164682.26,120,4.17,2023-06-26,Aktif,False
L005938,F00446,company,İşletme Kredisi,323028.69,60,3.92,2022-05-09,Aktif,False
L005939,F00446,company,Kredi Kartı,332162.35,120,4.3,2023-08-03,Aktif,False
L005940,F00446,company,İşletme Kredisi,356009.95,36,2.76,2026-04-04,Aktif,False
L005941,F00446,company,Kredi Kartı,106493.48,84,4.06,2024-06-07,Aktif,False
L005942,F00448,company,KOBİ Kredisi,190906.4,24,3.85,2020-03-20,Kapalı,False
L005943,F00448,company,KOBİ Kredisi,190178.28,120,4.73,2021-11-29,Aktif,False
L005944,F00448,company,İşletme Kredisi,108409.5,48,3.03,2019-12-09,Kapalı,False
L005945,F00448,company,KOBİ Kredisi,111746.79,60,2.55,2023-01-24,Aktif,False
L005946,F00449,company,İşletme Kredisi,123735.07,60,3.49,2019-04-02,Kapalı,False
L005947,F00450,company,Kredi Kartı,37433.46,6,4.51,2025-11-09,Kapalı,False
L005948,F00450,company,KOBİ Kredisi,193625.2,24,4.53,2023-03-31,Kapalı,False
L005949,F00451,company,Kredi Kartı,190724.71,6,4.79,2019-02-23,Kapalı,False
L005950,F00451,company,Kredi Kartı,53432.61,6,2.83,2024-01-10,Kapalı,False
L005951,F00452,company,İşletme Kredisi,100799.35,36,4.36,2022-06-04,Kapalı,False
L005952,F00452,company,KOBİ Kredisi,63096.64,84,4.4,2019-01-04,Kapalı,False
L005953,F00452,company,KOBİ Kredisi,122365.35,120,4.06,2020-12-21,Aktif,False
L005954,F00452,company,Kredi Kartı,549695.16,120,4.18,2019-07-15,Aktif,False
L005955,F00453,company,İşletme Kredisi,298938.55,6,3.25,2023-03-06,Kapalı,False
L005956,F00454,company,Kredi Kartı,134065.76,24,2.52,2026-06-17,Aktif,False
L005957,F00454,company,İşletme Kredisi,36830.44,48,3.65,2023-06-26,Aktif,False
L005958,F00455,company,Kredi Kartı,181073.71,48,2.56,2026-01-16,Aktif,False
L005959,F00456,company,KOBİ Kredisi,17030.91,120,3.0,2022-04-04,Aktif,False
L005960,F00457,company,İşletme Kredisi,16905.07,120,2.51,2024-07-07,Aktif,False
L005961,F00457,company,Kredi Kartı,134330.76,36,2.91,2019-02-09,Kapalı,False
L005962,F00457,company,KOBİ Kredisi,164251.54,48,3.63,2022-08-08,Kapalı,False
L005963,F00457,company,KOBİ Kredisi,87452.61,36,3.62,2020-11-21,Kapalı,False
L005964,F00458,company,KOBİ Kredisi,34004.84,12,4.7,2025-08-28,Kapalı,False
L005965,F00458,company,Kredi Kartı,77414.43,24,3.22,2020-07-13,Kapalı,False
L005966,F00458,company,KOBİ Kredisi,57179.38,60,4.89,2023-09-17,Aktif,False
L005967,F00459,company,Kredi Kartı,81346.4,48,4.23,2021-02-25,Kapalı,False
L005968,F00459,company,İşletme Kredisi,266677.11,84,3.19,2020-07-18,Aktif,False
L005969,F00460,company,Kredi Kartı,393060.85,24,3.11,2021-10-09,Kapalı,False
L005970,F00460,company,KOBİ Kredisi,80494.94,12,4.16,2024-12-18,Aktif,False
L005971,F00460,company,Kredi Kartı,65172.14,48,3.49,2022-04-13,Aktif,False
L005972,F00460,company,İşletme Kredisi,90758.43,6,3.82,2022-05-09,Kapalı,False
L005973,F00461,company,İşletme Kredisi,85081.86,36,3.32,2022-03-12,Kapalı,False
L005974,F00462,company,İşletme Kredisi,25924.6,6,3.61,2020-03-11,Aktif,False
L005975,F00464,company,KOBİ Kredisi,77268.87,6,4.1,2025-02-10,Kapalı,False
L005976,F00465,company,İşletme Kredisi,127116.37,60,4.82,2021-12-02,Aktif,True
L005977,F00467,company,İşletme Kredisi,80337.47,6,3.13,2019-07-31,Kapalı,False
L005978,F00467,company,Kredi Kartı,98364.85,48,3.48,2019-12-08,Kapalı,False
L005979,F00467,company,İşletme Kredisi,34711.53,12,4.7,2021-10-30,Aktif,False
L005980,F00468,company,KOBİ Kredisi,24056.62,60,3.51,2022-06-13,Aktif,False
L005981,F00469,company,Kredi Kartı,84054.56,12,2.82,2021-02-22,Kapalı,False
L005982,F00469,company,Kredi Kartı,648620.7,48,3.14,2025-08-18,Aktif,False
L005983,F00469,company,Kredi Kartı,86647.01,24,3.11,2020-09-20,Kapalı,False
L005984,F00470,company,Kredi Kartı,64570.09,6,3.89,2023-12-13,Kapalı,False
L005985,F00471,company,Kredi Kartı,497052.72,60,4.58,2025-11-01,Aktif,False
L005986,F00471,company,Kredi Kartı,256452.18,12,4.6,2025-12-01,Aktif,False
L005987,F00472,company,Kredi Kartı,62095.4,24,3.71,2020-04-27,Kapalı,False
L005988,F00472,company,Kredi Kartı,51746.49,84,3.36,2019-08-26,Aktif,False
L005989,F00472,company,Kredi Kartı,66023.07,36,4.84,2021-12-07,Kapalı,False
L005990,F00473,company,İşletme Kredisi,49117.25,24,3.51,2023-08-05,Kapalı,False
L005991,F00475,company,Kredi Kartı,40501.47,84,4.82,2020-05-02,Aktif,False
L005992,F00475,company,Kredi Kartı,81302.29,6,4.37,2019-10-01,Kapalı,True
L005993,F00476,company,KOBİ Kredisi,89027.2,36,4.22,2022-09-01,Aktif,False
L005994,F00476,company,Kredi Kartı,164593.77,6,2.99,2026-05-09,Aktif,False
L005995,F00477,company,İşletme Kredisi,78872.89,12,3.61,2020-01-31,Kapalı,False
L005996,F00477,company,KOBİ Kredisi,95379.96,120,3.75,2023-10-31,Aktif,False
L005997,F00478,company,KOBİ Kredisi,479125.32,48,2.56,2026-05-12,Aktif,False
L005998,F00478,company,KOBİ Kredisi,305983.7,24,3.8,2023-06-08,Aktif,False
L005999,F00479,company,İşletme Kredisi,85664.86,84,3.28,2022-03-03,Aktif,False
L006000,F00479,company,KOBİ Kredisi,48838.58,60,4.69,2019-06-27,Kapalı,False
L006001,F00479,company,İşletme Kredisi,56015.86,24,4.66,2020-01-19,Kapalı,False
L006002,F00480,company,Kredi Kartı,37044.9,36,3.78,2025-02-03,Aktif,False
L006003,F00482,company,Kredi Kartı,155362.26,60,2.65,2025-05-25,Aktif,False
L006004,F00482,company,KOBİ Kredisi,295516.97,84,2.68,2024-09-07,Aktif,False
L006005,F00482,company,Kredi Kartı,16718.01,120,3.99,2019-09-09,Aktif,False
L006006,F00482,company,Kredi Kartı,143137.92,24,3.94,2023-01-20,Kapalı,False
L006007,F00483,company,İşletme Kredisi,177705.03,12,4.37,2021-10-31,Kapalı,False
L006008,F00483,company,KOBİ Kredisi,18946.35,48,3.68,2020-12-29,Kapalı,False
L006009,F00483,company,Kredi Kartı,85363.74,84,4.26,2023-12-16,Aktif,False
L006010,F00484,company,Kredi Kartı,112455.73,12,3.3,2020-03-11,Kapalı,False
L006011,F00484,company,İşletme Kredisi,49186.8,84,4.04,2019-01-10,Aktif,False
L006012,F00484,company,Kredi Kartı,78937.65,12,3.83,2020-06-27,Aktif,False
L006013,F00484,company,İşletme Kredisi,12715.3,6,4.6,2025-12-14,Kapalı,False
L006014,F00485,company,İşletme Kredisi,712529.55,84,4.07,2025-10-01,Aktif,False
L006015,F00486,company,KOBİ Kredisi,47669.07,36,2.55,2025-08-13,Aktif,False
L006016,F00486,company,İşletme Kredisi,78804.76,12,3.53,2019-08-25,Kapalı,False
L006017,F00487,company,Kredi Kartı,71260.97,60,3.17,2021-05-10,Kapalı,False
L006018,F00488,company,Kredi Kartı,337279.33,120,3.07,2022-06-23,Aktif,False
L006019,F00491,company,KOBİ Kredisi,50428.14,12,2.77,2023-11-11,Kapalı,False
L006020,F00492,company,KOBİ Kredisi,204379.43,12,3.99,2023-01-19,Kapalı,False
L006021,F00492,company,Kredi Kartı,221295.77,12,2.66,2021-03-23,Kapalı,False
L006022,F00492,company,Kredi Kartı,941770.58,60,3.04,2021-10-09,Aktif,False
L006023,F00492,company,İşletme Kredisi,111691.51,24,3.56,2025-01-24,Aktif,True
L006024,F00493,company,KOBİ Kredisi,206033.29,84,2.82,2026-07-05,Aktif,False
L006025,F00494,company,İşletme Kredisi,57757.43,12,3.9,2024-07-09,Kapalı,False
L006026,F00495,company,KOBİ Kredisi,88655.67,120,4.1,2020-03-01,Aktif,False
L006027,F00496,company,KOBİ Kredisi,439174.09,60,2.56,2024-10-10,Aktif,False
L006028,F00496,company,İşletme Kredisi,52091.33,6,3.8,2025-01-15,Kapalı,False
L006029,F00498,company,Kredi Kartı,63479.02,24,4.75,2020-01-19,Aktif,False
L006030,F00499,company,KOBİ Kredisi,141424.16,12,3.5,2025-02-15,Aktif,False
L006031,F00499,company,Kredi Kartı,410681.77,24,3.57,2025-08-02,Aktif,False
L006032,F00499,company,İşletme Kredisi,86049.42,48,3.85,2024-04-01,Aktif,False
L006033,F00500,company,Kredi Kartı,160873.1,60,2.5,2022-03-02,Aktif,False
L006034,F00501,company,KOBİ Kredisi,50283.56,24,4.58,2020-01-18,Kapalı,False
L006035,F00501,company,İşletme Kredisi,50260.11,48,3.91,2021-02-26,Kapalı,False
L006036,F00502,company,İşletme Kredisi,32017.85,36,4.53,2025-11-02,Aktif,False
L006037,F00503,company,KOBİ Kredisi,23539.97,120,2.6,2024-10-08,Aktif,False
L006038,F00504,company,Kredi Kartı,151324.98,12,2.61,2019-04-11,Kapalı,False
L006039,F00505,company,Kredi Kartı,57469.92,48,2.72,2019-08-04,Kapalı,False
L006040,F00506,company,KOBİ Kredisi,109418.59,84,4.42,2026-01-16,Aktif,False
L006041,F00507,company,KOBİ Kredisi,77350.04,36,3.98,2021-05-26,Kapalı,False
L006042,F00507,company,KOBİ Kredisi,176605.12,6,3.68,2024-03-15,Kapalı,False
L006043,F00508,company,İşletme Kredisi,175789.77,36,2.98,2022-03-28,Kapalı,False
L006044,F00508,company,İşletme Kredisi,99805.18,48,3.33,2019-10-20,Kapalı,False
L006045,F00508,company,KOBİ Kredisi,193425.0,48,4.26,2023-09-12,Aktif,False
L006046,F00508,company,İşletme Kredisi,192388.49,60,4.56,2022-07-31,Aktif,False
L006047,F00509,company,İşletme Kredisi,51630.93,6,3.62,2020-05-08,Kapalı,False
L006048,F00509,company,Kredi Kartı,845169.78,60,3.47,2020-01-03,Kapalı,False
L006049,F00510,company,KOBİ Kredisi,33314.79,84,2.76,2021-02-13,Aktif,False
L006050,F00510,company,Kredi Kartı,74041.85,84,4.72,2020-01-31,Aktif,False
L006051,F00513,company,Kredi Kartı,53874.15,24,2.78,2023-03-25,Kapalı,False
L006052,F00515,company,KOBİ Kredisi,21484.92,84,4.32,2020-03-27,Aktif,False
L006053,F00515,company,KOBİ Kredisi,133725.63,60,3.96,2023-12-04,Aktif,False
L006054,F00515,company,İşletme Kredisi,48245.79,84,4.21,2022-03-22,Aktif,False
L006055,F00516,company,KOBİ Kredisi,237211.36,120,3.39,2024-12-13,Aktif,False
L006056,F00517,company,İşletme Kredisi,28795.99,6,3.48,2024-01-30,Aktif,False
L006057,F00518,company,Kredi Kartı,14878.06,48,4.5,2024-03-02,Aktif,False
L006058,F00518,company,KOBİ Kredisi,78520.56,36,4.62,2019-02-08,Kapalı,False
L006059,F00518,company,Kredi Kartı,13621.82,60,3.97,2026-02-02,Aktif,False
L006060,F00520,company,KOBİ Kredisi,34372.58,24,4.38,2021-07-21,Kapalı,True
L006061,F00520,company,KOBİ Kredisi,30353.75,12,2.57,2020-04-21,Kapalı,False
L006062,F00521,company,Kredi Kartı,68069.72,36,3.15,2022-02-21,Kapalı,False
L006063,F00521,company,Kredi Kartı,10075.97,24,2.92,2020-07-23,Kapalı,False
L006064,F00522,company,KOBİ Kredisi,47804.15,60,3.6,2019-11-08,Kapalı,False
L006065,F00522,company,KOBİ Kredisi,25017.25,60,3.02,2019-07-21,Kapalı,False
L006066,F00523,company,Kredi Kartı,196189.86,36,4.19,2022-11-01,Kapalı,False
L006067,F00523,company,İşletme Kredisi,63690.05,6,3.04,2019-04-10,Kapalı,False
L006068,F00523,company,Kredi Kartı,135489.6,60,3.88,2020-06-12,Aktif,False
L006069,F00524,company,Kredi Kartı,280603.29,84,3.06,2019-02-16,Kapalı,False
L006070,F00524,company,KOBİ Kredisi,9054.58,120,3.74,2022-06-11,Aktif,False
L006071,F00524,company,Kredi Kartı,96202.58,6,3.49,2024-05-23,Kapalı,False
L006072,F00525,company,İşletme Kredisi,201555.53,24,3.5,2020-07-22,Kapalı,False
L006073,F00525,company,İşletme Kredisi,70322.94,120,4.78,2023-06-23,Aktif,False
L006074,F00526,company,Kredi Kartı,19656.35,12,2.69,2023-03-30,Kapalı,False
L006075,F00527,company,Kredi Kartı,62401.34,48,4.13,2019-12-04,Kapalı,False
L006076,F00527,company,Kredi Kartı,212255.78,120,3.72,2019-04-19,Aktif,False
L006077,F00528,company,KOBİ Kredisi,45807.37,60,3.33,2020-05-31,Aktif,False
L006078,F00529,company,İşletme Kredisi,101899.8,36,3.05,2022-10-08,Kapalı,False
L006079,F00529,company,Kredi Kartı,64983.95,84,3.66,2023-12-22,Aktif,False
L006080,F00530,company,Kredi Kartı,114626.68,60,3.53,2021-06-30,Kapalı,False
L006081,F00530,company,İşletme Kredisi,135844.69,120,4.8,2022-11-13,Aktif,False
L006082,F00531,company,Kredi Kartı,243942.64,12,4.75,2025-03-22,Aktif,False
L006083,F00532,company,KOBİ Kredisi,149848.25,24,3.82,2026-03-06,Aktif,False
L006084,F00532,company,Kredi Kartı,127319.65,36,4.57,2021-03-25,Kapalı,False
L006085,F00533,company,Kredi Kartı,30341.35,60,2.85,2020-01-03,Aktif,False
L006086,F00533,company,İşletme Kredisi,832016.12,48,3.83,2024-09-29,Aktif,False
L006087,F00534,company,Kredi Kartı,196196.78,12,4.04,2023-04-20,Kapalı,False
L006088,F00534,company,Kredi Kartı,219041.55,60,3.33,2020-12-11,Aktif,True
L006089,F00534,company,İşletme Kredisi,60065.0,84,2.52,2019-01-29,Kapalı,False
L006090,F00534,company,Kredi Kartı,54398.7,36,4.12,2020-08-22,Aktif,False
L006091,F00535,company,Kredi Kartı,63570.34,120,3.31,2022-01-20,Aktif,False
L006092,F00535,company,İşletme Kredisi,76943.2,36,3.2,2026-01-28,Aktif,False
L006093,F00535,company,İşletme Kredisi,18529.24,84,3.32,2025-09-19,Aktif,False
L006094,F00536,company,Kredi Kartı,69677.63,120,3.3,2026-02-25,Aktif,False
L006095,F00536,company,Kredi Kartı,171763.86,120,3.31,2023-08-20,Aktif,False
L006096,F00536,company,KOBİ Kredisi,346885.66,36,4.46,2024-09-05,Aktif,False
L006097,F00536,company,KOBİ Kredisi,100616.49,6,3.57,2020-06-17,Kapalı,False
L006098,F00537,company,Kredi Kartı,95553.72,48,2.85,2019-05-14,Kapalı,False
L006099,F00538,company,Kredi Kartı,164773.17,36,3.84,2023-09-15,Aktif,False
L006100,F00539,company,Kredi Kartı,156943.58,6,4.74,2019-06-23,Kapalı,False
L006101,F00540,company,KOBİ Kredisi,286893.28,12,3.31,2025-11-04,Aktif,True
L006102,F00540,company,İşletme Kredisi,85572.31,120,4.24,2025-03-29,Aktif,False
L006103,F00541,company,Kredi Kartı,151786.92,24,2.77,2022-07-21,Kapalı,False
L006104,F00541,company,KOBİ Kredisi,57280.24,6,4.25,2024-09-29,Aktif,False
L006105,F00542,company,KOBİ Kredisi,724315.33,6,4.25,2024-02-03,Kapalı,False
L006106,F00542,company,İşletme Kredisi,146311.78,6,2.52,2021-01-06,Kapalı,False
L006107,F00542,company,KOBİ Kredisi,122047.98,120,2.52,2024-09-13,Aktif,False
L006108,F00542,company,KOBİ Kredisi,41389.38,84,4.68,2025-08-07,Aktif,False
L006109,F00543,company,Kredi Kartı,52013.31,120,4.54,2020-09-01,Aktif,False
L006110,F00544,company,KOBİ Kredisi,22884.73,24,2.78,2026-05-11,Aktif,False
L006111,F00544,company,İşletme Kredisi,147482.16,120,3.91,2024-03-06,Aktif,False
L006112,F00544,company,İşletme Kredisi,411061.15,48,4.37,2025-03-27,Aktif,False
L006113,F00544,company,Kredi Kartı,117020.74,6,3.27,2024-11-09,Kapalı,False
L006114,F00548,company,KOBİ Kredisi,21619.85,84,2.75,2019-12-20,Aktif,False
L006115,F00548,company,Kredi Kartı,667736.01,24,4.67,2023-12-04,Kapalı,False
L006116,F00549,company,KOBİ Kredisi,450341.56,84,4.87,2022-10-20,Aktif,False
L006117,F00549,company,Kredi Kartı,439219.85,24,3.24,2025-12-10,Aktif,False
L006118,F00550,company,İşletme Kredisi,21356.9,120,4.24,2020-08-24,Aktif,False
L006119,F00551,company,İşletme Kredisi,151018.5,12,4.8,2025-12-31,Aktif,False
L006120,F00551,company,Kredi Kartı,51578.11,84,2.85,2024-09-05,Aktif,False
L006121,F00551,company,İşletme Kredisi,14721.17,24,3.43,2024-11-27,Aktif,False
L006122,F00551,company,Kredi Kartı,46169.29,24,4.31,2022-09-02,Kapalı,False
L006123,F00552,company,İşletme Kredisi,11363.85,24,4.71,2022-04-29,Kapalı,False
L006124,F00552,company,İşletme Kredisi,620515.28,12,2.53,2026-01-04,Aktif,False
L006125,F00553,company,KOBİ Kredisi,994785.88,120,3.36,2023-11-22,Aktif,False
L006126,F00553,company,Kredi Kartı,67985.81,84,4.55,2024-03-10,Aktif,False
L006127,F00553,company,Kredi Kartı,672808.75,24,4.06,2023-01-13,Kapalı,False
L006128,F00553,company,İşletme Kredisi,204989.56,60,3.37,2022-10-08,Aktif,False
L006129,F00555,company,İşletme Kredisi,214324.45,84,3.96,2023-01-18,Aktif,False
L006130,F00555,company,Kredi Kartı,61870.27,36,3.35,2019-09-24,Kapalı,False
L006131,F00555,company,Kredi Kartı,555504.74,60,4.2,2021-07-26,Kapalı,False
L006132,F00556,company,KOBİ Kredisi,302284.67,12,2.88,2026-04-03,Aktif,False
L006133,F00556,company,Kredi Kartı,87232.34,36,4.57,2019-07-11,Kapalı,False
L006134,F00556,company,İşletme Kredisi,182783.14,60,3.03,2021-12-13,Aktif,False
L006135,F00558,company,KOBİ Kredisi,119388.27,6,3.34,2023-10-08,Kapalı,False
L006136,F00558,company,İşletme Kredisi,1478397.92,48,2.71,2020-12-11,Kapalı,False
L006137,F00559,company,Kredi Kartı,176233.36,84,4.37,2025-12-30,Aktif,False
L006138,F00560,company,İşletme Kredisi,46857.03,84,4.83,2023-03-29,Aktif,False
L006139,F00560,company,İşletme Kredisi,98138.64,12,3.5,2024-01-26,Kapalı,False
L006140,F00560,company,KOBİ Kredisi,275487.24,48,4.7,2026-07-19,Aktif,False
L006141,F00561,company,İşletme Kredisi,170925.75,60,4.88,2024-10-18,Aktif,False
L006142,F00561,company,KOBİ Kredisi,17138.3,36,4.54,2022-01-25,Aktif,False
L006143,F00562,company,Kredi Kartı,139873.85,60,4.62,2019-06-24,Aktif,False
L006144,F00564,company,KOBİ Kredisi,77899.28,60,3.23,2026-02-02,Aktif,False
L006145,F00564,company,Kredi Kartı,180756.34,84,3.7,2019-05-29,Kapalı,False
L006146,F00565,company,Kredi Kartı,127440.25,48,4.71,2021-09-03,Kapalı,False
L006147,F00566,company,İşletme Kredisi,77559.16,84,4.33,2019-12-05,Aktif,False
L006148,F00566,company,İşletme Kredisi,53183.54,60,4.36,2025-02-11,Aktif,False
L006149,F00566,company,İşletme Kredisi,152790.77,36,3.34,2022-04-11,Kapalı,False
L006150,F00566,company,İşletme Kredisi,278699.92,84,2.9,2025-10-12,Aktif,False
L006151,F00567,company,KOBİ Kredisi,18985.68,48,4.5,2019-10-20,Kapalı,False
L006152,F00567,company,KOBİ Kredisi,143448.99,120,3.33,2024-11-06,Aktif,False
L006153,F00567,company,KOBİ Kredisi,137281.62,36,3.8,2019-07-31,Kapalı,False
L006154,F00568,company,KOBİ Kredisi,591786.31,12,3.63,2024-09-05,Kapalı,False
L006155,F00568,company,KOBİ Kredisi,66142.84,84,2.92,2019-06-27,Kapalı,False
L006156,F00568,company,Kredi Kartı,271926.34,12,3.59,2024-04-24,Kapalı,False
L006157,F00569,company,İşletme Kredisi,393826.02,84,3.86,2024-08-09,Aktif,True
L006158,F00570,company,İşletme Kredisi,89589.41,120,3.73,2022-05-07,Aktif,False
L006159,F00570,company,KOBİ Kredisi,62696.35,60,4.58,2019-05-16,Kapalı,False
L006160,F00570,company,KOBİ Kredisi,70454.4,6,2.63,2019-09-14,Kapalı,False
L006161,F00573,company,KOBİ Kredisi,66816.23,84,3.74,2021-01-28,Aktif,False
L006162,F00574,company,KOBİ Kredisi,101368.08,12,4.36,2025-11-24,Aktif,False
L006163,F00575,company,İşletme Kredisi,74499.9,120,3.02,2019-01-20,Aktif,False
L006164,F00575,company,Kredi Kartı,703723.88,6,4.53,2025-07-13,Kapalı,False
L006165,F00575,company,KOBİ Kredisi,28599.13,24,4.7,2023-08-02,Kapalı,False
L006166,F00576,company,KOBİ Kredisi,25211.94,48,4.66,2022-12-01,Aktif,False
L006167,F00576,company,İşletme Kredisi,34634.03,6,4.79,2026-02-12,Kapalı,False
L006168,F00576,company,Kredi Kartı,278771.21,120,4.6,2025-08-21,Aktif,False
L006169,F00576,company,KOBİ Kredisi,92258.27,60,2.67,2025-09-14,Aktif,False
L006170,F00577,company,KOBİ Kredisi,19567.46,24,3.87,2019-09-14,Aktif,False
L006171,F00577,company,İşletme Kredisi,43552.02,24,4.85,2019-04-17,Kapalı,False
L006172,F00577,company,İşletme Kredisi,36158.61,36,3.98,2022-11-08,Kapalı,False
L006173,F00577,company,İşletme Kredisi,98195.2,12,2.74,2026-03-24,Aktif,False
L006174,F00579,company,KOBİ Kredisi,6543.46,120,3.73,2019-06-13,Aktif,False
L006175,F00579,company,İşletme Kredisi,247262.58,120,2.67,2024-05-21,Aktif,False
L006176,F00580,company,KOBİ Kredisi,13959.09,84,3.2,2023-10-02,Aktif,False
L006177,F00580,company,İşletme Kredisi,470650.06,60,3.15,2025-04-28,Aktif,False
L006178,F00580,company,Kredi Kartı,57171.85,48,3.55,2024-05-19,Aktif,False
L006179,F00580,company,İşletme Kredisi,81211.82,36,4.41,2023-09-22,Aktif,False
L006180,F00581,company,KOBİ Kredisi,148727.34,120,2.93,2022-08-11,Aktif,False
L006181,F00582,company,KOBİ Kredisi,134859.0,84,2.62,2024-12-30,Aktif,False
L006182,F00583,company,KOBİ Kredisi,80351.65,48,3.95,2026-07-03,Aktif,False
L006183,F00583,company,İşletme Kredisi,110992.21,60,3.63,2026-05-21,Aktif,True
L006184,F00584,company,KOBİ Kredisi,79322.06,48,4.48,2022-10-05,Aktif,False
L006185,F00584,company,KOBİ Kredisi,82662.32,6,3.13,2022-02-28,Kapalı,False
L006186,F00585,company,İşletme Kredisi,13016.55,36,2.5,2026-03-10,Aktif,False
L006187,F00586,company,İşletme Kredisi,74982.92,12,2.52,2020-02-27,Kapalı,False
L006188,F00586,company,İşletme Kredisi,95476.98,12,3.19,2021-07-25,Kapalı,False
L006189,F00586,company,Kredi Kartı,190246.33,36,3.48,2025-11-06,Aktif,False
L006190,F00586,company,İşletme Kredisi,129721.56,6,4.51,2020-01-06,Kapalı,False
L006191,F00588,company,KOBİ Kredisi,127664.75,60,4.47,2025-06-06,Aktif,False
L006192,F00588,company,KOBİ Kredisi,139224.67,60,3.85,2021-10-19,Aktif,False
L006193,F00588,company,KOBİ Kredisi,220526.76,60,3.55,2021-08-28,Kapalı,False
L006194,F00590,company,KOBİ Kredisi,26386.21,6,4.06,2023-05-09,Kapalı,False
L006195,F00592,company,Kredi Kartı,36957.21,60,3.53,2026-04-22,Aktif,False
L006196,F00592,company,İşletme Kredisi,153020.23,6,4.81,2025-02-27,Aktif,False
L006197,F00593,company,Kredi Kartı,16922.0,60,2.8,2025-04-11,Aktif,False
L006198,F00593,company,Kredi Kartı,34632.69,24,2.58,2020-04-17,Kapalı,False
L006199,F00593,company,Kredi Kartı,136081.14,84,4.8,2021-02-13,Aktif,False
L006200,F00594,company,Kredi Kartı,85163.82,36,3.34,2025-10-27,Aktif,False
L006201,F00594,company,İşletme Kredisi,131333.37,120,4.05,2020-07-14,Aktif,False
L006202,F00594,company,İşletme Kredisi,34030.28,12,3.52,2025-01-28,Aktif,False
L006203,F00595,company,Kredi Kartı,221230.64,60,3.71,2021-09-25,Aktif,False
L006204,F00595,company,Kredi Kartı,199435.96,12,4.4,2019-05-19,Kapalı,False
L006205,F00597,company,Kredi Kartı,45127.21,84,2.72,2022-03-24,Aktif,False
L006206,F00597,company,İşletme Kredisi,40064.38,48,2.96,2021-11-22,Kapalı,False
L006207,F00598,company,KOBİ Kredisi,203982.46,120,2.89,2022-10-21,Aktif,False
L006208,F00598,company,İşletme Kredisi,85514.61,60,2.99,2021-02-19,Kapalı,False
L006209,F00598,company,KOBİ Kredisi,13543.4,36,4.05,2026-04-05,Aktif,False
L006210,F00598,company,KOBİ Kredisi,211758.9,12,3.51,2024-01-01,Kapalı,False
L006211,F00599,company,Kredi Kartı,625030.68,60,3.27,2024-06-10,Aktif,False
L006212,F00599,company,İşletme Kredisi,17225.39,36,4.19,2024-11-25,Aktif,False
L006213,F00599,company,İşletme Kredisi,32780.89,24,3.16,2025-04-10,Aktif,False
L006214,F00600,company,İşletme Kredisi,517167.26,120,4.76,2023-03-22,Aktif,False
L006215,F00600,company,KOBİ Kredisi,132370.44,120,3.8,2025-06-13,Aktif,False
L006216,F00601,company,KOBİ Kredisi,68851.92,6,4.81,2022-12-29,Kapalı,False
L006217,F00601,company,İşletme Kredisi,312036.85,84,3.73,2025-07-13,Aktif,False
L006218,F00602,company,Kredi Kartı,142722.91,36,4.17,2021-04-12,Aktif,False
L006219,F00603,company,Kredi Kartı,65860.06,36,3.26,2021-12-21,Kapalı,False
L006220,F00603,company,KOBİ Kredisi,156035.11,84,3.74,2021-10-13,Aktif,False
L006221,F00603,company,KOBİ Kredisi,26205.8,60,3.05,2024-08-20,Aktif,False
L006222,F00603,company,Kredi Kartı,134612.33,12,4.32,2020-03-09,Kapalı,False
L006223,F00604,company,İşletme Kredisi,219280.65,120,4.1,2023-01-18,Aktif,False
L006224,F00604,company,İşletme Kredisi,64501.43,36,4.8,2024-12-17,Aktif,False
L006225,F00605,company,Kredi Kartı,248736.62,6,4.73,2023-02-12,Kapalı,False
L006226,F00606,company,İşletme Kredisi,34824.52,12,4.24,2020-05-19,Kapalı,False
L006227,F00606,company,KOBİ Kredisi,442140.34,120,4.42,2019-12-14,Aktif,False
L006228,F00606,company,KOBİ Kredisi,45437.62,6,4.31,2019-04-10,Kapalı,True
L006229,F00607,company,KOBİ Kredisi,112835.47,36,3.65,2022-10-28,Kapalı,False
L006230,F00607,company,İşletme Kredisi,67571.11,60,4.81,2020-02-06,Kapalı,False
L006231,F00608,company,İşletme Kredisi,75812.29,36,4.07,2020-06-11,Kapalı,False
L006232,F00608,company,Kredi Kartı,61106.01,120,3.26,2024-08-28,Aktif,False
L006233,F00609,company,KOBİ Kredisi,118959.82,84,2.75,2019-06-03,Kapalı,False
L006234,F00610,company,KOBİ Kredisi,248453.13,48,2.68,2026-03-22,Aktif,False
L006235,F00611,company,Kredi Kartı,128779.7,60,3.89,2025-02-07,Aktif,False
L006236,F00611,company,Kredi Kartı,77401.45,12,2.64,2022-04-26,Kapalı,False
L006237,F00612,company,İşletme Kredisi,20811.04,24,3.73,2024-04-07,Kapalı,False
L006238,F00613,company,KOBİ Kredisi,296843.68,36,3.34,2024-10-06,Aktif,False
L006239,F00613,company,KOBİ Kredisi,274391.85,12,3.27,2024-06-07,Kapalı,False
L006240,F00613,company,KOBİ Kredisi,58411.03,84,2.69,2019-01-09,Kapalı,False
L006241,F00613,company,Kredi Kartı,32779.81,48,4.12,2021-10-26,Kapalı,False
L006242,F00614,company,Kredi Kartı,116151.46,36,2.62,2019-12-23,Kapalı,False
L006243,F00615,company,KOBİ Kredisi,48207.64,24,4.5,2019-04-30,Kapalı,False
L006244,F00615,company,Kredi Kartı,71706.63,6,4.33,2024-03-13,Aktif,False
L006245,F00615,company,İşletme Kredisi,178077.94,36,3.67,2022-10-07,Kapalı,False
L006246,F00618,company,İşletme Kredisi,128491.69,36,2.71,2020-06-06,Kapalı,False
L006247,F00619,company,İşletme Kredisi,95347.18,36,2.93,2022-04-01,Kapalı,False
L006248,F00619,company,İşletme Kredisi,73149.24,6,3.38,2020-10-29,Kapalı,False
L006249,F00620,company,KOBİ Kredisi,26125.8,60,4.88,2019-06-18,Kapalı,False
L006250,F00620,company,Kredi Kartı,28319.66,48,4.23,2022-11-25,Aktif,False
L006251,F00621,company,İşletme Kredisi,635273.11,36,2.56,2023-03-08,Kapalı,False
L006252,F00621,company,Kredi Kartı,337610.65,84,2.69,2025-05-16,Aktif,False
L006253,F00622,company,Kredi Kartı,58852.13,24,3.21,2023-10-11,Kapalı,False
L006254,F00622,company,İşletme Kredisi,84315.15,48,2.81,2019-12-22,Kapalı,False
L006255,F00623,company,KOBİ Kredisi,64830.13,24,4.0,2024-09-08,Aktif,False
L006256,F00623,company,KOBİ Kredisi,69523.99,24,3.75,2019-10-05,Aktif,False
L006257,F00623,company,Kredi Kartı,19161.61,12,3.62,2021-06-04,Kapalı,False
L006258,F00623,company,KOBİ Kredisi,689282.56,36,4.37,2020-09-26,Aktif,False
L006259,F00624,company,Kredi Kartı,161211.09,120,2.96,2022-02-21,Aktif,False
L006260,F00625,company,Kredi Kartı,88357.95,48,2.96,2022-09-06,Kapalı,False
L006261,F00627,company,KOBİ Kredisi,89038.87,24,4.31,2024-03-28,Kapalı,False
L006262,F00628,company,KOBİ Kredisi,95840.47,120,3.49,2024-12-28,Aktif,False
L006263,F00628,company,KOBİ Kredisi,45650.06,120,4.51,2023-07-11,Aktif,False
L006264,F00628,company,Kredi Kartı,181839.79,24,4.77,2019-01-15,Aktif,False
L006265,F00629,company,İşletme Kredisi,298238.14,12,3.23,2021-08-05,Aktif,False
L006266,F00630,company,Kredi Kartı,227492.03,24,2.73,2021-08-19,Aktif,False
L006267,F00631,company,Kredi Kartı,108554.3,60,4.0,2020-04-23,Kapalı,False
L006268,F00632,company,Kredi Kartı,49399.09,6,3.8,2022-11-23,Kapalı,False
L006269,F00632,company,KOBİ Kredisi,93346.9,12,4.27,2026-05-06,Aktif,False
L006270,F00632,company,KOBİ Kredisi,273274.44,60,2.54,2024-01-18,Aktif,False
L006271,F00632,company,Kredi Kartı,12755.71,48,2.57,2023-06-08,Aktif,False
L006272,F00633,company,İşletme Kredisi,85882.38,48,3.73,2023-05-02,Aktif,False
L006273,F00633,company,İşletme Kredisi,283659.25,6,3.57,2023-01-26,Kapalı,False
L006274,F00633,company,Kredi Kartı,55502.64,48,2.51,2021-08-08,Kapalı,False
L006275,F00634,company,Kredi Kartı,201154.26,24,4.46,2026-02-09,Aktif,False
L006276,F00634,company,KOBİ Kredisi,58332.36,60,2.89,2019-09-15,Kapalı,False
L006277,F00634,company,Kredi Kartı,55683.51,48,3.35,2024-01-19,Aktif,False
L006278,F00634,company,İşletme Kredisi,95571.24,6,4.25,2022-04-28,Kapalı,False
L006279,F00635,company,İşletme Kredisi,100630.92,36,3.79,2021-11-14,Kapalı,False
L006280,F00636,company,Kredi Kartı,35145.52,24,4.32,2020-09-09,Kapalı,False
L006281,F00636,company,Kredi Kartı,227611.13,36,3.03,2020-09-19,Kapalı,False
L006282,F00637,company,İşletme Kredisi,158510.09,48,3.36,2025-04-16,Aktif,True
L006283,F00637,company,İşletme Kredisi,92219.73,120,4.8,2025-08-30,Aktif,False
L006284,F00638,company,Kredi Kartı,167163.14,120,4.22,2026-07-04,Aktif,False
L006285,F00638,company,KOBİ Kredisi,5366.01,60,3.76,2020-10-29,Kapalı,False
L006286,F00638,company,Kredi Kartı,63966.01,120,3.2,2023-06-05,Aktif,False
L006287,F00639,company,KOBİ Kredisi,178487.15,6,3.54,2025-09-19,Kapalı,False
L006288,F00639,company,KOBİ Kredisi,176026.19,6,2.67,2020-10-31,Kapalı,False
L006289,F00639,company,İşletme Kredisi,35618.01,84,4.59,2026-03-24,Aktif,False
L006290,F00639,company,Kredi Kartı,436284.92,60,4.37,2021-09-25,Aktif,False
L006291,F00641,company,Kredi Kartı,185872.86,12,3.73,2025-03-03,Kapalı,False
L006292,F00641,company,Kredi Kartı,588398.51,60,3.05,2024-03-18,Aktif,False
L006293,F00642,company,KOBİ Kredisi,114184.34,120,4.75,2020-10-10,Aktif,False
L006294,F00643,company,Kredi Kartı,449111.46,84,4.09,2025-03-31,Aktif,False
L006295,F00643,company,Kredi Kartı,48408.03,36,2.99,2025-03-29,Aktif,False
L006296,F00643,company,İşletme Kredisi,8025.9,60,2.74,2020-05-09,Kapalı,False
L006297,F00643,company,Kredi Kartı,367405.19,36,3.13,2021-10-30,Kapalı,False
L006298,F00644,company,KOBİ Kredisi,138529.02,6,3.83,2021-11-30,Kapalı,True
L006299,F00645,company,KOBİ Kredisi,66567.73,24,4.7,2024-06-07,Kapalı,False
L006300,F00645,company,İşletme Kredisi,57459.77,48,2.59,2023-10-30,Aktif,True
L006301,F00645,company,KOBİ Kredisi,342300.77,12,3.42,2019-12-31,Kapalı,False
L006302,F00645,company,İşletme Kredisi,396841.32,36,3.62,2026-01-31,Aktif,False
L006303,F00646,company,Kredi Kartı,60577.98,12,3.73,2019-04-18,Kapalı,False
L006304,F00646,company,İşletme Kredisi,53667.31,60,3.48,2022-10-28,Aktif,False
L006305,F00646,company,Kredi Kartı,215415.41,36,4.7,2025-10-04,Aktif,False
L006306,F00647,company,KOBİ Kredisi,113312.2,12,3.23,2020-08-30,Kapalı,False
L006307,F00648,company,İşletme Kredisi,83588.98,120,3.58,2023-07-21,Aktif,False
L006308,F00649,company,İşletme Kredisi,198129.59,48,3.73,2025-02-23,Aktif,False
L006309,F00649,company,KOBİ Kredisi,83725.77,60,4.01,2025-11-23,Aktif,False
L006310,F00649,company,KOBİ Kredisi,36039.48,48,4.23,2022-08-03,Kapalı,False
L006311,F00650,company,İşletme Kredisi,68870.63,12,4.26,2024-02-10,Kapalı,False
L006312,F00650,company,İşletme Kredisi,48985.29,36,4.61,2026-07-21,Aktif,False
L006313,F00653,company,KOBİ Kredisi,29956.4,36,3.82,2024-08-27,Aktif,False
L006314,F00653,company,İşletme Kredisi,116568.71,6,4.84,2025-04-29,Kapalı,False
L006315,F00654,company,Kredi Kartı,350518.45,84,3.01,2020-03-05,Aktif,False
L006316,F00654,company,KOBİ Kredisi,81083.57,60,3.49,2022-11-14,Aktif,False
L006317,F00655,company,Kredi Kartı,226243.53,120,3.2,2020-05-17,Aktif,False
L006318,F00655,company,İşletme Kredisi,99602.66,120,2.64,2020-10-03,Aktif,False
L006319,F00656,company,İşletme Kredisi,57077.61,84,3.77,2022-03-29,Aktif,False
L006320,F00656,company,KOBİ Kredisi,27411.42,84,4.84,2020-12-29,Aktif,False
L006321,F00656,company,İşletme Kredisi,9085.6,36,3.9,2021-11-12,Kapalı,False
L006322,F00656,company,İşletme Kredisi,493870.55,24,4.83,2024-12-27,Aktif,False
L006323,F00657,company,Kredi Kartı,153798.28,6,4.52,2024-08-17,Kapalı,False
L006324,F00657,company,KOBİ Kredisi,60839.68,120,4.16,2020-09-26,Aktif,False
L006325,F00657,company,İşletme Kredisi,47326.75,84,4.04,2020-03-13,Aktif,False
L006326,F00658,company,Kredi Kartı,697411.32,36,2.79,2024-07-25,Aktif,False
L006327,F00658,company,KOBİ Kredisi,45293.06,12,4.52,2022-06-06,Kapalı,False
L006328,F00659,company,Kredi Kartı,53209.11,6,3.58,2020-11-23,Kapalı,False
L006329,F00659,company,KOBİ Kredisi,170680.06,84,4.69,2022-02-07,Aktif,False
L006330,F00661,company,İşletme Kredisi,224931.52,120,4.2,2023-06-19,Aktif,False
L006331,F00661,company,Kredi Kartı,52444.73,6,3.51,2023-01-14,Aktif,False
L006332,F00662,company,KOBİ Kredisi,33854.24,36,3.68,2024-08-05,Aktif,False
L006333,F00662,company,İşletme Kredisi,6033.9,36,3.05,2022-08-22,Kapalı,False
L006334,F00662,company,Kredi Kartı,73988.85,6,4.72,2020-05-02,Kapalı,False
L006335,F00663,company,Kredi Kartı,31668.18,6,3.54,2024-06-30,Kapalı,False
L006336,F00664,company,Kredi Kartı,122809.86,36,4.89,2022-10-11,Kapalı,False
L006337,F00664,company,Kredi Kartı,36055.76,120,3.25,2025-03-10,Aktif,False
L006338,F00664,company,İşletme Kredisi,66011.34,12,3.29,2023-07-12,Aktif,False
L006339,F00664,company,Kredi Kartı,93038.46,12,4.34,2022-03-06,Kapalı,False
L006340,F00665,company,KOBİ Kredisi,915420.74,24,3.1,2021-03-13,Kapalı,False
L006341,F00665,company,Kredi Kartı,164086.76,12,3.94,2021-11-11,Kapalı,False
L006342,F00666,company,KOBİ Kredisi,149599.02,60,4.38,2024-09-01,Aktif,False
L006343,F00666,company,İşletme Kredisi,226010.67,84,3.94,2022-08-05,Aktif,False
L006344,F00666,company,Kredi Kartı,119916.51,24,3.75,2024-05-29,Aktif,False
L006345,F00666,company,KOBİ Kredisi,228534.67,6,2.79,2021-11-23,Kapalı,False
L006346,F00667,company,Kredi Kartı,72030.19,36,3.79,2025-10-31,Aktif,False
L006347,F00668,company,KOBİ Kredisi,107281.66,48,3.12,2020-05-03,Kapalı,False
L006348,F00668,company,KOBİ Kredisi,873986.42,48,4.56,2024-11-20,Aktif,False
L006349,F00669,company,KOBİ Kredisi,63874.74,6,4.03,2023-05-07,Kapalı,False
L006350,F00669,company,Kredi Kartı,198042.3,120,4.21,2023-06-22,Aktif,False
L006351,F00670,company,İşletme Kredisi,536669.37,6,3.78,2024-09-13,Aktif,False
L006352,F00671,company,KOBİ Kredisi,406407.95,6,2.9,2019-05-07,Kapalı,False
L006353,F00671,company,KOBİ Kredisi,32369.41,36,3.58,2024-11-02,Aktif,False
L006354,F00672,company,Kredi Kartı,346178.2,24,3.64,2022-07-22,Kapalı,False
L006355,F00673,company,Kredi Kartı,92871.71,84,3.28,2024-07-25,Aktif,False
L006356,F00673,company,Kredi Kartı,343335.89,24,3.67,2022-12-15,Kapalı,False
L006357,F00674,company,İşletme Kredisi,36374.71,120,3.85,2024-07-04,Aktif,False
L006358,F00674,company,KOBİ Kredisi,16555.9,120,3.21,2022-09-08,Aktif,False
L006359,F00675,company,İşletme Kredisi,67459.08,36,2.62,2025-10-29,Aktif,False
L006360,F00676,company,İşletme Kredisi,38991.4,6,2.92,2021-06-22,Kapalı,False
L006361,F00676,company,Kredi Kartı,23796.5,48,4.01,2021-09-09,Kapalı,False
L006362,F00677,company,KOBİ Kredisi,46358.39,24,4.02,2025-07-23,Aktif,False
L006363,F00677,company,KOBİ Kredisi,722832.33,36,2.57,2023-08-14,Kapalı,False
L006364,F00677,company,İşletme Kredisi,162834.3,12,2.79,2024-05-03,Kapalı,False
L006365,F00680,company,KOBİ Kredisi,35932.92,6,4.74,2021-03-06,Kapalı,False
L006366,F00681,company,İşletme Kredisi,107373.08,48,4.83,2019-11-30,Kapalı,False
L006367,F00681,company,Kredi Kartı,430512.86,120,2.62,2022-06-08,Aktif,False
L006368,F00681,company,Kredi Kartı,113885.85,120,2.68,2022-07-23,Aktif,False
L006369,F00683,company,Kredi Kartı,134504.26,36,2.6,2021-02-25,Aktif,False
L006370,F00683,company,Kredi Kartı,146594.24,36,2.55,2026-07-11,Aktif,False
L006371,F00683,company,Kredi Kartı,110663.5,24,4.61,2019-12-22,Kapalı,False
L006372,F00683,company,Kredi Kartı,99498.95,24,3.24,2019-01-27,Kapalı,False
L006373,F00684,company,İşletme Kredisi,425242.63,12,3.32,2023-03-27,Kapalı,False
L006374,F00686,company,İşletme Kredisi,49067.17,48,3.6,2024-04-19,Aktif,False
L006375,F00686,company,KOBİ Kredisi,71100.73,12,4.12,2019-03-05,Kapalı,False
L006376,F00687,company,KOBİ Kredisi,1374201.74,48,4.06,2024-11-02,Aktif,False
L006377,F00687,company,İşletme Kredisi,133563.82,12,4.08,2019-09-18,Kapalı,False
L006378,F00688,company,KOBİ Kredisi,262700.71,60,3.77,2024-05-13,Aktif,False
L006379,F00688,company,KOBİ Kredisi,59970.45,12,4.16,2023-03-07,Kapalı,False
L006380,F00689,company,İşletme Kredisi,36500.69,120,3.47,2020-03-18,Aktif,False
L006381,F00690,company,İşletme Kredisi,9370.75,24,3.32,2026-03-23,Aktif,False
L006382,F00690,company,KOBİ Kredisi,80350.61,6,2.91,2020-11-09,Kapalı,False
L006383,F00690,company,İşletme Kredisi,34392.4,6,3.55,2021-04-16,Kapalı,False
L006384,F00691,company,Kredi Kartı,19741.18,36,3.59,2025-04-24,Aktif,False
L006385,F00691,company,Kredi Kartı,171919.65,84,2.96,2023-11-15,Aktif,False
L006386,F00692,company,Kredi Kartı,320070.56,6,2.69,2025-06-22,Kapalı,False
L006387,F00693,company,İşletme Kredisi,166278.88,12,4.29,2020-10-12,Kapalı,False
L006388,F00693,company,Kredi Kartı,107354.72,12,3.68,2026-05-13,Aktif,False
L006389,F00693,company,Kredi Kartı,44127.24,84,4.27,2024-06-11,Aktif,False
L006390,F00693,company,İşletme Kredisi,38430.41,6,4.37,2024-12-24,Kapalı,False
L006391,F00694,company,KOBİ Kredisi,90240.64,48,2.64,2024-07-15,Aktif,False
L006392,F00694,company,Kredi Kartı,107591.23,36,3.79,2019-04-01,Kapalı,False
L006393,F00695,company,Kredi Kartı,61803.79,6,4.79,2024-01-03,Kapalı,False
L006394,F00696,company,Kredi Kartı,77196.22,24,2.77,2022-02-13,Kapalı,False
L006395,F00696,company,KOBİ Kredisi,142654.83,36,3.28,2022-12-15,Kapalı,False
L006396,F00696,company,İşletme Kredisi,210632.96,12,4.59,2026-03-28,Aktif,False
L006397,F00697,company,KOBİ Kredisi,88888.33,48,3.7,2024-06-04,Aktif,False
L006398,F00697,company,İşletme Kredisi,324399.02,24,3.2,2024-03-30,Kapalı,False
L006399,F00698,company,KOBİ Kredisi,184808.14,60,3.94,2025-01-11,Aktif,False
L006400,F00701,company,Kredi Kartı,108557.29,6,3.37,2026-05-13,Aktif,False
L006401,F00701,company,KOBİ Kredisi,269592.94,120,4.77,2022-03-07,Aktif,False
L006402,F00701,company,Kredi Kartı,53201.77,84,4.3,2020-06-26,Aktif,False
L006403,F00702,company,İşletme Kredisi,400088.75,84,4.68,2024-05-22,Aktif,False
L006404,F00703,company,İşletme Kredisi,54939.7,36,3.73,2026-01-11,Aktif,False
L006405,F00703,company,İşletme Kredisi,41890.11,12,4.84,2023-03-06,Kapalı,False
L006406,F00703,company,Kredi Kartı,23650.4,24,2.51,2026-03-27,Aktif,False
L006407,F00703,company,KOBİ Kredisi,153921.92,24,3.24,2025-05-30,Aktif,False
L006408,F00704,company,KOBİ Kredisi,80972.96,84,4.25,2023-06-29,Aktif,False
L006409,F00705,company,KOBİ Kredisi,191558.01,60,2.99,2019-10-14,Kapalı,False
L006410,F00705,company,KOBİ Kredisi,94724.63,36,4.69,2026-07-10,Aktif,False
L006411,F00706,company,Kredi Kartı,317193.9,84,2.82,2023-05-29,Aktif,False
L006412,F00706,company,İşletme Kredisi,59799.67,120,2.81,2025-12-21,Aktif,False
L006413,F00706,company,Kredi Kartı,95419.61,48,3.52,2026-02-04,Aktif,False
L006414,F00707,company,İşletme Kredisi,223428.09,6,3.04,2021-06-09,Kapalı,True
L006415,F00707,company,İşletme Kredisi,54406.69,6,3.57,2020-02-23,Kapalı,False
L006416,F00708,company,İşletme Kredisi,73010.22,60,4.73,2019-06-04,Kapalı,False
L006417,F00708,company,KOBİ Kredisi,240191.11,6,3.24,2024-02-05,Kapalı,False
L006418,F00709,company,Kredi Kartı,256019.26,60,4.77,2023-08-01,Aktif,False
L006419,F00709,company,KOBİ Kredisi,512127.46,84,3.21,2021-08-12,Aktif,False
L006420,F00709,company,KOBİ Kredisi,327577.08,24,4.88,2025-08-06,Aktif,False
L006421,F00710,company,KOBİ Kredisi,90756.5,48,3.28,2026-02-11,Aktif,False
L006422,F00711,company,İşletme Kredisi,21969.01,84,3.56,2021-08-23,Aktif,False
L006423,F00711,company,İşletme Kredisi,575697.13,36,2.69,2021-10-11,Kapalı,False
L006424,F00711,company,KOBİ Kredisi,28034.44,24,4.32,2021-09-29,Kapalı,False
L006425,F00711,company,İşletme Kredisi,84848.06,12,4.79,2025-10-22,Aktif,False
L006426,F00712,company,İşletme Kredisi,471786.28,120,4.17,2026-03-28,Aktif,False
L006427,F00712,company,İşletme Kredisi,123266.67,12,3.54,2025-11-18,Aktif,False
L006428,F00714,company,İşletme Kredisi,173961.29,6,4.82,2026-03-09,Aktif,False
L006429,F00714,company,İşletme Kredisi,12308.51,12,3.75,2023-08-13,Aktif,False
L006430,F00715,company,Kredi Kartı,67053.92,36,2.5,2021-12-29,Kapalı,False
L006431,F00715,company,İşletme Kredisi,34816.28,84,4.11,2024-06-19,Aktif,False
L006432,F00717,company,KOBİ Kredisi,110633.05,48,2.72,2020-06-08,Aktif,False
L006433,F00717,company,KOBİ Kredisi,17899.29,6,4.49,2026-03-06,Aktif,False
L006434,F00718,company,Kredi Kartı,227728.58,48,4.9,2020-12-31,Kapalı,False
L006435,F00718,company,İşletme Kredisi,43273.52,12,2.93,2021-02-25,Kapalı,False
L006436,F00718,company,İşletme Kredisi,88182.87,48,3.93,2025-03-31,Aktif,False
L006437,F00719,company,İşletme Kredisi,91910.17,12,3.77,2021-12-15,Kapalı,False
L006438,F00719,company,Kredi Kartı,55750.85,36,3.14,2023-03-17,Kapalı,False
L006439,F00720,company,Kredi Kartı,60197.71,6,2.88,2024-08-12,Kapalı,False
L006440,F00720,company,Kredi Kartı,49954.76,6,2.78,2019-09-01,Aktif,False
L006441,F00720,company,Kredi Kartı,68603.88,24,4.23,2025-04-04,Aktif,False
L006442,F00721,company,İşletme Kredisi,183655.54,6,4.03,2020-11-15,Kapalı,False
L006443,F00722,company,KOBİ Kredisi,83612.13,48,3.34,2022-04-08,Kapalı,False
L006444,F00722,company,KOBİ Kredisi,324439.45,6,4.11,2020-12-04,Kapalı,True
L006445,F00722,company,Kredi Kartı,48927.84,24,3.41,2019-10-20,Kapalı,False
L006446,F00722,company,Kredi Kartı,186209.97,24,4.6,2020-09-01,Aktif,False
L006447,F00723,company,Kredi Kartı,100123.18,36,4.4,2024-02-22,Aktif,True
L006448,F00723,company,Kredi Kartı,46129.35,120,3.77,2020-12-14,Aktif,False
L006449,F00724,company,KOBİ Kredisi,215938.32,36,4.08,2020-08-31,Kapalı,False
L006450,F00725,company,KOBİ Kredisi,89198.78,6,4.39,2019-02-19,Kapalı,False
L006451,F00725,company,Kredi Kartı,116551.74,60,3.4,2020-10-29,Kapalı,False
L006452,F00727,company,KOBİ Kredisi,42883.38,84,4.37,2020-07-19,Aktif,False
L006453,F00728,company,KOBİ Kredisi,31930.18,120,2.62,2022-05-27,Aktif,False
L006454,F00729,company,İşletme Kredisi,36894.85,6,4.34,2019-03-30,Kapalı,False
L006455,F00732,company,Kredi Kartı,486521.45,24,3.05,2021-10-23,Kapalı,False
L006456,F00732,company,KOBİ Kredisi,197492.82,24,4.43,2025-08-21,Aktif,True
L006457,F00733,company,Kredi Kartı,44697.91,24,2.99,2024-03-13,Kapalı,False
L006458,F00734,company,Kredi Kartı,122306.09,6,3.04,2022-01-03,Aktif,True
L006459,F00734,company,Kredi Kartı,119997.73,24,3.82,2019-03-09,Kapalı,False
L006460,F00734,company,İşletme Kredisi,43547.85,24,3.96,2024-02-16,Kapalı,False
L006461,F00735,company,Kredi Kartı,1500.95,120,4.72,2020-10-22,Aktif,False
L006462,F00735,company,İşletme Kredisi,112722.79,36,3.78,2025-06-20,Aktif,False
L006463,F00736,company,Kredi Kartı,182635.07,120,2.56,2022-04-01,Aktif,False
L006464,F00736,company,İşletme Kredisi,67080.75,48,3.84,2019-08-03,Kapalı,False
L006465,F00737,company,Kredi Kartı,18989.25,48,4.22,2025-11-16,Aktif,False
L006466,F00739,company,Kredi Kartı,336005.2,60,4.5,2023-09-02,Aktif,False
L006467,F00740,company,KOBİ Kredisi,98204.84,6,4.84,2023-08-12,Kapalı,False
L006468,F00743,company,Kredi Kartı,50630.08,36,3.1,2020-04-26,Kapalı,False
L006469,F00743,company,KOBİ Kredisi,323597.74,24,2.98,2024-01-15,Kapalı,False
L006470,F00744,company,İşletme Kredisi,71505.54,48,3.71,2022-10-12,Aktif,False
L006471,F00744,company,İşletme Kredisi,1346228.41,60,4.29,2022-01-21,Aktif,False
L006472,F00745,company,KOBİ Kredisi,62055.32,36,3.04,2023-11-21,Aktif,False
L006473,F00746,company,KOBİ Kredisi,138027.5,84,2.9,2021-01-20,Aktif,False
L006474,F00746,company,KOBİ Kredisi,307390.52,36,2.57,2019-05-12,Aktif,False
L006475,F00746,company,Kredi Kartı,147094.53,12,4.74,2025-09-12,Aktif,False
L006476,F00746,company,KOBİ Kredisi,81278.93,36,3.25,2026-02-18,Aktif,False
L006477,F00747,company,İşletme Kredisi,708538.14,60,3.3,2020-08-16,Kapalı,False
L006478,F00747,company,KOBİ Kredisi,46975.13,48,3.74,2020-08-19,Kapalı,True
L006479,F00747,company,KOBİ Kredisi,71914.4,84,2.83,2024-07-07,Aktif,False
L006480,F00748,company,Kredi Kartı,85063.99,6,4.84,2026-03-26,Aktif,False
L006481,F00749,company,İşletme Kredisi,58848.1,12,3.56,2021-10-15,Kapalı,False
L006482,F00749,company,İşletme Kredisi,186026.02,84,3.56,2021-07-24,Aktif,False
L006483,F00749,company,Kredi Kartı,60383.91,60,3.78,2022-04-04,Aktif,False
L006484,F00749,company,KOBİ Kredisi,87372.24,24,2.67,2020-07-17,Kapalı,False
L006485,F00750,company,Kredi Kartı,34858.46,84,4.05,2024-02-11,Aktif,False
L006486,F00750,company,Kredi Kartı,381658.34,84,3.06,2025-07-24,Aktif,False
L006487,F00750,company,KOBİ Kredisi,40578.88,120,4.41,2019-01-08,Aktif,False
L006488,F00751,company,İşletme Kredisi,32118.71,6,3.85,2020-10-16,Kapalı,False
L006489,F00752,company,Kredi Kartı,37768.85,36,4.05,2024-10-28,Aktif,False
L006490,F00753,company,KOBİ Kredisi,45217.21,6,4.23,2019-02-04,Kapalı,False
L006491,F00753,company,KOBİ Kredisi,47656.55,12,3.09,2020-03-24,Kapalı,False
L006492,F00754,company,Kredi Kartı,138871.32,24,4.29,2025-04-09,Aktif,False
L006493,F00755,company,KOBİ Kredisi,144493.35,6,4.2,2021-03-19,Aktif,False
L006494,F00755,company,Kredi Kartı,28886.53,120,3.43,2024-09-26,Aktif,False
L006495,F00756,company,KOBİ Kredisi,262918.2,48,2.69,2020-03-06,Kapalı,False
L006496,F00757,company,KOBİ Kredisi,479793.09,84,3.67,2023-02-12,Aktif,False
L006497,F00757,company,KOBİ Kredisi,47496.21,12,3.12,2023-06-02,Kapalı,False
L006498,F00758,company,KOBİ Kredisi,179752.05,60,3.66,2023-02-10,Aktif,False
L006499,F00758,company,KOBİ Kredisi,408790.41,120,3.86,2019-07-22,Aktif,False
L006500,F00759,company,Kredi Kartı,51210.85,12,2.87,2022-07-23,Kapalı,False
L006501,F00759,company,KOBİ Kredisi,73849.58,6,2.58,2023-01-12,Kapalı,False
L006502,F00760,company,KOBİ Kredisi,555366.37,36,2.56,2024-04-07,Aktif,True
L006503,F00761,company,İşletme Kredisi,117057.78,120,3.7,2022-09-11,Aktif,False
L006504,F00762,company,Kredi Kartı,119711.2,84,3.14,2021-05-28,Aktif,False
L006505,F00762,company,KOBİ Kredisi,12575.51,48,2.91,2023-05-25,Aktif,False
L006506,F00762,company,İşletme Kredisi,317118.3,120,2.67,2021-01-12,Aktif,False
L006507,F00763,company,Kredi Kartı,131076.08,48,4.71,2020-09-21,Kapalı,True
L006508,F00763,company,Kredi Kartı,58494.76,6,2.89,2019-03-01,Kapalı,False
L006509,F00764,company,KOBİ Kredisi,40556.81,6,4.71,2019-10-04,Kapalı,True
L006510,F00765,company,İşletme Kredisi,267381.55,6,2.75,2023-10-31,Kapalı,True
L006511,F00765,company,Kredi Kartı,89947.76,36,2.62,2019-02-15,Kapalı,False
L006512,F00765,company,Kredi Kartı,170476.19,36,3.99,2022-11-27,Kapalı,False
L006513,F00766,company,KOBİ Kredisi,26384.1,60,4.18,2021-12-28,Aktif,False
L006514,F00767,company,KOBİ Kredisi,246708.51,36,2.59,2022-12-04,Kapalı,False
L006515,F00768,company,KOBİ Kredisi,489138.89,12,4.58,2021-08-19,Aktif,False
L006516,F00768,company,KOBİ Kredisi,92147.42,12,3.35,2023-01-23,Kapalı,False
L006517,F00769,company,Kredi Kartı,13320.05,36,4.28,2025-05-12,Aktif,False
L006518,F00770,company,Kredi Kartı,70453.73,6,4.69,2022-08-27,Kapalı,False
L006519,F00770,company,Kredi Kartı,30822.82,12,2.9,2022-11-16,Kapalı,False
L006520,F00771,company,İşletme Kredisi,181186.55,24,3.33,2025-03-11,Aktif,False
L006521,F00772,company,İşletme Kredisi,147712.76,48,2.53,2026-04-09,Aktif,False
L006522,F00773,company,Kredi Kartı,38738.89,12,3.24,2023-10-02,Kapalı,False
L006523,F00774,company,İşletme Kredisi,1243836.15,12,3.9,2021-03-25,Aktif,False
L006524,F00775,company,KOBİ Kredisi,94039.24,48,4.53,2026-06-10,Aktif,False
L006525,F00775,company,KOBİ Kredisi,136768.36,120,2.69,2026-07-09,Aktif,False
L006526,F00776,company,Kredi Kartı,167954.85,60,4.77,2025-05-02,Aktif,False
L006527,F00776,company,Kredi Kartı,114911.3,60,3.1,2022-06-05,Aktif,False
L006528,F00776,company,Kredi Kartı,624184.13,6,4.32,2022-10-04,Kapalı,False
L006529,F00776,company,Kredi Kartı,140311.3,84,4.01,2021-08-26,Aktif,False
L006530,F00777,company,KOBİ Kredisi,220645.88,24,3.36,2023-12-22,Kapalı,False
L006531,F00778,company,İşletme Kredisi,48082.88,24,2.68,2023-10-25,Kapalı,False
L006532,F00778,company,KOBİ Kredisi,315045.55,48,4.47,2022-05-02,Aktif,False
L006533,F00780,company,KOBİ Kredisi,238535.41,120,4.57,2024-07-11,Aktif,False
L006534,F00781,company,Kredi Kartı,175756.4,84,3.64,2020-10-06,Aktif,False
L006535,F00781,company,İşletme Kredisi,121715.1,48,3.89,2021-06-12,Kapalı,False
L006536,F00782,company,Kredi Kartı,313808.08,60,3.39,2020-09-28,Kapalı,False
L006537,F00783,company,Kredi Kartı,23806.46,6,4.88,2022-06-10,Kapalı,False
L006538,F00784,company,KOBİ Kredisi,28893.04,60,3.12,2020-11-13,Kapalı,False
L006539,F00785,company,Kredi Kartı,222004.15,6,4.39,2021-10-10,Kapalı,False
L006540,F00786,company,KOBİ Kredisi,118068.0,60,4.56,2021-05-31,Kapalı,False
L006541,F00786,company,KOBİ Kredisi,90908.68,36,3.6,2022-12-29,Kapalı,False
L006542,F00786,company,Kredi Kartı,112507.9,60,3.42,2026-06-04,Aktif,False
L006543,F00787,company,İşletme Kredisi,33124.69,12,3.98,2024-01-18,Kapalı,False
L006544,F00788,company,KOBİ Kredisi,536820.37,24,3.25,2026-01-25,Aktif,False
L006545,F00789,company,KOBİ Kredisi,150477.69,120,4.84,2021-10-05,Aktif,False
L006546,F00790,company,İşletme Kredisi,350539.95,120,3.67,2021-01-11,Aktif,False
L006547,F00790,company,İşletme Kredisi,213526.87,48,4.24,2021-02-02,Kapalı,False
L006548,F00790,company,İşletme Kredisi,31479.66,84,3.61,2019-01-13,Kapalı,False
L006549,F00791,company,Kredi Kartı,19750.74,48,4.76,2023-07-01,Aktif,False
L006550,F00792,company,KOBİ Kredisi,143505.5,12,3.2,2023-10-02,Kapalı,False
L006551,F00792,company,KOBİ Kredisi,199274.25,120,4.2,2022-05-04,Aktif,False
L006552,F00793,company,KOBİ Kredisi,39286.43,60,3.97,2022-05-31,Aktif,False
L006553,F00793,company,Kredi Kartı,18982.93,84,4.75,2020-04-27,Aktif,False
L006554,F00794,company,Kredi Kartı,335747.24,60,2.55,2019-06-20,Aktif,False
L006555,F00795,company,KOBİ Kredisi,70396.68,12,3.96,2019-07-20,Aktif,False
L006556,F00797,company,Kredi Kartı,39538.15,6,3.96,2021-03-08,Kapalı,False
L006557,F00797,company,İşletme Kredisi,34970.98,48,3.62,2024-05-13,Aktif,False
L006558,F00797,company,İşletme Kredisi,32056.17,120,3.1,2025-01-09,Aktif,False
L006559,F00800,company,KOBİ Kredisi,64145.9,36,3.71,2026-01-11,Aktif,False
L006560,F00801,company,KOBİ Kredisi,195967.88,12,2.61,2019-12-28,Aktif,False
L006561,F00802,company,Kredi Kartı,79939.67,24,3.55,2024-02-11,Kapalı,False
L006562,F00802,company,İşletme Kredisi,102521.24,84,3.19,2023-11-01,Aktif,False
L006563,F00803,company,KOBİ Kredisi,1450345.58,84,4.1,2021-05-09,Aktif,False
L006564,F00804,company,Kredi Kartı,185100.75,120,3.96,2025-12-12,Aktif,False
L006565,F00804,company,KOBİ Kredisi,72851.44,60,3.39,2025-07-20,Aktif,False
L006566,F00804,company,Kredi Kartı,466926.98,60,4.48,2023-10-22,Aktif,False
L006567,F00805,company,Kredi Kartı,112579.63,6,4.14,2023-06-04,Kapalı,False
L006568,F00805,company,İşletme Kredisi,32346.19,12,2.7,2022-09-15,Kapalı,False
L006569,F00805,company,KOBİ Kredisi,102365.01,120,4.05,2022-07-08,Aktif,False
L006570,F00806,company,Kredi Kartı,214371.68,6,3.13,2020-02-21,Kapalı,False
L006571,F00808,company,İşletme Kredisi,352000.74,36,3.78,2026-01-07,Aktif,False
L006572,F00809,company,İşletme Kredisi,95896.6,48,2.61,2022-02-16,Kapalı,False
L006573,F00810,company,İşletme Kredisi,129003.14,24,4.37,2021-06-24,Kapalı,True
L006574,F00810,company,KOBİ Kredisi,94456.11,6,4.44,2019-05-02,Kapalı,False
L006575,F00812,company,Kredi Kartı,142187.64,24,3.57,2019-06-26,Kapalı,False
L006576,F00812,company,İşletme Kredisi,26933.98,6,3.87,2025-12-09,Kapalı,False
L006577,F00812,company,Kredi Kartı,86793.83,36,2.59,2019-10-01,Kapalı,False
L006578,F00814,company,KOBİ Kredisi,33043.05,84,4.78,2024-07-22,Aktif,False
L006579,F00814,company,İşletme Kredisi,83385.85,48,2.63,2022-01-28,Kapalı,False
L006580,F00816,company,KOBİ Kredisi,450346.6,12,4.84,2025-09-04,Aktif,False
L006581,F00817,company,İşletme Kredisi,160246.39,6,3.95,2023-04-15,Kapalı,False
L006582,F00818,company,KOBİ Kredisi,222125.2,120,3.05,2025-01-31,Aktif,False
L006583,F00818,company,İşletme Kredisi,296957.72,24,3.82,2023-08-18,Kapalı,False
L006584,F00818,company,KOBİ Kredisi,86144.5,6,3.09,2021-05-17,Kapalı,True
L006585,F00818,company,Kredi Kartı,192646.14,12,2.53,2022-10-01,Kapalı,False
L006586,F00819,company,İşletme Kredisi,45724.21,24,2.54,2024-09-07,Aktif,False
L006587,F00819,company,Kredi Kartı,364197.86,12,3.89,2020-03-27,Kapalı,True
L006588,F00819,company,Kredi Kartı,505088.98,120,3.64,2019-02-24,Aktif,False
L006589,F00819,company,KOBİ Kredisi,149865.29,24,4.38,2021-12-05,Kapalı,False
L006590,F00824,company,Kredi Kartı,248564.08,36,3.69,2023-06-13,Kapalı,False
L006591,F00824,company,İşletme Kredisi,47192.09,120,3.38,2021-08-21,Aktif,False
L006592,F00825,company,KOBİ Kredisi,180576.35,24,4.75,2025-09-09,Aktif,False
L006593,F00825,company,KOBİ Kredisi,173226.09,24,4.21,2021-10-19,Kapalı,False
L006594,F00825,company,Kredi Kartı,127502.02,60,4.79,2022-09-15,Aktif,False
L006595,F00827,company,KOBİ Kredisi,37210.76,36,3.02,2022-02-19,Kapalı,False
L006596,F00827,company,Kredi Kartı,113560.33,84,4.55,2025-06-04,Aktif,False
L006597,F00827,company,Kredi Kartı,143421.07,6,2.78,2021-05-30,Kapalı,False
L006598,F00827,company,İşletme Kredisi,99184.05,84,3.49,2025-06-25,Aktif,False
L006599,F00828,company,Kredi Kartı,961038.79,6,4.09,2026-02-09,Kapalı,False
L006600,F00832,company,Kredi Kartı,129986.83,120,3.25,2022-08-03,Aktif,False
L006601,F00832,company,İşletme Kredisi,45024.99,120,4.54,2023-04-24,Aktif,False
L006602,F00832,company,KOBİ Kredisi,12054.71,48,2.53,2021-01-15,Kapalı,False
L006603,F00834,company,İşletme Kredisi,109249.53,48,3.13,2021-08-21,Kapalı,False
L006604,F00834,company,İşletme Kredisi,137228.24,12,3.75,2022-06-15,Kapalı,False
L006605,F00835,company,KOBİ Kredisi,10209.79,60,3.42,2019-11-27,Kapalı,False
L006606,F00835,company,İşletme Kredisi,163343.39,48,4.82,2020-02-05,Kapalı,False
L006607,F00835,company,İşletme Kredisi,259173.27,12,3.06,2026-03-22,Aktif,False
L006608,F00835,company,KOBİ Kredisi,305270.8,24,3.84,2024-12-02,Aktif,False
L006609,F00836,company,İşletme Kredisi,146101.34,84,3.42,2026-03-13,Aktif,False
L006610,F00837,company,Kredi Kartı,76305.33,84,4.74,2020-12-10,Aktif,False
L006611,F00838,company,KOBİ Kredisi,215756.14,84,4.71,2024-12-22,Aktif,False
L006612,F00839,company,İşletme Kredisi,346876.89,12,4.19,2021-02-28,Kapalı,False
L006613,F00839,company,İşletme Kredisi,94129.0,6,4.77,2022-12-26,Kapalı,False
L006614,F00839,company,Kredi Kartı,13479.59,48,2.56,2026-05-27,Aktif,False
L006615,F00840,company,KOBİ Kredisi,47199.8,6,3.06,2021-06-05,Aktif,False
L006616,F00840,company,Kredi Kartı,55194.02,48,2.64,2021-06-01,Kapalı,False
L006617,F00840,company,Kredi Kartı,611043.0,24,3.84,2019-07-13,Kapalı,False
L006618,F00841,company,Kredi Kartı,118000.23,84,4.53,2024-08-19,Aktif,False
L006619,F00841,company,KOBİ Kredisi,78143.34,120,4.02,2024-09-30,Aktif,False
L006620,F00841,company,Kredi Kartı,20923.15,6,4.85,2019-10-05,Kapalı,False
L006621,F00842,company,Kredi Kartı,246192.47,60,3.41,2019-12-28,Aktif,False
L006622,F00842,company,İşletme Kredisi,119432.78,24,3.41,2025-10-19,Aktif,False
L006623,F00843,company,İşletme Kredisi,65636.8,24,3.96,2019-04-17,Kapalı,False
L006624,F00843,company,KOBİ Kredisi,45793.6,6,3.51,2023-09-25,Kapalı,False
L006625,F00843,company,KOBİ Kredisi,2385917.92,24,4.24,2025-04-12,Aktif,False
L006626,F00844,company,Kredi Kartı,121841.84,36,2.96,2021-06-14,Aktif,False
L006627,F00845,company,Kredi Kartı,41018.5,6,4.5,2026-04-18,Aktif,False
L006628,F00845,company,Kredi Kartı,223882.22,6,3.97,2019-10-31,Kapalı,False
L006629,F00846,company,KOBİ Kredisi,29312.32,48,3.14,2025-04-26,Aktif,False
L006630,F00847,company,İşletme Kredisi,197404.66,24,4.73,2020-05-06,Kapalı,False
L006631,F00847,company,Kredi Kartı,122641.32,24,3.07,2024-02-02,Kapalı,False
L006632,F00847,company,Kredi Kartı,87268.16,6,2.78,2022-04-20,Kapalı,False
L006633,F00849,company,Kredi Kartı,193692.43,24,3.08,2020-11-25,Kapalı,False
L006634,F00850,company,Kredi Kartı,82379.51,48,4.26,2024-04-30,Aktif,False
L006635,F00851,company,KOBİ Kredisi,50605.05,120,2.97,2020-10-01,Aktif,False
L006636,F00852,company,İşletme Kredisi,605461.24,60,2.56,2026-01-01,Aktif,True
L006637,F00852,company,KOBİ Kredisi,38526.09,6,3.6,2021-12-10,Kapalı,False
L006638,F00853,company,KOBİ Kredisi,25371.56,120,3.6,2022-05-15,Aktif,False
L006639,F00853,company,İşletme Kredisi,505454.05,36,3.4,2026-03-27,Aktif,False
L006640,F00854,company,İşletme Kredisi,493068.07,6,4.79,2024-05-18,Aktif,False
L006641,F00854,company,Kredi Kartı,47731.33,120,3.68,2022-03-21,Aktif,False
L006642,F00854,company,KOBİ Kredisi,113421.45,36,2.94,2025-05-17,Aktif,False
L006643,F00854,company,KOBİ Kredisi,25043.61,60,4.19,2020-04-15,Kapalı,False
L006644,F00856,company,KOBİ Kredisi,91683.03,36,2.97,2026-06-15,Aktif,False
L006645,F00856,company,KOBİ Kredisi,184552.89,84,3.09,2024-10-04,Aktif,False
L006646,F00856,company,Kredi Kartı,125627.94,60,4.74,2025-06-14,Aktif,False
L006647,F00856,company,İşletme Kredisi,154979.25,84,4.83,2025-12-10,Aktif,False
L006648,F00857,company,İşletme Kredisi,88518.54,84,4.49,2023-05-13,Aktif,False
L006649,F00858,company,KOBİ Kredisi,88305.02,6,2.88,2019-06-22,Kapalı,False
L006650,F00859,company,KOBİ Kredisi,91737.84,120,3.58,2021-08-17,Aktif,False
L006651,F00859,company,KOBİ Kredisi,52542.27,60,4.82,2020-05-22,Kapalı,False
L006652,F00862,company,Kredi Kartı,294226.58,120,4.63,2021-04-19,Aktif,False
L006653,F00862,company,Kredi Kartı,93908.49,84,3.15,2019-05-12,Kapalı,False
L006654,F00864,company,İşletme Kredisi,420312.65,120,3.64,2022-07-05,Aktif,False
L006655,F00864,company,KOBİ Kredisi,247759.9,120,4.25,2026-02-23,Aktif,False
L006656,F00865,company,İşletme Kredisi,15743.51,84,3.13,2024-08-23,Aktif,False
L006657,F00865,company,Kredi Kartı,32625.47,6,2.79,2022-04-22,Kapalı,False
L006658,F00866,company,Kredi Kartı,129171.82,6,4.16,2019-08-25,Kapalı,False
L006659,F00866,company,KOBİ Kredisi,55703.24,60,4.7,2025-06-18,Aktif,False
L006660,F00866,company,Kredi Kartı,153450.58,120,2.82,2019-10-21,Aktif,False
L006661,F00867,company,KOBİ Kredisi,45463.97,36,3.19,2025-12-25,Aktif,False
L006662,F00867,company,KOBİ Kredisi,73859.83,120,2.94,2019-08-14,Aktif,False
L006663,F00867,company,Kredi Kartı,189117.91,48,3.29,2023-05-14,Aktif,False
L006664,F00868,company,İşletme Kredisi,97393.3,12,4.64,2021-11-24,Aktif,False
L006665,F00868,company,İşletme Kredisi,23562.18,36,4.88,2024-09-19,Aktif,False
L006666,F00869,company,İşletme Kredisi,381654.54,48,3.76,2024-11-19,Aktif,False
L006667,F00870,company,Kredi Kartı,46539.58,36,3.16,2023-03-12,Aktif,False
L006668,F00870,company,İşletme Kredisi,58010.66,48,4.82,2026-01-30,Aktif,False
L006669,F00870,company,Kredi Kartı,80537.45,6,2.78,2022-12-02,Kapalı,False
L006670,F00871,company,KOBİ Kredisi,130439.98,48,3.92,2020-07-03,Aktif,False
L006671,F00872,company,Kredi Kartı,34462.53,36,2.68,2019-12-16,Kapalı,False
L006672,F00872,company,İşletme Kredisi,132099.47,60,3.93,2020-04-13,Kapalı,False
L006673,F00872,company,Kredi Kartı,326129.48,48,3.27,2019-04-11,Kapalı,False
L006674,F00874,company,Kredi Kartı,112971.31,48,4.83,2019-07-04,Kapalı,False
L006675,F00875,company,KOBİ Kredisi,10720.77,84,3.33,2024-09-03,Aktif,False
L006676,F00875,company,Kredi Kartı,62021.42,36,3.93,2021-05-19,Kapalı,False
L006677,F00875,company,KOBİ Kredisi,804231.4,6,3.88,2021-07-11,Kapalı,False
L006678,F00877,company,Kredi Kartı,148717.68,48,4.52,2024-05-02,Aktif,False
L006679,F00878,company,KOBİ Kredisi,26594.22,60,2.52,2023-02-28,Aktif,False
L006680,F00878,company,Kredi Kartı,79760.34,24,3.25,2020-03-06,Kapalı,False
L006681,F00880,company,İşletme Kredisi,56262.2,24,4.53,2021-05-25,Aktif,True
L006682,F00881,company,KOBİ Kredisi,229364.86,120,2.8,2020-08-01,Aktif,False
L006683,F00881,company,KOBİ Kredisi,37012.49,120,4.07,2023-10-28,Aktif,False
L006684,F00883,company,İşletme Kredisi,148321.27,24,3.86,2019-07-25,Kapalı,False
L006685,F00885,company,İşletme Kredisi,65436.36,24,4.56,2026-04-10,Aktif,False
L006686,F00886,company,İşletme Kredisi,13908.9,24,3.33,2024-06-05,Kapalı,False
L006687,F00887,company,Kredi Kartı,242515.04,48,3.12,2025-05-30,Aktif,False
L006688,F00888,company,İşletme Kredisi,22931.52,6,3.71,2020-05-08,Kapalı,False
L006689,F00888,company,Kredi Kartı,123386.17,24,3.87,2023-04-27,Kapalı,False
L006690,F00888,company,Kredi Kartı,47731.28,36,3.31,2026-03-31,Aktif,False
L006691,F00890,company,İşletme Kredisi,26931.5,6,3.89,2024-09-06,Kapalı,False
L006692,F00891,company,Kredi Kartı,65634.42,6,4.55,2019-05-08,Kapalı,False
L006693,F00891,company,KOBİ Kredisi,382608.97,60,3.96,2024-07-03,Aktif,True
L006694,F00892,company,İşletme Kredisi,283093.66,36,3.13,2022-11-20,Kapalı,False
L006695,F00892,company,KOBİ Kredisi,54058.42,120,3.67,2023-05-12,Aktif,False
L006696,F00892,company,Kredi Kartı,67732.12,120,2.73,2023-05-31,Aktif,False
L006697,F00892,company,Kredi Kartı,86488.55,36,4.8,2023-09-12,Aktif,False
L006698,F00893,company,Kredi Kartı,17069.49,12,4.28,2025-09-22,Aktif,False
L006699,F00893,company,KOBİ Kredisi,266997.65,48,4.6,2023-03-22,Aktif,False
L006700,F00893,company,KOBİ Kredisi,73000.95,48,4.68,2024-07-08,Aktif,False
L006701,F00893,company,İşletme Kredisi,30658.88,12,2.72,2022-11-21,Aktif,False
L006702,F00894,company,İşletme Kredisi,170939.1,36,2.63,2026-01-06,Aktif,False
L006703,F00894,company,İşletme Kredisi,87505.36,48,2.55,2020-05-18,Kapalı,False
L006704,F00894,company,Kredi Kartı,14956.58,6,4.68,2020-12-31,Kapalı,False
L006705,F00894,company,Kredi Kartı,86800.19,48,4.09,2020-08-19,Kapalı,False
L006706,F00895,company,İşletme Kredisi,279762.57,6,3.71,2019-10-07,Kapalı,False
L006707,F00896,company,KOBİ Kredisi,170164.08,6,3.65,2022-11-22,Kapalı,False
L006708,F00897,company,İşletme Kredisi,72249.99,12,4.06,2025-10-12,Aktif,False
L006709,F00897,company,İşletme Kredisi,89080.69,6,3.41,2024-03-15,Kapalı,False
L006710,F00898,company,KOBİ Kredisi,120185.96,84,3.07,2024-02-17,Aktif,True
L006711,F00898,company,KOBİ Kredisi,72770.1,36,4.56,2024-11-02,Aktif,False
L006712,F00899,company,Kredi Kartı,541458.09,6,2.99,2023-10-23,Kapalı,False
L006713,F00900,company,KOBİ Kredisi,40994.41,36,4.4,2024-12-08,Aktif,False
L006714,F00900,company,Kredi Kartı,17469.23,120,4.03,2024-09-13,Aktif,False
L006715,F00900,company,Kredi Kartı,20132.07,12,4.33,2023-12-17,Kapalı,False
L006716,F00901,company,İşletme Kredisi,68156.04,24,4.73,2025-04-06,Aktif,False
L006717,F00902,company,KOBİ Kredisi,71064.79,60,2.95,2020-01-28,Kapalı,False
L006718,F00903,company,Kredi Kartı,370637.79,24,3.03,2024-09-02,Kapalı,False
L006719,F00905,company,KOBİ Kredisi,245475.89,6,4.74,2021-01-05,Kapalı,False
L006720,F00907,company,İşletme Kredisi,147905.34,120,2.76,2019-03-07,Aktif,False
L006721,F00907,company,KOBİ Kredisi,364381.25,36,3.33,2022-04-10,Kapalı,False
L006722,F00908,company,İşletme Kredisi,43047.91,12,2.78,2023-07-28,Kapalı,False
L006723,F00911,company,Kredi Kartı,143848.79,36,4.25,2020-12-31,Kapalı,False
L006724,F00911,company,İşletme Kredisi,437935.69,12,4.07,2019-06-16,Kapalı,False
L006725,F00911,company,Kredi Kartı,10945.26,12,4.76,2020-04-18,Kapalı,False
L006726,F00912,company,Kredi Kartı,42901.48,12,4.06,2023-08-05,Kapalı,False
L006727,F00912,company,KOBİ Kredisi,77900.54,12,3.69,2020-04-26,Kapalı,False
L006728,F00912,company,İşletme Kredisi,24937.91,12,4.32,2021-12-26,Kapalı,False
L006729,F00912,company,KOBİ Kredisi,118598.19,12,4.13,2020-01-05,Kapalı,False
L006730,F00914,company,KOBİ Kredisi,788702.18,36,3.01,2021-03-17,Aktif,False
L006731,F00914,company,İşletme Kredisi,44698.77,6,2.77,2019-09-06,Aktif,False
L006732,F00914,company,İşletme Kredisi,136083.12,60,2.59,2021-04-13,Kapalı,False
L006733,F00915,company,KOBİ Kredisi,19116.91,120,4.39,2024-01-05,Aktif,False
L006734,F00915,company,Kredi Kartı,342321.52,84,4.0,2025-07-24,Aktif,False
L006735,F00915,company,Kredi Kartı,76439.84,36,2.52,2019-09-01,Kapalı,False
L006736,F00915,company,KOBİ Kredisi,1056074.17,84,3.12,2019-08-07,Kapalı,False
L006737,F00917,company,Kredi Kartı,71829.42,24,3.35,2024-05-19,Kapalı,False
L006738,F00917,company,İşletme Kredisi,19853.4,60,2.84,2026-03-30,Aktif,False
L006739,F00918,company,İşletme Kredisi,94262.43,24,4.36,2023-06-11,Kapalı,False
L006740,F00918,company,Kredi Kartı,362144.05,84,2.86,2025-10-09,Aktif,False
L006741,F00918,company,KOBİ Kredisi,91036.51,48,4.59,2020-04-30,Kapalı,False
L006742,F00918,company,Kredi Kartı,254007.46,36,4.1,2019-06-21,Kapalı,False
L006743,F00919,company,KOBİ Kredisi,42412.54,36,4.36,2023-12-24,Aktif,False
L006744,F00920,company,KOBİ Kredisi,66367.12,6,3.81,2021-01-06,Kapalı,False
L006745,F00920,company,İşletme Kredisi,341774.87,6,3.04,2021-05-04,Kapalı,False
L006746,F00920,company,Kredi Kartı,216765.34,120,3.31,2019-11-26,Aktif,True
L006747,F00920,company,İşletme Kredisi,544368.18,120,4.54,2021-03-03,Aktif,False
L006748,F00921,company,İşletme Kredisi,20278.98,36,3.63,2023-11-02,Aktif,False
L006749,F00922,company,KOBİ Kredisi,101452.2,36,2.85,2019-11-19,Kapalı,False
L006750,F00922,company,Kredi Kartı,41149.73,6,3.79,2025-12-27,Kapalı,False
L006751,F00922,company,Kredi Kartı,46616.74,120,4.54,2022-12-24,Aktif,False
L006752,F00923,company,KOBİ Kredisi,211904.41,6,2.96,2020-03-22,Kapalı,False
L006753,F00924,company,KOBİ Kredisi,317541.97,6,3.36,2025-02-05,Kapalı,False
L006754,F00926,company,İşletme Kredisi,26494.01,12,4.47,2019-12-06,Kapalı,False
L006755,F00927,company,KOBİ Kredisi,106907.78,120,2.75,2020-11-15,Aktif,False
L006756,F00927,company,İşletme Kredisi,58130.38,120,4.13,2024-02-14,Aktif,False
L006757,F00927,company,KOBİ Kredisi,111702.66,84,4.86,2019-12-08,Aktif,False
L006758,F00927,company,İşletme Kredisi,93660.42,48,2.89,2021-09-19,Aktif,False
L006759,F00928,company,KOBİ Kredisi,17644.15,120,4.72,2021-02-17,Aktif,False
L006760,F00928,company,Kredi Kartı,837963.74,60,4.31,2025-02-08,Aktif,False
L006761,F00929,company,İşletme Kredisi,61685.12,36,3.67,2022-05-06,Kapalı,False
L006762,F00929,company,Kredi Kartı,18965.13,6,3.22,2024-09-18,Kapalı,False
L006763,F00929,company,KOBİ Kredisi,59577.64,36,3.08,2023-04-26,Kapalı,False
L006764,F00930,company,İşletme Kredisi,57289.62,12,3.59,2021-10-20,Aktif,False
L006765,F00931,company,KOBİ Kredisi,177773.84,24,3.83,2022-06-25,Kapalı,False
L006766,F00931,company,İşletme Kredisi,74903.8,60,4.39,2020-12-24,Kapalı,False
L006767,F00932,company,İşletme Kredisi,76453.25,6,3.54,2024-11-21,Kapalı,False
L006768,F00932,company,KOBİ Kredisi,29922.7,60,3.35,2024-05-18,Aktif,False
L006769,F00932,company,Kredi Kartı,150620.66,24,2.87,2019-06-27,Kapalı,False
L006770,F00932,company,KOBİ Kredisi,417253.36,120,3.74,2020-12-05,Aktif,False
L006771,F00933,company,KOBİ Kredisi,199269.43,12,3.41,2020-12-25,Kapalı,False
L006772,F00934,company,İşletme Kredisi,58224.37,36,4.52,2020-03-28,Kapalı,False
L006773,F00936,company,Kredi Kartı,17855.94,6,4.49,2019-09-05,Kapalı,False
L006774,F00936,company,KOBİ Kredisi,590271.78,12,4.76,2023-10-17,Kapalı,False
L006775,F00937,company,KOBİ Kredisi,114306.33,12,4.24,2020-11-22,Kapalı,False
L006776,F00938,company,KOBİ Kredisi,4376.7,60,3.03,2025-01-18,Aktif,False
L006777,F00938,company,İşletme Kredisi,213854.96,120,4.49,2020-09-17,Aktif,False
L006778,F00939,company,İşletme Kredisi,26038.05,48,4.03,2024-10-10,Aktif,False
L006779,F00941,company,İşletme Kredisi,89898.66,36,3.79,2026-04-02,Aktif,False
L006780,F00941,company,Kredi Kartı,50582.0,6,4.4,2020-06-10,Kapalı,False
L006781,F00941,company,Kredi Kartı,84201.73,12,3.22,2021-06-07,Kapalı,False
L006782,F00941,company,İşletme Kredisi,35671.19,12,3.25,2021-05-31,Kapalı,False
L006783,F00942,company,KOBİ Kredisi,22374.42,48,3.53,2019-11-18,Kapalı,False
L006784,F00942,company,Kredi Kartı,305844.42,60,4.83,2020-06-26,Aktif,False
L006785,F00942,company,İşletme Kredisi,89465.48,84,4.76,2019-01-20,Kapalı,False
L006786,F00943,company,Kredi Kartı,276034.87,24,4.66,2023-07-15,Kapalı,True
L006787,F00943,company,İşletme Kredisi,227032.33,48,4.64,2024-06-13,Aktif,False
L006788,F00943,company,İşletme Kredisi,151159.1,12,2.72,2022-03-17,Kapalı,False
L006789,F00944,company,İşletme Kredisi,49386.56,6,4.4,2022-11-23,Kapalı,False
L006790,F00944,company,İşletme Kredisi,14510.75,12,4.1,2025-10-06,Aktif,False
L006791,F00944,company,Kredi Kartı,78860.68,60,3.4,2024-02-05,Aktif,False
L006792,F00944,company,İşletme Kredisi,239847.02,60,2.58,2020-11-19,Kapalı,False
L006793,F00945,company,Kredi Kartı,38174.26,120,3.61,2020-05-29,Aktif,False
L006794,F00946,company,İşletme Kredisi,288006.94,60,4.35,2019-01-13,Kapalı,False
L006795,F00948,company,KOBİ Kredisi,63209.34,48,4.55,2019-10-08,Kapalı,False
L006796,F00948,company,Kredi Kartı,87752.05,12,3.67,2022-08-21,Kapalı,False
L006797,F00949,company,Kredi Kartı,230641.46,24,4.25,2020-12-07,Kapalı,False
L006798,F00949,company,KOBİ Kredisi,351424.54,48,4.33,2023-08-04,Aktif,False
L006799,F00950,company,Kredi Kartı,26676.15,120,4.67,2020-10-15,Aktif,False
L006800,F00950,company,İşletme Kredisi,49788.42,36,4.83,2022-12-16,Kapalı,False
L006801,F00951,company,Kredi Kartı,76572.63,60,4.11,2024-02-04,Aktif,False
L006802,F00952,company,KOBİ Kredisi,69222.92,48,4.37,2024-10-28,Aktif,False
L006803,F00953,company,İşletme Kredisi,83987.8,6,4.18,2019-07-16,Kapalı,False
L006804,F00953,company,KOBİ Kredisi,44671.66,120,4.8,2020-10-11,Aktif,False
L006805,F00953,company,İşletme Kredisi,163704.74,120,4.83,2025-01-15,Aktif,False
L006806,F00953,company,Kredi Kartı,95809.65,84,3.05,2023-04-01,Aktif,False
L006807,F00954,company,Kredi Kartı,126094.27,24,4.83,2024-09-28,Aktif,False
L006808,F00955,company,KOBİ Kredisi,151041.33,48,3.02,2019-06-19,Kapalı,False
L006809,F00955,company,Kredi Kartı,145385.87,48,4.79,2021-06-15,Kapalı,False
L006810,F00955,company,KOBİ Kredisi,331577.54,36,4.8,2019-03-12,Kapalı,False
L006811,F00957,company,KOBİ Kredisi,281453.21,12,4.45,2019-10-12,Kapalı,False
L006812,F00958,company,KOBİ Kredisi,94504.07,36,3.98,2025-09-14,Aktif,False
L006813,F00958,company,İşletme Kredisi,197717.72,48,4.72,2025-08-21,Aktif,False
L006814,F00958,company,İşletme Kredisi,32924.64,84,3.27,2024-05-30,Aktif,False
L006815,F00958,company,İşletme Kredisi,75478.65,12,3.24,2022-12-27,Kapalı,False
L006816,F00959,company,KOBİ Kredisi,257667.06,24,3.56,2020-11-20,Aktif,False
L006817,F00959,company,KOBİ Kredisi,92408.53,48,3.17,2021-02-27,Kapalı,False
L006818,F00960,company,İşletme Kredisi,233445.13,6,4.9,2022-07-21,Kapalı,False
L006819,F00960,company,KOBİ Kredisi,27767.89,84,3.07,2022-05-26,Aktif,False
L006820,F00960,company,İşletme Kredisi,209636.69,48,2.64,2026-06-04,Aktif,False
L006821,F00962,company,Kredi Kartı,95240.35,48,4.18,2022-05-23,Kapalı,False
L006822,F00962,company,KOBİ Kredisi,39193.05,6,4.54,2023-08-08,Kapalı,False
L006823,F00962,company,Kredi Kartı,77982.15,6,3.1,2023-01-14,Kapalı,False
L006824,F00962,company,KOBİ Kredisi,28407.33,24,3.11,2023-08-06,Kapalı,False
L006825,F00963,company,KOBİ Kredisi,75951.93,60,3.48,2020-01-20,Kapalı,False
L006826,F00964,company,KOBİ Kredisi,103491.03,6,4.82,2021-11-19,Kapalı,False
L006827,F00965,company,İşletme Kredisi,75143.73,84,4.44,2021-12-07,Aktif,False
L006828,F00965,company,İşletme Kredisi,137314.82,36,3.5,2024-12-16,Aktif,False
L006829,F00966,company,Kredi Kartı,214735.51,24,4.89,2020-07-31,Kapalı,False
L006830,F00967,company,KOBİ Kredisi,214248.24,48,2.85,2021-11-17,Kapalı,False
L006831,F00967,company,İşletme Kredisi,58393.94,6,2.8,2026-04-03,Aktif,False
L006832,F00967,company,İşletme Kredisi,14327.6,120,4.39,2026-03-14,Aktif,False
L006833,F00968,company,Kredi Kartı,111673.06,6,3.75,2022-09-23,Aktif,False
L006834,F00968,company,KOBİ Kredisi,182365.1,84,2.67,2021-09-23,Aktif,False
L006835,F00970,company,Kredi Kartı,96585.24,24,4.44,2023-12-22,Aktif,False
L006836,F00970,company,KOBİ Kredisi,111996.0,84,4.01,2026-05-21,Aktif,False
L006837,F00970,company,KOBİ Kredisi,10244.05,12,3.8,2022-10-03,Kapalı,False
L006838,F00971,company,Kredi Kartı,300660.65,6,3.69,2022-08-27,Aktif,False
L006839,F00972,company,Kredi Kartı,118186.5,120,4.2,2022-03-14,Aktif,False
L006840,F00972,company,Kredi Kartı,72383.98,12,4.61,2023-12-31,Kapalı,False
L006841,F00973,company,Kredi Kartı,92724.03,6,2.83,2021-04-05,Kapalı,False
L006842,F00974,company,KOBİ Kredisi,48426.87,36,2.61,2025-08-23,Aktif,False
L006843,F00974,company,İşletme Kredisi,48537.22,12,2.51,2021-05-30,Kapalı,False
L006844,F00975,company,KOBİ Kredisi,79663.62,12,4.89,2024-02-25,Kapalı,False
L006845,F00975,company,İşletme Kredisi,20951.35,48,4.69,2025-08-08,Aktif,False
L006846,F00975,company,İşletme Kredisi,137251.23,12,4.72,2025-01-16,Kapalı,False
L006847,F00975,company,KOBİ Kredisi,114004.92,24,2.68,2025-09-06,Aktif,True
L006848,F00977,company,KOBİ Kredisi,311922.98,84,4.6,2025-05-12,Aktif,False
L006849,F00977,company,Kredi Kartı,15237.79,60,4.05,2021-05-21,Kapalı,False
L006850,F00977,company,İşletme Kredisi,48373.36,120,4.44,2019-04-26,Aktif,False
L006851,F00978,company,İşletme Kredisi,25698.01,84,3.13,2024-05-24,Aktif,False
L006852,F00978,company,KOBİ Kredisi,176217.24,60,4.24,2024-12-06,Aktif,False
L006853,F00979,company,KOBİ Kredisi,87098.28,120,4.13,2020-03-06,Aktif,False
L006854,F00979,company,KOBİ Kredisi,84651.56,24,3.43,2023-06-18,Kapalı,False
L006855,F00979,company,Kredi Kartı,748971.44,120,4.36,2024-12-28,Aktif,False
L006856,F00980,company,KOBİ Kredisi,301674.47,6,3.17,2022-11-11,Kapalı,False
L006857,F00980,company,İşletme Kredisi,34620.49,12,4.52,2023-08-04,Kapalı,False
L006858,F00980,company,İşletme Kredisi,110739.52,36,4.53,2019-10-29,Aktif,False
L006859,F00981,company,İşletme Kredisi,42320.54,60,4.13,2020-06-03,Kapalı,False
L006860,F00982,company,İşletme Kredisi,115315.44,120,3.97,2025-01-19,Aktif,False
L006861,F00982,company,Kredi Kartı,73316.12,6,4.67,2022-08-09,Aktif,False
L006862,F00985,company,KOBİ Kredisi,247770.64,12,3.93,2023-10-01,Kapalı,False
L006863,F00987,company,Kredi Kartı,195323.13,12,3.78,2019-12-20,Aktif,False
L006864,F00987,company,KOBİ Kredisi,70298.63,60,3.91,2020-08-15,Kapalı,False
L006865,F00988,company,Kredi Kartı,69159.11,84,3.64,2026-06-03,Aktif,False
L006866,F00988,company,İşletme Kredisi,452644.23,120,4.06,2023-08-12,Aktif,False
L006867,F00988,company,Kredi Kartı,279929.61,6,3.12,2019-07-28,Aktif,False
L006868,F00988,company,Kredi Kartı,48691.04,12,2.81,2023-06-28,Kapalı,True
L006869,F00989,company,KOBİ Kredisi,266865.06,36,4.15,2024-07-24,Aktif,False
L006870,F00990,company,Kredi Kartı,470717.02,84,4.66,2022-01-14,Aktif,False
L006871,F00991,company,İşletme Kredisi,190152.08,120,4.85,2019-06-24,Aktif,False
L006872,F00992,company,KOBİ Kredisi,100713.06,48,4.77,2020-01-24,Kapalı,False
L006873,F00992,company,KOBİ Kredisi,14969.71,12,3.26,2023-02-22,Kapalı,False
L006874,F00993,company,İşletme Kredisi,148190.37,6,3.95,2019-10-12,Kapalı,True
L006875,F00993,company,Kredi Kartı,266318.08,120,3.52,2024-09-10,Aktif,False
L006876,F00994,company,KOBİ Kredisi,84444.32,24,2.52,2021-10-23,Aktif,False
L006877,F00995,company,Kredi Kartı,148755.78,48,4.49,2021-08-04,Aktif,True
L006878,F00995,company,KOBİ Kredisi,312019.21,6,4.44,2020-09-10,Kapalı,False
L006879,F00995,company,KOBİ Kredisi,83165.26,36,3.83,2025-05-24,Aktif,False
L006880,F00995,company,KOBİ Kredisi,189043.79,60,2.74,2022-01-16,Aktif,False
L006881,F00996,company,İşletme Kredisi,78391.48,120,3.54,2019-12-02,Aktif,False
L006882,F00996,company,KOBİ Kredisi,4534.19,48,3.2,2021-10-28,Kapalı,False
L006883,F00996,company,Kredi Kartı,50747.39,12,4.88,2020-06-19,Kapalı,False
L006884,F00996,company,Kredi Kartı,102889.44,60,3.52,2026-03-08,Aktif,False
L006885,F00997,company,Kredi Kartı,38026.82,120,3.03,2021-08-08,Aktif,False
L006886,F00997,company,KOBİ Kredisi,273349.38,60,4.89,2026-05-14,Aktif,False
L006887,F00997,company,Kredi Kartı,46919.27,84,2.66,2019-07-17,Kapalı,False
L006888,F00997,company,İşletme Kredisi,221583.12,84,4.17,2023-08-07,Aktif,False
L006889,F00998,company,KOBİ Kredisi,203780.9,24,4.13,2022-01-20,Kapalı,False
L006890,F00999,company,İşletme Kredisi,41784.61,36,4.76,2021-12-11,Kapalı,False
L006891,F01000,company,İşletme Kredisi,53694.42,60,3.23,2020-03-15,Kapalı,False
L006892,F01000,company,Kredi Kartı,72177.81,6,4.83,2019-04-12,Kapalı,False
L006893,F01001,company,KOBİ Kredisi,112401.98,84,4.37,2026-03-11,Aktif,False
L006894,F01001,company,Kredi Kartı,491983.94,36,3.83,2023-07-18,Kapalı,False
L006895,F01001,company,KOBİ Kredisi,98767.39,6,3.94,2019-10-16,Kapalı,False
L006896,F01001,company,Kredi Kartı,83468.82,24,3.14,2020-01-06,Kapalı,False
L006897,F01002,company,Kredi Kartı,215508.58,24,2.85,2024-08-07,Kapalı,False
L006898,F01003,company,Kredi Kartı,23659.47,36,3.51,2021-01-05,Kapalı,False
L006899,F01003,company,Kredi Kartı,302251.28,84,3.71,2025-04-16,Aktif,False
L006900,F01004,company,İşletme Kredisi,57864.3,60,4.61,2020-04-21,Kapalı,False
L006901,F01005,company,KOBİ Kredisi,100053.56,6,3.0,2023-04-22,Kapalı,False
L006902,F01006,company,KOBİ Kredisi,312059.63,36,3.18,2024-10-11,Aktif,False
L006903,F01006,company,KOBİ Kredisi,220991.63,24,4.51,2023-08-28,Kapalı,False
L006904,F01007,company,İşletme Kredisi,40946.85,60,3.15,2024-09-23,Aktif,False
L006905,F01007,company,İşletme Kredisi,30603.44,84,3.99,2019-07-14,Kapalı,False
L006906,F01007,company,Kredi Kartı,198618.5,48,4.63,2025-02-17,Aktif,False
L006907,F01009,company,İşletme Kredisi,166990.1,24,4.16,2023-04-06,Kapalı,False
L006908,F01009,company,Kredi Kartı,190447.68,12,4.35,2021-02-28,Kapalı,False
L006909,F01009,company,KOBİ Kredisi,330215.5,60,3.31,2024-08-22,Aktif,False
L006910,F01009,company,İşletme Kredisi,20477.06,6,4.83,2025-11-15,Kapalı,False
L006911,F01010,company,İşletme Kredisi,416006.53,12,4.68,2024-12-04,Kapalı,False
L006912,F01010,company,Kredi Kartı,139499.35,12,3.08,2026-02-13,Aktif,False
L006913,F01010,company,KOBİ Kredisi,53973.13,120,4.35,2023-05-26,Aktif,False
L006914,F01010,company,İşletme Kredisi,1362220.54,48,3.41,2023-01-04,Aktif,False
L006915,F01011,company,Kredi Kartı,39641.99,6,2.76,2026-05-16,Aktif,False
L006916,F01011,company,İşletme Kredisi,78624.4,12,2.79,2024-11-01,Kapalı,True
L006917,F01013,company,KOBİ Kredisi,44156.0,36,3.97,2023-08-21,Kapalı,False
L006918,F01013,company,KOBİ Kredisi,142986.22,12,3.93,2023-09-22,Kapalı,False
L006919,F01015,company,Kredi Kartı,75897.2,12,4.01,2021-09-08,Kapalı,False
L006920,F01016,company,KOBİ Kredisi,546610.86,60,4.52,2025-08-26,Aktif,False
L006921,F01016,company,İşletme Kredisi,89184.78,84,4.03,2025-02-04,Aktif,False
L006922,F01016,company,KOBİ Kredisi,12786.85,24,2.67,2020-06-15,Kapalı,False
L006923,F01017,company,Kredi Kartı,13763.1,60,4.68,2021-05-02,Kapalı,False
L006924,F01017,company,KOBİ Kredisi,35377.87,48,2.78,2021-09-29,Kapalı,False
L006925,F01017,company,Kredi Kartı,105083.67,48,3.42,2021-01-01,Kapalı,False
L006926,F01017,company,KOBİ Kredisi,84483.93,84,4.33,2021-02-28,Aktif,False
L006927,F01019,company,İşletme Kredisi,215127.39,12,3.05,2022-12-22,Kapalı,True
L006928,F01020,company,Kredi Kartı,41752.51,48,4.47,2026-04-04,Aktif,False
L006929,F01021,company,Kredi Kartı,58184.1,6,3.87,2022-04-07,Kapalı,False
L006930,F01021,company,KOBİ Kredisi,520615.71,24,4.16,2022-08-20,Kapalı,False
L006931,F01021,company,İşletme Kredisi,153458.38,48,4.46,2024-05-22,Aktif,False
L006932,F01021,company,KOBİ Kredisi,52614.62,120,4.61,2020-03-22,Aktif,False
L006933,F01022,company,İşletme Kredisi,854695.55,60,2.52,2019-10-04,Kapalı,False
L006934,F01022,company,İşletme Kredisi,112137.56,84,3.87,2025-07-05,Aktif,False
L006935,F01022,company,İşletme Kredisi,171609.85,24,4.66,2024-09-14,Aktif,False
L006936,F01022,company,KOBİ Kredisi,95601.3,24,4.41,2024-01-26,Kapalı,False
L006937,F01024,company,KOBİ Kredisi,149957.4,120,2.81,2020-12-01,Aktif,False
L006938,F01026,company,KOBİ Kredisi,74232.14,120,4.77,2025-01-13,Aktif,False
L006939,F01026,company,KOBİ Kredisi,67065.51,36,4.77,2021-05-14,Kapalı,False
L006940,F01027,company,Kredi Kartı,472045.38,120,3.34,2023-06-15,Aktif,False
L006941,F01028,company,İşletme Kredisi,55994.06,60,4.66,2020-06-20,Kapalı,True
L006942,F01030,company,KOBİ Kredisi,11644.06,24,3.59,2023-12-23,Kapalı,False
L006943,F01030,company,İşletme Kredisi,39923.28,120,3.5,2026-06-22,Aktif,True
L006944,F01030,company,KOBİ Kredisi,12015.54,24,4.32,2024-12-26,Aktif,False
L006945,F01031,company,İşletme Kredisi,353419.12,60,4.26,2019-10-06,Kapalı,False
L006946,F01031,company,İşletme Kredisi,95535.11,36,3.29,2021-06-26,Kapalı,False
L006947,F01031,company,Kredi Kartı,568719.56,84,2.56,2025-03-05,Aktif,False
L006948,F01031,company,İşletme Kredisi,246859.41,6,3.45,2023-02-17,Kapalı,False
L006949,F01032,company,İşletme Kredisi,23996.24,48,3.1,2019-03-27,Kapalı,False
L006950,F01032,company,Kredi Kartı,318433.73,60,3.0,2023-06-12,Aktif,False
L006951,F01032,company,KOBİ Kredisi,27921.65,24,2.82,2025-10-22,Aktif,True
L006952,F01032,company,Kredi Kartı,65844.56,60,3.37,2019-02-11,Kapalı,False
L006953,F01033,company,İşletme Kredisi,117291.24,24,3.59,2024-08-05,Aktif,True
L006954,F01033,company,İşletme Kredisi,25311.52,36,3.28,2026-06-21,Aktif,False
L006955,F01034,company,KOBİ Kredisi,40171.74,24,3.21,2020-10-24,Kapalı,False
L006956,F01034,company,Kredi Kartı,99796.54,84,4.84,2022-08-02,Aktif,False
L006957,F01034,company,KOBİ Kredisi,97097.06,24,3.66,2021-03-12,Kapalı,False
L006958,F01035,company,Kredi Kartı,27557.59,48,3.77,2020-09-22,Aktif,False
L006959,F01036,company,KOBİ Kredisi,117957.72,48,4.74,2022-04-25,Kapalı,False
L006960,F01038,company,KOBİ Kredisi,37301.44,6,3.55,2022-01-01,Aktif,False
L006961,F01038,company,İşletme Kredisi,214299.22,120,3.6,2026-02-15,Aktif,False
L006962,F01039,company,İşletme Kredisi,62802.32,24,3.56,2024-01-09,Kapalı,False
L006963,F01039,company,KOBİ Kredisi,117302.57,24,3.51,2019-12-27,Kapalı,False
L006964,F01041,company,Kredi Kartı,46111.65,24,2.52,2026-06-13,Aktif,False
L006965,F01041,company,Kredi Kartı,186759.02,6,2.59,2024-02-19,Kapalı,False
L006966,F01042,company,İşletme Kredisi,50960.78,120,4.78,2020-12-05,Aktif,False
L006967,F01042,company,KOBİ Kredisi,72791.1,24,3.88,2019-12-11,Kapalı,False
L006968,F01043,company,KOBİ Kredisi,29480.52,60,3.99,2023-02-08,Aktif,False
L006969,F01044,company,İşletme Kredisi,42414.3,36,4.53,2021-02-16,Kapalı,False
L006970,F01045,company,İşletme Kredisi,217517.06,24,2.62,2023-12-05,Kapalı,False
L006971,F01045,company,Kredi Kartı,51862.08,120,3.93,2023-09-08,Aktif,False
L006972,F01046,company,Kredi Kartı,39160.71,120,2.64,2021-08-20,Aktif,False
L006973,F01046,company,İşletme Kredisi,50194.16,6,2.94,2023-02-16,Kapalı,False
L006974,F01046,company,KOBİ Kredisi,25133.38,60,3.81,2019-03-13,Aktif,False
L006975,F01047,company,KOBİ Kredisi,118551.79,24,3.35,2022-09-17,Kapalı,False
L006976,F01048,company,Kredi Kartı,13497.43,36,3.14,2023-06-12,Kapalı,False
L006977,F01049,company,İşletme Kredisi,25195.27,12,2.53,2024-02-22,Kapalı,False
L006978,F01049,company,İşletme Kredisi,76779.59,60,2.86,2026-05-10,Aktif,False
L006979,F01051,company,İşletme Kredisi,65169.47,24,3.29,2023-03-18,Aktif,False
L006980,F01052,company,İşletme Kredisi,23503.4,36,4.24,2022-03-15,Aktif,False
L006981,F01052,company,KOBİ Kredisi,47875.97,24,2.54,2025-03-06,Aktif,False
L006982,F01053,company,KOBİ Kredisi,95399.3,12,3.52,2021-03-15,Kapalı,False
L006983,F01055,company,KOBİ Kredisi,118713.34,24,2.69,2020-05-29,Kapalı,False
L006984,F01056,company,Kredi Kartı,116809.19,48,2.82,2019-02-08,Kapalı,True
L006985,F01058,company,İşletme Kredisi,58385.14,36,3.09,2022-05-13,Kapalı,False
L006986,F01059,company,KOBİ Kredisi,198627.25,24,2.73,2024-08-09,Aktif,False
L006987,F01059,company,Kredi Kartı,24735.23,24,4.53,2024-08-11,Kapalı,False
L006988,F01060,company,KOBİ Kredisi,38358.94,48,4.05,2021-09-19,Kapalı,False
L006989,F01060,company,KOBİ Kredisi,321900.08,6,4.79,2021-12-23,Aktif,False
L006990,F01061,company,Kredi Kartı,35788.76,48,3.72,2022-03-20,Kapalı,False
L006991,F01061,company,İşletme Kredisi,75885.73,24,4.55,2026-02-26,Aktif,False
L006992,F01063,company,KOBİ Kredisi,39439.53,60,4.1,2023-02-14,Aktif,False
L006993,F01063,company,İşletme Kredisi,369793.29,48,2.86,2025-04-08,Aktif,False
L006994,F01063,company,İşletme Kredisi,10456.86,60,3.02,2025-06-22,Aktif,False
L006995,F01063,company,İşletme Kredisi,44046.19,120,4.7,2023-11-12,Aktif,False
L006996,F01064,company,Kredi Kartı,22095.66,48,3.76,2020-03-11,Aktif,False
L006997,F01065,company,KOBİ Kredisi,150215.38,120,3.56,2020-01-18,Aktif,False
L006998,F01066,company,KOBİ Kredisi,510646.59,36,4.64,2022-10-07,Kapalı,False
L006999,F01066,company,İşletme Kredisi,180054.26,36,3.86,2020-03-18,Kapalı,False
L007000,F01066,company,İşletme Kredisi,123905.87,48,4.48,2023-05-03,Aktif,False
L007001,F01066,company,Kredi Kartı,44417.37,60,4.89,2023-06-24,Aktif,False
L007002,F01067,company,İşletme Kredisi,82870.33,60,3.1,2023-07-05,Aktif,False
L007003,F01068,company,KOBİ Kredisi,28065.5,24,3.94,2026-06-13,Aktif,True
L007004,F01069,company,İşletme Kredisi,37420.7,24,2.63,2022-02-19,Kapalı,False
L007005,F01069,company,KOBİ Kredisi,63995.96,6,2.55,2025-07-10,Kapalı,False
L007006,F01069,company,KOBİ Kredisi,136545.43,120,4.03,2021-07-13,Aktif,False
L007007,F01069,company,Kredi Kartı,85596.42,60,3.32,2024-05-23,Aktif,False
L007008,F01070,company,Kredi Kartı,116361.6,48,4.68,2026-01-03,Aktif,False
L007009,F01071,company,Kredi Kartı,253465.05,48,3.83,2022-05-06,Kapalı,False
L007010,F01072,company,İşletme Kredisi,86502.35,60,4.72,2021-07-01,Kapalı,False
L007011,F01072,company,İşletme Kredisi,1052809.29,60,3.05,2022-01-18,Aktif,False
L007012,F01072,company,KOBİ Kredisi,32752.72,60,4.88,2024-09-29,Aktif,False
L007013,F01072,company,İşletme Kredisi,243726.62,12,3.25,2022-10-28,Kapalı,False
L007014,F01073,company,KOBİ Kredisi,48668.56,60,2.75,2019-10-03,Kapalı,False
L007015,F01074,company,Kredi Kartı,53806.75,120,3.04,2023-03-21,Aktif,False
L007016,F01074,company,KOBİ Kredisi,63551.04,84,3.1,2022-07-16,Aktif,False
L007017,F01075,company,Kredi Kartı,49354.79,12,3.79,2022-06-24,Kapalı,False
L007018,F01075,company,İşletme Kredisi,81937.84,84,4.39,2025-10-14,Aktif,False
L007019,F01076,company,İşletme Kredisi,101071.13,120,3.75,2022-02-15,Aktif,False
L007020,F01076,company,KOBİ Kredisi,373344.84,6,3.75,2022-05-22,Kapalı,False
L007021,F01077,company,İşletme Kredisi,293693.83,6,2.61,2024-11-20,Kapalı,False
L007022,F01078,company,KOBİ Kredisi,23136.14,84,4.24,2024-08-01,Aktif,False
L007023,F01078,company,KOBİ Kredisi,29635.04,24,3.01,2021-11-10,Kapalı,False
L007024,F01081,company,Kredi Kartı,53548.47,36,2.55,2022-06-24,Kapalı,False
L007025,F01082,company,İşletme Kredisi,94655.55,120,2.86,2024-08-26,Aktif,False
L007026,F01083,company,İşletme Kredisi,22266.53,24,3.46,2020-11-03,Kapalı,True
L007027,F01083,company,İşletme Kredisi,262054.91,12,4.49,2022-07-19,Kapalı,False
L007028,F01084,company,İşletme Kredisi,58061.1,36,3.04,2024-06-27,Aktif,False
L007029,F01084,company,Kredi Kartı,108733.36,60,3.92,2020-07-09,Kapalı,False
L007030,F01084,company,KOBİ Kredisi,266096.33,84,4.65,2019-08-24,Kapalı,False
L007031,F01084,company,KOBİ Kredisi,105491.1,120,3.33,2023-02-25,Aktif,False
L007032,F01085,company,Kredi Kartı,112369.37,120,3.98,2021-01-19,Aktif,False
L007033,F01086,company,Kredi Kartı,29251.1,48,3.5,2023-05-19,Aktif,False
L007034,F01086,company,İşletme Kredisi,411603.84,60,2.62,2024-02-17,Aktif,False
L007035,F01086,company,KOBİ Kredisi,274738.66,60,3.51,2019-03-13,Kapalı,False
L007036,F01087,company,İşletme Kredisi,123024.57,120,4.43,2023-01-29,Aktif,False
L007037,F01087,company,Kredi Kartı,86801.16,120,4.16,2023-01-16,Aktif,False
L007038,F01087,company,Kredi Kartı,51823.48,24,3.51,2025-05-19,Aktif,False
L007039,F01088,company,KOBİ Kredisi,32853.32,12,3.49,2025-12-21,Aktif,False
L007040,F01088,company,İşletme Kredisi,132981.61,48,2.57,2024-08-13,Aktif,False
L007041,F01090,company,İşletme Kredisi,32340.33,84,4.31,2023-01-06,Aktif,False
L007042,F01090,company,Kredi Kartı,124507.6,12,3.4,2024-12-28,Kapalı,False
L007043,F01091,company,Kredi Kartı,34356.14,6,4.32,2023-02-05,Kapalı,False
L007044,F01091,company,İşletme Kredisi,70362.61,84,3.86,2025-02-09,Aktif,False
L007045,F01091,company,KOBİ Kredisi,20439.34,60,2.86,2021-10-25,Aktif,False
L007046,F01091,company,İşletme Kredisi,28600.83,6,3.32,2020-08-02,Kapalı,False
L007047,F01093,company,Kredi Kartı,111823.07,12,2.57,2020-01-17,Kapalı,False
L007048,F01093,company,Kredi Kartı,116713.32,48,4.62,2025-11-21,Aktif,False
L007049,F01094,company,Kredi Kartı,179989.24,120,3.27,2021-12-09,Aktif,False
L007050,F01095,company,Kredi Kartı,47307.76,84,2.89,2025-04-11,Aktif,False
L007051,F01096,company,Kredi Kartı,108093.63,48,3.63,2025-01-27,Aktif,False
L007052,F01097,company,İşletme Kredisi,86751.39,6,2.5,2019-09-30,Kapalı,False
L007053,F01098,company,KOBİ Kredisi,5509.61,24,4.33,2021-07-22,Kapalı,False
L007054,F01098,company,KOBİ Kredisi,69989.25,48,2.65,2022-06-09,Aktif,False
L007055,F01098,company,İşletme Kredisi,288951.36,120,3.61,2020-03-29,Aktif,False
L007056,F01099,company,Kredi Kartı,14903.36,84,3.22,2020-06-13,Aktif,False
L007057,F01100,company,Kredi Kartı,169667.19,6,3.51,2020-09-17,Kapalı,False
L007058,F01101,company,KOBİ Kredisi,60180.55,48,3.82,2019-12-28,Kapalı,False
L007059,F01102,company,Kredi Kartı,62841.23,84,4.47,2019-06-30,Kapalı,False
L007060,F01102,company,KOBİ Kredisi,107781.14,24,2.97,2026-03-17,Aktif,False
L007061,F01103,company,KOBİ Kredisi,166356.78,24,3.9,2019-05-08,Kapalı,False
L007062,F01104,company,Kredi Kartı,52148.68,60,4.07,2022-10-08,Aktif,False
L007063,F01104,company,KOBİ Kredisi,72227.97,120,3.72,2020-07-26,Aktif,False
L007064,F01104,company,Kredi Kartı,52943.98,24,3.23,2024-06-28,Kapalı,False
L007065,F01105,company,KOBİ Kredisi,144276.72,24,3.33,2023-03-11,Kapalı,False
L007066,F01106,company,Kredi Kartı,173924.84,120,4.01,2023-07-21,Aktif,False
L007067,F01106,company,İşletme Kredisi,38041.04,6,3.1,2021-01-16,Kapalı,False
L007068,F01106,company,Kredi Kartı,48618.81,36,4.76,2019-02-26,Kapalı,True
L007069,F01107,company,Kredi Kartı,65391.51,48,2.92,2025-07-16,Aktif,False
L007070,F01108,company,KOBİ Kredisi,162933.25,60,3.69,2021-12-04,Aktif,False
L007071,F01108,company,KOBİ Kredisi,84076.9,36,2.87,2023-02-01,Kapalı,False
L007072,F01108,company,KOBİ Kredisi,217625.9,36,4.14,2022-02-09,Kapalı,False
L007073,F01109,company,İşletme Kredisi,33951.31,48,2.86,2023-12-18,Aktif,False
L007074,F01109,company,Kredi Kartı,320439.85,120,3.44,2025-12-18,Aktif,False
L007075,F01109,company,Kredi Kartı,95615.72,12,4.38,2019-12-08,Kapalı,False
L007076,F01110,company,Kredi Kartı,21483.73,12,3.55,2023-08-09,Kapalı,False
L007077,F01110,company,İşletme Kredisi,38924.64,84,4.05,2026-07-09,Aktif,False
L007078,F01111,company,KOBİ Kredisi,37726.46,84,4.86,2023-10-29,Aktif,False
L007079,F01111,company,Kredi Kartı,29103.55,12,3.9,2024-10-01,Kapalı,False
L007080,F01111,company,İşletme Kredisi,77884.08,120,2.54,2023-04-15,Aktif,False
L007081,F01112,company,KOBİ Kredisi,8976.95,48,3.39,2023-02-26,Aktif,False
L007082,F01113,company,İşletme Kredisi,55974.69,60,4.12,2019-12-20,Kapalı,False
L007083,F01113,company,İşletme Kredisi,90310.81,36,3.15,2022-11-07,Kapalı,False
L007084,F01113,company,Kredi Kartı,200894.27,48,2.79,2022-09-13,Kapalı,False
L007085,F01114,company,İşletme Kredisi,68697.07,48,4.61,2020-04-05,Kapalı,False
L007086,F01114,company,KOBİ Kredisi,146056.25,12,3.76,2021-12-22,Kapalı,False
L007087,F01116,company,İşletme Kredisi,61233.72,120,3.46,2020-12-30,Aktif,False
L007088,F01116,company,Kredi Kartı,100739.81,6,4.38,2021-02-18,Kapalı,False
L007089,F01117,company,İşletme Kredisi,140375.96,60,3.07,2022-05-09,Aktif,False
L007090,F01117,company,KOBİ Kredisi,82534.53,120,3.11,2022-04-26,Aktif,False
L007091,F01118,company,KOBİ Kredisi,100589.49,24,4.14,2021-10-21,Kapalı,False
L007092,F01119,company,Kredi Kartı,261154.55,60,4.38,2024-12-05,Aktif,False
L007093,F01119,company,KOBİ Kredisi,160825.16,6,4.3,2024-05-05,Kapalı,True
L007094,F01119,company,İşletme Kredisi,56717.44,24,3.06,2023-04-26,Aktif,False
L007095,F01119,company,İşletme Kredisi,326321.64,12,3.07,2021-09-29,Kapalı,False
L007096,F01120,company,KOBİ Kredisi,36542.56,48,4.19,2026-01-04,Aktif,False
L007097,F01121,company,İşletme Kredisi,89387.32,24,3.96,2025-01-12,Aktif,False
L007098,F01121,company,KOBİ Kredisi,45256.61,60,4.12,2024-10-04,Aktif,True
L007099,F01121,company,Kredi Kartı,13421.58,12,2.73,2020-09-04,Kapalı,False
L007100,F01122,company,KOBİ Kredisi,232517.19,120,4.12,2025-10-13,Aktif,False
L007101,F01123,company,İşletme Kredisi,107903.99,60,3.21,2025-05-22,Aktif,False
L007102,F01123,company,İşletme Kredisi,40161.46,24,4.1,2019-11-13,Kapalı,False
L007103,F01123,company,İşletme Kredisi,214084.86,6,2.59,2019-02-16,Kapalı,False
L007104,F01124,company,KOBİ Kredisi,107981.33,60,2.96,2025-04-26,Aktif,False
L007105,F01125,company,KOBİ Kredisi,339300.97,6,3.17,2021-10-04,Kapalı,False
L007106,F01125,company,Kredi Kartı,65972.95,12,2.52,2023-03-23,Kapalı,False
L007107,F01126,company,KOBİ Kredisi,28181.95,12,2.69,2022-05-19,Kapalı,False
L007108,F01126,company,Kredi Kartı,21602.59,6,4.45,2024-03-29,Kapalı,False
L007109,F01126,company,KOBİ Kredisi,75087.7,12,3.14,2019-03-22,Kapalı,False
L007110,F01127,company,İşletme Kredisi,7606.13,6,4.34,2020-06-19,Kapalı,True
L007111,F01127,company,Kredi Kartı,119186.99,60,3.21,2025-07-19,Aktif,False
L007112,F01129,company,Kredi Kartı,95972.86,84,2.93,2019-01-06,Aktif,False
L007113,F01129,company,Kredi Kartı,81496.42,24,4.36,2025-12-16,Aktif,False
L007114,F01129,company,İşletme Kredisi,113638.51,36,4.53,2025-08-18,Aktif,False
L007115,F01130,company,İşletme Kredisi,616002.92,12,4.33,2026-04-12,Aktif,False
L007116,F01130,company,Kredi Kartı,146284.8,120,4.15,2020-08-07,Aktif,False
L007117,F01130,company,KOBİ Kredisi,192557.36,36,3.65,2021-08-02,Kapalı,False
L007118,F01130,company,İşletme Kredisi,776718.23,12,4.89,2021-02-15,Kapalı,False
L007119,F01131,company,KOBİ Kredisi,115437.67,12,3.01,2023-01-27,Kapalı,False
L007120,F01132,company,Kredi Kartı,77412.31,60,2.73,2026-01-12,Aktif,False
L007121,F01132,company,İşletme Kredisi,172740.71,12,4.23,2024-02-21,Kapalı,False
L007122,F01133,company,Kredi Kartı,114728.52,60,4.83,2022-11-02,Aktif,False
L007123,F01134,company,KOBİ Kredisi,90640.85,48,4.88,2020-05-22,Kapalı,False
L007124,F01136,company,İşletme Kredisi,5581.92,36,3.37,2020-03-31,Aktif,False
L007125,F01136,company,Kredi Kartı,435531.26,24,3.08,2021-05-09,Kapalı,False
L007126,F01137,company,KOBİ Kredisi,167060.48,48,4.49,2023-02-16,Aktif,False
L007127,F01137,company,Kredi Kartı,615539.99,120,4.83,2022-02-17,Aktif,False
L007128,F01137,company,KOBİ Kredisi,16993.82,84,4.53,2019-03-26,Kapalı,False
L007129,F01138,company,İşletme Kredisi,303164.9,120,2.56,2025-05-05,Aktif,False
L007130,F01139,company,İşletme Kredisi,189032.03,48,4.86,2020-10-01,Kapalı,False
L007131,F01139,company,KOBİ Kredisi,25894.83,120,4.12,2026-02-18,Aktif,True
L007132,F01140,company,KOBİ Kredisi,167545.35,120,2.77,2024-03-11,Aktif,False
L007133,F01140,company,KOBİ Kredisi,40353.37,12,3.34,2026-01-22,Aktif,False
L007134,F01140,company,Kredi Kartı,23130.53,120,4.32,2026-06-24,Aktif,False
L007135,F01141,company,Kredi Kartı,108675.34,120,3.84,2020-09-23,Aktif,False
L007136,F01142,company,İşletme Kredisi,13350.78,24,3.4,2023-05-09,Kapalı,False
L007137,F01142,company,Kredi Kartı,67026.88,36,4.0,2019-11-19,Kapalı,False
L007138,F01145,company,İşletme Kredisi,80746.69,48,3.92,2024-10-02,Aktif,False
L007139,F01145,company,KOBİ Kredisi,93952.94,84,3.55,2023-09-22,Aktif,False
L007140,F01146,company,KOBİ Kredisi,55619.53,84,4.27,2024-07-01,Aktif,False
L007141,F01146,company,KOBİ Kredisi,58401.16,24,4.4,2021-06-01,Kapalı,False
L007142,F01147,company,KOBİ Kredisi,18104.52,12,4.64,2022-10-31,Kapalı,False
L007143,F01147,company,KOBİ Kredisi,965399.84,36,3.77,2025-08-24,Aktif,False
L007144,F01147,company,KOBİ Kredisi,8564.84,12,4.58,2022-10-18,Kapalı,False
L007145,F01147,company,Kredi Kartı,60678.74,12,2.89,2019-05-24,Kapalı,False
L007146,F01148,company,Kredi Kartı,237464.82,60,3.19,2019-06-22,Kapalı,False
L007147,F01149,company,Kredi Kartı,45226.64,120,4.66,2020-05-27,Aktif,False
L007148,F01149,company,KOBİ Kredisi,55650.68,6,2.71,2025-04-03,Kapalı,False
L007149,F01149,company,Kredi Kartı,65313.73,120,3.93,2019-02-03,Aktif,False
L007150,F01149,company,Kredi Kartı,19414.04,60,3.29,2019-07-18,Kapalı,False
L007151,F01150,company,Kredi Kartı,137432.86,12,3.48,2020-02-20,Kapalı,False
L007152,F01151,company,KOBİ Kredisi,25804.25,36,3.5,2023-06-24,Kapalı,False
L007153,F01151,company,KOBİ Kredisi,817831.78,36,2.8,2024-07-13,Aktif,False
L007154,F01151,company,İşletme Kredisi,27205.54,12,2.88,2020-11-21,Kapalı,False
L007155,F01152,company,İşletme Kredisi,249146.67,24,2.73,2024-08-19,Kapalı,False
L007156,F01152,company,KOBİ Kredisi,31705.87,48,4.47,2022-04-11,Kapalı,False
L007157,F01152,company,İşletme Kredisi,5286.65,6,4.65,2026-03-01,Aktif,False
L007158,F01154,company,KOBİ Kredisi,130947.75,24,4.07,2021-06-04,Kapalı,False
L007159,F01154,company,İşletme Kredisi,26908.32,6,3.08,2022-01-13,Kapalı,False
L007160,F01155,company,KOBİ Kredisi,57257.09,120,2.66,2025-06-13,Aktif,False
L007161,F01155,company,Kredi Kartı,16303.76,48,3.14,2025-07-29,Aktif,False
L007162,F01155,company,İşletme Kredisi,178981.97,24,3.71,2019-09-04,Kapalı,False
L007163,F01156,company,Kredi Kartı,352174.35,6,3.94,2022-06-18,Aktif,False
L007164,F01156,company,Kredi Kartı,166112.52,120,4.17,2024-12-09,Aktif,False
L007165,F01156,company,İşletme Kredisi,210942.49,60,3.7,2019-07-11,Kapalı,False
L007166,F01157,company,İşletme Kredisi,87510.33,36,3.76,2019-01-15,Kapalı,False
L007167,F01157,company,Kredi Kartı,33484.32,84,2.68,2024-06-16,Aktif,True
L007168,F01158,company,İşletme Kredisi,47125.51,12,3.19,2020-07-16,Kapalı,False
L007169,F01158,company,İşletme Kredisi,203988.06,36,3.86,2022-08-10,Kapalı,False
L007170,F01160,company,İşletme Kredisi,81510.44,24,3.11,2021-10-05,Kapalı,False
L007171,F01160,company,İşletme Kredisi,172131.8,60,3.07,2023-03-06,Aktif,False
L007172,F01160,company,Kredi Kartı,1859775.97,12,2.78,2020-05-28,Kapalı,False
L007173,F01161,company,İşletme Kredisi,74787.74,24,4.89,2022-06-04,Kapalı,False
L007174,F01162,company,Kredi Kartı,59983.84,60,4.57,2025-12-15,Aktif,False
L007175,F01163,company,Kredi Kartı,38785.26,48,3.16,2023-07-19,Aktif,False
L007176,F01163,company,Kredi Kartı,155258.93,60,3.73,2021-11-07,Aktif,False
L007177,F01164,company,KOBİ Kredisi,99614.2,36,2.62,2026-04-11,Aktif,True
L007178,F01164,company,İşletme Kredisi,54258.76,12,3.6,2021-01-01,Aktif,False
L007179,F01164,company,KOBİ Kredisi,385274.54,48,2.83,2021-01-09,Kapalı,False
L007180,F01165,company,KOBİ Kredisi,202209.62,12,3.63,2022-08-05,Kapalı,True
L007181,F01166,company,KOBİ Kredisi,37913.55,84,3.54,2024-12-17,Aktif,False
L007182,F01166,company,KOBİ Kredisi,14753.36,36,2.69,2020-08-16,Kapalı,False
L007183,F01166,company,İşletme Kredisi,47200.83,12,4.19,2019-12-12,Kapalı,False
L007184,F01166,company,İşletme Kredisi,223985.82,36,3.64,2019-05-14,Kapalı,False
L007185,F01167,company,İşletme Kredisi,213517.87,6,4.42,2022-09-14,Kapalı,False
L007186,F01167,company,KOBİ Kredisi,30891.92,48,3.8,2021-09-30,Kapalı,False
L007187,F01168,company,KOBİ Kredisi,35922.6,120,2.51,2023-05-22,Aktif,False
L007188,F01169,company,Kredi Kartı,72419.5,12,2.71,2026-07-11,Aktif,False
L007189,F01170,company,İşletme Kredisi,196679.19,48,3.46,2019-02-02,Kapalı,False
L007190,F01170,company,Kredi Kartı,32216.66,36,4.5,2020-06-10,Kapalı,False
L007191,F01170,company,KOBİ Kredisi,865391.58,60,3.93,2021-12-25,Aktif,False
L007192,F01170,company,Kredi Kartı,105733.58,48,4.03,2020-06-01,Kapalı,False
L007193,F01171,company,Kredi Kartı,59645.31,84,3.91,2024-04-24,Aktif,False
L007194,F01172,company,KOBİ Kredisi,85642.21,84,4.33,2021-10-17,Aktif,False
L007195,F01173,company,Kredi Kartı,27292.24,36,3.97,2020-05-17,Kapalı,False
L007196,F01174,company,KOBİ Kredisi,76537.92,12,4.34,2020-12-10,Kapalı,False
L007197,F01174,company,Kredi Kartı,46645.18,48,3.03,2019-02-25,Kapalı,False
L007198,F01174,company,İşletme Kredisi,256935.39,24,3.57,2025-10-14,Aktif,False
L007199,F01175,company,KOBİ Kredisi,26555.52,12,4.77,2023-07-16,Kapalı,False
L007200,F01175,company,İşletme Kredisi,67437.62,36,3.43,2022-02-16,Kapalı,False
L007201,F01175,company,İşletme Kredisi,271863.94,48,4.52,2023-06-10,Aktif,False
L007202,F01175,company,İşletme Kredisi,193134.4,24,4.47,2019-08-19,Kapalı,False
L007203,F01176,company,İşletme Kredisi,37414.45,24,4.1,2019-09-01,Kapalı,False
L007204,F01176,company,İşletme Kredisi,535710.72,84,4.51,2022-01-31,Aktif,False
L007205,F01176,company,KOBİ Kredisi,26030.49,120,3.32,2019-11-26,Aktif,False
L007206,F01177,company,KOBİ Kredisi,37109.64,6,2.63,2021-02-28,Kapalı,False
L007207,F01177,company,KOBİ Kredisi,61181.91,120,2.82,2022-02-12,Aktif,False
L007208,F01178,company,KOBİ Kredisi,142848.16,84,3.88,2024-02-21,Aktif,False
L007209,F01179,company,KOBİ Kredisi,182029.17,24,4.53,2020-05-11,Kapalı,False
L007210,F01180,company,KOBİ Kredisi,81879.16,60,3.89,2025-04-30,Aktif,False
L007211,F01180,company,İşletme Kredisi,139806.91,36,4.79,2022-04-30,Kapalı,False
L007212,F01180,company,KOBİ Kredisi,156034.6,12,2.65,2024-05-16,Kapalı,False
L007213,F01182,company,Kredi Kartı,116769.7,12,3.52,2023-10-08,Kapalı,False
L007214,F01183,company,Kredi Kartı,195378.41,60,4.49,2023-03-22,Aktif,True
L007215,F01183,company,Kredi Kartı,115249.71,12,4.32,2022-09-15,Kapalı,False
L007216,F01184,company,İşletme Kredisi,131833.34,12,3.62,2023-03-10,Kapalı,False
L007217,F01185,company,Kredi Kartı,193375.14,48,2.66,2020-09-13,Kapalı,False
L007218,F01185,company,İşletme Kredisi,280224.61,24,2.59,2025-02-19,Aktif,False
L007219,F01185,company,Kredi Kartı,123872.8,120,3.79,2024-11-27,Aktif,False
L007220,F01186,company,KOBİ Kredisi,35212.88,24,4.17,2021-10-15,Kapalı,False
L007221,F01186,company,İşletme Kredisi,43313.13,24,4.54,2020-09-05,Kapalı,False
L007222,F01186,company,KOBİ Kredisi,59790.85,84,3.6,2025-01-01,Aktif,False
L007223,F01186,company,Kredi Kartı,223900.66,120,2.76,2021-06-14,Aktif,False
L007224,F01188,company,Kredi Kartı,679663.66,84,3.37,2019-07-31,Kapalı,False
L007225,F01189,company,KOBİ Kredisi,134559.06,48,4.56,2024-07-17,Aktif,False
L007226,F01189,company,İşletme Kredisi,107723.7,36,3.69,2022-05-22,Kapalı,False
L007227,F01190,company,Kredi Kartı,46932.74,6,4.9,2020-02-12,Kapalı,False
L007228,F01190,company,Kredi Kartı,138066.9,48,3.75,2023-02-05,Aktif,True
L007229,F01191,company,İşletme Kredisi,106814.45,6,2.75,2020-03-20,Kapalı,False
L007230,F01191,company,İşletme Kredisi,155027.95,48,3.88,2025-05-08,Aktif,False
L007231,F01191,company,İşletme Kredisi,373700.6,6,2.62,2023-03-08,Kapalı,False
L007232,F01191,company,İşletme Kredisi,154734.57,24,3.62,2021-09-05,Kapalı,True
L007233,F01192,company,İşletme Kredisi,60194.24,24,4.8,2023-11-08,Kapalı,False
L007234,F01192,company,Kredi Kartı,210607.46,6,4.17,2023-04-13,Kapalı,False
L007235,F01192,company,İşletme Kredisi,20926.77,84,3.06,2021-10-22,Aktif,False
L007236,F01192,company,KOBİ Kredisi,48313.66,12,4.13,2022-09-07,Aktif,False
L007237,F01193,company,İşletme Kredisi,191133.39,60,4.38,2023-04-10,Aktif,False
L007238,F01193,company,İşletme Kredisi,163266.64,48,4.85,2023-09-26,Aktif,False
L007239,F01193,company,Kredi Kartı,46488.68,120,4.4,2025-09-20,Aktif,False
L007240,F01194,company,Kredi Kartı,192907.03,120,4.89,2019-01-19,Aktif,False
L007241,F01195,company,İşletme Kredisi,36387.08,84,4.08,2023-08-05,Aktif,False
L007242,F01197,company,Kredi Kartı,44668.03,60,3.21,2020-11-02,Kapalı,False
L007243,F01197,company,Kredi Kartı,87733.9,12,3.09,2020-07-13,Kapalı,False
L007244,F01197,company,KOBİ Kredisi,93605.38,6,3.51,2022-09-15,Kapalı,False
L007245,F01197,company,Kredi Kartı,24462.71,6,2.6,2025-04-26,Aktif,False
L007246,F01198,company,KOBİ Kredisi,44291.93,120,4.37,2019-02-26,Aktif,False
L007247,F01199,company,Kredi Kartı,35622.32,36,3.83,2022-07-25,Kapalı,False
L007248,F01200,company,KOBİ Kredisi,33108.3,6,4.01,2020-10-23,Kapalı,False
