news_id,company_id,tarih,kaynak,baslik,sentiment
N00001,F01179,2024-07-16,Sözcü,"Bereket Grup A.Ş. yönetimi, sektördeki daralma nedeniyle küçülme kararı aldığını duyurdu.",olumsuz
N00002,F01179,2025-11-25,Hürriyet Ekonomi,"Bereket Grup A.Ş., 2025 yılı genel kurul toplantısını Ankara'de gerçekleştirdi.",notr
N00003,F01179,2025-01-15,Ekonomim,"Bereket Grup A.Ş., 2025 yılında nakit akışı sorunları nedeniyle bazı ödemelerini erteledi.",olumsuz
N00004,F00866,2026-06-09,Hürriyet Ekonomi,"Bahar Tarım A.Ş. yönetimi, sektördeki daralma nedeniyle küçülme kararı aldığını duyurdu.",olumsuz
N00005,F00102,2023-06-02,Bloomberg HT,Anka Makine A.Ş. hakkında Konya Ticaret Mahkemesi'nde alacaklılarla ilgili dava açıldığı öğrenildi.,olumsuz
N00006,F00102,2022-10-21,Bloomberg HT,"Anka Makine A.Ş., yeni ihracat pazarlarına açılarak uluslararası büyüme hedeflerini yükseltti.",olumlu
N00007,F00102,2024-10-06,Sözcü,"Anka Makine A.Ş. yönetimi, 2024 yılı ilk yarısında cironun beklentilerin üzerinde arttığını bildirdi.",olumlu
N00008,F00440,2023-06-08,Dünya Gazetesi,"Bumerang Metal Ltd. Şti., 2023 yılı genel kurul toplantısını İstanbul'de gerçekleştirdi.",notr
N00009,F00440,2024-06-10,Ekonomim,"Bumerang Metal Ltd. Şti., 2024 yılı genel kurul toplantısını İstanbul'de gerçekleştirdi.",notr
N00010,F00059,2026-08-16,Sözcü,"Ege Teknoloji Ltd. Şti., Ankara'deki üretim kapasitesini artırmak için genişleme planlarını duyurdu.",olumlu
N00011,F00059,2023-06-20,Sözcü,Ege Teknoloji Ltd. Şti. hakkında Ankara Ticaret Mahkemesi'nde alacaklılarla ilgili dava açıldığı öğrenildi.,olumsuz
N00012,F01121,2024-03-13,Dünya Gazetesi,Doruk Otomotiv A.Ş. hakkında Bursa Ticaret Mahkemesi'nde alacaklılarla ilgili dava açıldığı öğrenildi.,olumsuz
N00013,F00324,2026-02-06,Sözcü,"Kervan Sistem Ltd. Şti., yönetim kurulu üyeliklerinde değişikliğe gitti.",notr
N00014,F00324,2026-03-21,Sözcü,Kervan Sistem Ltd. Şti. hakkında konkordato talebiyle ilgili haberler gündeme geldi.,olumsuz
N00015,F00975,2025-12-17,Bloomberg HT,Nokta Kimya A.Ş. hakkında İzmir Ticaret Mahkemesi'nde alacaklılarla ilgili dava açıldığı öğrenildi.,olumsuz
N00016,F00412,2023-07-02,Hürriyet Ekonomi,"Pusula Holding Ltd. Şti., sektör raporlarında Turizm ve Konaklama alanındaki oyunculardan biri olarak yer aldı.",notr
N00017,F00412,2025-05-13,Dünya Gazetesi,"Pusula Holding Ltd. Şti., yönetim kurulu üyeliklerinde değişikliğe gitti.",notr
N00018,F00856,2025-06-19,Ekonomim,"Deniz Metal Ltd. Şti., yönetim kurulu üyeliklerinde değişikliğe gitti.",notr
N00019,F00821,2025-11-08,Dünya Gazetesi,"Aydın Endüstri Ltd. Şti., yeni ihracat pazarlarına açılarak uluslararası büyüme hedeflerini yükseltti.",olumlu
N00020,F00045,2023-10-13,Dünya Gazetesi,"Sahil Grup A.Ş., yeni ihracat pazarlarına açılarak uluslararası büyüme hedeflerini yükseltti.",olumlu
N00021,F00050,2024-11-10,Ekonomim,Cevher Endüstri Ltd. Şti. hakkında konkordato talebiyle ilgili haberler gündeme geldi.,olumsuz
N00022,F00050,2023-05-10,Ekonomim,"Cevher Endüstri Ltd. Şti., sektör raporlarında Tarım alanındaki oyunculardan biri olarak yer aldı.",notr
N00023,F00850,2026-04-11,Ekonomim,"Mavera Turizm Ltd. Şti., İstanbul'deki üretim kapasitesini artırmak için genişleme planlarını duyurdu.",olumlu
N00024,F00850,2023-04-10,Hürriyet Ekonomi,"Mavera Turizm Ltd. Şti., sektör raporlarında Tekstil alanındaki oyunculardan biri olarak yer aldı.",notr
N00025,F00241,2023-03-27,Dünya Gazetesi,Kervan Tekstil A.Ş. hakkında konkordato talebiyle ilgili haberler gündeme geldi.,olumsuz
N00026,F00241,2022-10-11,Ekonomim,Kervan Tekstil A.Ş. hakkında konkordato talebiyle ilgili haberler gündeme geldi.,olumsuz
N00027,F00171,2023-08-02,Dünya Gazetesi,"Kıvılcım Sistem Ltd. Şti., yeni ihracat pazarlarına açılarak uluslararası büyüme hedeflerini yükseltti.",olumlu
N00028,F00524,2022-04-20,Ekonomim,"Cevher Yazılım Ltd. Şti., yönetim kurulu üyeliklerinde değişikliğe gitti.",notr
N00029,F00766,2023-12-06,Ekonomim,"Bereket Enerji Ltd. Şti., 2023 yılı genel kurul toplantısını İstanbul'de gerçekleştirdi.",notr
N00030,F00839,2025-01-18,Ekonomim,"Mavera Tarım Ltd. Şti., 2025 yılı genel kurul toplantısını Samsun'de gerçekleştirdi.",notr
N00031,F00424,2026-06-01,Sözcü,"Kıvılcım Teknoloji A.Ş. yönetimi, 2026 yılı ilk yarısında cironun beklentilerin üzerinde arttığını bildirdi.",olumlu
N00032,F00424,2025-06-19,Bloomberg HT,"Kıvılcım Teknoloji A.Ş., 2025 yılında nakit akışı sorunları nedeniyle bazı ödemelerini erteledi.",olumsuz
N00033,F00381,2025-10-27,Ekonomim,"Damla Tarım Ltd. Şti., İstanbul'deki üretim kapasitesini artırmak için genişleme planlarını duyurdu.",olumlu
N00034,F00610,2022-11-10,Hürriyet Ekonomi,"Damla Gıda A.Ş., İstanbul'deki üretim kapasitesini artırmak için genişleme planlarını duyurdu.",olumlu
N00035,F00677,2026-01-11,Dünya Gazetesi,"Rüzgar Kimya Ltd. Şti., 2026 yılı genel kurul toplantısını İzmir'de gerçekleştirdi.",notr
N00036,F00677,2022-03-08,Hürriyet Ekonomi,Rüzgar Kimya Ltd. Şti. hakkında konkordato talebiyle ilgili haberler gündeme geldi.,olumsuz
N00037,F00677,2023-10-12,Ekonomim,"Rüzgar Kimya Ltd. Şti., yeni ihracat pazarlarına açılarak uluslararası büyüme hedeflerini yükseltti.",olumlu
N00038,F00345,2023-08-15,Bloomberg HT,"Ege Holding A.Ş. yönetimi, 2023 yılı ilk yarısında cironun beklentilerin üzerinde arttığını bildirdi.",olumlu
N00039,F00345,2022-10-14,Dünya Gazetesi,"Ege Holding A.Ş., Mersin'deki üretim kapasitesini artırmak için genişleme planlarını duyurdu.",olumlu
N00040,F00345,2023-03-23,Bloomberg HT,"Ege Holding A.Ş., yönetim kurulu üyeliklerinde değişikliğe gitti.",notr
N00041,F00110,2026-01-14,Sözcü,"Erguvan Teknoloji Ltd. Şti. yönetimi, 2026 yılı ilk yarısında cironun beklentilerin üzerinde arttığını bildirdi.",olumlu
N00042,F00110,2026-08-15,Hürriyet Ekonomi,"Erguvan Teknoloji Ltd. Şti., İzmir'deki üretim kapasitesini artırmak için genişleme planlarını duyurdu.",olumlu
N00043,F00278,2026-03-12,Sözcü,"Bahar Endüstri Ltd. Şti., 2026 yılında Tarım sektöründe 348 milyon TL'lik yeni yatırım kararı aldığını açıkladı.",olumlu
N00044,F00678,2024-01-07,Dünya Gazetesi,"Deniz Enerji A.Ş. yönetimi, sektördeki daralma nedeniyle küçülme kararı aldığını duyurdu.",olumsuz
N00045,F00571,2024-06-26,Hürriyet Ekonomi,"Anka Holding Ltd. Şti., sektör raporlarında Finans ve Sigorta alanındaki oyunculardan biri olarak yer aldı.",notr
N00046,F00359,2026-03-12,Ekonomim,"Bahar Teknoloji Ltd. Şti., 2026 yılında Otomotiv sektöründe 380 milyon TL'lik yeni yatırım kararı aldığını açıkladı.",olumlu
N00047,F00359,2022-11-18,Ekonomim,"Bahar Teknoloji Ltd. Şti., yeni ihracat pazarlarına açılarak uluslararası büyüme hedeflerini yükseltti.",olumlu
N00048,F00599,2026-07-03,Bloomberg HT,Rüzgar Sistem A.Ş. hakkında konkordato talebiyle ilgili haberler gündeme geldi.,olumsuz
N00049,F00391,2026-02-18,Ekonomim,"Erguvan Otomotiv Ltd. Şti., yeni ihracat pazarlarına açılarak uluslararası büyüme hedeflerini yükseltti.",olumlu
N00050,F00894,2023-03-07,Bloomberg HT,"Zirve Enerji Ltd. Şti., 2023 yılında Gıda ve İçecek sektöründe 401 milyon TL'lik yeni yatırım kararı aldığını açıkladı.",olumlu
N00051,F00693,2025-06-13,Ekonomim,"Deniz Holding Ltd. Şti., yönetim kurulu üyeliklerinde değişikliğe gitti.",notr
N00052,F00693,2024-02-11,Ekonomim,"Deniz Holding Ltd. Şti. yönetimi, sektördeki daralma nedeniyle küçülme kararı aldığını duyurdu.",olumsuz
N00053,F00728,2023-10-31,Bloomberg HT,"Cevher Grup Ltd. Şti. yönetimi, sektördeki daralma nedeniyle küçülme kararı aldığını duyurdu.",olumsuz
N00054,F00363,2026-02-12,Hürriyet Ekonomi,"Cevher Gıda Ltd. Şti., sektör raporlarında Gıda ve İçecek alanındaki oyunculardan biri olarak yer aldı.",notr
N00055,F00597,2024-04-08,Bloomberg HT,"Sahil Otomotiv A.Ş., yeni ihracat pazarlarına açılarak uluslararası büyüme hedeflerini yükseltti.",olumlu
N00056,F00597,2024-06-09,Sözcü,"Sahil Otomotiv A.Ş., Kayseri'deki üretim kapasitesini artırmak için genişleme planlarını duyurdu.",olumlu
N00057,F00428,2025-01-01,Bloomberg HT,"Damla Enerji Ltd. Şti., yeni ihracat pazarlarına açılarak uluslararası büyüme hedeflerini yükseltti.",olumlu
N00058,F00071,2024-05-21,Sözcü,"Damla Ticaret Ltd. Şti., 2024 yılında Finans ve Sigorta sektöründe 328 milyon TL'lik yeni yatırım kararı aldığını açıkladı.",olumlu
N00059,F00322,2024-04-14,Bloomberg HT,"Mavera Makine Ltd. Şti., sektör raporlarında Kimya alanındaki oyunculardan biri olarak yer aldı.",notr
N00060,F00653,2023-05-24,Hürriyet Ekonomi,"Nokta Gıda Ltd. Şti., yönetim kurulu üyeliklerinde değişikliğe gitti.",notr
N00061,F00653,2026-01-17,Ekonomim,"Nokta Gıda Ltd. Şti., sektör raporlarında Sağlık alanındaki oyunculardan biri olarak yer aldı.",notr
N00062,F01066,2026-08-10,Dünya Gazetesi,"Ege Yapı A.Ş., 2026 yılında Eğitim sektöründe 288 milyon TL'lik yeni yatırım kararı aldığını açıkladı.",olumlu
N00063,F01066,2026-07-14,Bloomberg HT,Ege Yapı A.Ş. hakkında İstanbul Ticaret Mahkemesi'nde alacaklılarla ilgili dava açıldığı öğrenildi.,olumsuz
N00064,F01066,2024-05-01,Sözcü,"Ege Yapı A.Ş., 2024 yılında Eğitim sektöründe 232 milyon TL'lik yeni yatırım kararı aldığını açıkladı.",olumlu
N00065,F00108,2023-12-07,Ekonomim,"Kıvılcım Lojistik A.Ş., 2023 yılında Tarım sektöründe 439 milyon TL'lik yeni yatırım kararı aldığını açıkladı.",olumlu
N00066,F00108,2025-09-30,Sözcü,"Kıvılcım Lojistik A.Ş., yeni ihracat pazarlarına açılarak uluslararası büyüme hedeflerini yükseltti.",olumlu
N00067,F00108,2024-09-27,Bloomberg HT,"Kıvılcım Lojistik A.Ş., 2024 yılında Tarım sektöründe 45 milyon TL'lik yeni yatırım kararı aldığını açıkladı.",olumlu
N00068,F01109,2023-01-06,Dünya Gazetesi,"Toros Turizm A.Ş., yeni ihracat pazarlarına açılarak uluslararası büyüme hedeflerini yükseltti.",olumlu
N00069,F01109,2023-05-22,Sözcü,"Toros Turizm A.Ş., Adana'deki üretim kapasitesini artırmak için genişleme planlarını duyurdu.",olumlu
N00070,F00356,2023-04-08,Dünya Gazetesi,"Nokta Tekstil Ltd. Şti., 2023 yılında nakit akışı sorunları nedeniyle bazı ödemelerini erteledi.",olumsuz
N00071,F00356,2025-04-27,Sözcü,"Nokta Tekstil Ltd. Şti., 2025 yılı genel kurul toplantısını Antalya'de gerçekleştirdi.",notr
N00072,F00356,2025-12-31,Dünya Gazetesi,Nokta Tekstil Ltd. Şti. hakkında Antalya Ticaret Mahkemesi'nde alacaklılarla ilgili dava açıldığı öğrenildi.,olumsuz
N00073,F00951,2026-03-19,Hürriyet Ekonomi,"Deniz Sistem Ltd. Şti. yönetimi, 2026 yılı ilk yarısında cironun beklentilerin üzerinde arttığını bildirdi.",olumlu
N00074,F00343,2022-08-21,Sözcü,"Bahar Makine Ltd. Şti., Eskişehir'deki üretim kapasitesini artırmak için genişleme planlarını duyurdu.",olumlu
N00075,F00343,2022-12-21,Bloomberg HT,"Bahar Makine Ltd. Şti., yönetim kurulu üyeliklerinde değişikliğe gitti.",notr
N00076,F00355,2025-10-31,Ekonomim,"Umut Makine A.Ş., İzmir'deki üretim kapasitesini artırmak için genişleme planlarını duyurdu.",olumlu
N00077,F00355,2024-11-02,Hürriyet Ekonomi,"Umut Makine A.Ş., yönetim kurulu üyeliklerinde değişikliğe gitti.",notr
N00078,F00024,2023-01-14,Dünya Gazetesi,"Bumerang Enerji A.Ş. yönetimi, 2023 yılı ilk yarısında cironun beklentilerin üzerinde arttığını bildirdi.",olumlu
N00079,F00044,2025-08-17,Bloomberg HT,"Damla Kimya Ltd. Şti., sektör raporlarında Otomotiv alanındaki oyunculardan biri olarak yer aldı.",notr
N00080,F00244,2024-06-06,Sözcü,"Umut Enerji A.Ş., yönetim kurulu üyeliklerinde değişikliğe gitti.",notr
N00081,F00244,2022-04-24,Sözcü,"Umut Enerji A.Ş., yönetim kurulu üyeliklerinde değişikliğe gitti.",notr
N00082,F00244,2025-02-06,Sözcü,"Umut Enerji A.Ş., sektör raporlarında Sağlık alanındaki oyunculardan biri olarak yer aldı.",notr
N00083,F00738,2024-05-09,Bloomberg HT,"Umut Enerji A.Ş., Adana'deki üretim kapasitesini artırmak için genişleme planlarını duyurdu.",olumlu
N00084,F00738,2025-02-17,Ekonomim,"Umut Enerji A.Ş., yönetim kurulu üyeliklerinde değişikliğe gitti.",notr
N00085,F01136,2025-02-14,Sözcü,Damla Yapı Ltd. Şti. hakkında Kayseri Ticaret Mahkemesi'nde alacaklılarla ilgili dava açıldığı öğrenildi.,olumsuz
N00086,F00368,2023-08-08,Sözcü,"Mavera Endüstri Ltd. Şti., yeni ihracat pazarlarına açılarak uluslararası büyüme hedeflerini yükseltti.",olumlu
N00087,F00368,2025-10-12,Sözcü,"Mavera Endüstri Ltd. Şti., Kayseri'deki üretim kapasitesini artırmak için genişleme planlarını duyurdu.",olumlu
N00088,F00164,2024-04-06,Bloomberg HT,"Aydın Teknoloji A.Ş. yönetimi, sektördeki daralma nedeniyle küçülme kararı aldığını duyurdu.",olumsuz
N00089,F00164,2026-04-08,Bloomberg HT,"Aydın Teknoloji A.Ş., Konya'deki üretim kapasitesini artırmak için genişleme planlarını duyurdu.",olumlu
N00090,F01116,2023-03-12,Bloomberg HT,"Zirve Gıda Ltd. Şti., sektör raporlarında Enerji alanındaki oyunculardan biri olarak yer aldı.",notr
N00091,F01116,2023-11-26,Bloomberg HT,"Zirve Gıda Ltd. Şti., yeni ihracat pazarlarına açılarak uluslararası büyüme hedeflerini yükseltti.",olumlu
N00092,F01116,2023-05-08,Dünya Gazetesi,Zirve Gıda Ltd. Şti. hakkında Antalya Ticaret Mahkemesi'nde alacaklılarla ilgili dava açıldığı öğrenildi.,olumsuz
N00093,F00333,2026-05-31,Bloomberg HT,"Bahar Enerji A.Ş., yeni ihracat pazarlarına açılarak uluslararası büyüme hedeflerini yükseltti.",olumlu
N00094,F00333,2022-09-03,Ekonomim,"Bahar Enerji A.Ş., 2022 yılında nakit akışı sorunları nedeniyle bazı ödemelerini erteledi.",olumsuz
N00095,F00989,2022-03-05,Ekonomim,"Kaptan Kimya Ltd. Şti., 2022 yılında Metal ve Makine sektöründe 313 milyon TL'lik yeni yatırım kararı aldığını açıkladı.",olumlu
N00096,F00989,2026-03-15,Dünya Gazetesi,"Kaptan Kimya Ltd. Şti. yönetimi, 2026 yılı ilk yarısında cironun beklentilerin üzerinde arttığını bildirdi.",olumlu
N00097,F01173,2026-01-18,Bloomberg HT,"Umut Danışmanlık A.Ş. yönetimi, 2026 yılı ilk yarısında cironun beklentilerin üzerinde arttığını bildirdi.",olumlu
N00098,F01173,2024-11-08,Hürriyet Ekonomi,"Umut Danışmanlık A.Ş. yönetimi, 2024 yılı ilk yarısında cironun beklentilerin üzerinde arttığını bildirdi.",olumlu
N00099,F01173,2022-11-22,Hürriyet Ekonomi,"Umut Danışmanlık A.Ş., sektör raporlarında Bilişim ve Yazılım alanındaki oyunculardan biri olarak yer aldı.",notr
N00100,F01002,2025-07-19,Sözcü,"Doruk Makine Ltd. Şti. yönetimi, 2025 yılı ilk yarısında cironun beklentilerin üzerinde arttığını bildirdi.",olumlu
N00101,F01002,2023-11-15,Bloomberg HT,"Doruk Makine Ltd. Şti., 2023 yılında nakit akışı sorunları nedeniyle bazı ödemelerini erteledi.",olumsuz
N00102,F00378,2024-08-16,Dünya Gazetesi,"Anka Sistem Ltd. Şti. yönetimi, sektördeki daralma nedeniyle küçülme kararı aldığını duyurdu.",olumsuz
N00103,F00378,2022-12-14,Hürriyet Ekonomi,"Anka Sistem Ltd. Şti., 2022 yılı genel kurul toplantısını İstanbul'de gerçekleştirdi.",notr
N00104,F00378,2024-07-03,Ekonomim,"Anka Sistem Ltd. Şti., 2024 yılında Metal ve Makine sektöründe 497 milyon TL'lik yeni yatırım kararı aldığını açıkladı.",olumlu
N00105,F00310,2023-03-03,Sözcü,"Ege Lojistik A.Ş., 2023 yılı genel kurul toplantısını Ankara'de gerçekleştirdi.",notr
N00106,F00156,2026-02-28,Bloomberg HT,"Pusula Enerji A.Ş., 2026 yılında Metal ve Makine sektöründe 26 milyon TL'lik yeni yatırım kararı aldığını açıkladı.",olumlu
N00107,F00156,2025-05-06,Hürriyet Ekonomi,"Pusula Enerji A.Ş., 2025 yılında Metal ve Makine sektöründe 452 milyon TL'lik yeni yatırım kararı aldığını açıkladı.",olumlu
N00108,F00211,2025-08-14,Sözcü,Damla İnşaat Ltd. Şti. hakkında Mersin Ticaret Mahkemesi'nde alacaklılarla ilgili dava açıldığı öğrenildi.,olumsuz
N00109,F00211,2023-09-24,Sözcü,"Damla İnşaat Ltd. Şti., yönetim kurulu üyeliklerinde değişikliğe gitti.",notr
N00110,F00087,2023-03-29,Sözcü,Yıldız İnşaat Ltd. Şti. hakkında konkordato talebiyle ilgili haberler gündeme geldi.,olumsuz
N00111,F00087,2026-02-24,Dünya Gazetesi,"Yıldız İnşaat Ltd. Şti., 2026 yılı genel kurul toplantısını Adana'de gerçekleştirdi.",notr
N00112,F00169,2026-06-14,Dünya Gazetesi,"Kıvılcım Tarım A.Ş. yönetimi, 2026 yılı ilk yarısında cironun beklentilerin üzerinde arttığını bildirdi.",olumlu
N00113,F00995,2026-02-09,Sözcü,"Ege Metal Ltd. Şti., yeni ihracat pazarlarına açılarak uluslararası büyüme hedeflerini yükseltti.",olumlu
N00114,F00995,2025-02-11,Hürriyet Ekonomi,"Ege Metal Ltd. Şti., yeni ihracat pazarlarına açılarak uluslararası büyüme hedeflerini yükseltti.",olumlu
N00115,F00995,2026-02-26,Sözcü,"Ege Metal Ltd. Şti., 2026 yılında Perakende Ticaret sektöründe 161 milyon TL'lik yeni yatırım kararı aldığını açıkladı.",olumlu
N00116,F00052,2025-04-02,Hürriyet Ekonomi,Bumerang Tarım Ltd. Şti. hakkında konkordato talebiyle ilgili haberler gündeme geldi.,olumsuz
N00117,F00439,2022-06-27,Sözcü,"Mavera Turizm A.Ş., 2022 yılında Lojistik sektöründe 398 milyon TL'lik yeni yatırım kararı aldığını açıkladı.",olumlu
N00118,F00550,2024-08-09,Sözcü,"Toprak Makine A.Ş., 2024 yılında Perakende Ticaret sektöründe 300 milyon TL'lik yeni yatırım kararı aldığını açıkladı.",olumlu
N00119,F00550,2026-04-05,Sözcü,Toprak Makine A.Ş. hakkında Ankara Ticaret Mahkemesi'nde alacaklılarla ilgili dava açıldığı öğrenildi.,olumsuz
N00120,F00491,2022-10-13,Dünya Gazetesi,Bahar Tekstil Ltd. Şti. hakkında İstanbul Ticaret Mahkemesi'nde alacaklılarla ilgili dava açıldığı öğrenildi.,olumsuz
N00121,F00491,2026-05-10,Ekonomim,"Bahar Tekstil Ltd. Şti., 2026 yılında nakit akışı sorunları nedeniyle bazı ödemelerini erteledi.",olumsuz
N00122,F00426,2025-10-06,Bloomberg HT,"Toprak Otomotiv Ltd. Şti., 2025 yılında Enerji sektöründe 334 milyon TL'lik yeni yatırım kararı aldığını açıkladı.",olumlu
N00123,F00136,2024-03-14,Hürriyet Ekonomi,"Zirve Tarım Ltd. Şti., 2024 yılında Otomotiv sektöründe 98 milyon TL'lik yeni yatırım kararı aldığını açıkladı.",olumlu
N00124,F00136,2025-04-20,Sözcü,"Zirve Tarım Ltd. Şti., 2025 yılı genel kurul toplantısını Adana'de gerçekleştirdi.",notr
N00125,F00136,2024-06-06,Sözcü,"Zirve Tarım Ltd. Şti., 2024 yılında nakit akışı sorunları nedeniyle bazı ödemelerini erteledi.",olumsuz
N00126,F01192,2026-08-23,Bloomberg HT,"Vadi Makine A.Ş., İzmir'deki üretim kapasitesini artırmak için genişleme planlarını duyurdu.",olumlu
N00127,F00055,2026-02-22,Hürriyet Ekonomi,"Vadi Kimya Ltd. Şti., 2026 yılı genel kurul toplantısını Kayseri'de gerçekleştirdi.",notr
N00128,F00079,2026-08-08,Dünya Gazetesi,"Damla Enerji Ltd. Şti., 2026 yılında Sağlık sektöründe 21 milyon TL'lik yeni yatırım kararı aldığını açıkladı.",olumlu
N00129,F00431,2026-06-20,Dünya Gazetesi,"Nokta Turizm A.Ş. yönetimi, 2026 yılı ilk yarısında cironun beklentilerin üzerinde arttığını bildirdi.",olumlu
N00130,F00431,2025-08-05,Bloomberg HT,Nokta Turizm A.Ş. hakkında İstanbul Ticaret Mahkemesi'nde alacaklılarla ilgili dava açıldığı öğrenildi.,olumsuz
N00131,F00431,2024-02-18,Bloomberg HT,"Nokta Turizm A.Ş., İstanbul'deki üretim kapasitesini artırmak için genişleme planlarını duyurdu.",olumlu
N00132,F00185,2024-05-04,Ekonomim,"Erguvan Tarım A.Ş., yönetim kurulu üyeliklerinde değişikliğe gitti.",notr
N00133,F00057,2022-01-04,Ekonomim,"Damla Enerji Ltd. Şti., yönetim kurulu üyeliklerinde değişikliğe gitti.",notr
N00134,F00943,2025-03-18,Bloomberg HT,"Pusula Holding Ltd. Şti., yeni ihracat pazarlarına açılarak uluslararası büyüme hedeflerini yükseltti.",olumlu
N00135,F00943,2024-08-31,Hürriyet Ekonomi,"Pusula Holding Ltd. Şti. yönetimi, sektördeki daralma nedeniyle küçülme kararı aldığını duyurdu.",olumsuz
N00136,F00851,2024-09-13,Hürriyet Ekonomi,"Yörünge Turizm A.Ş., 2024 yılında Finans ve Sigorta sektöründe 195 milyon TL'lik yeni yatırım kararı aldığını açıkladı.",olumlu
N00137,F01164,2022-04-06,Bloomberg HT,"Meridyen Grup A.Ş., yönetim kurulu üyeliklerinde değişikliğe gitti.",notr
N00138,F01164,2025-08-01,Sözcü,"Meridyen Grup A.Ş. yönetimi, 2025 yılı ilk yarısında cironun beklentilerin üzerinde arttığını bildirdi.",olumlu
N00139,F01164,2022-11-29,Sözcü,"Meridyen Grup A.Ş. yönetimi, sektördeki daralma nedeniyle küçülme kararı aldığını duyurdu.",olumsuz
N00140,F00219,2025-02-05,Hürriyet Ekonomi,"Pusula Yazılım A.Ş., sektör raporlarında Gıda ve İçecek alanındaki oyunculardan biri olarak yer aldı.",notr
N00141,F00219,2024-02-14,Ekonomim,"Pusula Yazılım A.Ş., İstanbul'deki üretim kapasitesini artırmak için genişleme planlarını duyurdu.",olumlu
N00142,F00219,2024-10-09,Bloomberg HT,"Pusula Yazılım A.Ş., İstanbul'deki üretim kapasitesini artırmak için genişleme planlarını duyurdu.",olumlu
N00143,F00845,2023-01-02,Hürriyet Ekonomi,"Pusula Lojistik A.Ş., sektör raporlarında Otomotiv alanındaki oyunculardan biri olarak yer aldı.",notr
N00144,F00114,2024-01-27,Ekonomim,"Doruk Teknoloji A.Ş., yönetim kurulu üyeliklerinde değişikliğe gitti.",notr
N00145,F00114,2026-01-26,Bloomberg HT,"Doruk Teknoloji A.Ş., yeni ihracat pazarlarına açılarak uluslararası büyüme hedeflerini yükseltti.",olumlu
N00146,F00549,2024-11-03,Hürriyet Ekonomi,"Kıvılcım Metal A.Ş., sektör raporlarında Bilişim ve Yazılım alanındaki oyunculardan biri olarak yer aldı.",notr
N00147,F01019,2022-08-17,Ekonomim,"Mavera Sistem Ltd. Şti., 2022 yılında nakit akışı sorunları nedeniyle bazı ödemelerini erteledi.",olumsuz
N00148,F01073,2024-01-14,Sözcü,"Çınar Teknoloji A.Ş., 2024 yılı genel kurul toplantısını Trabzon'de gerçekleştirdi.",notr
N00149,F00175,2026-06-30,Sözcü,"Toros Enerji Ltd. Şti., 2026 yılı genel kurul toplantısını İzmir'de gerçekleştirdi.",notr
N00150,F00175,2022-07-01,Hürriyet Ekonomi,"Toros Enerji Ltd. Şti., 2022 yılında nakit akışı sorunları nedeniyle bazı ödemelerini erteledi.",olumsuz
N00151,F01023,2026-06-22,Hürriyet Ekonomi,Zirve Endüstri Ltd. Şti. hakkında İstanbul Ticaret Mahkemesi'nde alacaklılarla ilgili dava açıldığı öğrenildi.,olumsuz
N00152,F01023,2025-02-02,Dünya Gazetesi,"Zirve Endüstri Ltd. Şti., 2025 yılı genel kurul toplantısını İstanbul'de gerçekleştirdi.",notr
N00153,F00616,2023-02-06,Bloomberg HT,"Aydın Metal Ltd. Şti., 2023 yılında Eğitim sektöründe 389 milyon TL'lik yeni yatırım kararı aldığını açıkladı.",olumlu
N00154,F00616,2025-04-26,Sözcü,"Aydın Metal Ltd. Şti., yönetim kurulu üyeliklerinde değişikliğe gitti.",notr
N00155,F00514,2026-01-16,Hürriyet Ekonomi,"Kaptan Enerji Ltd. Şti. yönetimi, 2026 yılı ilk yarısında cironun beklentilerin üzerinde arttığını bildirdi.",olumlu
N00156,F00462,2022-12-06,Bloomberg HT,"Erguvan Gıda Ltd. Şti. yönetimi, 2022 yılı ilk yarısında cironun beklentilerin üzerinde arttığını bildirdi.",olumlu
N00157,F00287,2023-06-23,Hürriyet Ekonomi,"Kaptan Grup Ltd. Şti., sektör raporlarında Bilişim ve Yazılım alanındaki oyunculardan biri olarak yer aldı.",notr
N00158,F00287,2025-09-13,Dünya Gazetesi,"Kaptan Grup Ltd. Şti., yönetim kurulu üyeliklerinde değişikliğe gitti.",notr
N00159,F00287,2022-04-03,Bloomberg HT,Kaptan Grup Ltd. Şti. hakkında konkordato talebiyle ilgili haberler gündeme geldi.,olumsuz
N00160,F00382,2022-08-27,Sözcü,"Rüzgar Sistem Ltd. Şti. yönetimi, 2022 yılı ilk yarısında cironun beklentilerin üzerinde arttığını bildirdi.",olumlu
N00161,F01008,2023-10-31,Sözcü,"Umut Enerji A.Ş., sektör raporlarında Metal ve Makine alanındaki oyunculardan biri olarak yer aldı.",notr
N00162,F01008,2026-04-12,Dünya Gazetesi,"Umut Enerji A.Ş., 2026 yılı genel kurul toplantısını Gaziantep'de gerçekleştirdi.",notr
N00163,F00671,2023-04-21,Sözcü,"Doğuş Ticaret Ltd. Şti., yönetim kurulu üyeliklerinde değişikliğe gitti.",notr
N00164,F00671,2026-08-25,Sözcü,"Doğuş Ticaret Ltd. Şti., yeni ihracat pazarlarına açılarak uluslararası büyüme hedeflerini yükseltti.",olumlu
N00165,F00535,2024-05-22,Hürriyet Ekonomi,"Nokta Tarım Ltd. Şti. yönetimi, 2024 yılı ilk yarısında cironun beklentilerin üzerinde arttığını bildirdi.",olumlu
N00166,F00910,2024-07-11,Dünya Gazetesi,"Mavera Sistem Ltd. Şti., yönetim kurulu üyeliklerinde değişikliğe gitti.",notr
N00167,F00910,2023-09-24,Bloomberg HT,"Mavera Sistem Ltd. Şti. yönetimi, 2023 yılı ilk yarısında cironun beklentilerin üzerinde arttığını bildirdi.",olumlu
N00168,F00910,2023-07-07,Sözcü,"Mavera Sistem Ltd. Şti., İstanbul'deki üretim kapasitesini artırmak için genişleme planlarını duyurdu.",olumlu
N00169,F00293,2023-06-22,Dünya Gazetesi,"Kaptan İnşaat A.Ş. yönetimi, 2023 yılı ilk yarısında cironun beklentilerin üzerinde arttığını bildirdi.",olumlu
N00170,F00293,2024-01-31,Sözcü,"Kaptan İnşaat A.Ş., yönetim kurulu üyeliklerinde değişikliğe gitti.",notr
N00171,F00124,2024-10-14,Bloomberg HT,"Doruk Lojistik Ltd. Şti. yönetimi, sektördeki daralma nedeniyle küçülme kararı aldığını duyurdu.",olumsuz
N00172,F00124,2025-03-02,Ekonomim,Doruk Lojistik Ltd. Şti. hakkında Ankara Ticaret Mahkemesi'nde alacaklılarla ilgili dava açıldığı öğrenildi.,olumsuz
N00173,F00583,2023-10-21,Bloomberg HT,Cevher İnşaat Ltd. Şti. hakkında İstanbul Ticaret Mahkemesi'nde alacaklılarla ilgili dava açıldığı öğrenildi.,olumsuz
N00174,F00141,2024-10-12,Sözcü,"Mavera Yapı Ltd. Şti., yeni ihracat pazarlarına açılarak uluslararası büyüme hedeflerini yükseltti.",olumlu
N00175,F00141,2023-09-05,Ekonomim,"Mavera Yapı Ltd. Şti. yönetimi, 2023 yılı ilk yarısında cironun beklentilerin üzerinde arttığını bildirdi.",olumlu
N00176,F00736,2026-03-12,Dünya Gazetesi,"Damla İnşaat Ltd. Şti., sektör raporlarında Tarım alanındaki oyunculardan biri olarak yer aldı.",notr
N00177,F00736,2025-04-24,Hürriyet Ekonomi,"Damla İnşaat Ltd. Şti. yönetimi, 2025 yılı ilk yarısında cironun beklentilerin üzerinde arttığını bildirdi.",olumlu
N00178,F00082,2023-06-28,Ekonomim,"Pusula Kimya A.Ş., yeni ihracat pazarlarına açılarak uluslararası büyüme hedeflerini yükseltti.",olumlu
N00179,F00082,2025-04-06,Sözcü,"Pusula Kimya A.Ş., yönetim kurulu üyeliklerinde değişikliğe gitti.",notr
N00180,F00882,2022-02-15,Hürriyet Ekonomi,"Kıvılcım Tekstil Ltd. Şti., 2022 yılında Eğitim sektöründe 63 milyon TL'lik yeni yatırım kararı aldığını açıkladı.",olumlu
N00181,F00882,2024-02-02,Dünya Gazetesi,"Kıvılcım Tekstil Ltd. Şti. yönetimi, 2024 yılı ilk yarısında cironun beklentilerin üzerinde arttığını bildirdi.",olumlu
N00182,F00740,2026-08-07,Ekonomim,"Damla Tarım Ltd. Şti., İstanbul'deki üretim kapasitesini artırmak için genişleme planlarını duyurdu.",olumlu
N00183,F00740,2022-04-26,Bloomberg HT,"Damla Tarım Ltd. Şti., sektör raporlarında Gıda ve İçecek alanındaki oyunculardan biri olarak yer aldı.",notr
N00184,F01102,2026-04-26,Ekonomim,Umut Tarım Ltd. Şti. hakkında konkordato talebiyle ilgili haberler gündeme geldi.,olumsuz
N00185,F01102,2026-03-28,Sözcü,"Umut Tarım Ltd. Şti., 2026 yılında Tekstil sektöründe 434 milyon TL'lik yeni yatırım kararı aldığını açıkladı.",olumlu
N00186,F01102,2022-12-04,Sözcü,"Umut Tarım Ltd. Şti., 2022 yılı genel kurul toplantısını Kayseri'de gerçekleştirdi.",notr
N00187,F00909,2026-03-03,Ekonomim,"Kaptan Otomotiv Ltd. Şti., sektör raporlarında Bilişim ve Yazılım alanındaki oyunculardan biri olarak yer aldı.",notr
N00188,F01167,2024-07-09,Dünya Gazetesi,Bereket Tekstil A.Ş. hakkında konkordato talebiyle ilgili haberler gündeme geldi.,olumsuz
N00189,F01167,2026-08-22,Hürriyet Ekonomi,"Bereket Tekstil A.Ş., yeni ihracat pazarlarına açılarak uluslararası büyüme hedeflerini yükseltti.",olumlu
N00190,F00937,2026-07-19,Bloomberg HT,"Ege Ticaret A.Ş., 2026 yılında Finans ve Sigorta sektöründe 335 milyon TL'lik yeni yatırım kararı aldığını açıkladı.",olumlu
N00191,F00937,2024-02-19,Hürriyet Ekonomi,"Ege Ticaret A.Ş., 2024 yılı genel kurul toplantısını İzmir'de gerçekleştirdi.",notr
N00192,F00372,2026-05-14,Hürriyet Ekonomi,"Kaptan Endüstri A.Ş., yeni ihracat pazarlarına açılarak uluslararası büyüme hedeflerini yükseltti.",olumlu
N00193,F00372,2024-12-18,Hürriyet Ekonomi,"Kaptan Endüstri A.Ş., 2024 yılında nakit akışı sorunları nedeniyle bazı ödemelerini erteledi.",olumsuz
N00194,F00890,2024-01-22,Dünya Gazetesi,Anka Makine A.Ş. hakkında konkordato talebiyle ilgili haberler gündeme geldi.,olumsuz
N00195,F00157,2024-01-03,Ekonomim,"Toprak Metal A.Ş., yönetim kurulu üyeliklerinde değişikliğe gitti.",notr
N00196,F00157,2026-04-30,Dünya Gazetesi,"Toprak Metal A.Ş., 2026 yılında nakit akışı sorunları nedeniyle bazı ödemelerini erteledi.",olumsuz
N00197,F00992,2022-09-14,Ekonomim,"Bereket Otomotiv Ltd. Şti. yönetimi, 2022 yılı ilk yarısında cironun beklentilerin üzerinde arttığını bildirdi.",olumlu
N00198,F00992,2022-07-12,Ekonomim,"Bereket Otomotiv Ltd. Şti., sektör raporlarında Finans ve Sigorta alanındaki oyunculardan biri olarak yer aldı.",notr
N00199,F00992,2026-04-13,Bloomberg HT,"Bereket Otomotiv Ltd. Şti., 2026 yılında Finans ve Sigorta sektöründe 315 milyon TL'lik yeni yatırım kararı aldığını açıkladı.",olumlu
N00200,F00622,2026-02-15,Dünya Gazetesi,"Toprak Teknoloji Ltd. Şti., yeni ihracat pazarlarına açılarak uluslararası büyüme hedeflerini yükseltti.",olumlu
N00201,F00622,2026-03-20,Hürriyet Ekonomi,"Toprak Teknoloji Ltd. Şti., 2026 yılında Tarım sektöründe 5 milyon TL'lik yeni yatırım kararı aldığını açıkladı.",olumlu
N00202,F01038,2026-07-16,Hürriyet Ekonomi,"Yıldız Lojistik A.Ş., yeni ihracat pazarlarına açılarak uluslararası büyüme hedeflerini yükseltti.",olumlu
N00203,F01038,2022-04-30,Dünya Gazetesi,Yıldız Lojistik A.Ş. hakkında Kayseri Ticaret Mahkemesi'nde alacaklılarla ilgili dava açıldığı öğrenildi.,olumsuz
N00204,F00245,2023-11-21,Dünya Gazetesi,"Pusula Makine A.Ş. yönetimi, sektördeki daralma nedeniyle küçülme kararı aldığını duyurdu.",olumsuz
N00205,F00159,2025-03-27,Ekonomim,"Sahil Gıda A.Ş., 2025 yılı genel kurul toplantısını İzmir'de gerçekleştirdi.",notr
N00206,F00746,2024-07-15,Hürriyet Ekonomi,"Meridyen Makine Ltd. Şti., yönetim kurulu üyeliklerinde değişikliğe gitti.",notr
N00207,F00746,2025-01-10,Hürriyet Ekonomi,"Meridyen Makine Ltd. Şti., sektör raporlarında Eğitim alanındaki oyunculardan biri olarak yer aldı.",notr
N00208,F00193,2026-05-03,Ekonomim,"Sahil Metal A.Ş. yönetimi, sektördeki daralma nedeniyle küçülme kararı aldığını duyurdu.",olumsuz
N00209,F00193,2024-05-13,Bloomberg HT,"Sahil Metal A.Ş., 2024 yılında Enerji sektöründe 460 milyon TL'lik yeni yatırım kararı aldığını açıkladı.",olumlu
N00210,F00534,2023-05-22,Bloomberg HT,"Kıvılcım Turizm A.Ş., yönetim kurulu üyeliklerinde değişikliğe gitti.",notr
N00211,F00904,2023-07-26,Hürriyet Ekonomi,"Zirve İnşaat A.Ş. yönetimi, 2023 yılı ilk yarısında cironun beklentilerin üzerinde arttığını bildirdi.",olumlu
N00212,F01004,2026-06-24,Hürriyet Ekonomi,"Doruk Tarım A.Ş., yönetim kurulu üyeliklerinde değişikliğe gitti.",notr
N00213,F01070,2023-04-04,Hürriyet Ekonomi,"Erguvan Endüstri A.Ş., 2023 yılında Tekstil sektöründe 138 milyon TL'lik yeni yatırım kararı aldığını açıkladı.",olumlu
N00214,F01070,2023-11-20,Bloomberg HT,"Erguvan Endüstri A.Ş., yeni ihracat pazarlarına açılarak uluslararası büyüme hedeflerini yükseltti.",olumlu
N00215,F00414,2022-10-12,Dünya Gazetesi,"Umut Holding A.Ş., yeni ihracat pazarlarına açılarak uluslararası büyüme hedeflerini yükseltti.",olumlu
N00216,F01187,2023-06-11,Ekonomim,"Meridyen Ticaret A.Ş., 2023 yılı genel kurul toplantısını Ankara'de gerçekleştirdi.",notr
N00217,F00328,2023-01-04,Dünya Gazetesi,"Berrak Danışmanlık Ltd. Şti., yeni ihracat pazarlarına açılarak uluslararası büyüme hedeflerini yükseltti.",olumlu
N00218,F00129,2024-05-28,Dünya Gazetesi,Toprak Yapı Ltd. Şti. hakkında konkordato talebiyle ilgili haberler gündeme geldi.,olumsuz
N00219,F00129,2024-06-08,Sözcü,"Toprak Yapı Ltd. Şti., İstanbul'deki üretim kapasitesini artırmak için genişleme planlarını duyurdu.",olumlu
N00220,F00695,2026-06-09,Dünya Gazetesi,"Kaptan Kimya Ltd. Şti., sektör raporlarında Perakende Ticaret alanındaki oyunculardan biri olarak yer aldı.",notr
N00221,F00631,2025-10-14,Ekonomim,"Kervan Grup A.Ş. yönetimi, sektördeki daralma nedeniyle küçülme kararı aldığını duyurdu.",olumsuz
N00222,F00631,2023-01-13,Dünya Gazetesi,"Kervan Grup A.Ş., yönetim kurulu üyeliklerinde değişikliğe gitti.",notr
N00223,F00275,2026-01-31,Sözcü,"Pusula Otomotiv Ltd. Şti., yönetim kurulu üyeliklerinde değişikliğe gitti.",notr
N00224,F01148,2026-07-12,Hürriyet Ekonomi,"Kıvılcım Metal A.Ş., yeni ihracat pazarlarına açılarak uluslararası büyüme hedeflerini yükseltti.",olumlu
N00225,F01148,2024-06-14,Dünya Gazetesi,"Kıvılcım Metal A.Ş., 2024 yılında Enerji sektöründe 330 milyon TL'lik yeni yatırım kararı aldığını açıkladı.",olumlu
N00226,F00309,2026-08-24,Bloomberg HT,"Toros Otomotiv A.Ş., sektör raporlarında Turizm ve Konaklama alanındaki oyunculardan biri olarak yer aldı.",notr
N00227,F00309,2024-12-15,Hürriyet Ekonomi,"Toros Otomotiv A.Ş., sektör raporlarında Turizm ve Konaklama alanındaki oyunculardan biri olarak yer aldı.",notr
N00228,F00234,2022-12-10,Ekonomim,Nokta Yapı Ltd. Şti. hakkında konkordato talebiyle ilgili haberler gündeme geldi.,olumsuz
N00229,F01048,2022-09-06,Dünya Gazetesi,"Rüzgar Gıda A.Ş., 2022 yılı genel kurul toplantısını Trabzon'de gerçekleştirdi.",notr
N00230,F00623,2024-09-03,Ekonomim,"Bumerang Holding Ltd. Şti., 2024 yılında Turizm ve Konaklama sektöründe 129 milyon TL'lik yeni yatırım kararı aldığını açıkladı.",olumlu
N00231,F00623,2022-06-15,Sözcü,"Bumerang Holding Ltd. Şti., 2022 yılı genel kurul toplantısını Konya'de gerçekleştirdi.",notr
N00232,F00644,2023-10-15,Bloomberg HT,"Umut Tekstil Ltd. Şti., yönetim kurulu üyeliklerinde değişikliğe gitti.",notr
N00233,F00479,2023-01-28,Sözcü,Zirve Yapı A.Ş. hakkında konkordato talebiyle ilgili haberler gündeme geldi.,olumsuz
N00234,F00472,2024-09-27,Sözcü,"Yörünge Tarım Ltd. Şti., yönetim kurulu üyeliklerinde değişikliğe gitti.",notr
N00235,F00472,2024-03-04,Hürriyet Ekonomi,"Yörünge Tarım Ltd. Şti. yönetimi, 2024 yılı ilk yarısında cironun beklentilerin üzerinde arttığını bildirdi.",olumlu
N00236,F00472,2026-06-22,Dünya Gazetesi,"Yörünge Tarım Ltd. Şti. yönetimi, 2026 yılı ilk yarısında cironun beklentilerin üzerinde arttığını bildirdi.",olumlu
N00237,F00926,2025-07-31,Bloomberg HT,"Bereket Kimya Ltd. Şti. yönetimi, 2025 yılı ilk yarısında cironun beklentilerin üzerinde arttığını bildirdi.",olumlu
N00238,F00926,2026-08-12,Bloomberg HT,"Bereket Kimya Ltd. Şti., yönetim kurulu üyeliklerinde değişikliğe gitti.",notr
N00239,F01098,2024-10-16,Ekonomim,"Berrak Otomotiv Ltd. Şti. yönetimi, 2024 yılı ilk yarısında cironun beklentilerin üzerinde arttığını bildirdi.",olumlu
N00240,F00627,2026-07-05,Hürriyet Ekonomi,"Mavera Teknoloji Ltd. Şti., Ankara'deki üretim kapasitesini artırmak için genişleme planlarını duyurdu.",olumlu
N00241,F00627,2022-04-12,Bloomberg HT,"Mavera Teknoloji Ltd. Şti., Ankara'deki üretim kapasitesini artırmak için genişleme planlarını duyurdu.",olumlu
N00242,F00395,2026-04-24,Bloomberg HT,"Yıldız Endüstri Ltd. Şti., yeni ihracat pazarlarına açılarak uluslararası büyüme hedeflerini yükseltti.",olumlu
N00243,F00395,2026-04-09,Ekonomim,"Yıldız Endüstri Ltd. Şti., 2026 yılında nakit akışı sorunları nedeniyle bazı ödemelerini erteledi.",olumsuz
N00244,F00395,2026-08-13,Ekonomim,"Yıldız Endüstri Ltd. Şti. yönetimi, 2026 yılı ilk yarısında cironun beklentilerin üzerinde arttığını bildirdi.",olumlu
N00245,F00637,2024-08-11,Hürriyet Ekonomi,"Umut Gıda Ltd. Şti. yönetimi, sektördeki daralma nedeniyle küçülme kararı aldığını duyurdu.",olumsuz
N00246,F00768,2023-09-24,Dünya Gazetesi,"Yörünge Otomotiv A.Ş., yeni ihracat pazarlarına açılarak uluslararası büyüme hedeflerini yükseltti.",olumlu
N00247,F00768,2022-05-14,Sözcü,"Yörünge Otomotiv A.Ş. yönetimi, 2022 yılı ilk yarısında cironun beklentilerin üzerinde arttığını bildirdi.",olumlu
N00248,F00768,2026-04-22,Dünya Gazetesi,"Yörünge Otomotiv A.Ş., yönetim kurulu üyeliklerinde değişikliğe gitti.",notr
N00249,F00533,2024-12-07,Hürriyet Ekonomi,"Zirve Teknoloji A.Ş., yeni ihracat pazarlarına açılarak uluslararası büyüme hedeflerini yükseltti.",olumlu
N00250,F00533,2022-05-05,Sözcü,"Zirve Teknoloji A.Ş. yönetimi, 2022 yılı ilk yarısında cironun beklentilerin üzerinde arttığını bildirdi.",olumlu
N00251,F00718,2024-10-07,Sözcü,"Yörünge Yazılım Ltd. Şti., Ankara'deki üretim kapasitesini artırmak için genişleme planlarını duyurdu.",olumlu
N00252,F00718,2026-01-03,Dünya Gazetesi,Yörünge Yazılım Ltd. Şti. hakkında Ankara Ticaret Mahkemesi'nde alacaklılarla ilgili dava açıldığı öğrenildi.,olumsuz
N00253,F00667,2023-10-23,Bloomberg HT,"Sahil Metal Ltd. Şti., Eskişehir'deki üretim kapasitesini artırmak için genişleme planlarını duyurdu.",olumlu
N00254,F00667,2025-03-26,Ekonomim,"Sahil Metal Ltd. Şti., 2025 yılı genel kurul toplantısını Eskişehir'de gerçekleştirdi.",notr
N00255,F00667,2025-01-03,Dünya Gazetesi,"Sahil Metal Ltd. Şti., 2025 yılı genel kurul toplantısını Eskişehir'de gerçekleştirdi.",notr
N00256,F00598,2026-07-05,Dünya Gazetesi,Zirve Teknoloji A.Ş. hakkında İzmir Ticaret Mahkemesi'nde alacaklılarla ilgili dava açıldığı öğrenildi.,olumsuz
N00257,F00482,2025-03-06,Bloomberg HT,"Çınar Makine Ltd. Şti. yönetimi, sektördeki daralma nedeniyle küçülme kararı aldığını duyurdu.",olumsuz
N00258,F01103,2022-01-09,Ekonomim,"Berrak İnşaat Ltd. Şti., 2022 yılında Metal ve Makine sektöründe 80 milyon TL'lik yeni yatırım kararı aldığını açıkladı.",olumlu
N00259,F00315,2025-12-03,Hürriyet Ekonomi,"Erguvan Kimya Ltd. Şti., 2025 yılı genel kurul toplantısını Bursa'de gerçekleştirdi.",notr
N00260,F00315,2024-12-05,Ekonomim,"Erguvan Kimya Ltd. Şti., yeni ihracat pazarlarına açılarak uluslararası büyüme hedeflerini yükseltti.",olumlu
N00261,F00729,2024-09-22,Sözcü,"Doruk Lojistik Ltd. Şti. yönetimi, 2024 yılı ilk yarısında cironun beklentilerin üzerinde arttığını bildirdi.",olumlu
N00262,F00210,2024-11-25,Ekonomim,"Kıvılcım Lojistik Ltd. Şti., sektör raporlarında Kimya alanındaki oyunculardan biri olarak yer aldı.",notr
N00263,F00934,2022-06-11,Bloomberg HT,"Doruk Yapı A.Ş., 2022 yılı genel kurul toplantısını Samsun'de gerçekleştirdi.",notr
N00264,F00934,2023-03-01,Sözcü,Doruk Yapı A.Ş. hakkında konkordato talebiyle ilgili haberler gündeme geldi.,olumsuz
N00265,F00434,2023-01-17,Sözcü,"Aydın Yazılım A.Ş., sektör raporlarında Sağlık alanındaki oyunculardan biri olarak yer aldı.",notr
N00266,F00329,2025-06-23,Dünya Gazetesi,"Toros İnşaat A.Ş. yönetimi, sektördeki daralma nedeniyle küçülme kararı aldığını duyurdu.",olumsuz
N00267,F00261,2026-06-04,Bloomberg HT,"Doğuş Danışmanlık A.Ş., 2026 yılında Perakende Ticaret sektöründe 438 milyon TL'lik yeni yatırım kararı aldığını açıkladı.",olumlu
N00268,F01117,2026-01-16,Sözcü,"Damla Yapı Ltd. Şti. yönetimi, 2026 yılı ilk yarısında cironun beklentilerin üzerinde arttığını bildirdi.",olumlu
N00269,F01117,2026-03-02,Hürriyet Ekonomi,"Damla Yapı Ltd. Şti., 2026 yılında Eğitim sektöründe 137 milyon TL'lik yeni yatırım kararı aldığını açıkladı.",olumlu
N00270,F00307,2023-02-22,Dünya Gazetesi,"Umut Yapı A.Ş. yönetimi, 2023 yılı ilk yarısında cironun beklentilerin üzerinde arttığını bildirdi.",olumlu
N00271,F00307,2023-11-02,Dünya Gazetesi,"Umut Yapı A.Ş., Ankara'deki üretim kapasitesini artırmak için genişleme planlarını duyurdu.",olumlu
N00272,F00307,2025-05-07,Ekonomim,"Umut Yapı A.Ş., 2025 yılında Otomotiv sektöründe 37 milyon TL'lik yeni yatırım kararı aldığını açıkladı.",olumlu
N00273,F01067,2023-02-22,Hürriyet Ekonomi,"Çınar Gıda Ltd. Şti., İzmir'deki üretim kapasitesini artırmak için genişleme planlarını duyurdu.",olumlu
N00274,F01067,2023-06-07,Hürriyet Ekonomi,"Çınar Gıda Ltd. Şti., yeni ihracat pazarlarına açılarak uluslararası büyüme hedeflerini yükseltti.",olumlu
N00275,F00928,2024-09-02,Sözcü,"Toros Tekstil Ltd. Şti., yönetim kurulu üyeliklerinde değişikliğe gitti.",notr
N00276,F01025,2026-04-17,Ekonomim,"Kıvılcım Holding A.Ş. yönetimi, 2026 yılı ilk yarısında cironun beklentilerin üzerinde arttığını bildirdi.",olumlu
N00277,F00271,2024-07-09,Ekonomim,"Yörünge Endüstri Ltd. Şti., sektör raporlarında İnşaat alanındaki oyunculardan biri olarak yer aldı.",notr
N00278,F00291,2025-08-10,Bloomberg HT,"Meridyen Endüstri A.Ş., 2025 yılında Turizm ve Konaklama sektöründe 117 milyon TL'lik yeni yatırım kararı aldığını açıkladı.",olumlu
N00279,F00291,2026-04-09,Dünya Gazetesi,"Meridyen Endüstri A.Ş., sektör raporlarında Turizm ve Konaklama alanındaki oyunculardan biri olarak yer aldı.",notr
N00280,F00291,2023-11-30,Dünya Gazetesi,"Meridyen Endüstri A.Ş., yönetim kurulu üyeliklerinde değişikliğe gitti.",notr
N00281,F00813,2023-09-25,Bloomberg HT,"Deniz İnşaat A.Ş., 2023 yılı genel kurul toplantısını Ankara'de gerçekleştirdi.",notr
N00282,F00813,2024-09-25,Hürriyet Ekonomi,"Deniz İnşaat A.Ş., 2024 yılı genel kurul toplantısını Ankara'de gerçekleştirdi.",notr
N00283,F00097,2022-05-07,Dünya Gazetesi,"Vadi Endüstri Ltd. Şti., Antalya'deki üretim kapasitesini artırmak için genişleme planlarını duyurdu.",olumlu
N00284,F00888,2025-01-08,Sözcü,"Toros Kimya A.Ş. yönetimi, 2025 yılı ilk yarısında cironun beklentilerin üzerinde arttığını bildirdi.",olumlu
N00285,F00819,2026-05-20,Sözcü,"Sahil Grup Ltd. Şti., sektör raporlarında Sağlık alanındaki oyunculardan biri olarak yer aldı.",notr
N00286,F00819,2022-04-22,Bloomberg HT,"Sahil Grup Ltd. Şti., yeni ihracat pazarlarına açılarak uluslararası büyüme hedeflerini yükseltti.",olumlu
N00287,F00032,2024-11-28,Bloomberg HT,"Rüzgar Kimya Ltd. Şti., yeni ihracat pazarlarına açılarak uluslararası büyüme hedeflerini yükseltti.",olumlu
N00288,F00032,2025-10-21,Hürriyet Ekonomi,"Rüzgar Kimya Ltd. Şti., sektör raporlarında Perakende Ticaret alanındaki oyunculardan biri olarak yer aldı.",notr
N00289,F00763,2023-07-19,Ekonomim,"Toprak Tarım A.Ş. yönetimi, 2023 yılı ilk yarısında cironun beklentilerin üzerinde arttığını bildirdi.",olumlu
N00290,F00763,2023-12-19,Sözcü,"Toprak Tarım A.Ş., 2023 yılı genel kurul toplantısını İzmir'de gerçekleştirdi.",notr
N00291,F00763,2026-08-15,Bloomberg HT,"Toprak Tarım A.Ş., 2026 yılında Turizm ve Konaklama sektöründe 376 milyon TL'lik yeni yatırım kararı aldığını açıkladı.",olumlu
N00292,F00954,2022-12-21,Sözcü,"Kıvılcım Enerji A.Ş., İzmir'deki üretim kapasitesini artırmak için genişleme planlarını duyurdu.",olumlu
N00293,F00320,2022-04-08,Hürriyet Ekonomi,"Çınar Ticaret A.Ş., İzmir'deki üretim kapasitesini artırmak için genişleme planlarını duyurdu.",olumlu
N00294,F00320,2026-08-10,Hürriyet Ekonomi,"Çınar Ticaret A.Ş., yönetim kurulu üyeliklerinde değişikliğe gitti.",notr
N00295,F00299,2026-07-31,Hürriyet Ekonomi,"Bereket İnşaat A.Ş., İstanbul'deki üretim kapasitesini artırmak için genişleme planlarını duyurdu.",olumlu
N00296,F00200,2025-03-21,Dünya Gazetesi,"Zirve Endüstri Ltd. Şti. yönetimi, 2025 yılı ilk yarısında cironun beklentilerin üzerinde arttığını bildirdi.",olumlu
N00297,F00561,2024-10-09,Sözcü,"Cevher Yazılım A.Ş., yeni ihracat pazarlarına açılarak uluslararası büyüme hedeflerini yükseltti.",olumlu
N00298,F00179,2026-05-01,Sözcü,"Aydın Turizm A.Ş., yeni ihracat pazarlarına açılarak uluslararası büyüme hedeflerini yükseltti.",olumlu
N00299,F01132,2024-10-23,Hürriyet Ekonomi,"Kervan Yazılım Ltd. Şti. yönetimi, sektördeki daralma nedeniyle küçülme kararı aldığını duyurdu.",olumsuz
N00300,F00089,2024-06-17,Bloomberg HT,"Bereket Holding Ltd. Şti., Ankara'deki üretim kapasitesini artırmak için genişleme planlarını duyurdu.",olumlu
N00301,F00788,2025-07-18,Bloomberg HT,"Pusula Gıda Ltd. Şti., Eskişehir'deki üretim kapasitesini artırmak için genişleme planlarını duyurdu.",olumlu
N00302,F00788,2023-04-13,Ekonomim,"Pusula Gıda Ltd. Şti., yeni ihracat pazarlarına açılarak uluslararası büyüme hedeflerini yükseltti.",olumlu
N00303,F00788,2023-01-08,Dünya Gazetesi,"Pusula Gıda Ltd. Şti., yönetim kurulu üyeliklerinde değişikliğe gitti.",notr
N00304,F00725,2026-08-06,Ekonomim,"Erguvan Makine Ltd. Şti., yönetim kurulu üyeliklerinde değişikliğe gitti.",notr
N00305,F00827,2022-01-24,Bloomberg HT,Nokta Enerji A.Ş. hakkında konkordato talebiyle ilgili haberler gündeme geldi.,olumsuz
N00306,F00209,2023-12-20,Dünya Gazetesi,"Meridyen Lojistik A.Ş., yeni ihracat pazarlarına açılarak uluslararası büyüme hedeflerini yükseltti.",olumlu
N00307,F01040,2023-05-14,Dünya Gazetesi,"Rüzgar Makine Ltd. Şti., yönetim kurulu üyeliklerinde değişikliğe gitti.",notr
N00308,F01040,2025-01-11,Hürriyet Ekonomi,"Rüzgar Makine Ltd. Şti., 2025 yılında nakit akışı sorunları nedeniyle bazı ödemelerini erteledi.",olumsuz
N00309,F01040,2026-04-07,Bloomberg HT,"Rüzgar Makine Ltd. Şti., yönetim kurulu üyeliklerinde değişikliğe gitti.",notr
N00310,F00297,2022-02-18,Ekonomim,"Sahil Metal Ltd. Şti., sektör raporlarında Eğitim alanındaki oyunculardan biri olarak yer aldı.",notr
N00311,F00998,2023-11-10,Sözcü,"Damla Tarım Ltd. Şti., yönetim kurulu üyeliklerinde değişikliğe gitti.",notr
N00312,F00498,2026-05-03,Hürriyet Ekonomi,"Anka Ticaret Ltd. Şti., 2026 yılında Perakende Ticaret sektöründe 146 milyon TL'lik yeni yatırım kararı aldığını açıkladı.",olumlu
N00313,F00498,2024-02-20,Bloomberg HT,Anka Ticaret Ltd. Şti. hakkında Eskişehir Ticaret Mahkemesi'nde alacaklılarla ilgili dava açıldığı öğrenildi.,olumsuz
N00314,F00498,2026-06-19,Dünya Gazetesi,"Anka Ticaret Ltd. Şti., yeni ihracat pazarlarına açılarak uluslararası büyüme hedeflerini yükseltti.",olumlu
N00315,F00835,2023-12-02,Sözcü,"Damla Metal Ltd. Şti., sektör raporlarında Otomotiv alanındaki oyunculardan biri olarak yer aldı.",notr
N00316,F00835,2023-09-22,Sözcü,Damla Metal Ltd. Şti. hakkında Samsun Ticaret Mahkemesi'nde alacaklılarla ilgili dava açıldığı öğrenildi.,olumsuz
N00317,F00430,2025-09-15,Hürriyet Ekonomi,"Bahar Holding Ltd. Şti., yönetim kurulu üyeliklerinde değişikliğe gitti.",notr
N00318,F00507,2024-10-12,Ekonomim,"Deniz Tarım A.Ş., 2024 yılında nakit akışı sorunları nedeniyle bazı ödemelerini erteledi.",olumsuz
N00319,F00831,2025-09-15,Hürriyet Ekonomi,"Sahil Turizm A.Ş., sektör raporlarında Tarım alanındaki oyunculardan biri olarak yer aldı.",notr
N00320,F00694,2024-05-13,Bloomberg HT,"Cevher Danışmanlık Ltd. Şti., yeni ihracat pazarlarına açılarak uluslararası büyüme hedeflerini yükseltti.",olumlu
N00321,F00694,2026-03-03,Sözcü,"Cevher Danışmanlık Ltd. Şti., sektör raporlarında Turizm ve Konaklama alanındaki oyunculardan biri olarak yer aldı.",notr
N00322,F00011,2023-11-24,Ekonomim,"Deniz Enerji A.Ş., yeni ihracat pazarlarına açılarak uluslararası büyüme hedeflerini yükseltti.",olumlu
N00323,F00011,2024-11-18,Bloomberg HT,"Deniz Enerji A.Ş., sektör raporlarında Sağlık alanındaki oyunculardan biri olarak yer aldı.",notr
N00324,F00848,2026-05-11,Dünya Gazetesi,"Damla Otomotiv Ltd. Şti., sektör raporlarında Sağlık alanındaki oyunculardan biri olarak yer aldı.",notr
N00325,F00463,2025-12-05,Bloomberg HT,"Bahar Turizm Ltd. Şti., yeni ihracat pazarlarına açılarak uluslararası büyüme hedeflerini yükseltti.",olumlu
N00326,F00463,2026-06-12,Hürriyet Ekonomi,"Bahar Turizm Ltd. Şti., 2026 yılında Enerji sektöründe 134 milyon TL'lik yeni yatırım kararı aldığını açıkladı.",olumlu
N00327,F00463,2024-07-10,Ekonomim,"Bahar Turizm Ltd. Şti., 2024 yılında Enerji sektöründe 291 milyon TL'lik yeni yatırım kararı aldığını açıkladı.",olumlu
N00328,F00199,2025-04-09,Hürriyet Ekonomi,"Doğuş Lojistik Ltd. Şti. yönetimi, 2025 yılı ilk yarısında cironun beklentilerin üzerinde arttığını bildirdi.",olumlu
N00329,F00060,2024-02-01,Ekonomim,Umut Teknoloji A.Ş. hakkında konkordato talebiyle ilgili haberler gündeme geldi.,olumsuz
N00330,F00907,2024-10-04,Hürriyet Ekonomi,"Mavera Yazılım A.Ş., yönetim kurulu üyeliklerinde değişikliğe gitti.",notr
N00331,F00997,2026-01-04,Sözcü,"Bahar İnşaat Ltd. Şti., İzmir'deki üretim kapasitesini artırmak için genişleme planlarını duyurdu.",olumlu
N00332,F00276,2025-06-11,Sözcü,"Bumerang Holding A.Ş., 2025 yılında Gıda ve İçecek sektöründe 286 milyon TL'lik yeni yatırım kararı aldığını açıkladı.",olumlu
N00333,F00809,2024-11-08,Hürriyet Ekonomi,Toros Tekstil Ltd. Şti. hakkında Mersin Ticaret Mahkemesi'nde alacaklılarla ilgili dava açıldığı öğrenildi.,olumsuz
N00334,F00809,2026-01-07,Dünya Gazetesi,"Toros Tekstil Ltd. Şti., Mersin'deki üretim kapasitesini artırmak için genişleme planlarını duyurdu.",olumlu
N00335,F00809,2024-07-25,Sözcü,"Toros Tekstil Ltd. Şti., 2024 yılı genel kurul toplantısını Mersin'de gerçekleştirdi.",notr
N00336,F00908,2022-10-22,Bloomberg HT,"Aydın Teknoloji A.Ş., 2022 yılında Gıda ve İçecek sektöründe 154 milyon TL'lik yeni yatırım kararı aldığını açıkladı.",olumlu
N00337,F00658,2023-08-19,Dünya Gazetesi,"Vadi Holding A.Ş., 2023 yılı genel kurul toplantısını İzmir'de gerçekleştirdi.",notr
N00338,F00658,2023-10-07,Sözcü,"Vadi Holding A.Ş., yönetim kurulu üyeliklerinde değişikliğe gitti.",notr
N00339,F00957,2026-06-19,Sözcü,"Toprak İnşaat Ltd. Şti., Bursa'deki üretim kapasitesini artırmak için genişleme planlarını duyurdu.",olumlu
N00340,F00886,2025-07-21,Hürriyet Ekonomi,"Aydın Tekstil A.Ş., yeni ihracat pazarlarına açılarak uluslararası büyüme hedeflerini yükseltti.",olumlu
N00341,F00221,2026-03-31,Sözcü,Yörünge Otomotiv A.Ş. hakkında İstanbul Ticaret Mahkemesi'nde alacaklılarla ilgili dava açıldığı öğrenildi.,olumsuz
N00342,F00221,2026-02-13,Ekonomim,"Yörünge Otomotiv A.Ş., İstanbul'deki üretim kapasitesini artırmak için genişleme planlarını duyurdu.",olumlu
N00343,F00789,2025-02-27,Hürriyet Ekonomi,Berrak Kimya A.Ş. hakkında konkordato talebiyle ilgili haberler gündeme geldi.,olumsuz
N00344,F00789,2023-05-17,Hürriyet Ekonomi,"Berrak Kimya A.Ş., 2023 yılında Otomotiv sektöründe 481 milyon TL'lik yeni yatırım kararı aldığını açıkladı.",olumlu
N00345,F00712,2024-12-24,Hürriyet Ekonomi,"Yıldız Teknoloji Ltd. Şti., yeni ihracat pazarlarına açılarak uluslararası büyüme hedeflerini yükseltti.",olumlu
N00346,F00714,2026-04-07,Sözcü,"Ege Tekstil Ltd. Şti., 2026 yılında nakit akışı sorunları nedeniyle bazı ödemelerini erteledi.",olumsuz
N00347,F00714,2025-06-16,Hürriyet Ekonomi,"Ege Tekstil Ltd. Şti., 2025 yılı genel kurul toplantısını İstanbul'de gerçekleştirdi.",notr
N00348,F00714,2024-04-15,Ekonomim,"Ege Tekstil Ltd. Şti., sektör raporlarında Tekstil alanındaki oyunculardan biri olarak yer aldı.",notr
N00349,F01113,2024-10-23,Bloomberg HT,"Zirve İnşaat A.Ş., yeni ihracat pazarlarına açılarak uluslararası büyüme hedeflerini yükseltti.",olumlu
N00350,F01113,2024-08-03,Bloomberg HT,"Zirve İnşaat A.Ş., İzmir'deki üretim kapasitesini artırmak için genişleme planlarını duyurdu.",olumlu
N00351,F01191,2025-01-24,Dünya Gazetesi,"Doruk Teknoloji A.Ş., 2025 yılında nakit akışı sorunları nedeniyle bazı ödemelerini erteledi.",olumsuz
N00352,F00790,2026-07-03,Hürriyet Ekonomi,Doğuş Holding Ltd. Şti. hakkında konkordato talebiyle ilgili haberler gündeme geldi.,olumsuz
N00353,F00790,2025-03-10,Dünya Gazetesi,"Doğuş Holding Ltd. Şti., sektör raporlarında Kimya alanındaki oyunculardan biri olarak yer aldı.",notr
N00354,F00416,2026-04-24,Sözcü,"Meridyen Turizm Ltd. Şti. yönetimi, sektördeki daralma nedeniyle küçülme kararı aldığını duyurdu.",olumsuz
N00355,F00899,2022-06-30,Dünya Gazetesi,"Yıldız Kimya Ltd. Şti., 2022 yılı genel kurul toplantısını Gaziantep'de gerçekleştirdi.",notr
N00356,F00935,2026-03-19,Dünya Gazetesi,Cevher Ticaret A.Ş. hakkında Denizli Ticaret Mahkemesi'nde alacaklılarla ilgili dava açıldığı öğrenildi.,olumsuz
N00357,F00935,2022-04-07,Sözcü,"Cevher Ticaret A.Ş., 2022 yılında Enerji sektöründe 232 milyon TL'lik yeni yatırım kararı aldığını açıkladı.",olumlu
N00358,F00266,2025-07-03,Dünya Gazetesi,"Yıldız Holding A.Ş. yönetimi, sektördeki daralma nedeniyle küçülme kararı aldığını duyurdu.",olumsuz
N00359,F00266,2026-06-15,Dünya Gazetesi,"Yıldız Holding A.Ş., İstanbul'deki üretim kapasitesini artırmak için genişleme planlarını duyurdu.",olumlu
N00360,F00632,2026-06-30,Bloomberg HT,"Rüzgar Holding A.Ş., 2026 yılı genel kurul toplantısını Kayseri'de gerçekleştirdi.",notr
N00361,F00248,2022-10-28,Dünya Gazetesi,"Kervan Tarım Ltd. Şti., sektör raporlarında Finans ve Sigorta alanındaki oyunculardan biri olarak yer aldı.",notr
N00362,F00248,2024-10-21,Ekonomim,"Kervan Tarım Ltd. Şti., sektör raporlarında Finans ve Sigorta alanındaki oyunculardan biri olarak yer aldı.",notr
N00363,F00248,2026-07-12,Hürriyet Ekonomi,Kervan Tarım Ltd. Şti. hakkında konkordato talebiyle ilgili haberler gündeme geldi.,olumsuz
N00364,F00683,2024-10-25,Dünya Gazetesi,"Sahil Makine Ltd. Şti., Bursa'deki üretim kapasitesini artırmak için genişleme planlarını duyurdu.",olumlu
N00365,F00683,2022-06-14,Sözcü,"Sahil Makine Ltd. Şti., yönetim kurulu üyeliklerinde değişikliğe gitti.",notr
N00366,F00559,2026-08-22,Bloomberg HT,"Yıldız Endüstri A.Ş. yönetimi, 2026 yılı ilk yarısında cironun beklentilerin üzerinde arttığını bildirdi.",olumlu
N00367,F00559,2024-01-01,Hürriyet Ekonomi,"Yıldız Endüstri A.Ş., Bursa'deki üretim kapasitesini artırmak için genişleme planlarını duyurdu.",olumlu
N00368,F01137,2024-12-12,Dünya Gazetesi,"Kervan Holding A.Ş., yönetim kurulu üyeliklerinde değişikliğe gitti.",notr
N00369,F01137,2026-03-12,Ekonomim,"Kervan Holding A.Ş., 2026 yılında Tekstil sektöründe 207 milyon TL'lik yeni yatırım kararı aldığını açıkladı.",olumlu
N00370,F01137,2026-07-05,Sözcü,Kervan Holding A.Ş. hakkında İstanbul Ticaret Mahkemesi'nde alacaklılarla ilgili dava açıldığı öğrenildi.,olumsuz
N00371,F00968,2022-07-21,Hürriyet Ekonomi,"Mavera Makine Ltd. Şti. yönetimi, 2022 yılı ilk yarısında cironun beklentilerin üzerinde arttığını bildirdi.",olumlu
N00372,F00968,2024-04-25,Dünya Gazetesi,"Mavera Makine Ltd. Şti. yönetimi, sektördeki daralma nedeniyle küçülme kararı aldığını duyurdu.",olumsuz
N00373,F01005,2023-10-06,Bloomberg HT,"Cevher Tekstil Ltd. Şti., yönetim kurulu üyeliklerinde değişikliğe gitti.",notr
N00374,F00985,2024-01-12,Hürriyet Ekonomi,Ege Gıda A.Ş. hakkında İzmir Ticaret Mahkemesi'nde alacaklılarla ilgili dava açıldığı öğrenildi.,olumsuz
N00375,F00985,2026-06-29,Dünya Gazetesi,"Ege Gıda A.Ş. yönetimi, sektördeki daralma nedeniyle küçülme kararı aldığını duyurdu.",olumsuz
N00376,F00295,2022-08-30,Bloomberg HT,"Doğuş Danışmanlık Ltd. Şti., sektör raporlarında Sağlık alanındaki oyunculardan biri olarak yer aldı.",notr
N00377,F00295,2025-09-20,Sözcü,"Doğuş Danışmanlık Ltd. Şti., yeni ihracat pazarlarına açılarak uluslararası büyüme hedeflerini yükseltti.",olumlu
N00378,F00295,2023-10-15,Bloomberg HT,"Doğuş Danışmanlık Ltd. Şti., Ankara'deki üretim kapasitesini artırmak için genişleme planlarını duyurdu.",olumlu
N00379,F00520,2023-03-28,Ekonomim,"Meridyen Turizm Ltd. Şti., İstanbul'deki üretim kapasitesini artırmak için genişleme planlarını duyurdu.",olumlu
N00380,F00520,2024-06-04,Ekonomim,"Meridyen Turizm Ltd. Şti., 2024 yılı genel kurul toplantısını İstanbul'de gerçekleştirdi.",notr
N00381,F00771,2025-03-05,Dünya Gazetesi,"Deniz Metal A.Ş., Bursa'deki üretim kapasitesini artırmak için genişleme planlarını duyurdu.",olumlu
N00382,F00771,2025-08-16,Dünya Gazetesi,"Deniz Metal A.Ş., 2025 yılında Gıda ve İçecek sektöründe 96 milyon TL'lik yeni yatırım kararı aldığını açıkladı.",olumlu
N00383,F00084,2023-01-28,Bloomberg HT,"Aydın Kimya A.Ş., İstanbul'deki üretim kapasitesini artırmak için genişleme planlarını duyurdu.",olumlu
N00384,F00232,2026-02-22,Ekonomim,"Meridyen Makine A.Ş. yönetimi, 2026 yılı ilk yarısında cironun beklentilerin üzerinde arttığını bildirdi.",olumlu
N00385,F00232,2023-12-31,Dünya Gazetesi,Meridyen Makine A.Ş. hakkında Konya Ticaret Mahkemesi'nde alacaklılarla ilgili dava açıldığı öğrenildi.,olumsuz
N00386,F00621,2026-01-19,Sözcü,"Doğuş Metal A.Ş., 2026 yılında nakit akışı sorunları nedeniyle bazı ödemelerini erteledi.",olumsuz
N00387,F00621,2024-03-20,Hürriyet Ekonomi,"Doğuş Metal A.Ş., sektör raporlarında Eğitim alanındaki oyunculardan biri olarak yer aldı.",notr
N00388,F00334,2026-04-19,Sözcü,Deniz İnşaat Ltd. Şti. hakkında Adana Ticaret Mahkemesi'nde alacaklılarla ilgili dava açıldığı öğrenildi.,olumsuz
N00389,F00334,2024-08-18,Ekonomim,"Deniz İnşaat Ltd. Şti. yönetimi, 2024 yılı ilk yarısında cironun beklentilerin üzerinde arttığını bildirdi.",olumlu
N00390,F00334,2022-01-26,Bloomberg HT,"Deniz İnşaat Ltd. Şti., 2022 yılında nakit akışı sorunları nedeniyle bazı ödemelerini erteledi.",olumsuz
N00391,F00130,2023-09-06,Hürriyet Ekonomi,"Yıldız Tekstil Ltd. Şti. yönetimi, sektördeki daralma nedeniyle küçülme kararı aldığını duyurdu.",olumsuz
N00392,F00130,2026-05-20,Dünya Gazetesi,Yıldız Tekstil Ltd. Şti. hakkında Eskişehir Ticaret Mahkemesi'nde alacaklılarla ilgili dava açıldığı öğrenildi.,olumsuz
N00393,F01012,2026-05-23,Bloomberg HT,"Zirve Yazılım A.Ş., sektör raporlarında Tarım alanındaki oyunculardan biri olarak yer aldı.",notr
N00394,F01012,2022-02-07,Dünya Gazetesi,"Zirve Yazılım A.Ş., sektör raporlarında Tarım alanındaki oyunculardan biri olarak yer aldı.",notr
N00395,F01012,2025-04-24,Sözcü,Zirve Yazılım A.Ş. hakkında konkordato talebiyle ilgili haberler gündeme geldi.,olumsuz
N00396,F00645,2025-03-21,Bloomberg HT,"Nokta Lojistik A.Ş., yeni ihracat pazarlarına açılarak uluslararası büyüme hedeflerini yükseltti.",olumlu
N00397,F00974,2023-02-14,Sözcü,"Kıvılcım Makine A.Ş., 2023 yılı genel kurul toplantısını Bursa'de gerçekleştirdi.",notr
N00398,F00974,2022-12-25,Dünya Gazetesi,Kıvılcım Makine A.Ş. hakkında Bursa Ticaret Mahkemesi'nde alacaklılarla ilgili dava açıldığı öğrenildi.,olumsuz
N00399,F00383,2022-12-15,Bloomberg HT,"Bereket Yazılım Ltd. Şti., yeni ihracat pazarlarına açılarak uluslararası büyüme hedeflerini yükseltti.",olumlu
N00400,F00383,2024-04-22,Hürriyet Ekonomi,"Bereket Yazılım Ltd. Şti., yeni ihracat pazarlarına açılarak uluslararası büyüme hedeflerini yükseltti.",olumlu
N00401,F00383,2025-07-04,Dünya Gazetesi,"Bereket Yazılım Ltd. Şti., yeni ihracat pazarlarına açılarak uluslararası büyüme hedeflerini yükseltti.",olumlu
N00402,F00868,2023-05-09,Sözcü,"Damla Danışmanlık Ltd. Şti., 2023 yılında Lojistik sektöründe 453 milyon TL'lik yeni yatırım kararı aldığını açıkladı.",olumlu
N00403,F00868,2024-12-23,Ekonomim,"Damla Danışmanlık Ltd. Şti., 2024 yılında Lojistik sektöründe 439 milyon TL'lik yeni yatırım kararı aldığını açıkladı.",olumlu
N00404,F00543,2025-09-04,Sözcü,"Pusula Lojistik Ltd. Şti., sektör raporlarında Sağlık alanındaki oyunculardan biri olarak yer aldı.",notr
N00405,F00543,2026-07-04,Bloomberg HT,"Pusula Lojistik Ltd. Şti., 2026 yılı genel kurul toplantısını Ankara'de gerçekleştirdi.",notr
N00406,F01194,2022-11-10,Bloomberg HT,Damla İnşaat A.Ş. hakkında konkordato talebiyle ilgili haberler gündeme geldi.,olumsuz
N00407,F01194,2022-10-23,Dünya Gazetesi,Damla İnşaat A.Ş. hakkında İstanbul Ticaret Mahkemesi'nde alacaklılarla ilgili dava açıldığı öğrenildi.,olumsuz
N00408,F01194,2025-03-03,Hürriyet Ekonomi,"Damla İnşaat A.Ş., İstanbul'deki üretim kapasitesini artırmak için genişleme planlarını duyurdu.",olumlu
N00409,F00875,2022-09-20,Hürriyet Ekonomi,"Anka Turizm A.Ş. yönetimi, 2022 yılı ilk yarısında cironun beklentilerin üzerinde arttığını bildirdi.",olumlu
N00410,F00332,2025-08-02,Hürriyet Ekonomi,"Pusula Turizm Ltd. Şti. yönetimi, sektördeki daralma nedeniyle küçülme kararı aldığını duyurdu.",olumsuz
N00411,F00410,2024-12-11,Ekonomim,"Toprak Gıda Ltd. Şti., 2024 yılı genel kurul toplantısını İstanbul'de gerçekleştirdi.",notr
N00412,F00410,2024-12-11,Dünya Gazetesi,"Toprak Gıda Ltd. Şti., yönetim kurulu üyeliklerinde değişikliğe gitti.",notr
N00413,F00410,2023-06-07,Sözcü,"Toprak Gıda Ltd. Şti., 2023 yılında nakit akışı sorunları nedeniyle bazı ödemelerini erteledi.",olumsuz
N00414,F00077,2023-03-23,Hürriyet Ekonomi,"Bereket Tekstil A.Ş., 2023 yılı genel kurul toplantısını İstanbul'de gerçekleştirdi.",notr
N00415,F00077,2023-09-21,Ekonomim,"Bereket Tekstil A.Ş. yönetimi, sektördeki daralma nedeniyle küçülme kararı aldığını duyurdu.",olumsuz
N00416,F00869,2023-02-09,Ekonomim,Damla İnşaat A.Ş. hakkında Konya Ticaret Mahkemesi'nde alacaklılarla ilgili dava açıldığı öğrenildi.,olumsuz
N00417,F00139,2025-11-23,Bloomberg HT,"Zirve Ticaret Ltd. Şti., yeni ihracat pazarlarına açılarak uluslararası büyüme hedeflerini yükseltti.",olumlu
N00418,F00544,2022-06-05,Sözcü,"Kıvılcım İnşaat Ltd. Şti., 2022 yılında Finans ve Sigorta sektöründe 8 milyon TL'lik yeni yatırım kararı aldığını açıkladı.",olumlu
N00419,F00544,2026-03-30,Sözcü,"Kıvılcım İnşaat Ltd. Şti., yeni ihracat pazarlarına açılarak uluslararası büyüme hedeflerini yükseltti.",olumlu
N00420,F00674,2022-05-07,Dünya Gazetesi,"Kaptan Sistem A.Ş., 2022 yılında İnşaat sektöründe 279 milyon TL'lik yeni yatırım kararı aldığını açıkladı.",olumlu
N00421,F00674,2023-02-23,Ekonomim,"Kaptan Sistem A.Ş., yeni ihracat pazarlarına açılarak uluslararası büyüme hedeflerini yükseltti.",olumlu
N00422,F00921,2023-07-04,Dünya Gazetesi,"Bereket Makine A.Ş., 2023 yılı genel kurul toplantısını Antalya'de gerçekleştirdi.",notr
N00423,F00064,2023-08-10,Bloomberg HT,"Umut Lojistik Ltd. Şti., 2023 yılında Bilişim ve Yazılım sektöründe 159 milyon TL'lik yeni yatırım kararı aldığını açıkladı.",olumlu
N00424,F00142,2024-11-26,Sözcü,"Nokta Gıda Ltd. Şti., yönetim kurulu üyeliklerinde değişikliğe gitti.",notr
N00425,F00142,2026-07-13,Sözcü,"Nokta Gıda Ltd. Şti., yeni ihracat pazarlarına açılarak uluslararası büyüme hedeflerini yükseltti.",olumlu
N00426,F00717,2022-01-01,Dünya Gazetesi,"Vadi Grup Ltd. Şti. yönetimi, 2022 yılı ilk yarısında cironun beklentilerin üzerinde arttığını bildirdi.",olumlu
N00427,F00717,2026-07-23,Hürriyet Ekonomi,"Vadi Grup Ltd. Şti., 2026 yılı genel kurul toplantısını İstanbul'de gerçekleştirdi.",notr
N00428,F00717,2024-02-03,Hürriyet Ekonomi,Vadi Grup Ltd. Şti. hakkında konkordato talebiyle ilgili haberler gündeme geldi.,olumsuz
N00429,F00377,2022-10-28,Bloomberg HT,"Kıvılcım Turizm A.Ş., 2022 yılı genel kurul toplantısını İstanbul'de gerçekleştirdi.",notr
N00430,F00377,2025-11-22,Dünya Gazetesi,"Kıvılcım Turizm A.Ş., sektör raporlarında Perakende Ticaret alanındaki oyunculardan biri olarak yer aldı.",notr
N00431,F00364,2023-12-05,Ekonomim,Deniz Metal Ltd. Şti. hakkında Denizli Ticaret Mahkemesi'nde alacaklılarla ilgili dava açıldığı öğrenildi.,olumsuz
N00432,F00364,2022-11-28,Ekonomim,"Deniz Metal Ltd. Şti., Denizli'deki üretim kapasitesini artırmak için genişleme planlarını duyurdu.",olumlu
N00433,F00140,2025-02-22,Sözcü,"Toprak Makine Ltd. Şti. yönetimi, 2025 yılı ilk yarısında cironun beklentilerin üzerinde arttığını bildirdi.",olumlu
N00434,F00885,2022-11-24,Sözcü,"Erguvan Metal A.Ş., Ankara'deki üretim kapasitesini artırmak için genişleme planlarını duyurdu.",olumlu
N00435,F00885,2025-03-14,Ekonomim,"Erguvan Metal A.Ş., 2025 yılında nakit akışı sorunları nedeniyle bazı ödemelerini erteledi.",olumsuz
N00436,F01042,2023-02-06,Sözcü,"Kervan Sistem A.Ş. yönetimi, 2023 yılı ilk yarısında cironun beklentilerin üzerinde arttığını bildirdi.",olumlu
N00437,F00225,2025-01-22,Ekonomim,"Umut Sistem A.Ş., İstanbul'deki üretim kapasitesini artırmak için genişleme planlarını duyurdu.",olumlu
N00438,F00515,2023-04-06,Hürriyet Ekonomi,"Yıldız Grup Ltd. Şti., 2023 yılında Tekstil sektöründe 108 milyon TL'lik yeni yatırım kararı aldığını açıkladı.",olumlu
N00439,F00515,2025-05-13,Sözcü,"Yıldız Grup Ltd. Şti. yönetimi, 2025 yılı ilk yarısında cironun beklentilerin üzerinde arttığını bildirdi.",olumlu
N00440,F00267,2024-10-21,Hürriyet Ekonomi,"Çınar Grup A.Ş., yönetim kurulu üyeliklerinde değişikliğe gitti.",notr
N00441,F01170,2023-01-08,Hürriyet Ekonomi,"Mavera Turizm Ltd. Şti., 2023 yılında Lojistik sektöründe 109 milyon TL'lik yeni yatırım kararı aldığını açıkladı.",olumlu
N00442,F00487,2024-01-26,Ekonomim,"Çınar Danışmanlık Ltd. Şti., yeni ihracat pazarlarına açılarak uluslararası büyüme hedeflerini yükseltti.",olumlu
N00443,F00487,2024-10-27,Dünya Gazetesi,Çınar Danışmanlık Ltd. Şti. hakkında İzmir Ticaret Mahkemesi'nde alacaklılarla ilgili dava açıldığı öğrenildi.,olumsuz
N00444,F00487,2023-04-04,Sözcü,"Çınar Danışmanlık Ltd. Şti., yeni ihracat pazarlarına açılarak uluslararası büyüme hedeflerini yükseltti.",olumlu
N00445,F00353,2026-04-12,Hürriyet Ekonomi,"Toprak Turizm A.Ş., 2026 yılında Perakende Ticaret sektöründe 376 milyon TL'lik yeni yatırım kararı aldığını açıkladı.",olumlu
N00446,F01006,2025-07-02,Sözcü,"Toprak Yazılım Ltd. Şti., yönetim kurulu üyeliklerinde değişikliğe gitti.",notr
N00447,F00618,2024-11-07,Dünya Gazetesi,"Doğuş Makine A.Ş., Trabzon'deki üretim kapasitesini artırmak için genişleme planlarını duyurdu.",olumlu
N00448,F00618,2022-04-07,Hürriyet Ekonomi,"Doğuş Makine A.Ş., 2022 yılı genel kurul toplantısını Trabzon'de gerçekleştirdi.",notr
N00449,F00668,2025-03-06,Hürriyet Ekonomi,Çınar Endüstri Ltd. Şti. hakkında İstanbul Ticaret Mahkemesi'nde alacaklılarla ilgili dava açıldığı öğrenildi.,olumsuz
N00450,F00775,2025-03-06,Sözcü,"Toros Makine A.Ş., yeni ihracat pazarlarına açılarak uluslararası büyüme hedeflerini yükseltti.",olumlu
N00451,F00775,2023-01-09,Ekonomim,"Toros Makine A.Ş., yeni ihracat pazarlarına açılarak uluslararası büyüme hedeflerini yükseltti.",olumlu
N00452,F00554,2022-03-19,Sözcü,"Meridyen Metal A.Ş., yeni ihracat pazarlarına açılarak uluslararası büyüme hedeflerini yükseltti.",olumlu
N00453,F00576,2023-05-30,Ekonomim,Mavera Lojistik A.Ş. hakkında konkordato talebiyle ilgili haberler gündeme geldi.,olumsuz
N00454,F00576,2024-11-29,Ekonomim,"Mavera Lojistik A.Ş. yönetimi, sektördeki daralma nedeniyle küçülme kararı aldığını duyurdu.",olumsuz
N00455,F00915,2025-03-02,Hürriyet Ekonomi,"Ege Tekstil Ltd. Şti., sektör raporlarında Turizm ve Konaklama alanındaki oyunculardan biri olarak yer aldı.",notr
N00456,F00915,2025-11-18,Dünya Gazetesi,"Ege Tekstil Ltd. Şti., Gaziantep'deki üretim kapasitesini artırmak için genişleme planlarını duyurdu.",olumlu
N00457,F00466,2024-12-04,Ekonomim,"Berrak Lojistik Ltd. Şti. yönetimi, sektördeki daralma nedeniyle küçülme kararı aldığını duyurdu.",olumsuz
N00458,F00466,2024-04-22,Bloomberg HT,"Berrak Lojistik Ltd. Şti., yönetim kurulu üyeliklerinde değişikliğe gitti.",notr
N00459,F00591,2026-01-29,Hürriyet Ekonomi,"Bereket Metal Ltd. Şti., yeni ihracat pazarlarına açılarak uluslararası büyüme hedeflerini yükseltti.",olumlu
N00460,F00765,2024-07-18,Sözcü,"Doruk Yazılım Ltd. Şti. yönetimi, 2024 yılı ilk yarısında cironun beklentilerin üzerinde arttığını bildirdi.",olumlu
N00461,F00765,2023-11-03,Sözcü,"Doruk Yazılım Ltd. Şti., sektör raporlarında İnşaat alanındaki oyunculardan biri olarak yer aldı.",notr
N00462,F00635,2023-02-15,Dünya Gazetesi,"Meridyen Endüstri Ltd. Şti. yönetimi, 2023 yılı ilk yarısında cironun beklentilerin üzerinde arttığını bildirdi.",olumlu
N00463,F00838,2022-10-10,Ekonomim,"Pusula Tarım Ltd. Şti. yönetimi, 2022 yılı ilk yarısında cironun beklentilerin üzerinde arttığını bildirdi.",olumlu
N00464,F00838,2024-05-22,Sözcü,"Pusula Tarım Ltd. Şti., İstanbul'deki üretim kapasitesini artırmak için genişleme planlarını duyurdu.",olumlu
N00465,F00290,2025-05-08,Hürriyet Ekonomi,"Bereket Tarım A.Ş., 2025 yılında Lojistik sektöründe 102 milyon TL'lik yeni yatırım kararı aldığını açıkladı.",olumlu
N00466,F00290,2026-03-06,Ekonomim,"Bereket Tarım A.Ş., 2026 yılında Lojistik sektöründe 138 milyon TL'lik yeni yatırım kararı aldığını açıkladı.",olumlu
N00467,F00040,2025-08-07,Sözcü,"Cevher Holding A.Ş., yönetim kurulu üyeliklerinde değişikliğe gitti.",notr
N00468,F00040,2025-08-04,Sözcü,Cevher Holding A.Ş. hakkında konkordato talebiyle ilgili haberler gündeme geldi.,olumsuz
N00469,F00031,2022-11-18,Sözcü,"Rüzgar Sistem A.Ş., 2022 yılında Otomotiv sektöründe 313 milyon TL'lik yeni yatırım kararı aldığını açıkladı.",olumlu
N00470,F00031,2025-07-23,Hürriyet Ekonomi,"Rüzgar Sistem A.Ş., sektör raporlarında Otomotiv alanındaki oyunculardan biri olarak yer aldı.",notr
N00471,F00243,2022-05-15,Sözcü,"Vadi Ticaret Ltd. Şti., sektör raporlarında Tarım alanındaki oyunculardan biri olarak yer aldı.",notr
N00472,F00429,2024-12-10,Bloomberg HT,"Nokta Danışmanlık Ltd. Şti. yönetimi, 2024 yılı ilk yarısında cironun beklentilerin üzerinde arttığını bildirdi.",olumlu
N00473,F00429,2022-04-14,Ekonomim,"Nokta Danışmanlık Ltd. Şti., yönetim kurulu üyeliklerinde değişikliğe gitti.",notr
N00474,F00137,2023-11-02,Sözcü,"Nokta Enerji Ltd. Şti., 2023 yılında nakit akışı sorunları nedeniyle bazı ödemelerini erteledi.",olumsuz
N00475,F00137,2023-02-02,Sözcü,Nokta Enerji Ltd. Şti. hakkında konkordato talebiyle ilgili haberler gündeme geldi.,olumsuz
N00476,F01101,2025-06-23,Sözcü,"Deniz Holding Ltd. Şti., İstanbul'deki üretim kapasitesini artırmak için genişleme planlarını duyurdu.",olumlu
N00477,F01101,2026-06-30,Bloomberg HT,"Deniz Holding Ltd. Şti., 2026 yılında Tekstil sektöründe 232 milyon TL'lik yeni yatırım kararı aldığını açıkladı.",olumlu
N00478,F00865,2026-03-14,Bloomberg HT,Deniz Tarım Ltd. Şti. hakkında konkordato talebiyle ilgili haberler gündeme geldi.,olumsuz
N00479,F00004,2026-05-08,Dünya Gazetesi,"Cevher Grup Ltd. Şti., yeni ihracat pazarlarına açılarak uluslararası büyüme hedeflerini yükseltti.",olumlu
N00480,F00004,2025-08-26,Hürriyet Ekonomi,"Cevher Grup Ltd. Şti., yönetim kurulu üyeliklerinde değişikliğe gitti.",notr
N00481,F00833,2024-11-07,Sözcü,"Sahil Sistem A.Ş., sektör raporlarında Tarım alanındaki oyunculardan biri olarak yer aldı.",notr
N00482,F00603,2026-04-12,Ekonomim,"Doruk Ticaret A.Ş., Ankara'deki üretim kapasitesini artırmak için genişleme planlarını duyurdu.",olumlu
N00483,F00603,2024-03-15,Ekonomim,"Doruk Ticaret A.Ş., 2024 yılı genel kurul toplantısını Ankara'de gerçekleştirdi.",notr
N00484,F01034,2023-12-09,Sözcü,"Sahil Holding A.Ş. yönetimi, 2023 yılı ilk yarısında cironun beklentilerin üzerinde arttığını bildirdi.",olumlu
N00485,F00655,2023-06-26,Sözcü,"Çınar Kimya A.Ş., yönetim kurulu üyeliklerinde değişikliğe gitti.",notr
N00486,F00655,2024-10-21,Bloomberg HT,"Çınar Kimya A.Ş. yönetimi, 2024 yılı ilk yarısında cironun beklentilerin üzerinde arttığını bildirdi.",olumlu
N00487,F00844,2024-04-25,Ekonomim,"Deniz Metal Ltd. Şti. yönetimi, sektördeki daralma nedeniyle küçülme kararı aldığını duyurdu.",olumsuz
N00488,F00844,2024-08-07,Hürriyet Ekonomi,"Deniz Metal Ltd. Şti., sektör raporlarında Tekstil alanındaki oyunculardan biri olarak yer aldı.",notr
N00489,F00784,2023-07-30,Ekonomim,"Kaptan Tarım A.Ş., Ankara'deki üretim kapasitesini artırmak için genişleme planlarını duyurdu.",olumlu
N00490,F00784,2022-07-24,Hürriyet Ekonomi,"Kaptan Tarım A.Ş., Ankara'deki üretim kapasitesini artırmak için genişleme planlarını duyurdu.",olumlu
N00491,F01074,2025-02-18,Ekonomim,"Meridyen Endüstri A.Ş., 2025 yılında Eğitim sektöründe 15 milyon TL'lik yeni yatırım kararı aldığını açıkladı.",olumlu
N00492,F01074,2022-11-01,Dünya Gazetesi,"Meridyen Endüstri A.Ş., 2022 yılında Eğitim sektöründe 321 milyon TL'lik yeni yatırım kararı aldığını açıkladı.",olumlu
N00493,F00443,2025-06-05,Hürriyet Ekonomi,"Zirve Teknoloji Ltd. Şti., yeni ihracat pazarlarına açılarak uluslararası büyüme hedeflerini yükseltti.",olumlu
N00494,F00443,2026-02-12,Sözcü,"Zirve Teknoloji Ltd. Şti., sektör raporlarında İnşaat alanındaki oyunculardan biri olarak yer aldı.",notr
N00495,F01178,2026-07-24,Hürriyet Ekonomi,"Aydın Grup Ltd. Şti. yönetimi, sektördeki daralma nedeniyle küçülme kararı aldığını duyurdu.",olumsuz
N00496,F01178,2024-08-14,Bloomberg HT,"Aydın Grup Ltd. Şti., 2024 yılı genel kurul toplantısını Antalya'de gerçekleştirdi.",notr
N00497,F00436,2025-03-17,Sözcü,Rüzgar Lojistik A.Ş. hakkında konkordato talebiyle ilgili haberler gündeme geldi.,olumsuz
N00498,F00436,2026-04-15,Hürriyet Ekonomi,"Rüzgar Lojistik A.Ş., 2026 yılında Tarım sektöründe 288 milyon TL'lik yeni yatırım kararı aldığını açıkladı.",olumlu
N00499,F01169,2026-01-26,Hürriyet Ekonomi,"Nokta Otomotiv Ltd. Şti., yönetim kurulu üyeliklerinde değişikliğe gitti.",notr
N00500,F01169,2025-12-01,Ekonomim,Nokta Otomotiv Ltd. Şti. hakkında konkordato talebiyle ilgili haberler gündeme geldi.,olumsuz
N00501,F00101,2025-09-18,Ekonomim,"Bumerang Ticaret Ltd. Şti., 2025 yılında nakit akışı sorunları nedeniyle bazı ödemelerini erteledi.",olumsuz
N00502,F00773,2022-07-11,Hürriyet Ekonomi,"Bahar Ticaret A.Ş., yeni ihracat pazarlarına açılarak uluslararası büyüme hedeflerini yükseltti.",olumlu
N00503,F00495,2025-08-11,Dünya Gazetesi,"Doğuş Endüstri Ltd. Şti., yeni ihracat pazarlarına açılarak uluslararası büyüme hedeflerini yükseltti.",olumlu
N00504,F00495,2023-08-13,Ekonomim,"Doğuş Endüstri Ltd. Şti., yeni ihracat pazarlarına açılarak uluslararası büyüme hedeflerini yükseltti.",olumlu
N00505,F00495,2023-07-25,Sözcü,"Doğuş Endüstri Ltd. Şti., Denizli'deki üretim kapasitesini artırmak için genişleme planlarını duyurdu.",olumlu
N00506,F01028,2023-10-03,Dünya Gazetesi,"Cevher Danışmanlık A.Ş., 2023 yılında nakit akışı sorunları nedeniyle bazı ödemelerini erteledi.",olumsuz
N00507,F01028,2024-05-12,Sözcü,"Cevher Danışmanlık A.Ş., yönetim kurulu üyeliklerinde değişikliğe gitti.",notr
N00508,F01028,2025-09-21,Bloomberg HT,Cevher Danışmanlık A.Ş. hakkında konkordato talebiyle ilgili haberler gündeme geldi.,olumsuz
N00509,F00807,2024-02-04,Bloomberg HT,"Berrak Grup A.Ş., yeni ihracat pazarlarına açılarak uluslararası büyüme hedeflerini yükseltti.",olumlu
N00510,F00807,2022-03-03,Sözcü,"Berrak Grup A.Ş. yönetimi, sektördeki daralma nedeniyle küçülme kararı aldığını duyurdu.",olumsuz
N00511,F01142,2026-08-21,Hürriyet Ekonomi,"Erguvan İnşaat A.Ş. yönetimi, 2026 yılı ilk yarısında cironun beklentilerin üzerinde arttığını bildirdi.",olumlu
N00512,F00846,2022-01-11,Ekonomim,Anka Metal A.Ş. hakkında konkordato talebiyle ilgili haberler gündeme geldi.,olumsuz
N00513,F00846,2026-07-23,Ekonomim,"Anka Metal A.Ş., yönetim kurulu üyeliklerinde değişikliğe gitti.",notr
N00514,F00846,2022-11-25,Dünya Gazetesi,"Anka Metal A.Ş., sektör raporlarında İnşaat alanındaki oyunculardan biri olarak yer aldı.",notr
N00515,F00987,2025-07-16,Dünya Gazetesi,"Kervan Endüstri Ltd. Şti., yönetim kurulu üyeliklerinde değişikliğe gitti.",notr
N00516,F00987,2024-03-31,Ekonomim,"Kervan Endüstri Ltd. Şti., 2024 yılında nakit akışı sorunları nedeniyle bazı ödemelerini erteledi.",olumsuz
N00517,F00228,2024-10-18,Bloomberg HT,"Kervan Grup A.Ş., 2024 yılında Lojistik sektöründe 431 milyon TL'lik yeni yatırım kararı aldığını açıkladı.",olumlu
N00518,F00228,2023-04-29,Dünya Gazetesi,"Kervan Grup A.Ş., 2023 yılı genel kurul toplantısını İstanbul'de gerçekleştirdi.",notr
N00519,F00228,2026-03-23,Bloomberg HT,"Kervan Grup A.Ş., 2026 yılı genel kurul toplantısını İstanbul'de gerçekleştirdi.",notr
N00520,F01193,2024-03-01,Ekonomim,Sahil Danışmanlık A.Ş. hakkında Ankara Ticaret Mahkemesi'nde alacaklılarla ilgili dava açıldığı öğrenildi.,olumsuz
N00521,F00672,2023-10-23,Ekonomim,"Pusula Tarım A.Ş. yönetimi, sektördeki daralma nedeniyle küçülme kararı aldığını duyurdu.",olumsuz
N00522,F00859,2025-04-01,Sözcü,"Rüzgar İnşaat A.Ş., 2025 yılında Metal ve Makine sektöründe 56 milyon TL'lik yeni yatırım kararı aldığını açıkladı.",olumlu
N00523,F00859,2025-07-22,Bloomberg HT,"Rüzgar İnşaat A.Ş., 2025 yılında Metal ve Makine sektöründe 357 milyon TL'lik yeni yatırım kararı aldığını açıkladı.",olumlu
N00524,F00925,2022-12-29,Sözcü,"Kaptan Ticaret Ltd. Şti. yönetimi, 2022 yılı ilk yarısında cironun beklentilerin üzerinde arttığını bildirdi.",olumlu
N00525,F00925,2022-01-03,Sözcü,"Kaptan Ticaret Ltd. Şti., yeni ihracat pazarlarına açılarak uluslararası büyüme hedeflerini yükseltti.",olumlu
N00526,F00925,2026-08-19,Dünya Gazetesi,"Kaptan Ticaret Ltd. Şti., yönetim kurulu üyeliklerinde değişikliğe gitti.",notr
N00527,F00067,2024-02-05,Bloomberg HT,"Deniz Sistem Ltd. Şti., yönetim kurulu üyeliklerinde değişikliğe gitti.",notr
N00528,F00067,2024-11-10,Bloomberg HT,Deniz Sistem Ltd. Şti. hakkında Gaziantep Ticaret Mahkemesi'nde alacaklılarla ilgili dava açıldığı öğrenildi.,olumsuz
N00529,F00067,2025-12-11,Hürriyet Ekonomi,Deniz Sistem Ltd. Şti. hakkında konkordato talebiyle ilgili haberler gündeme geldi.,olumsuz
N00530,F00068,2026-06-10,Dünya Gazetesi,"Kervan Turizm A.Ş., İstanbul'deki üretim kapasitesini artırmak için genişleme planlarını duyurdu.",olumlu
N00531,F00817,2025-10-31,Sözcü,"Bahar Tarım A.Ş., Bursa'deki üretim kapasitesini artırmak için genişleme planlarını duyurdu.",olumlu
N00532,F00212,2023-04-27,Dünya Gazetesi,"Meridyen Teknoloji A.Ş., 2023 yılında Finans ve Sigorta sektöründe 168 milyon TL'lik yeni yatırım kararı aldığını açıkladı.",olumlu
N00533,F00013,2026-07-19,Dünya Gazetesi,"Kaptan Makine Ltd. Şti., sektör raporlarında Sağlık alanındaki oyunculardan biri olarak yer aldı.",notr
N00534,F00013,2023-03-31,Hürriyet Ekonomi,"Kaptan Makine Ltd. Şti. yönetimi, 2023 yılı ilk yarısında cironun beklentilerin üzerinde arttığını bildirdi.",olumlu
N00535,F00013,2025-10-04,Bloomberg HT,Kaptan Makine Ltd. Şti. hakkında konkordato talebiyle ilgili haberler gündeme geldi.,olumsuz
N00536,F00494,2023-06-10,Ekonomim,"Erguvan Teknoloji A.Ş., sektör raporlarında Kimya alanındaki oyunculardan biri olarak yer aldı.",notr
N00537,F01165,2023-02-16,Bloomberg HT,"Damla Tekstil A.Ş. yönetimi, 2023 yılı ilk yarısında cironun beklentilerin üzerinde arttığını bildirdi.",olumlu
N00538,F01165,2024-04-21,Bloomberg HT,"Damla Tekstil A.Ş., İstanbul'deki üretim kapasitesini artırmak için genişleme planlarını duyurdu.",olumlu
N00539,F01165,2022-06-30,Bloomberg HT,"Damla Tekstil A.Ş. yönetimi, sektördeki daralma nedeniyle küçülme kararı aldığını duyurdu.",olumsuz
N00540,F00300,2022-05-17,Hürriyet Ekonomi,"Berrak Holding Ltd. Şti., yönetim kurulu üyeliklerinde değişikliğe gitti.",notr
N00541,F00411,2026-02-08,Bloomberg HT,Kaptan Enerji Ltd. Şti. hakkında konkordato talebiyle ilgili haberler gündeme geldi.,olumsuz
N00542,F00757,2025-08-26,Bloomberg HT,"Doğuş Otomotiv Ltd. Şti., yeni ihracat pazarlarına açılarak uluslararası büyüme hedeflerini yükseltti.",olumlu
N00543,F00757,2025-07-13,Sözcü,"Doğuş Otomotiv Ltd. Şti. yönetimi, 2025 yılı ilk yarısında cironun beklentilerin üzerinde arttığını bildirdi.",olumlu
N00544,F01075,2026-03-24,Sözcü,"Deniz Turizm A.Ş., 2026 yılında Perakende Ticaret sektöründe 123 milyon TL'lik yeni yatırım kararı aldığını açıkladı.",olumlu
N00545,F00696,2024-09-30,Dünya Gazetesi,Bereket Turizm A.Ş. hakkında konkordato talebiyle ilgili haberler gündeme geldi.,olumsuz
N00546,F01151,2024-11-25,Ekonomim,"Meridyen İnşaat A.Ş., 2024 yılında Otomotiv sektöründe 337 milyon TL'lik yeni yatırım kararı aldığını açıkladı.",olumlu
N00547,F01151,2025-05-28,Ekonomim,"Meridyen İnşaat A.Ş., Kayseri'deki üretim kapasitesini artırmak için genişleme planlarını duyurdu.",olumlu
N00548,F01151,2026-05-21,Dünya Gazetesi,"Meridyen İnşaat A.Ş., yönetim kurulu üyeliklerinde değişikliğe gitti.",notr
N00549,F00724,2025-01-22,Ekonomim,"Rüzgar Otomotiv A.Ş., 2025 yılında nakit akışı sorunları nedeniyle bazı ödemelerini erteledi.",olumsuz
N00550,F01016,2026-01-20,Hürriyet Ekonomi,"Berrak Teknoloji A.Ş., Antalya'deki üretim kapasitesini artırmak için genişleme planlarını duyurdu.",olumlu
N00551,F01016,2024-10-17,Hürriyet Ekonomi,"Berrak Teknoloji A.Ş., Antalya'deki üretim kapasitesini artırmak için genişleme planlarını duyurdu.",olumlu
N00552,F00528,2026-02-26,Dünya Gazetesi,"Bahar Lojistik A.Ş., sektör raporlarında İnşaat alanındaki oyunculardan biri olarak yer aldı.",notr
N00553,F00600,2023-07-14,Hürriyet Ekonomi,"Pusula Yazılım A.Ş., 2023 yılı genel kurul toplantısını İzmir'de gerçekleştirdi.",notr
N00554,F01120,2026-06-03,Bloomberg HT,"Vadi Turizm A.Ş., İstanbul'deki üretim kapasitesini artırmak için genişleme planlarını duyurdu.",olumlu
N00555,F01120,2022-05-09,Dünya Gazetesi,"Vadi Turizm A.Ş., 2022 yılında Metal ve Makine sektöründe 103 milyon TL'lik yeni yatırım kararı aldığını açıkladı.",olumlu
N00556,F00567,2022-11-27,Ekonomim,"Bahar Makine A.Ş. yönetimi, 2022 yılı ilk yarısında cironun beklentilerin üzerinde arttığını bildirdi.",olumlu
N00557,F00731,2023-02-17,Ekonomim,"Aydın Metal Ltd. Şti., 2023 yılı genel kurul toplantısını Gaziantep'de gerçekleştirdi.",notr
N00558,F00274,2024-10-21,Dünya Gazetesi,"Toros Kimya A.Ş., yönetim kurulu üyeliklerinde değişikliğe gitti.",notr
N00559,F00274,2026-07-15,Sözcü,"Toros Kimya A.Ş., Ankara'deki üretim kapasitesini artırmak için genişleme planlarını duyurdu.",olumlu
N00560,F00967,2023-05-19,Ekonomim,Yıldız Otomotiv Ltd. Şti. hakkında Mersin Ticaret Mahkemesi'nde alacaklılarla ilgili dava açıldığı öğrenildi.,olumsuz
N00561,F00238,2025-11-03,Hürriyet Ekonomi,"Kaptan Metal A.Ş., yönetim kurulu üyeliklerinde değişikliğe gitti.",notr
N00562,F00406,2024-02-10,Ekonomim,Doğuş Danışmanlık A.Ş. hakkında Bursa Ticaret Mahkemesi'nde alacaklılarla ilgili dava açıldığı öğrenildi.,olumsuz
N00563,F00003,2026-07-16,Hürriyet Ekonomi,"Kaptan Gıda Ltd. Şti., sektör raporlarında Gıda ve İçecek alanındaki oyunculardan biri olarak yer aldı.",notr
N00564,F00003,2023-06-15,Hürriyet Ekonomi,"Kaptan Gıda Ltd. Şti., yeni ihracat pazarlarına açılarak uluslararası büyüme hedeflerini yükseltti.",olumlu
N00565,F00003,2022-06-07,Sözcü,Kaptan Gıda Ltd. Şti. hakkında konkordato talebiyle ilgili haberler gündeme geldi.,olumsuz
N00566,F00007,2026-02-28,Dünya Gazetesi,"Pusula Makine Ltd. Şti., yönetim kurulu üyeliklerinde değişikliğe gitti.",notr
N00567,F00007,2022-01-30,Bloomberg HT,"Pusula Makine Ltd. Şti., sektör raporlarında İnşaat alanındaki oyunculardan biri olarak yer aldı.",notr
N00568,F00312,2024-04-15,Hürriyet Ekonomi,"Zirve Yazılım Ltd. Şti., yeni ihracat pazarlarına açılarak uluslararası büyüme hedeflerini yükseltti.",olumlu
N00569,F00312,2022-11-29,Ekonomim,"Zirve Yazılım Ltd. Şti. yönetimi, 2022 yılı ilk yarısında cironun beklentilerin üzerinde arttığını bildirdi.",olumlu
N00570,F01091,2026-08-15,Hürriyet Ekonomi,"Toprak İnşaat A.Ş., 2026 yılında Perakende Ticaret sektöründe 133 milyon TL'lik yeni yatırım kararı aldığını açıkladı.",olumlu
N00571,F00452,2024-04-29,Hürriyet Ekonomi,"Cevher Turizm A.Ş., 2024 yılı genel kurul toplantısını Antalya'de gerçekleştirdi.",notr
N00572,F00722,2024-10-15,Sözcü,"Kervan Ticaret A.Ş., 2024 yılında Tarım sektöründe 344 milyon TL'lik yeni yatırım kararı aldığını açıkladı.",olumlu
N00573,F00216,2025-07-07,Sözcü,"Mavera Lojistik Ltd. Şti. yönetimi, sektördeki daralma nedeniyle küçülme kararı aldığını duyurdu.",olumsuz
N00574,F00216,2025-07-15,Dünya Gazetesi,"Mavera Lojistik Ltd. Şti., 2025 yılı genel kurul toplantısını İzmir'de gerçekleştirdi.",notr
N00575,F01086,2025-06-13,Bloomberg HT,"Berrak Turizm A.Ş., 2025 yılı genel kurul toplantısını Antalya'de gerçekleştirdi.",notr
N00576,F01086,2022-03-01,Hürriyet Ekonomi,"Berrak Turizm A.Ş., yeni ihracat pazarlarına açılarak uluslararası büyüme hedeflerini yükseltti.",olumlu
N00577,F00028,2022-04-03,Ekonomim,"Bahar Turizm Ltd. Şti., 2022 yılında nakit akışı sorunları nedeniyle bazı ödemelerini erteledi.",olumsuz
N00578,F01158,2023-12-25,Dünya Gazetesi,Berrak İnşaat Ltd. Şti. hakkında konkordato talebiyle ilgili haberler gündeme geldi.,olumsuz
N00579,F01158,2024-04-06,Dünya Gazetesi,"Berrak İnşaat Ltd. Şti. yönetimi, 2024 yılı ilk yarısında cironun beklentilerin üzerinde arttığını bildirdi.",olumlu
N00580,F00362,2026-08-03,Dünya Gazetesi,"Ege Lojistik A.Ş., 2026 yılında Gıda ve İçecek sektöründe 22 milyon TL'lik yeni yatırım kararı aldığını açıkladı.",olumlu
N00581,F00823,2023-11-07,Dünya Gazetesi,Doruk Endüstri Ltd. Şti. hakkında konkordato talebiyle ilgili haberler gündeme geldi.,olumsuz
N00582,F00781,2026-05-17,Hürriyet Ekonomi,"Bahar Danışmanlık A.Ş., 2026 yılında Otomotiv sektöründe 60 milyon TL'lik yeni yatırım kararı aldığını açıkladı.",olumlu
N00583,F00781,2024-12-05,Hürriyet Ekonomi,"Bahar Danışmanlık A.Ş., 2024 yılında Otomotiv sektöründe 59 milyon TL'lik yeni yatırım kararı aldığını açıkladı.",olumlu
N00584,F00629,2025-07-19,Sözcü,"Berrak Metal Ltd. Şti., yönetim kurulu üyeliklerinde değişikliğe gitti.",notr
N00585,F00629,2026-05-25,Hürriyet Ekonomi,"Berrak Metal Ltd. Şti., yönetim kurulu üyeliklerinde değişikliğe gitti.",notr
N00586,F00454,2024-12-29,Hürriyet Ekonomi,"Anka Holding Ltd. Şti., yeni ihracat pazarlarına açılarak uluslararası büyüme hedeflerini yükseltti.",olumlu
N00587,F00739,2022-04-09,Hürriyet Ekonomi,"Cevher Turizm A.Ş., İzmir'deki üretim kapasitesini artırmak için genişleme planlarını duyurdu.",olumlu
N00588,F00739,2022-02-24,Sözcü,"Cevher Turizm A.Ş. yönetimi, sektördeki daralma nedeniyle küçülme kararı aldığını duyurdu.",olumsuz
N00589,F00739,2022-01-14,Hürriyet Ekonomi,"Cevher Turizm A.Ş., yönetim kurulu üyeliklerinde değişikliğe gitti.",notr
N00590,F00536,2023-04-10,Dünya Gazetesi,"Deniz Sistem A.Ş., yeni ihracat pazarlarına açılarak uluslararası büyüme hedeflerini yükseltti.",olumlu
N00591,F01050,2024-05-25,Bloomberg HT,"Toprak Otomotiv Ltd. Şti., yeni ihracat pazarlarına açılarak uluslararası büyüme hedeflerini yükseltti.",olumlu
N00592,F01050,2026-04-10,Bloomberg HT,"Toprak Otomotiv Ltd. Şti. yönetimi, sektördeki daralma nedeniyle küçülme kararı aldığını duyurdu.",olumsuz
N00593,F01050,2024-06-13,Dünya Gazetesi,"Toprak Otomotiv Ltd. Şti., yeni ihracat pazarlarına açılarak uluslararası büyüme hedeflerini yükseltti.",olumlu
N00594,F00399,2023-01-15,Hürriyet Ekonomi,"Pusula Lojistik A.Ş., 2023 yılında nakit akışı sorunları nedeniyle bazı ödemelerini erteledi.",olumsuz
N00595,F00399,2022-09-10,Bloomberg HT,"Pusula Lojistik A.Ş. yönetimi, 2022 yılı ilk yarısında cironun beklentilerin üzerinde arttığını bildirdi.",olumlu
N00596,F00257,2023-03-26,Dünya Gazetesi,"Bahar Tarım A.Ş., 2023 yılında Kimya sektöründe 213 milyon TL'lik yeni yatırım kararı aldığını açıkladı.",olumlu
N00597,F00292,2026-02-06,Sözcü,"Çınar Kimya A.Ş., İstanbul'deki üretim kapasitesini artırmak için genişleme planlarını duyurdu.",olumlu
N00598,F00026,2023-11-09,Bloomberg HT,"Mavera Danışmanlık Ltd. Şti. yönetimi, 2023 yılı ilk yarısında cironun beklentilerin üzerinde arttığını bildirdi.",olumlu
N00599,F00026,2024-03-15,Sözcü,"Mavera Danışmanlık Ltd. Şti., yeni ihracat pazarlarına açılarak uluslararası büyüme hedeflerini yükseltti.",olumlu
N00600,F00026,2022-11-21,Sözcü,Mavera Danışmanlık Ltd. Şti. hakkında İstanbul Ticaret Mahkemesi'nde alacaklılarla ilgili dava açıldığı öğrenildi.,olumsuz
N00601,F00337,2024-07-07,Bloomberg HT,"Zirve Endüstri A.Ş. yönetimi, sektördeki daralma nedeniyle küçülme kararı aldığını duyurdu.",olumsuz
N00602,F00585,2024-12-03,Ekonomim,"Kaptan Danışmanlık Ltd. Şti., Kayseri'deki üretim kapasitesini artırmak için genişleme planlarını duyurdu.",olumlu
N00603,F00585,2023-05-27,Ekonomim,"Kaptan Danışmanlık Ltd. Şti. yönetimi, sektördeki daralma nedeniyle küçülme kararı aldığını duyurdu.",olumsuz
N00604,F00048,2022-09-18,Sözcü,"Anka Otomotiv A.Ş., sektör raporlarında İnşaat alanındaki oyunculardan biri olarak yer aldı.",notr
N00605,F00319,2026-05-28,Ekonomim,"Bahar Tarım A.Ş., yeni ihracat pazarlarına açılarak uluslararası büyüme hedeflerini yükseltti.",olumlu
N00606,F00319,2024-10-04,Ekonomim,"Bahar Tarım A.Ş., Samsun'deki üretim kapasitesini artırmak için genişleme planlarını duyurdu.",olumlu
N00607,F00319,2026-01-17,Sözcü,"Bahar Tarım A.Ş., sektör raporlarında Metal ve Makine alanındaki oyunculardan biri olarak yer aldı.",notr
N00608,F00107,2026-05-03,Bloomberg HT,"Toprak Lojistik A.Ş., 2026 yılı genel kurul toplantısını Ankara'de gerçekleştirdi.",notr
N00609,F00799,2024-07-31,Dünya Gazetesi,"Çınar Enerji Ltd. Şti., sektör raporlarında Turizm ve Konaklama alanındaki oyunculardan biri olarak yer aldı.",notr
N00610,F00799,2025-09-09,Dünya Gazetesi,"Çınar Enerji Ltd. Şti. yönetimi, sektördeki daralma nedeniyle küçülme kararı aldığını duyurdu.",olumsuz
N00611,F00056,2025-08-04,Dünya Gazetesi,"Berrak Teknoloji Ltd. Şti. yönetimi, 2025 yılı ilk yarısında cironun beklentilerin üzerinde arttığını bildirdi.",olumlu
N00612,F00523,2023-04-09,Bloomberg HT,"Yörünge Danışmanlık A.Ş., İzmir'deki üretim kapasitesini artırmak için genişleme planlarını duyurdu.",olumlu
N00613,F00523,2025-06-17,Hürriyet Ekonomi,"Yörünge Danışmanlık A.Ş., 2025 yılında Bilişim ve Yazılım sektöründe 56 milyon TL'lik yeni yatırım kararı aldığını açıkladı.",olumlu
N00614,F00214,2024-05-15,Hürriyet Ekonomi,Deniz Yazılım A.Ş. hakkında konkordato talebiyle ilgili haberler gündeme geldi.,olumsuz
N00615,F00121,2026-03-01,Sözcü,"Pusula Lojistik Ltd. Şti. yönetimi, 2026 yılı ilk yarısında cironun beklentilerin üzerinde arttığını bildirdi.",olumlu
N00616,F00918,2022-11-04,Ekonomim,"Bereket Lojistik Ltd. Şti., 2022 yılı genel kurul toplantısını İzmir'de gerçekleştirdi.",notr
N00617,F01068,2022-10-05,Ekonomim,"Cevher Otomotiv Ltd. Şti., yeni ihracat pazarlarına açılarak uluslararası büyüme hedeflerini yükseltti.",olumlu
N00618,F01068,2025-12-17,Bloomberg HT,Cevher Otomotiv Ltd. Şti. hakkında konkordato talebiyle ilgili haberler gündeme geldi.,olumsuz
N00619,F01068,2023-07-08,Dünya Gazetesi,"Cevher Otomotiv Ltd. Şti., 2023 yılında Tarım sektöründe 361 milyon TL'lik yeni yatırım kararı aldığını açıkladı.",olumlu
N00620,F01118,2026-04-21,Hürriyet Ekonomi,"Kaptan Yapı A.Ş., 2026 yılında Finans ve Sigorta sektöründe 79 milyon TL'lik yeni yatırım kararı aldığını açıkladı.",olumlu
N00621,F00073,2023-11-15,Hürriyet Ekonomi,"Deniz Tarım A.Ş., 2023 yılında Finans ve Sigorta sektöründe 147 milyon TL'lik yeni yatırım kararı aldığını açıkladı.",olumlu
N00622,F00073,2025-06-20,Dünya Gazetesi,"Deniz Tarım A.Ş. yönetimi, 2025 yılı ilk yarısında cironun beklentilerin üzerinde arttığını bildirdi.",olumlu
N00623,F00073,2025-03-11,Hürriyet Ekonomi,"Deniz Tarım A.Ş., sektör raporlarında Finans ve Sigorta alanındaki oyunculardan biri olarak yer aldı.",notr
N00624,F00948,2022-06-19,Dünya Gazetesi,"Doruk Metal Ltd. Şti., İstanbul'deki üretim kapasitesini artırmak için genişleme planlarını duyurdu.",olumlu
N00625,F00747,2022-01-12,Sözcü,"Bahar Yapı A.Ş., Trabzon'deki üretim kapasitesini artırmak için genişleme planlarını duyurdu.",olumlu
N00626,F00716,2026-08-18,Hürriyet Ekonomi,"Doğuş Endüstri A.Ş. yönetimi, sektördeki daralma nedeniyle küçülme kararı aldığını duyurdu.",olumsuz
N00627,F00558,2025-11-02,Hürriyet Ekonomi,"Mavera Holding A.Ş., 2025 yılında Enerji sektöründe 439 milyon TL'lik yeni yatırım kararı aldığını açıkladı.",olumlu
N00628,F00558,2025-05-11,Bloomberg HT,"Mavera Holding A.Ş., 2025 yılında nakit akışı sorunları nedeniyle bazı ödemelerini erteledi.",olumsuz
N00629,F01082,2023-01-15,Hürriyet Ekonomi,"Sahil Teknoloji A.Ş., Konya'deki üretim kapasitesini artırmak için genişleme planlarını duyurdu.",olumlu
N00630,F01082,2025-06-04,Hürriyet Ekonomi,"Sahil Teknoloji A.Ş., yeni ihracat pazarlarına açılarak uluslararası büyüme hedeflerini yükseltti.",olumlu
N00631,F01046,2025-10-03,Hürriyet Ekonomi,"Kıvılcım İnşaat Ltd. Şti., 2025 yılında nakit akışı sorunları nedeniyle bazı ödemelerini erteledi.",olumsuz
N00632,F01046,2024-11-17,Bloomberg HT,"Kıvılcım İnşaat Ltd. Şti., 2024 yılında nakit akışı sorunları nedeniyle bazı ödemelerini erteledi.",olumsuz
N00633,F00553,2022-09-18,Bloomberg HT,Rüzgar Enerji Ltd. Şti. hakkında Bursa Ticaret Mahkemesi'nde alacaklılarla ilgili dava açıldığı öğrenildi.,olumsuz
N00634,F00562,2022-12-13,Hürriyet Ekonomi,"Damla Grup Ltd. Şti., 2022 yılı genel kurul toplantısını İstanbul'de gerçekleştirdi.",notr
N00635,F00425,2024-06-14,Sözcü,Bumerang Otomotiv Ltd. Şti. hakkında konkordato talebiyle ilgili haberler gündeme geldi.,olumsuz
N00636,F01014,2022-02-23,Ekonomim,"Berrak Lojistik Ltd. Şti., İzmir'deki üretim kapasitesini artırmak için genişleme planlarını duyurdu.",olumlu
N00637,F01014,2023-10-02,Hürriyet Ekonomi,"Berrak Lojistik Ltd. Şti. yönetimi, sektördeki daralma nedeniyle küçülme kararı aldığını duyurdu.",olumsuz
N00638,F00326,2023-10-08,Bloomberg HT,Bumerang Tarım A.Ş. hakkında konkordato talebiyle ilgili haberler gündeme geldi.,olumsuz
N00639,F00924,2023-11-07,Ekonomim,"Toros Danışmanlık Ltd. Şti., yönetim kurulu üyeliklerinde değişikliğe gitti.",notr
N00640,F00924,2024-11-05,Hürriyet Ekonomi,"Toros Danışmanlık Ltd. Şti., sektör raporlarında Bilişim ve Yazılım alanındaki oyunculardan biri olarak yer aldı.",notr
N00641,F00317,2026-07-10,Dünya Gazetesi,Rüzgar Makine A.Ş. hakkında Antalya Ticaret Mahkemesi'nde alacaklılarla ilgili dava açıldığı öğrenildi.,olumsuz
N00642,F00804,2024-01-23,Bloomberg HT,"Kıvılcım Turizm Ltd. Şti., 2024 yılı genel kurul toplantısını İzmir'de gerçekleştirdi.",notr
N00643,F00804,2023-10-10,Bloomberg HT,"Kıvılcım Turizm Ltd. Şti., yeni ihracat pazarlarına açılarak uluslararası büyüme hedeflerini yükseltti.",olumlu
N00644,F01163,2025-05-29,Bloomberg HT,"Zirve Makine Ltd. Şti. yönetimi, 2025 yılı ilk yarısında cironun beklentilerin üzerinde arttığını bildirdi.",olumlu
N00645,F00529,2023-05-31,Hürriyet Ekonomi,"Erguvan Turizm Ltd. Şti. yönetimi, 2023 yılı ilk yarısında cironun beklentilerin üzerinde arttığını bildirdi.",olumlu
N00646,F00529,2024-03-05,Bloomberg HT,"Erguvan Turizm Ltd. Şti. yönetimi, sektördeki daralma nedeniyle küçülme kararı aldığını duyurdu.",olumsuz
N00647,F00529,2023-08-26,Dünya Gazetesi,"Erguvan Turizm Ltd. Şti., 2023 yılı genel kurul toplantısını Kayseri'de gerçekleştirdi.",notr
N00648,F00837,2026-03-27,Dünya Gazetesi,"Bumerang Tarım A.Ş., 2026 yılı genel kurul toplantısını Kayseri'de gerçekleştirdi.",notr
N00649,F00837,2024-04-04,Dünya Gazetesi,"Bumerang Tarım A.Ş., sektör raporlarında Tarım alanındaki oyunculardan biri olarak yer aldı.",notr
N00650,F00715,2025-02-26,Ekonomim,"Meridyen Makine Ltd. Şti., 2025 yılında nakit akışı sorunları nedeniyle bazı ödemelerini erteledi.",olumsuz
N00651,F00901,2022-03-24,Sözcü,"Sahil Otomotiv Ltd. Şti., yeni ihracat pazarlarına açılarak uluslararası büyüme hedeflerini yükseltti.",olumlu
N00652,F00901,2024-06-20,Hürriyet Ekonomi,"Sahil Otomotiv Ltd. Şti. yönetimi, 2024 yılı ilk yarısında cironun beklentilerin üzerinde arttığını bildirdi.",olumlu
N00653,F00061,2025-11-08,Sözcü,"Damla Enerji Ltd. Şti., sektör raporlarında Tarım alanındaki oyunculardan biri olarak yer aldı.",notr
N00654,F00061,2023-10-14,Dünya Gazetesi,"Damla Enerji Ltd. Şti., sektör raporlarında Tarım alanındaki oyunculardan biri olarak yer aldı.",notr
N00655,F00723,2026-01-13,Bloomberg HT,"Erguvan Otomotiv A.Ş. yönetimi, sektördeki daralma nedeniyle küçülme kararı aldığını duyurdu.",olumsuz
N00656,F00723,2024-11-28,Hürriyet Ekonomi,Erguvan Otomotiv A.Ş. hakkında konkordato talebiyle ilgili haberler gündeme geldi.,olumsuz
N00657,F00093,2023-08-05,Sözcü,"Sahil Enerji A.Ş., 2023 yılı genel kurul toplantısını İstanbul'de gerçekleştirdi.",notr
N00658,F00858,2025-02-17,Dünya Gazetesi,"Doğuş Ticaret Ltd. Şti., sektör raporlarında Bilişim ve Yazılım alanındaki oyunculardan biri olarak yer aldı.",notr
N00659,F00858,2024-08-17,Hürriyet Ekonomi,"Doğuş Ticaret Ltd. Şti., 2024 yılı genel kurul toplantısını Bursa'de gerçekleştirdi.",notr
N00660,F00858,2026-04-19,Sözcü,"Doğuş Ticaret Ltd. Şti. yönetimi, sektördeki daralma nedeniyle küçülme kararı aldığını duyurdu.",olumsuz
N00661,F00619,2025-12-27,Hürriyet Ekonomi,"Mavera Danışmanlık A.Ş., 2025 yılında Bilişim ve Yazılım sektöründe 99 milyon TL'lik yeni yatırım kararı aldığını açıkladı.",olumlu
N00662,F00352,2024-02-14,Hürriyet Ekonomi,"Kervan Teknoloji Ltd. Şti., yeni ihracat pazarlarına açılarak uluslararası büyüme hedeflerini yükseltti.",olumlu
N00663,F00933,2026-08-13,Ekonomim,"Zirve Otomotiv Ltd. Şti., yönetim kurulu üyeliklerinde değişikliğe gitti.",notr
N00664,F00281,2023-05-05,Sözcü,"Rüzgar Holding A.Ş., 2023 yılı genel kurul toplantısını Adana'de gerçekleştirdi.",notr
N00665,F00421,2024-08-02,Ekonomim,"Meridyen Otomotiv Ltd. Şti., yönetim kurulu üyeliklerinde değişikliğe gitti.",notr
N00666,F01115,2022-04-21,Ekonomim,"Anka Ticaret A.Ş., sektör raporlarında Finans ve Sigorta alanındaki oyunculardan biri olarak yer aldı.",notr
N00667,F01115,2023-06-17,Ekonomim,"Anka Ticaret A.Ş., 2023 yılında nakit akışı sorunları nedeniyle bazı ödemelerini erteledi.",olumsuz
N00668,F00360,2024-07-18,Dünya Gazetesi,"Doruk Gıda A.Ş., yönetim kurulu üyeliklerinde değişikliğe gitti.",notr
N00669,F00423,2023-08-22,Sözcü,"Vadi Metal Ltd. Şti. yönetimi, sektördeki daralma nedeniyle küçülme kararı aldığını duyurdu.",olumsuz
N00670,F00423,2026-05-12,Bloomberg HT,"Vadi Metal Ltd. Şti., 2026 yılında nakit akışı sorunları nedeniyle bazı ödemelerini erteledi.",olumsuz
N00671,F00679,2022-07-08,Sözcü,"Bereket Makine A.Ş. yönetimi, sektördeki daralma nedeniyle küçülme kararı aldığını duyurdu.",olumsuz
N00672,F00527,2026-06-06,Ekonomim,"Meridyen Metal Ltd. Şti. yönetimi, 2026 yılı ilk yarısında cironun beklentilerin üzerinde arttığını bildirdi.",olumlu
N00673,F00478,2022-02-28,Sözcü,"Umut Tarım A.Ş., yeni ihracat pazarlarına açılarak uluslararası büyüme hedeflerini yükseltti.",olumlu
N00674,F01095,2025-06-26,Ekonomim,"Anka Yapı Ltd. Şti., sektör raporlarında Tarım alanındaki oyunculardan biri olarak yer aldı.",notr
N00675,F01095,2022-04-18,Sözcü,"Anka Yapı Ltd. Şti. yönetimi, 2022 yılı ilk yarısında cironun beklentilerin üzerinde arttığını bildirdi.",olumlu
N00676,F00183,2025-05-07,Bloomberg HT,"Erguvan Yapı A.Ş., yeni ihracat pazarlarına açılarak uluslararası büyüme hedeflerini yükseltti.",olumlu
N00677,F00183,2024-12-23,Dünya Gazetesi,"Erguvan Yapı A.Ş., 2024 yılında nakit akışı sorunları nedeniyle bazı ödemelerini erteledi.",olumsuz
N00678,F01092,2023-05-20,Dünya Gazetesi,"Vadi Makine A.Ş., 2023 yılı genel kurul toplantısını Ankara'de gerçekleştirdi.",notr
N00679,F01092,2025-07-08,Ekonomim,Vadi Makine A.Ş. hakkında konkordato talebiyle ilgili haberler gündeme geldi.,olumsuz
N00680,F00433,2023-12-07,Ekonomim,"Kıvılcım Ticaret A.Ş., yeni ihracat pazarlarına açılarak uluslararası büyüme hedeflerini yükseltti.",olumlu
N00681,F00433,2025-12-24,Dünya Gazetesi,Kıvılcım Ticaret A.Ş. hakkında konkordato talebiyle ilgili haberler gündeme geldi.,olumsuz
N00682,F00433,2023-10-07,Sözcü,"Kıvılcım Ticaret A.Ş. yönetimi, 2023 yılı ilk yarısında cironun beklentilerin üzerinde arttığını bildirdi.",olumlu
N00683,F00111,2023-10-18,Bloomberg HT,"Yörünge Teknoloji Ltd. Şti., 2023 yılı genel kurul toplantısını İstanbul'de gerçekleştirdi.",notr
N00684,F00371,2025-07-08,Sözcü,"Erguvan Yapı Ltd. Şti., sektör raporlarında Metal ve Makine alanındaki oyunculardan biri olarak yer aldı.",notr
N00685,F00240,2024-07-15,Sözcü,Bumerang Danışmanlık A.Ş. hakkında konkordato talebiyle ilgili haberler gündeme geldi.,olumsuz
N00686,F00709,2022-05-26,Ekonomim,"Yörünge Endüstri Ltd. Şti., sektör raporlarında Otomotiv alanındaki oyunculardan biri olarak yer aldı.",notr
N00687,F00709,2022-12-13,Dünya Gazetesi,"Yörünge Endüstri Ltd. Şti., yeni ihracat pazarlarına açılarak uluslararası büyüme hedeflerini yükseltti.",olumlu
N00688,F00630,2022-10-23,Bloomberg HT,"Toprak Tekstil Ltd. Şti. yönetimi, 2022 yılı ilk yarısında cironun beklentilerin üzerinde arttığını bildirdi.",olumlu
N00689,F00594,2026-02-06,Hürriyet Ekonomi,"Kervan Enerji A.Ş., yönetim kurulu üyeliklerinde değişikliğe gitti.",notr
N00690,F00594,2025-10-22,Ekonomim,Kervan Enerji A.Ş. hakkında Konya Ticaret Mahkemesi'nde alacaklılarla ilgili dava açıldığı öğrenildi.,olumsuz
N00691,F00486,2024-02-15,Ekonomim,"Sahil Teknoloji A.Ş., 2024 yılında İnşaat sektöründe 401 milyon TL'lik yeni yatırım kararı aldığını açıkladı.",olumlu
N00692,F00486,2023-04-03,Sözcü,"Sahil Teknoloji A.Ş., yönetim kurulu üyeliklerinde değişikliğe gitti.",notr
N00693,F00701,2025-09-13,Bloomberg HT,"Kervan Tarım A.Ş., 2025 yılında Finans ve Sigorta sektöründe 463 milyon TL'lik yeni yatırım kararı aldığını açıkladı.",olumlu
N00694,F00701,2024-08-28,Dünya Gazetesi,"Kervan Tarım A.Ş., İstanbul'deki üretim kapasitesini artırmak için genişleme planlarını duyurdu.",olumlu
N00695,F00262,2022-09-24,Bloomberg HT,"Damla Lojistik Ltd. Şti., 2022 yılında Tarım sektöründe 285 milyon TL'lik yeni yatırım kararı aldığını açıkladı.",olumlu
N00696,F00262,2022-09-21,Hürriyet Ekonomi,"Damla Lojistik Ltd. Şti., 2022 yılında nakit akışı sorunları nedeniyle bazı ödemelerini erteledi.",olumsuz
N00697,F00480,2025-08-16,Ekonomim,"Kıvılcım Holding Ltd. Şti., yeni ihracat pazarlarına açılarak uluslararası büyüme hedeflerini yükseltti.",olumlu
N00698,F00480,2023-12-30,Bloomberg HT,Kıvılcım Holding Ltd. Şti. hakkında konkordato talebiyle ilgili haberler gündeme geldi.,olumsuz
N00699,F00650,2024-06-19,Bloomberg HT,"Yörünge Tarım Ltd. Şti., yeni ihracat pazarlarına açılarak uluslararası büyüme hedeflerini yükseltti.",olumlu
N00700,F00650,2025-08-13,Dünya Gazetesi,Yörünge Tarım Ltd. Şti. hakkında Kayseri Ticaret Mahkemesi'nde alacaklılarla ilgili dava açıldığı öğrenildi.,olumsuz
N00701,F00650,2026-06-28,Sözcü,"Yörünge Tarım Ltd. Şti., 2026 yılında nakit akışı sorunları nedeniyle bazı ödemelerini erteledi.",olumsuz
N00702,F00340,2022-05-02,Hürriyet Ekonomi,"Nokta Kimya Ltd. Şti., 2022 yılı genel kurul toplantısını Denizli'de gerçekleştirdi.",notr
N00703,F00340,2026-08-20,Sözcü,Nokta Kimya Ltd. Şti. hakkında konkordato talebiyle ilgili haberler gündeme geldi.,olumsuz
N00704,F00340,2023-03-20,Hürriyet Ekonomi,"Nokta Kimya Ltd. Şti. yönetimi, 2023 yılı ilk yarısında cironun beklentilerin üzerinde arttığını bildirdi.",olumlu
N00705,F00669,2024-01-30,Sözcü,"Deniz Endüstri Ltd. Şti. yönetimi, sektördeki daralma nedeniyle küçülme kararı aldığını duyurdu.",olumsuz
N00706,F00669,2024-11-18,Dünya Gazetesi,"Deniz Endüstri Ltd. Şti., 2024 yılı genel kurul toplantısını Bursa'de gerçekleştirdi.",notr
N00707,F00552,2026-06-30,Bloomberg HT,"Bereket Otomotiv A.Ş., 2026 yılında Kimya sektöründe 422 milyon TL'lik yeni yatırım kararı aldığını açıkladı.",olumlu
N00708,F00552,2024-11-24,Bloomberg HT,"Bereket Otomotiv A.Ş. yönetimi, sektördeki daralma nedeniyle küçülme kararı aldığını duyurdu.",olumsuz
N00709,F00459,2022-06-05,Ekonomim,Vadi Metal A.Ş. hakkında konkordato talebiyle ilgili haberler gündeme geldi.,olumsuz
N00710,F00184,2022-04-24,Sözcü,Berrak Metal Ltd. Şti. hakkında İzmir Ticaret Mahkemesi'nde alacaklılarla ilgili dava açıldığı öğrenildi.,olumsuz
N00711,F00184,2023-10-22,Dünya Gazetesi,"Berrak Metal Ltd. Şti., sektör raporlarında Enerji alanındaki oyunculardan biri olarak yer aldı.",notr
N00712,F00138,2022-04-26,Sözcü,Kıvılcım Yapı A.Ş. hakkında Ankara Ticaret Mahkemesi'nde alacaklılarla ilgili dava açıldığı öğrenildi.,olumsuz
N00713,F01161,2023-09-28,Bloomberg HT,Damla Kimya Ltd. Şti. hakkında İstanbul Ticaret Mahkemesi'nde alacaklılarla ilgili dava açıldığı öğrenildi.,olumsuz
N00714,F01161,2026-03-29,Sözcü,"Damla Kimya Ltd. Şti., İstanbul'deki üretim kapasitesini artırmak için genişleme planlarını duyurdu.",olumlu
N00715,F01161,2022-05-02,Hürriyet Ekonomi,"Damla Kimya Ltd. Şti., 2022 yılında Gıda ve İçecek sektöründe 170 milyon TL'lik yeni yatırım kararı aldığını açıkladı.",olumlu
N00716,F00707,2024-07-20,Sözcü,"Sahil İnşaat Ltd. Şti., yönetim kurulu üyeliklerinde değişikliğe gitti.",notr
N00717,F00707,2023-06-29,Bloomberg HT,"Sahil İnşaat Ltd. Şti., yeni ihracat pazarlarına açılarak uluslararası büyüme hedeflerini yükseltti.",olumlu
N00718,F00707,2024-08-11,Hürriyet Ekonomi,"Sahil İnşaat Ltd. Şti., 2024 yılında nakit akışı sorunları nedeniyle bazı ödemelerini erteledi.",olumsuz
N00719,F00582,2026-08-09,Sözcü,"Pusula Teknoloji A.Ş., sektör raporlarında Finans ve Sigorta alanındaki oyunculardan biri olarak yer aldı.",notr
N00720,F00582,2024-10-20,Ekonomim,"Pusula Teknoloji A.Ş. yönetimi, sektördeki daralma nedeniyle küçülme kararı aldığını duyurdu.",olumsuz
N00721,F00582,2024-11-11,Ekonomim,"Pusula Teknoloji A.Ş., yönetim kurulu üyeliklerinde değişikliğe gitti.",notr
N00722,F00081,2025-04-30,Hürriyet Ekonomi,"Kaptan Grup A.Ş. yönetimi, 2025 yılı ilk yarısında cironun beklentilerin üzerinde arttığını bildirdi.",olumlu
N00723,F00769,2026-06-04,Dünya Gazetesi,"Kaptan Yazılım A.Ş. yönetimi, 2026 yılı ilk yarısında cironun beklentilerin üzerinde arttığını bildirdi.",olumlu
N00724,F00870,2023-01-24,Sözcü,"Yıldız Grup A.Ş., Kayseri'deki üretim kapasitesini artırmak için genişleme planlarını duyurdu.",olumlu
N00725,F00762,2025-03-13,Hürriyet Ekonomi,"Bumerang Sistem Ltd. Şti., 2025 yılında nakit akışı sorunları nedeniyle bazı ödemelerini erteledi.",olumsuz
N00726,F00762,2026-02-02,Bloomberg HT,"Bumerang Sistem Ltd. Şti., sektör raporlarında Turizm ve Konaklama alanındaki oyunculardan biri olarak yer aldı.",notr
N00727,F00762,2025-05-22,Sözcü,"Bumerang Sistem Ltd. Şti., yönetim kurulu üyeliklerinde değişikliğe gitti.",notr
N00728,F00030,2023-10-25,Hürriyet Ekonomi,"Yıldız Teknoloji A.Ş. yönetimi, sektördeki daralma nedeniyle küçülme kararı aldığını duyurdu.",olumsuz
N00729,F00030,2022-06-08,Sözcü,"Yıldız Teknoloji A.Ş., 2022 yılında Enerji sektöründe 376 milyon TL'lik yeni yatırım kararı aldığını açıkladı.",olumlu
N00730,F00030,2022-11-03,Hürriyet Ekonomi,"Yıldız Teknoloji A.Ş., yeni ihracat pazarlarına açılarak uluslararası büyüme hedeflerini yükseltti.",olumlu
N00731,F00542,2024-04-27,Hürriyet Ekonomi,"Pusula İnşaat Ltd. Şti., 2024 yılında nakit akışı sorunları nedeniyle bazı ödemelerini erteledi.",olumsuz
N00732,F00166,2024-02-19,Bloomberg HT,"Zirve İnşaat A.Ş., 2024 yılı genel kurul toplantısını Konya'de gerçekleştirdi.",notr
N00733,F00166,2023-09-04,Sözcü,"Zirve İnşaat A.Ş., Konya'deki üretim kapasitesini artırmak için genişleme planlarını duyurdu.",olumlu
N00734,F00249,2023-03-17,Bloomberg HT,"Pusula Tarım Ltd. Şti., 2023 yılında nakit akışı sorunları nedeniyle bazı ödemelerini erteledi.",olumsuz
N00735,F00308,2024-04-01,Sözcü,"Mavera Yazılım Ltd. Şti., yeni ihracat pazarlarına açılarak uluslararası büyüme hedeflerini yükseltti.",olumlu
N00736,F00308,2023-01-04,Bloomberg HT,"Mavera Yazılım Ltd. Şti., Ankara'deki üretim kapasitesini artırmak için genişleme planlarını duyurdu.",olumlu
N00737,F00448,2023-10-25,Sözcü,"Damla Otomotiv A.Ş., sektör raporlarında Bilişim ve Yazılım alanındaki oyunculardan biri olarak yer aldı.",notr
N00738,F00347,2023-05-10,Ekonomim,"Bahar Grup A.Ş. yönetimi, 2023 yılı ilk yarısında cironun beklentilerin üzerinde arttığını bildirdi.",olumlu
N00739,F00335,2024-08-27,Dünya Gazetesi,"Mavera Grup Ltd. Şti., 2024 yılı genel kurul toplantısını Konya'de gerçekleştirdi.",notr
N00740,F00286,2026-03-30,Bloomberg HT,"Bahar Sistem A.Ş., 2026 yılı genel kurul toplantısını Ankara'de gerçekleştirdi.",notr
N00741,F00950,2022-03-17,Hürriyet Ekonomi,Çınar Kimya A.Ş. hakkında Antalya Ticaret Mahkemesi'nde alacaklılarla ilgili dava açıldığı öğrenildi.,olumsuz
N00742,F00950,2022-02-16,Dünya Gazetesi,"Çınar Kimya A.Ş. yönetimi, 2022 yılı ilk yarısında cironun beklentilerin üzerinde arttığını bildirdi.",olumlu
N00743,F00950,2024-07-27,Ekonomim,"Çınar Kimya A.Ş., 2024 yılında Enerji sektöründe 224 milyon TL'lik yeni yatırım kararı aldığını açıkladı.",olumlu
N00744,F00098,2023-02-11,Sözcü,"Yıldız Metal A.Ş. yönetimi, sektördeki daralma nedeniyle küçülme kararı aldığını duyurdu.",olumsuz
N00745,F00098,2024-07-19,Sözcü,"Yıldız Metal A.Ş., 2024 yılında Bilişim ve Yazılım sektöründe 175 milyon TL'lik yeni yatırım kararı aldığını açıkladı.",olumlu
N00746,F00468,2023-08-26,Bloomberg HT,"Nokta Tekstil Ltd. Şti., İstanbul'deki üretim kapasitesini artırmak için genişleme planlarını duyurdu.",olumlu
N00747,F00468,2026-08-06,Hürriyet Ekonomi,"Nokta Tekstil Ltd. Şti., 2026 yılında Kimya sektöründe 173 milyon TL'lik yeni yatırım kararı aldığını açıkladı.",olumlu
N00748,F01037,2025-12-01,Bloomberg HT,"Mavera Sistem A.Ş. yönetimi, 2025 yılı ilk yarısında cironun beklentilerin üzerinde arttığını bildirdi.",olumlu
N00749,F01037,2026-06-27,Sözcü,Mavera Sistem A.Ş. hakkında konkordato talebiyle ilgili haberler gündeme geldi.,olumsuz
N00750,F01037,2023-11-04,Bloomberg HT,"Mavera Sistem A.Ş., 2023 yılı genel kurul toplantısını İstanbul'de gerçekleştirdi.",notr
N00751,F00913,2026-06-24,Dünya Gazetesi,"Deniz Metal A.Ş., sektör raporlarında Metal ve Makine alanındaki oyunculardan biri olarak yer aldı.",notr
N00752,F00756,2026-02-16,Ekonomim,Cevher Gıda Ltd. Şti. hakkında Mersin Ticaret Mahkemesi'nde alacaklılarla ilgili dava açıldığı öğrenildi.,olumsuz
N00753,F00945,2025-05-22,Dünya Gazetesi,"Bumerang Ticaret Ltd. Şti. yönetimi, sektördeki daralma nedeniyle küçülme kararı aldığını duyurdu.",olumsuz
N00754,F00614,2023-05-24,Dünya Gazetesi,"Aydın Sistem A.Ş., 2023 yılında Tekstil sektöründe 20 milyon TL'lik yeni yatırım kararı aldığını açıkladı.",olumlu
N00755,F00802,2022-07-14,Hürriyet Ekonomi,Sahil Tarım A.Ş. hakkında İstanbul Ticaret Mahkemesi'nde alacaklılarla ilgili dava açıldığı öğrenildi.,olumsuz
N00756,F00802,2025-07-11,Bloomberg HT,"Sahil Tarım A.Ş., yeni ihracat pazarlarına açılarak uluslararası büyüme hedeflerini yükseltti.",olumlu
N00757,F00758,2024-12-24,Ekonomim,"Nokta Tekstil Ltd. Şti. yönetimi, 2024 yılı ilk yarısında cironun beklentilerin üzerinde arttığını bildirdi.",olumlu
N00758,F00758,2024-02-18,Ekonomim,"Nokta Tekstil Ltd. Şti. yönetimi, 2024 yılı ilk yarısında cironun beklentilerin üzerinde arttığını bildirdi.",olumlu
N00759,F00758,2024-02-20,Bloomberg HT,"Nokta Tekstil Ltd. Şti. yönetimi, 2024 yılı ilk yarısında cironun beklentilerin üzerinde arttığını bildirdi.",olumlu
N00760,F00689,2025-10-26,Sözcü,"Aydın Holding A.Ş., Gaziantep'deki üretim kapasitesini artırmak için genişleme planlarını duyurdu.",olumlu
N00761,F00689,2022-02-26,Hürriyet Ekonomi,"Aydın Holding A.Ş., yeni ihracat pazarlarına açılarak uluslararası büyüme hedeflerini yükseltti.",olumlu
N00762,F00066,2024-08-08,Dünya Gazetesi,"Meridyen Tarım A.Ş., sektör raporlarında Tarım alanındaki oyunculardan biri olarak yer aldı.",notr
N00763,F00794,2022-04-30,Bloomberg HT,"Sahil Metal Ltd. Şti., yeni ihracat pazarlarına açılarak uluslararası büyüme hedeflerini yükseltti.",olumlu
N00764,F00744,2023-06-17,Sözcü,"Meridyen Grup A.Ş., 2023 yılında Sağlık sektöründe 221 milyon TL'lik yeni yatırım kararı aldığını açıkladı.",olumlu
N00765,F00744,2024-01-28,Hürriyet Ekonomi,"Meridyen Grup A.Ş., 2024 yılında nakit akışı sorunları nedeniyle bazı ödemelerini erteledi.",olumsuz
N00766,F00568,2024-12-27,Ekonomim,"Deniz Grup A.Ş. yönetimi, 2024 yılı ilk yarısında cironun beklentilerin üzerinde arttığını bildirdi.",olumlu
N00767,F01084,2023-03-11,Sözcü,"Yörünge İnşaat A.Ş., sektör raporlarında Tarım alanındaki oyunculardan biri olarak yer aldı.",notr
N00768,F01099,2023-08-04,Dünya Gazetesi,"Bumerang Lojistik Ltd. Şti., yönetim kurulu üyeliklerinde değişikliğe gitti.",notr
N00769,F01099,2022-10-31,Ekonomim,"Bumerang Lojistik Ltd. Şti., yönetim kurulu üyeliklerinde değişikliğe gitti.",notr
N00770,F00303,2023-04-22,Dünya Gazetesi,"Cevher Metal Ltd. Şti., 2023 yılında Enerji sektöründe 135 milyon TL'lik yeni yatırım kararı aldığını açıkladı.",olumlu
N00771,F00303,2026-06-26,Ekonomim,"Cevher Metal Ltd. Şti., sektör raporlarında Enerji alanındaki oyunculardan biri olarak yer aldı.",notr
N00772,F00255,2024-02-04,Hürriyet Ekonomi,"Yörünge İnşaat A.Ş., yönetim kurulu üyeliklerinde değişikliğe gitti.",notr
N00773,F00255,2023-01-10,Sözcü,"Yörünge İnşaat A.Ş., 2023 yılında Kimya sektöründe 382 milyon TL'lik yeni yatırım kararı aldığını açıkladı.",olumlu
N00774,F00959,2022-11-26,Dünya Gazetesi,"Kaptan Yapı A.Ş., 2022 yılında nakit akışı sorunları nedeniyle bazı ödemelerini erteledi.",olumsuz
N00775,F00959,2025-07-19,Hürriyet Ekonomi,"Kaptan Yapı A.Ş., 2025 yılında Lojistik sektöründe 288 milyon TL'lik yeni yatırım kararı aldığını açıkladı.",olumlu
N00776,F00959,2022-12-19,Dünya Gazetesi,"Kaptan Yapı A.Ş. yönetimi, 2022 yılı ilk yarısında cironun beklentilerin üzerinde arttığını bildirdi.",olumlu
N00777,F01024,2026-06-14,Ekonomim,"Erguvan Makine A.Ş., sektör raporlarında Tarım alanındaki oyunculardan biri olarak yer aldı.",notr
N00778,F01024,2022-09-14,Bloomberg HT,"Erguvan Makine A.Ş., 2022 yılı genel kurul toplantısını İstanbul'de gerçekleştirdi.",notr
N00779,F00313,2024-07-27,Hürriyet Ekonomi,"Rüzgar Turizm Ltd. Şti., Trabzon'deki üretim kapasitesini artırmak için genişleme planlarını duyurdu.",olumlu
N00780,F00530,2024-07-24,Dünya Gazetesi,"Sahil Tarım Ltd. Şti., yönetim kurulu üyeliklerinde değişikliğe gitti.",notr
N00781,F00530,2024-09-25,Hürriyet Ekonomi,"Sahil Tarım Ltd. Şti., 2024 yılında nakit akışı sorunları nedeniyle bazı ödemelerini erteledi.",olumsuz
N00782,F00530,2026-08-09,Hürriyet Ekonomi,"Sahil Tarım Ltd. Şti., Kayseri'deki üretim kapasitesini artırmak için genişleme planlarını duyurdu.",olumlu
N00783,F00222,2024-12-29,Sözcü,"Damla Otomotiv Ltd. Şti., sektör raporlarında Metal ve Makine alanındaki oyunculardan biri olarak yer aldı.",notr
N00784,F00222,2023-06-28,Ekonomim,"Damla Otomotiv Ltd. Şti., İstanbul'deki üretim kapasitesini artırmak için genişleme planlarını duyurdu.",olumlu
N00785,F00389,2022-01-12,Ekonomim,"Mavera Tarım Ltd. Şti., 2022 yılında Enerji sektöründe 365 milyon TL'lik yeni yatırım kararı aldığını açıkladı.",olumlu
N00786,F00389,2022-02-03,Sözcü,"Mavera Tarım Ltd. Şti., Bursa'deki üretim kapasitesini artırmak için genişleme planlarını duyurdu.",olumlu
N00787,F00236,2024-06-09,Dünya Gazetesi,"Rüzgar Grup Ltd. Şti., 2024 yılı genel kurul toplantısını İstanbul'de gerçekleştirdi.",notr
N00788,F00810,2025-01-31,Hürriyet Ekonomi,"Kaptan Teknoloji A.Ş., 2025 yılında Finans ve Sigorta sektöründe 6 milyon TL'lik yeni yatırım kararı aldığını açıkladı.",olumlu
N00789,F00483,2025-08-27,Bloomberg HT,"Umut Lojistik A.Ş., yönetim kurulu üyeliklerinde değişikliğe gitti.",notr
N00790,F00713,2022-02-18,Sözcü,Kervan Makine A.Ş. hakkında Kayseri Ticaret Mahkemesi'nde alacaklılarla ilgili dava açıldığı öğrenildi.,olumsuz
N00791,F00713,2026-04-01,Dünya Gazetesi,"Kervan Makine A.Ş., sektör raporlarında Gıda ve İçecek alanındaki oyunculardan biri olarak yer aldı.",notr
N00792,F00713,2025-09-24,Bloomberg HT,"Kervan Makine A.Ş. yönetimi, 2025 yılı ilk yarısında cironun beklentilerin üzerinde arttığını bildirdi.",olumlu
N00793,F00306,2026-03-07,Hürriyet Ekonomi,"Yörünge Teknoloji A.Ş., 2026 yılında İnşaat sektöründe 422 milyon TL'lik yeni yatırım kararı aldığını açıkladı.",olumlu
N00794,F00306,2025-08-04,Ekonomim,"Yörünge Teknoloji A.Ş. yönetimi, sektördeki daralma nedeniyle küçülme kararı aldığını duyurdu.",olumsuz
N00795,F01111,2025-07-01,Bloomberg HT,"Erguvan Turizm A.Ş., 2025 yılı genel kurul toplantısını Ankara'de gerçekleştirdi.",notr
N00796,F01090,2023-07-04,Hürriyet Ekonomi,"Kervan Danışmanlık Ltd. Şti. yönetimi, sektördeki daralma nedeniyle küçülme kararı aldığını duyurdu.",olumsuz
N00797,F00772,2022-08-28,Dünya Gazetesi,"Bahar Kimya Ltd. Şti., 2022 yılında nakit akışı sorunları nedeniyle bazı ödemelerini erteledi.",olumsuz
N00798,F00917,2024-10-01,Bloomberg HT,Bumerang Endüstri A.Ş. hakkında konkordato talebiyle ilgili haberler gündeme geldi.,olumsuz
N00799,F00917,2022-12-19,Bloomberg HT,Bumerang Endüstri A.Ş. hakkında konkordato talebiyle ilgili haberler gündeme geldi.,olumsuz
N00800,F01139,2025-10-18,Sözcü,"Vadi Teknoloji A.Ş., 2025 yılı genel kurul toplantısını Konya'de gerçekleştirdi.",notr
N00801,F00250,2026-05-07,Ekonomim,"Yörünge Holding A.Ş., 2026 yılında Otomotiv sektöründe 452 milyon TL'lik yeni yatırım kararı aldığını açıkladı.",olumlu
N00802,F00760,2022-11-15,Dünya Gazetesi,Mavera Holding Ltd. Şti. hakkında konkordato talebiyle ilgili haberler gündeme geldi.,olumsuz
N00803,F00760,2022-06-28,Dünya Gazetesi,Mavera Holding Ltd. Şti. hakkında Ankara Ticaret Mahkemesi'nde alacaklılarla ilgili dava açıldığı öğrenildi.,olumsuz
N00804,F00595,2025-08-09,Hürriyet Ekonomi,Kıvılcım Turizm Ltd. Şti. hakkında Ankara Ticaret Mahkemesi'nde alacaklılarla ilgili dava açıldığı öğrenildi.,olumsuz
N00805,F00072,2023-06-13,Hürriyet Ekonomi,"Doruk Danışmanlık A.Ş., yeni ihracat pazarlarına açılarak uluslararası büyüme hedeflerini yükseltti.",olumlu
N00806,F00095,2024-07-30,Bloomberg HT,"Vadi Grup A.Ş., yönetim kurulu üyeliklerinde değişikliğe gitti.",notr
N00807,F00095,2026-04-14,Bloomberg HT,Vadi Grup A.Ş. hakkında Mersin Ticaret Mahkemesi'nde alacaklılarla ilgili dava açıldığı öğrenildi.,olumsuz
N00808,F00546,2022-04-01,Ekonomim,"Umut Lojistik Ltd. Şti., yönetim kurulu üyeliklerinde değişikliğe gitti.",notr
N00809,F00546,2024-04-19,Ekonomim,"Umut Lojistik Ltd. Şti., yönetim kurulu üyeliklerinde değişikliğe gitti.",notr
N00810,F00034,2022-08-31,Sözcü,"Yıldız Gıda A.Ş., 2022 yılında Gıda ve İçecek sektöründe 321 milyon TL'lik yeni yatırım kararı aldığını açıkladı.",olumlu
N00811,F00034,2023-03-03,Sözcü,"Yıldız Gıda A.Ş., 2023 yılı genel kurul toplantısını Bursa'de gerçekleştirdi.",notr
N00812,F00862,2026-01-15,Dünya Gazetesi,"Anka Tekstil A.Ş., 2026 yılında Bilişim ve Yazılım sektöründe 402 milyon TL'lik yeni yatırım kararı aldığını açıkladı.",olumlu
N00813,F00579,2024-12-30,Bloomberg HT,"Nokta Yapı A.Ş., 2024 yılı genel kurul toplantısını Ankara'de gerçekleştirdi.",notr
N00814,F00579,2023-06-11,Dünya Gazetesi,"Nokta Yapı A.Ş., yeni ihracat pazarlarına açılarak uluslararası büyüme hedeflerini yükseltti.",olumlu
N00815,F00449,2023-12-13,Sözcü,"Kıvılcım Tekstil Ltd. Şti., 2023 yılı genel kurul toplantısını Antalya'de gerçekleştirdi.",notr
N00816,F00449,2025-12-13,Ekonomim,"Kıvılcım Tekstil Ltd. Şti., sektör raporlarında Finans ve Sigorta alanındaki oyunculardan biri olarak yer aldı.",notr
N00817,F00446,2022-04-02,Sözcü,"Meridyen Yapı Ltd. Şti., 2022 yılı genel kurul toplantısını İstanbul'de gerçekleştirdi.",notr
N00818,F00260,2026-08-16,Ekonomim,"Ege Lojistik A.Ş., İstanbul'deki üretim kapasitesini artırmak için genişleme planlarını duyurdu.",olumlu
N00819,F00205,2026-06-23,Dünya Gazetesi,"Ege Danışmanlık Ltd. Şti., 2026 yılı genel kurul toplantısını Ankara'de gerçekleştirdi.",notr
N00820,F00205,2025-09-15,Ekonomim,"Ege Danışmanlık Ltd. Şti., 2025 yılında İnşaat sektöründe 281 milyon TL'lik yeni yatırım kararı aldığını açıkladı.",olumlu
N00821,F00573,2025-03-25,Bloomberg HT,Doruk Sistem A.Ş. hakkında Ankara Ticaret Mahkemesi'nde alacaklılarla ilgili dava açıldığı öğrenildi.,olumsuz
N00822,F00573,2025-04-12,Hürriyet Ekonomi,"Doruk Sistem A.Ş., 2025 yılında Enerji sektöründe 287 milyon TL'lik yeni yatırım kararı aldığını açıkladı.",olumlu
N00823,F00824,2022-06-03,Hürriyet Ekonomi,"Damla Tekstil Ltd. Şti., Kayseri'deki üretim kapasitesini artırmak için genişleme planlarını duyurdu.",olumlu
N00824,F00824,2023-04-04,Bloomberg HT,Damla Tekstil Ltd. Şti. hakkında konkordato talebiyle ilgili haberler gündeme geldi.,olumsuz
N00825,F00824,2026-03-26,Sözcü,"Damla Tekstil Ltd. Şti., sektör raporlarında Metal ve Makine alanındaki oyunculardan biri olarak yer aldı.",notr
N00826,F00586,2024-10-21,Bloomberg HT,"Zirve Yazılım Ltd. Şti., yeni ihracat pazarlarına açılarak uluslararası büyüme hedeflerini yükseltti.",olumlu
N00827,F00366,2024-02-14,Dünya Gazetesi,"Zirve İnşaat Ltd. Şti., 2024 yılında Turizm ve Konaklama sektöründe 236 milyon TL'lik yeni yatırım kararı aldığını açıkladı.",olumlu
N00828,F00366,2022-08-04,Dünya Gazetesi,"Zirve İnşaat Ltd. Şti., yeni ihracat pazarlarına açılarak uluslararası büyüme hedeflerini yükseltti.",olumlu
N00829,F00812,2024-04-19,Ekonomim,"Erguvan Endüstri Ltd. Şti., Adana'deki üretim kapasitesini artırmak için genişleme planlarını duyurdu.",olumlu
N00830,F00812,2024-08-23,Sözcü,Erguvan Endüstri Ltd. Şti. hakkında Adana Ticaret Mahkemesi'nde alacaklılarla ilgili dava açıldığı öğrenildi.,olumsuz
N00831,F00078,2025-11-18,Sözcü,"Aydın Enerji Ltd. Şti., sektör raporlarında Turizm ve Konaklama alanındaki oyunculardan biri olarak yer aldı.",notr
N00832,F00078,2025-05-24,Sözcü,"Aydın Enerji Ltd. Şti., 2025 yılı genel kurul toplantısını Adana'de gerçekleştirdi.",notr
N00833,F00078,2025-01-12,Sözcü,"Aydın Enerji Ltd. Şti., yeni ihracat pazarlarına açılarak uluslararası büyüme hedeflerini yükseltti.",olumlu
N00834,F00085,2023-01-26,Hürriyet Ekonomi,Kervan Turizm Ltd. Şti. hakkında konkordato talebiyle ilgili haberler gündeme geldi.,olumsuz
N00835,F00085,2026-03-06,Hürriyet Ekonomi,Kervan Turizm Ltd. Şti. hakkında konkordato talebiyle ilgili haberler gündeme geldi.,olumsuz
N00836,F00539,2025-02-16,Sözcü,"Mavera Enerji A.Ş., yönetim kurulu üyeliklerinde değişikliğe gitti.",notr
N00837,F00083,2025-01-09,Dünya Gazetesi,"Kaptan Kimya A.Ş. yönetimi, 2025 yılı ilk yarısında cironun beklentilerin üzerinde arttığını bildirdi.",olumlu
N00838,F00083,2026-05-28,Dünya Gazetesi,"Kaptan Kimya A.Ş. yönetimi, 2026 yılı ilk yarısında cironun beklentilerin üzerinde arttığını bildirdi.",olumlu
N00839,F00458,2024-10-30,Sözcü,"Kervan Yazılım Ltd. Şti. yönetimi, 2024 yılı ilk yarısında cironun beklentilerin üzerinde arttığını bildirdi.",olumlu
N00840,F00458,2022-08-23,Hürriyet Ekonomi,"Kervan Yazılım Ltd. Şti., 2022 yılında nakit akışı sorunları nedeniyle bazı ödemelerini erteledi.",olumsuz
N00841,F00458,2022-12-29,Sözcü,"Kervan Yazılım Ltd. Şti., yeni ihracat pazarlarına açılarak uluslararası büyüme hedeflerini yükseltti.",olumlu
N00842,F01138,2025-07-08,Bloomberg HT,"Zirve Grup Ltd. Şti., sektör raporlarında Eğitim alanındaki oyunculardan biri olarak yer aldı.",notr
N00843,F00615,2023-06-24,Bloomberg HT,"Damla Tarım A.Ş., Ankara'deki üretim kapasitesini artırmak için genişleme planlarını duyurdu.",olumlu
N00844,F01186,2026-07-23,Dünya Gazetesi,"Bumerang Makine Ltd. Şti., sektör raporlarında Eğitim alanındaki oyunculardan biri olarak yer aldı.",notr
N00845,F01186,2025-03-01,Ekonomim,"Bumerang Makine Ltd. Şti., yönetim kurulu üyeliklerinde değişikliğe gitti.",notr
N00846,F01186,2022-11-27,Sözcü,"Bumerang Makine Ltd. Şti. yönetimi, 2022 yılı ilk yarısında cironun beklentilerin üzerinde arttığını bildirdi.",olumlu
N00847,F01076,2022-02-15,Hürriyet Ekonomi,"Aydın Otomotiv Ltd. Şti., 2022 yılında nakit akışı sorunları nedeniyle bazı ödemelerini erteledi.",olumsuz
N00848,F00737,2025-02-16,Sözcü,"Çınar Yazılım A.Ş., 2025 yılında Finans ve Sigorta sektöründe 402 milyon TL'lik yeni yatırım kararı aldığını açıkladı.",olumlu
N00849,F00437,2026-08-15,Dünya Gazetesi,"Meridyen Metal Ltd. Şti., sektör raporlarında Gıda ve İçecek alanındaki oyunculardan biri olarak yer aldı.",notr
N00850,F00437,2025-04-26,Dünya Gazetesi,"Meridyen Metal Ltd. Şti., Eskişehir'deki üretim kapasitesini artırmak için genişleme planlarını duyurdu.",olumlu
N00851,F00555,2025-04-22,Ekonomim,"Zirve Otomotiv Ltd. Şti., yeni ihracat pazarlarına açılarak uluslararası büyüme hedeflerini yükseltti.",olumlu
N00852,F01080,2022-11-28,Sözcü,"Vadi Turizm A.Ş., 2022 yılı genel kurul toplantısını Denizli'de gerçekleştirdi.",notr
N00853,F01080,2024-08-04,Bloomberg HT,Vadi Turizm A.Ş. hakkında Denizli Ticaret Mahkemesi'nde alacaklılarla ilgili dava açıldığı öğrenildi.,olumsuz
N00854,F01080,2023-12-06,Ekonomim,"Vadi Turizm A.Ş. yönetimi, sektördeki daralma nedeniyle küçülme kararı aldığını duyurdu.",olumsuz
N00855,F01062,2022-12-30,Sözcü,"Ege Grup Ltd. Şti., 2022 yılında Sağlık sektöründe 338 milyon TL'lik yeni yatırım kararı aldığını açıkladı.",olumlu
N00856,F00351,2026-08-21,Dünya Gazetesi,"Yıldız Teknoloji A.Ş., yeni ihracat pazarlarına açılarak uluslararası büyüme hedeflerini yükseltti.",olumlu
N00857,F00197,2023-03-02,Bloomberg HT,"Berrak Metal Ltd. Şti., yeni ihracat pazarlarına açılarak uluslararası büyüme hedeflerini yükseltti.",olumlu
N00858,F00465,2024-05-02,Hürriyet Ekonomi,"Deniz Enerji A.Ş., Antalya'deki üretim kapasitesini artırmak için genişleme planlarını duyurdu.",olumlu
N00859,F00589,2024-12-16,Dünya Gazetesi,"Anka Lojistik A.Ş., yönetim kurulu üyeliklerinde değişikliğe gitti.",notr
N00860,F00006,2023-08-28,Hürriyet Ekonomi,"Damla Endüstri Ltd. Şti., sektör raporlarında Eğitim alanındaki oyunculardan biri olarak yer aldı.",notr
N00861,F00006,2026-03-21,Hürriyet Ekonomi,"Damla Endüstri Ltd. Şti., İstanbul'deki üretim kapasitesini artırmak için genişleme planlarını duyurdu.",olumlu
N00862,F00311,2025-12-23,Ekonomim,"Zirve Gıda A.Ş., 2025 yılı genel kurul toplantısını Antalya'de gerçekleştirdi.",notr
N00863,F00662,2024-03-06,Bloomberg HT,"Kaptan Yapı A.Ş., 2024 yılında Tarım sektöründe 275 milyon TL'lik yeni yatırım kararı aldığını açıkladı.",olumlu
N00864,F00662,2024-04-17,Hürriyet Ekonomi,"Kaptan Yapı A.Ş., yeni ihracat pazarlarına açılarak uluslararası büyüme hedeflerini yükseltti.",olumlu
N00865,F00405,2026-01-17,Sözcü,"Rüzgar Grup Ltd. Şti., yönetim kurulu üyeliklerinde değişikliğe gitti.",notr
N00866,F00405,2025-06-09,Hürriyet Ekonomi,"Rüzgar Grup Ltd. Şti., sektör raporlarında Turizm ve Konaklama alanındaki oyunculardan biri olarak yer aldı.",notr
N00867,F01196,2025-04-25,Dünya Gazetesi,"Yıldız Tarım Ltd. Şti., yönetim kurulu üyeliklerinde değişikliğe gitti.",notr
N00868,F01196,2023-03-24,Ekonomim,"Yıldız Tarım Ltd. Şti., Ankara'deki üretim kapasitesini artırmak için genişleme planlarını duyurdu.",olumlu
N00869,F01044,2022-08-30,Ekonomim,"Bumerang Holding A.Ş., sektör raporlarında Metal ve Makine alanındaki oyunculardan biri olarak yer aldı.",notr
N00870,F01044,2024-02-15,Sözcü,"Bumerang Holding A.Ş., İzmir'deki üretim kapasitesini artırmak için genişleme planlarını duyurdu.",olumlu
N00871,F01058,2026-04-30,Dünya Gazetesi,"Rüzgar İnşaat Ltd. Şti. yönetimi, sektördeki daralma nedeniyle küçülme kararı aldığını duyurdu.",olumsuz
N00872,F01058,2022-06-15,Sözcü,"Rüzgar İnşaat Ltd. Şti., Antalya'deki üretim kapasitesini artırmak için genişleme planlarını duyurdu.",olumlu
N00873,F00105,2026-03-11,Hürriyet Ekonomi,"Nokta Yapı A.Ş., 2026 yılı genel kurul toplantısını İzmir'de gerçekleştirdi.",notr
N00874,F00537,2024-02-25,Dünya Gazetesi,"Sahil Enerji Ltd. Şti., 2024 yılında Sağlık sektöründe 47 milyon TL'lik yeni yatırım kararı aldığını açıkladı.",olumlu
N00875,F00606,2022-07-13,Hürriyet Ekonomi,Kıvılcım Ticaret Ltd. Şti. hakkında Ankara Ticaret Mahkemesi'nde alacaklılarla ilgili dava açıldığı öğrenildi.,olumsuz
N00876,F00606,2023-07-08,Bloomberg HT,Kıvılcım Ticaret Ltd. Şti. hakkında konkordato talebiyle ilgili haberler gündeme geldi.,olumsuz
N00877,F00063,2023-07-11,Ekonomim,Kıvılcım Lojistik Ltd. Şti. hakkında İstanbul Ticaret Mahkemesi'nde alacaklılarla ilgili dava açıldığı öğrenildi.,olumsuz
N00878,F00063,2024-06-28,Bloomberg HT,"Kıvılcım Lojistik Ltd. Şti., 2024 yılında Tekstil sektöründe 393 milyon TL'lik yeni yatırım kararı aldığını açıkladı.",olumlu
N00879,F00282,2024-08-25,Dünya Gazetesi,"Yörünge Otomotiv Ltd. Şti. yönetimi, 2024 yılı ilk yarısında cironun beklentilerin üzerinde arttığını bildirdi.",olumlu
N00880,F01056,2022-04-07,Bloomberg HT,"Bahar Lojistik Ltd. Şti. yönetimi, sektördeki daralma nedeniyle küçülme kararı aldığını duyurdu.",olumsuz
N00881,F00239,2022-10-03,Dünya Gazetesi,Sahil Holding A.Ş. hakkında konkordato talebiyle ilgili haberler gündeme geldi.,olumsuz
N00882,F00239,2022-12-26,Ekonomim,"Sahil Holding A.Ş., yönetim kurulu üyeliklerinde değişikliğe gitti.",notr
N00883,F00224,2025-03-16,Dünya Gazetesi,"Yörünge Ticaret Ltd. Şti., 2025 yılında Tarım sektöründe 411 milyon TL'lik yeni yatırım kararı aldığını açıkladı.",olumlu
N00884,F00146,2023-08-21,Hürriyet Ekonomi,Bahar Lojistik A.Ş. hakkında Mersin Ticaret Mahkemesi'nde alacaklılarla ilgili dava açıldığı öğrenildi.,olumsuz
N00885,F00146,2024-08-28,Ekonomim,"Bahar Lojistik A.Ş., 2024 yılında Bilişim ve Yazılım sektöründe 200 milyon TL'lik yeni yatırım kararı aldığını açıkladı.",olumlu
N00886,F00146,2026-02-07,Bloomberg HT,"Bahar Lojistik A.Ş., yeni ihracat pazarlarına açılarak uluslararası büyüme hedeflerini yükseltti.",olumlu
N00887,F01119,2026-07-02,Sözcü,"Doğuş Yapı Ltd. Şti., Trabzon'deki üretim kapasitesini artırmak için genişleme planlarını duyurdu.",olumlu
N00888,F00374,2023-11-02,Dünya Gazetesi,Bereket İnşaat Ltd. Şti. hakkında konkordato talebiyle ilgili haberler gündeme geldi.,olumsuz
N00889,F00119,2026-07-01,Dünya Gazetesi,Kaptan Enerji Ltd. Şti. hakkında Adana Ticaret Mahkemesi'nde alacaklılarla ilgili dava açıldığı öğrenildi.,olumsuz
N00890,F00803,2025-11-12,Hürriyet Ekonomi,"Kervan Kimya A.Ş., sektör raporlarında Tekstil alanındaki oyunculardan biri olarak yer aldı.",notr
N00891,F00803,2023-10-17,Dünya Gazetesi,"Kervan Kimya A.Ş., 2023 yılı genel kurul toplantısını Mersin'de gerçekleştirdi.",notr
N00892,F00251,2025-01-17,Dünya Gazetesi,"Cevher Holding Ltd. Şti., yönetim kurulu üyeliklerinde değişikliğe gitti.",notr
N00893,F00251,2024-11-09,Sözcü,"Cevher Holding Ltd. Şti., yönetim kurulu üyeliklerinde değişikliğe gitti.",notr
N00894,F01157,2025-01-19,Sözcü,"Yıldız Ticaret Ltd. Şti., 2025 yılı genel kurul toplantısını Bursa'de gerçekleştirdi.",notr
N00895,F01157,2022-11-08,Dünya Gazetesi,"Yıldız Ticaret Ltd. Şti. yönetimi, sektördeki daralma nedeniyle küçülme kararı aldığını duyurdu.",olumsuz
N00896,F00010,2026-07-20,Bloomberg HT,"Cevher Gıda Ltd. Şti., 2026 yılı genel kurul toplantısını Ankara'de gerçekleştirdi.",notr
N00897,F00010,2023-08-05,Dünya Gazetesi,"Cevher Gıda Ltd. Şti. yönetimi, sektördeki daralma nedeniyle küçülme kararı aldığını duyurdu.",olumsuz
N00898,F00450,2025-01-17,Bloomberg HT,Umut Holding Ltd. Şti. hakkında Trabzon Ticaret Mahkemesi'nde alacaklılarla ilgili dava açıldığı öğrenildi.,olumsuz
N00899,F00874,2022-03-08,Hürriyet Ekonomi,"Doğuş Danışmanlık A.Ş. yönetimi, sektördeki daralma nedeniyle küçülme kararı aldığını duyurdu.",olumsuz
N00900,F00390,2023-07-07,Sözcü,"Deniz Turizm A.Ş. yönetimi, 2023 yılı ilk yarısında cironun beklentilerin üzerinde arttığını bildirdi.",olumlu
N00901,F00390,2026-04-08,Ekonomim,"Deniz Turizm A.Ş. yönetimi, 2026 yılı ilk yarısında cironun beklentilerin üzerinde arttığını bildirdi.",olumlu
N00902,F00966,2023-11-20,Bloomberg HT,"Doruk Tarım A.Ş., 2023 yılı genel kurul toplantısını İstanbul'de gerçekleştirdi.",notr
N00903,F00461,2026-02-16,Sözcü,"Meridyen Metal Ltd. Şti., sektör raporlarında Enerji alanındaki oyunculardan biri olarak yer aldı.",notr
N00904,F01147,2026-08-10,Dünya Gazetesi,"Doğuş Tekstil A.Ş., sektör raporlarında Bilişim ve Yazılım alanındaki oyunculardan biri olarak yer aldı.",notr
N00905,F00145,2025-12-18,Sözcü,"Cevher Danışmanlık Ltd. Şti. yönetimi, 2025 yılı ilk yarısında cironun beklentilerin üzerinde arttığını bildirdi.",olumlu
N00906,F00502,2025-03-12,Dünya Gazetesi,"Toros Yazılım A.Ş., 2025 yılı genel kurul toplantısını İzmir'de gerçekleştirdi.",notr
N00907,F01108,2023-10-28,Ekonomim,"Sahil Teknoloji A.Ş., sektör raporlarında Enerji alanındaki oyunculardan biri olarak yer aldı.",notr
N00908,F01108,2024-05-16,Dünya Gazetesi,"Sahil Teknoloji A.Ş. yönetimi, 2024 yılı ilk yarısında cironun beklentilerin üzerinde arttığını bildirdi.",olumlu
N00909,F00540,2023-01-18,Dünya Gazetesi,"Çınar Kimya A.Ş., Bursa'deki üretim kapasitesini artırmak için genişleme planlarını duyurdu.",olumlu
N00910,F00540,2022-10-03,Hürriyet Ekonomi,"Çınar Kimya A.Ş., 2022 yılı genel kurul toplantısını Bursa'de gerçekleştirdi.",notr
N00911,F00178,2022-09-19,Sözcü,"Aydın Holding Ltd. Şti., yönetim kurulu üyeliklerinde değişikliğe gitti.",notr
N00912,F00178,2023-05-04,Dünya Gazetesi,Aydın Holding Ltd. Şti. hakkında İstanbul Ticaret Mahkemesi'nde alacaklılarla ilgili dava açıldığı öğrenildi.,olumsuz
N00913,F00178,2026-08-19,Ekonomim,"Aydın Holding Ltd. Şti., 2026 yılında Kimya sektöründe 379 milyon TL'lik yeni yatırım kararı aldığını açıkladı.",olumlu
N00914,F01159,2026-02-15,Dünya Gazetesi,Yörünge Sistem Ltd. Şti. hakkında konkordato talebiyle ilgili haberler gündeme geldi.,olumsuz
N00915,F01159,2026-07-30,Sözcü,"Yörünge Sistem Ltd. Şti. yönetimi, 2026 yılı ilk yarısında cironun beklentilerin üzerinde arttığını bildirdi.",olumlu
N00916,F01051,2026-04-01,Ekonomim,"Umut Enerji Ltd. Şti., 2026 yılı genel kurul toplantısını Gaziantep'de gerçekleştirdi.",notr
N00917,F01051,2024-05-26,Ekonomim,"Umut Enerji Ltd. Şti., Gaziantep'deki üretim kapasitesini artırmak için genişleme planlarını duyurdu.",olumlu
N00918,F00584,2023-08-28,Dünya Gazetesi,"Mavera Yapı Ltd. Şti., 2023 yılında Finans ve Sigorta sektöründe 274 milyon TL'lik yeni yatırım kararı aldığını açıkladı.",olumlu
N00919,F01195,2022-11-04,Dünya Gazetesi,"Bereket Gıda A.Ş., 2022 yılı genel kurul toplantısını İstanbul'de gerçekleştirdi.",notr
N00920,F01195,2022-05-26,Dünya Gazetesi,"Bereket Gıda A.Ş., 2022 yılında Kimya sektöründe 317 milyon TL'lik yeni yatırım kararı aldığını açıkladı.",olumlu
N00921,F00008,2026-02-02,Hürriyet Ekonomi,"Cevher Metal A.Ş., 2026 yılında nakit akışı sorunları nedeniyle bazı ödemelerini erteledi.",olumsuz
N00922,F00008,2024-07-04,Sözcü,"Cevher Metal A.Ş. yönetimi, sektördeki daralma nedeniyle küçülme kararı aldığını duyurdu.",olumsuz
N00923,F00574,2022-02-26,Sözcü,"Bereket İnşaat A.Ş. yönetimi, sektördeki daralma nedeniyle küçülme kararı aldığını duyurdu.",olumsuz
N00924,F00843,2025-02-04,Sözcü,"Yörünge Gıda Ltd. Şti., yeni ihracat pazarlarına açılarak uluslararası büyüme hedeflerini yükseltti.",olumlu
N00925,F00358,2024-02-06,Bloomberg HT,"Erguvan Ticaret A.Ş., İzmir'deki üretim kapasitesini artırmak için genişleme planlarını duyurdu.",olumlu
N00926,F00330,2023-07-15,Sözcü,"Zirve Enerji Ltd. Şti., 2023 yılında Kimya sektöründe 11 milyon TL'lik yeni yatırım kararı aldığını açıkladı.",olumlu
N00927,F00705,2024-10-31,Hürriyet Ekonomi,"Toros Endüstri A.Ş. yönetimi, 2024 yılı ilk yarısında cironun beklentilerin üzerinde arttığını bildirdi.",olumlu
N00928,F00705,2024-07-06,Sözcü,Toros Endüstri A.Ş. hakkında konkordato talebiyle ilgili haberler gündeme geldi.,olumsuz
N00929,F00830,2022-07-01,Bloomberg HT,"Mavera Ticaret A.Ş., İzmir'deki üretim kapasitesini artırmak için genişleme planlarını duyurdu.",olumlu
N00930,F00830,2024-09-12,Sözcü,"Mavera Ticaret A.Ş., 2024 yılında Gıda ve İçecek sektöründe 70 milyon TL'lik yeni yatırım kararı aldığını açıkladı.",olumlu
N00931,F00259,2026-02-10,Dünya Gazetesi,"Bahar Gıda Ltd. Şti., 2026 yılında Sağlık sektöründe 8 milyon TL'lik yeni yatırım kararı aldığını açıkladı.",olumlu
N00932,F00259,2026-08-19,Sözcü,"Bahar Gıda Ltd. Şti., yönetim kurulu üyeliklerinde değişikliğe gitti.",notr
N00933,F00891,2025-12-18,Sözcü,"Rüzgar Grup A.Ş., yeni ihracat pazarlarına açılarak uluslararası büyüme hedeflerini yükseltti.",olumlu
N00934,F00891,2025-07-14,Hürriyet Ekonomi,"Rüzgar Grup A.Ş. yönetimi, 2025 yılı ilk yarısında cironun beklentilerin üzerinde arttığını bildirdi.",olumlu
N00935,F00834,2026-03-01,Bloomberg HT,Rüzgar Holding A.Ş. hakkında konkordato talebiyle ilgili haberler gündeme geldi.,olumsuz
N00936,F00834,2022-09-12,Sözcü,"Rüzgar Holding A.Ş., yeni ihracat pazarlarına açılarak uluslararası büyüme hedeflerini yükseltti.",olumlu
N00937,F01188,2026-04-20,Hürriyet Ekonomi,"Doruk Holding A.Ş., 2026 yılı genel kurul toplantısını Eskişehir'de gerçekleştirdi.",notr
N00938,F00905,2024-07-01,Hürriyet Ekonomi,"Deniz Gıda A.Ş., 2024 yılı genel kurul toplantısını Antalya'de gerçekleştirdi.",notr
N00939,F00905,2023-04-21,Hürriyet Ekonomi,"Deniz Gıda A.Ş., Antalya'deki üretim kapasitesini artırmak için genişleme planlarını duyurdu.",olumlu
N00940,F00526,2023-09-09,Hürriyet Ekonomi,"Doğuş Otomotiv A.Ş., İstanbul'deki üretim kapasitesini artırmak için genişleme planlarını duyurdu.",olumlu
N00941,F00526,2025-09-04,Sözcü,"Doğuş Otomotiv A.Ş., yeni ihracat pazarlarına açılarak uluslararası büyüme hedeflerini yükseltti.",olumlu
N00942,F00814,2023-01-03,Bloomberg HT,Deniz Ticaret Ltd. Şti. hakkında konkordato talebiyle ilgili haberler gündeme geldi.,olumsuz
N00943,F00732,2025-04-20,Ekonomim,"Kervan Tarım Ltd. Şti., sektör raporlarında Gıda ve İçecek alanındaki oyunculardan biri olarak yer aldı.",notr
N00944,F00732,2023-02-22,Bloomberg HT,"Kervan Tarım Ltd. Şti. yönetimi, 2023 yılı ilk yarısında cironun beklentilerin üzerinde arttığını bildirdi.",olumlu
N00945,F01032,2023-05-30,Hürriyet Ekonomi,"Bahar Lojistik Ltd. Şti., sektör raporlarında Lojistik alanındaki oyunculardan biri olarak yer aldı.",notr
N00946,F01032,2023-08-03,Hürriyet Ekonomi,"Bahar Lojistik Ltd. Şti., yeni ihracat pazarlarına açılarak uluslararası büyüme hedeflerini yükseltti.",olumlu
N00947,F01141,2022-06-05,Ekonomim,Erguvan Makine A.Ş. hakkında konkordato talebiyle ilgili haberler gündeme geldi.,olumsuz
N00948,F01141,2022-11-15,Hürriyet Ekonomi,"Erguvan Makine A.Ş. yönetimi, 2022 yılı ilk yarısında cironun beklentilerin üzerinde arttığını bildirdi.",olumlu
N00949,F00441,2024-04-30,Sözcü,"Vadi Teknoloji Ltd. Şti., 2024 yılı genel kurul toplantısını Antalya'de gerçekleştirdi.",notr
N00950,F00532,2026-02-18,Sözcü,"Damla Teknoloji Ltd. Şti., 2026 yılında Bilişim ve Yazılım sektöründe 40 milyon TL'lik yeni yatırım kararı aldığını açıkladı.",olumlu
N00951,F00532,2025-03-25,Sözcü,"Damla Teknoloji Ltd. Şti., yeni ihracat pazarlarına açılarak uluslararası büyüme hedeflerini yükseltti.",olumlu
N00952,F00960,2026-05-19,Ekonomim,"Doruk Yapı Ltd. Şti., 2026 yılında Gıda ve İçecek sektöründe 95 milyon TL'lik yeni yatırım kararı aldığını açıkladı.",olumlu
N00953,F00229,2022-05-17,Dünya Gazetesi,"Nokta Tarım A.Ş., 2022 yılında nakit akışı sorunları nedeniyle bazı ödemelerini erteledi.",olumsuz
N00954,F00229,2026-04-24,Ekonomim,"Nokta Tarım A.Ş., 2026 yılı genel kurul toplantısını İzmir'de gerçekleştirdi.",notr
N00955,F01041,2022-01-31,Dünya Gazetesi,Umut Sistem A.Ş. hakkında konkordato talebiyle ilgili haberler gündeme geldi.,olumsuz
N00956,F00213,2026-02-25,Sözcü,"Kaptan Metal A.Ş. yönetimi, 2026 yılı ilk yarısında cironun beklentilerin üzerinde arttığını bildirdi.",olumlu
N00957,F00213,2026-03-26,Hürriyet Ekonomi,"Kaptan Metal A.Ş., 2026 yılında Gıda ve İçecek sektöründe 54 milyon TL'lik yeni yatırım kararı aldığını açıkladı.",olumlu
N00958,F00080,2023-05-17,Bloomberg HT,"Kaptan İnşaat A.Ş., 2023 yılında Enerji sektöründe 62 milyon TL'lik yeni yatırım kararı aldığını açıkladı.",olumlu
N00959,F00149,2024-10-22,Dünya Gazetesi,"Zirve Yapı Ltd. Şti., yönetim kurulu üyeliklerinde değişikliğe gitti.",notr
N00960,F00592,2025-06-07,Ekonomim,"Nokta Gıda A.Ş., yeni ihracat pazarlarına açılarak uluslararası büyüme hedeflerini yükseltti.",olumlu
N00961,F00592,2025-03-04,Bloomberg HT,"Nokta Gıda A.Ş., yeni ihracat pazarlarına açılarak uluslararası büyüme hedeflerini yükseltti.",olumlu
N00962,F00708,2022-10-15,Sözcü,"Zirve Otomotiv Ltd. Şti., 2022 yılı genel kurul toplantısını İzmir'de gerçekleştirdi.",notr
N00963,F00708,2025-03-18,Bloomberg HT,Zirve Otomotiv Ltd. Şti. hakkında konkordato talebiyle ilgili haberler gündeme geldi.,olumsuz
N00964,F00708,2024-05-03,Bloomberg HT,"Zirve Otomotiv Ltd. Şti., 2024 yılında nakit akışı sorunları nedeniyle bazı ödemelerini erteledi.",olumsuz
N00965,F00590,2026-01-04,Bloomberg HT,"Doğuş Lojistik A.Ş., İstanbul'deki üretim kapasitesini artırmak için genişleme planlarını duyurdu.",olumlu
N00966,F00590,2023-02-16,Hürriyet Ekonomi,"Doğuş Lojistik A.Ş., 2023 yılında nakit akışı sorunları nedeniyle bazı ödemelerini erteledi.",olumsuz
N00967,F00134,2025-01-23,Hürriyet Ekonomi,"Erguvan Danışmanlık Ltd. Şti. yönetimi, sektördeki daralma nedeniyle küçülme kararı aldığını duyurdu.",olumsuz
N00968,F00134,2023-04-30,Ekonomim,"Erguvan Danışmanlık Ltd. Şti., 2023 yılında Tekstil sektöründe 486 milyon TL'lik yeni yatırım kararı aldığını açıkladı.",olumlu
N00969,F00134,2026-06-07,Bloomberg HT,"Erguvan Danışmanlık Ltd. Şti., yeni ihracat pazarlarına açılarak uluslararası büyüme hedeflerini yükseltti.",olumlu
N00970,F00782,2025-08-19,Sözcü,"Ege Grup Ltd. Şti., 2025 yılı genel kurul toplantısını İstanbul'de gerçekleştirdi.",notr
N00971,F00782,2022-09-10,Ekonomim,"Ege Grup Ltd. Şti., 2022 yılı genel kurul toplantısını İstanbul'de gerçekleştirdi.",notr
N00972,F00409,2023-11-05,Dünya Gazetesi,"Zirve Metal Ltd. Şti., yönetim kurulu üyeliklerinde değişikliğe gitti.",notr
N00973,F00409,2026-05-26,Bloomberg HT,"Zirve Metal Ltd. Şti. yönetimi, 2026 yılı ilk yarısında cironun beklentilerin üzerinde arttığını bildirdi.",olumlu
N00974,F00970,2023-01-05,Bloomberg HT,"Doğuş Tarım A.Ş., yönetim kurulu üyeliklerinde değişikliğe gitti.",notr
N00975,F00508,2023-07-02,Bloomberg HT,Aydın Danışmanlık Ltd. Şti. hakkında Adana Ticaret Mahkemesi'nde alacaklılarla ilgili dava açıldığı öğrenildi.,olumsuz
N00976,F00877,2026-07-03,Ekonomim,"Meridyen Lojistik A.Ş. yönetimi, 2026 yılı ilk yarısında cironun beklentilerin üzerinde arttığını bildirdi.",olumlu
N00977,F00505,2025-04-04,Sözcü,"Aydın Turizm A.Ş., 2025 yılında Bilişim ve Yazılım sektöründe 268 milyon TL'lik yeni yatırım kararı aldığını açıkladı.",olumlu
N00978,F00719,2022-10-16,Bloomberg HT,"Sahil Endüstri A.Ş. yönetimi, sektördeki daralma nedeniyle küçülme kararı aldığını duyurdu.",olumsuz
N00979,F00348,2023-04-24,Dünya Gazetesi,"Mavera Otomotiv Ltd. Şti., sektör raporlarında İnşaat alanındaki oyunculardan biri olarak yer aldı.",notr
N00980,F00348,2024-02-04,Hürriyet Ekonomi,"Mavera Otomotiv Ltd. Şti., 2024 yılı genel kurul toplantısını İstanbul'de gerçekleştirdi.",notr
N00981,F00387,2024-03-15,Hürriyet Ekonomi,"Aydın Metal A.Ş. yönetimi, sektördeki daralma nedeniyle küçülme kararı aldığını duyurdu.",olumsuz
N00982,F00387,2023-07-23,Hürriyet Ekonomi,"Aydın Metal A.Ş., 2023 yılında Kimya sektöründe 179 milyon TL'lik yeni yatırım kararı aldığını açıkladı.",olumlu
N00983,F00001,2023-09-17,Sözcü,"Doruk Teknoloji A.Ş., yeni ihracat pazarlarına açılarak uluslararası büyüme hedeflerini yükseltti.",olumlu
N00984,F00361,2025-09-17,Ekonomim,"Toros Turizm A.Ş., sektör raporlarında Otomotiv alanındaki oyunculardan biri olarak yer aldı.",notr
N00985,F01134,2022-08-03,Bloomberg HT,"Bereket Grup Ltd. Şti. yönetimi, 2022 yılı ilk yarısında cironun beklentilerin üzerinde arttığını bildirdi.",olumlu
N00986,F00476,2022-03-22,Dünya Gazetesi,"Aydın Otomotiv A.Ş., yönetim kurulu üyeliklerinde değişikliğe gitti.",notr
N00987,F00476,2023-12-16,Bloomberg HT,"Aydın Otomotiv A.Ş., İstanbul'deki üretim kapasitesini artırmak için genişleme planlarını duyurdu.",olumlu
N00988,F00476,2026-06-04,Hürriyet Ekonomi,"Aydın Otomotiv A.Ş., 2026 yılı genel kurul toplantısını İstanbul'de gerçekleştirdi.",notr
N00989,F00778,2023-09-21,Bloomberg HT,Erguvan Teknoloji Ltd. Şti. hakkında konkordato talebiyle ilgili haberler gündeme geldi.,olumsuz
N00990,F00778,2026-03-21,Hürriyet Ekonomi,"Erguvan Teknoloji Ltd. Şti., yeni ihracat pazarlarına açılarak uluslararası büyüme hedeflerini yükseltti.",olumlu
N00991,F00778,2026-01-06,Sözcü,"Erguvan Teknoloji Ltd. Şti., yeni ihracat pazarlarına açılarak uluslararası büyüme hedeflerini yükseltti.",olumlu
N00992,F00754,2026-02-08,Ekonomim,"Kervan Yazılım Ltd. Şti. yönetimi, 2026 yılı ilk yarısında cironun beklentilerin üzerinde arttığını bildirdi.",olumlu
N00993,F00173,2025-08-30,Hürriyet Ekonomi,"Rüzgar Danışmanlık A.Ş., yeni ihracat pazarlarına açılarak uluslararası büyüme hedeflerini yükseltti.",olumlu
N00994,F00173,2022-12-25,Dünya Gazetesi,"Rüzgar Danışmanlık A.Ş., yeni ihracat pazarlarına açılarak uluslararası büyüme hedeflerini yükseltti.",olumlu
N00995,F00451,2023-11-06,Bloomberg HT,"Nokta Holding A.Ş., 2023 yılı genel kurul toplantısını Gaziantep'de gerçekleştirdi.",notr
N00996,F00126,2022-02-06,Ekonomim,"Kıvılcım Makine A.Ş., yönetim kurulu üyeliklerinde değişikliğe gitti.",notr
N00997,F00931,2022-07-01,Sözcü,"Vadi Yapı A.Ş., Ankara'deki üretim kapasitesini artırmak için genişleme planlarını duyurdu.",olumlu
N00998,F00931,2024-12-23,Ekonomim,Vadi Yapı A.Ş. hakkında konkordato talebiyle ilgili haberler gündeme geldi.,olumsuz
N00999,F00531,2023-06-20,Ekonomim,"Mavera Otomotiv Ltd. Şti. yönetimi, 2023 yılı ilk yarısında cironun beklentilerin üzerinde arttığını bildirdi.",olumlu
N01000,F00531,2024-07-01,Ekonomim,"Mavera Otomotiv Ltd. Şti. yönetimi, 2024 yılı ilk yarısında cironun beklentilerin üzerinde arttığını bildirdi.",olumlu
N01001,F00091,2025-06-16,Dünya Gazetesi,"Yıldız Kimya A.Ş., yönetim kurulu üyeliklerinde değişikliğe gitti.",notr
N01002,F01162,2023-11-22,Sözcü,"Bahar Yapı A.Ş. yönetimi, 2023 yılı ilk yarısında cironun beklentilerin üzerinde arttığını bildirdi.",olumlu
N01003,F00182,2024-08-27,Ekonomim,"Erguvan Tekstil Ltd. Şti., yönetim kurulu üyeliklerinde değişikliğe gitti.",notr
N01004,F01027,2022-01-04,Bloomberg HT,Deniz Kimya A.Ş. hakkında konkordato talebiyle ilgili haberler gündeme geldi.,olumsuz
N01005,F01027,2025-04-13,Dünya Gazetesi,"Deniz Kimya A.Ş. yönetimi, 2025 yılı ilk yarısında cironun beklentilerin üzerinde arttığını bildirdi.",olumlu
N01006,F01000,2026-06-27,Sözcü,"Bahar Yazılım A.Ş. yönetimi, 2026 yılı ilk yarısında cironun beklentilerin üzerinde arttığını bildirdi.",olumlu
N01007,F01000,2026-08-16,Sözcü,"Bahar Yazılım A.Ş. yönetimi, 2026 yılı ilk yarısında cironun beklentilerin üzerinde arttığını bildirdi.",olumlu
N01008,F01000,2024-05-19,Hürriyet Ekonomi,"Bahar Yazılım A.Ş., yeni ihracat pazarlarına açılarak uluslararası büyüme hedeflerini yükseltti.",olumlu
N01009,F00252,2022-06-02,Bloomberg HT,"Toprak Grup Ltd. Şti., 2022 yılı genel kurul toplantısını Ankara'de gerçekleştirdi.",notr
N01010,F00252,2025-10-16,Dünya Gazetesi,"Toprak Grup Ltd. Şti. yönetimi, 2025 yılı ilk yarısında cironun beklentilerin üzerinde arttığını bildirdi.",olumlu
N01011,F00070,2024-03-22,Sözcü,"Vadi Enerji Ltd. Şti., İstanbul'deki üretim kapasitesini artırmak için genişleme planlarını duyurdu.",olumlu
N01012,F00070,2022-01-30,Dünya Gazetesi,"Vadi Enerji Ltd. Şti., İstanbul'deki üretim kapasitesini artırmak için genişleme planlarını duyurdu.",olumlu
N01013,F00132,2025-04-22,Dünya Gazetesi,"Bereket Yazılım A.Ş. yönetimi, 2025 yılı ilk yarısında cironun beklentilerin üzerinde arttığını bildirdi.",olumlu
N01014,F00301,2025-09-03,Sözcü,"Bumerang Yazılım Ltd. Şti., İzmir'deki üretim kapasitesini artırmak için genişleme planlarını duyurdu.",olumlu
N01015,F00301,2025-04-17,Ekonomim,"Bumerang Yazılım Ltd. Şti., İzmir'deki üretim kapasitesini artırmak için genişleme planlarını duyurdu.",olumlu
N01016,F01133,2024-10-28,Ekonomim,"Bahar Kimya A.Ş., 2024 yılında nakit akışı sorunları nedeniyle bazı ödemelerini erteledi.",olumsuz
N01017,F01133,2022-09-17,Ekonomim,"Bahar Kimya A.Ş., yeni ihracat pazarlarına açılarak uluslararası büyüme hedeflerini yükseltti.",olumlu
N01018,F00327,2025-07-15,Hürriyet Ekonomi,"Doğuş Ticaret Ltd. Şti., 2025 yılı genel kurul toplantısını Konya'de gerçekleştirdi.",notr
N01019,F00327,2024-07-08,Ekonomim,"Doğuş Ticaret Ltd. Şti. yönetimi, sektördeki daralma nedeniyle küçülme kararı aldığını duyurdu.",olumsuz
N01020,F01020,2022-06-03,Ekonomim,"Cevher Endüstri A.Ş. yönetimi, 2022 yılı ilk yarısında cironun beklentilerin üzerinde arttığını bildirdi.",olumlu
N01021,F00500,2022-02-02,Hürriyet Ekonomi,"Bereket Endüstri Ltd. Şti., 2022 yılında Tarım sektöründe 188 milyon TL'lik yeni yatırım kararı aldığını açıkladı.",olumlu
N01022,F00500,2024-02-26,Ekonomim,"Bereket Endüstri Ltd. Şti., yeni ihracat pazarlarına açılarak uluslararası büyüme hedeflerini yükseltti.",olumlu
N01023,F00666,2024-11-24,Dünya Gazetesi,"Kervan Endüstri Ltd. Şti., 2024 yılında Otomotiv sektöründe 120 milyon TL'lik yeni yatırım kararı aldığını açıkladı.",olumlu
N01024,F00919,2024-10-07,Ekonomim,"Ege Danışmanlık Ltd. Şti., 2024 yılında Finans ve Sigorta sektöründe 490 milyon TL'lik yeni yatırım kararı aldığını açıkladı.",olumlu
N01025,F00496,2025-06-13,Ekonomim,"Sahil Endüstri A.Ş., 2025 yılında Enerji sektöründe 426 milyon TL'lik yeni yatırım kararı aldığını açıkladı.",olumlu
N01026,F00496,2025-12-13,Sözcü,"Sahil Endüstri A.Ş., yeni ihracat pazarlarına açılarak uluslararası büyüme hedeflerini yükseltti.",olumlu
N01027,F00339,2026-05-06,Sözcü,"Aydın Kimya A.Ş., 2026 yılı genel kurul toplantısını Ankara'de gerçekleştirdi.",notr
N01028,F00339,2026-06-05,Sözcü,"Aydın Kimya A.Ş. yönetimi, sektördeki daralma nedeniyle küçülme kararı aldığını duyurdu.",olumsuz
N01029,F00964,2022-09-14,Sözcü,"Kıvılcım Grup Ltd. Şti., İzmir'deki üretim kapasitesini artırmak için genişleme planlarını duyurdu.",olumlu
N01030,F00964,2023-07-11,Hürriyet Ekonomi,"Kıvılcım Grup Ltd. Şti., 2023 yılında Turizm ve Konaklama sektöründe 159 milyon TL'lik yeni yatırım kararı aldığını açıkladı.",olumlu
N01031,F00165,2022-08-21,Ekonomim,"Çınar Sistem A.Ş., 2022 yılı genel kurul toplantısını Kayseri'de gerçekleştirdi.",notr
N01032,F00029,2026-07-19,Sözcü,"Ege Yazılım Ltd. Şti. yönetimi, 2026 yılı ilk yarısında cironun beklentilerin üzerinde arttığını bildirdi.",olumlu
N01033,F00029,2026-08-08,Ekonomim,"Ege Yazılım Ltd. Şti., yeni ihracat pazarlarına açılarak uluslararası büyüme hedeflerini yükseltti.",olumlu
N01034,F00517,2023-10-02,Ekonomim,"Erguvan Endüstri A.Ş., İzmir'deki üretim kapasitesini artırmak için genişleme planlarını duyurdu.",olumlu
N01035,F00194,2025-08-13,Ekonomim,"Berrak İnşaat Ltd. Şti. yönetimi, 2025 yılı ilk yarısında cironun beklentilerin üzerinde arttığını bildirdi.",olumlu
N01036,F01104,2026-06-12,Hürriyet Ekonomi,"Sahil İnşaat A.Ş., Antalya'deki üretim kapasitesini artırmak için genişleme planlarını duyurdu.",olumlu
N01037,F00170,2026-03-29,Dünya Gazetesi,"Toros Lojistik Ltd. Şti., 2026 yılı genel kurul toplantısını İzmir'de gerçekleştirdi.",notr
N01038,F00170,2024-07-13,Bloomberg HT,"Toros Lojistik Ltd. Şti., sektör raporlarında Sağlık alanındaki oyunculardan biri olarak yer aldı.",notr
N01039,F00170,2024-08-04,Hürriyet Ekonomi,"Toros Lojistik Ltd. Şti. yönetimi, 2024 yılı ilk yarısında cironun beklentilerin üzerinde arttığını bildirdi.",olumlu
N01040,F01059,2022-05-09,Hürriyet Ekonomi,"Yıldız Gıda Ltd. Şti. yönetimi, sektördeki daralma nedeniyle küçülme kararı aldığını duyurdu.",olumsuz
N01041,F00174,2023-10-15,Hürriyet Ekonomi,"Nokta Turizm Ltd. Şti., 2023 yılında Turizm ve Konaklama sektöründe 68 milyon TL'lik yeni yatırım kararı aldığını açıkladı.",olumlu
N01042,F00174,2026-04-20,Ekonomim,"Nokta Turizm Ltd. Şti., 2026 yılı genel kurul toplantısını İstanbul'de gerçekleştirdi.",notr
N01043,F00519,2026-07-31,Bloomberg HT,"Yörünge Gıda A.Ş., 2026 yılında nakit akışı sorunları nedeniyle bazı ödemelerini erteledi.",olumsuz
N01044,F00519,2023-01-17,Sözcü,"Yörünge Gıda A.Ş., yeni ihracat pazarlarına açılarak uluslararası büyüme hedeflerini yükseltti.",olumlu
N01045,F00519,2023-02-11,Hürriyet Ekonomi,"Yörünge Gıda A.Ş., Antalya'deki üretim kapasitesini artırmak için genişleme planlarını duyurdu.",olumlu
N01046,F00969,2026-06-17,Bloomberg HT,"Cevher Sistem Ltd. Şti., 2026 yılı genel kurul toplantısını Ankara'de gerçekleştirdi.",notr
N01047,F00702,2025-11-22,Hürriyet Ekonomi,"Toros Grup Ltd. Şti., yönetim kurulu üyeliklerinde değişikliğe gitti.",notr
N01048,F00702,2025-10-06,Hürriyet Ekonomi,Toros Grup Ltd. Şti. hakkında Ankara Ticaret Mahkemesi'nde alacaklılarla ilgili dava açıldığı öğrenildi.,olumsuz
N01049,F00702,2025-10-08,Bloomberg HT,"Toros Grup Ltd. Şti. yönetimi, 2025 yılı ilk yarısında cironun beklentilerin üzerinde arttığını bildirdi.",olumlu
N01050,F00492,2025-12-16,Sözcü,Vadi Yazılım Ltd. Şti. hakkında konkordato talebiyle ilgili haberler gündeme geldi.,olumsuz
N01051,F00492,2022-02-20,Hürriyet Ekonomi,"Vadi Yazılım Ltd. Şti., 2022 yılında Tarım sektöründe 112 milyon TL'lik yeni yatırım kararı aldığını açıkladı.",olumlu
N01052,F00492,2024-02-22,Bloomberg HT,"Vadi Yazılım Ltd. Şti., yönetim kurulu üyeliklerinde değişikliğe gitti.",notr
N01053,F00074,2024-07-14,Ekonomim,"Zirve Yapı Ltd. Şti., yeni ihracat pazarlarına açılarak uluslararası büyüme hedeflerini yükseltti.",olumlu
N01054,F00074,2025-12-19,Sözcü,"Zirve Yapı Ltd. Şti., yeni ihracat pazarlarına açılarak uluslararası büyüme hedeflerini yükseltti.",olumlu
N01055,F00981,2024-02-24,Dünya Gazetesi,"Erguvan Ticaret A.Ş., sektör raporlarında Perakende Ticaret alanındaki oyunculardan biri olarak yer aldı.",notr
N01056,F00588,2023-12-21,Ekonomim,"Aydın Kimya A.Ş., 2023 yılında Tekstil sektöründe 67 milyon TL'lik yeni yatırım kararı aldığını açıkladı.",olumlu
N01057,F00235,2025-01-15,Hürriyet Ekonomi,"Kıvılcım Kimya Ltd. Şti., 2025 yılında nakit akışı sorunları nedeniyle bazı ödemelerini erteledi.",olumsuz
N01058,F00215,2025-01-13,Bloomberg HT,"Bumerang Sistem Ltd. Şti., yönetim kurulu üyeliklerinde değişikliğe gitti.",notr
N01059,F00947,2025-11-08,Sözcü,"Bahar Danışmanlık A.Ş., 2025 yılı genel kurul toplantısını Denizli'de gerçekleştirdi.",notr
N01060,F00947,2025-11-02,Ekonomim,Bahar Danışmanlık A.Ş. hakkında konkordato talebiyle ilgili haberler gündeme geldi.,olumsuz
N01061,F00133,2025-11-08,Sözcü,"Rüzgar Teknoloji Ltd. Şti. yönetimi, sektördeki daralma nedeniyle küçülme kararı aldığını duyurdu.",olumsuz
N01062,F00133,2022-01-11,Hürriyet Ekonomi,"Rüzgar Teknoloji Ltd. Şti. yönetimi, 2022 yılı ilk yarısında cironun beklentilerin üzerinde arttığını bildirdi.",olumlu
N01063,F01156,2022-08-15,Sözcü,"Toros Yazılım Ltd. Şti. yönetimi, sektördeki daralma nedeniyle küçülme kararı aldığını duyurdu.",olumsuz
N01064,F01156,2023-02-06,Hürriyet Ekonomi,"Toros Yazılım Ltd. Şti., yönetim kurulu üyeliklerinde değişikliğe gitti.",notr
N01065,F00733,2024-05-20,Ekonomim,"Nokta Yazılım Ltd. Şti., 2024 yılı genel kurul toplantısını Ankara'de gerçekleştirdi.",notr
N01066,F00941,2023-08-09,Hürriyet Ekonomi,"Kervan Danışmanlık Ltd. Şti., sektör raporlarında Eğitim alanındaki oyunculardan biri olarak yer aldı.",notr
N01067,F00186,2022-06-17,Sözcü,"Bahar Danışmanlık A.Ş., yönetim kurulu üyeliklerinde değişikliğe gitti.",notr
N01068,F00186,2026-04-13,Bloomberg HT,"Bahar Danışmanlık A.Ş., sektör raporlarında Otomotiv alanındaki oyunculardan biri olarak yer aldı.",notr
N01069,F00186,2026-05-31,Hürriyet Ekonomi,"Bahar Danışmanlık A.Ş. yönetimi, 2026 yılı ilk yarısında cironun beklentilerin üzerinde arttığını bildirdi.",olumlu
N01070,F00042,2026-05-01,Sözcü,"Deniz Turizm A.Ş., 2026 yılı genel kurul toplantısını Samsun'de gerçekleştirdi.",notr
N01071,F00042,2026-02-26,Ekonomim,"Deniz Turizm A.Ş., 2026 yılında nakit akışı sorunları nedeniyle bazı ödemelerini erteledi.",olumsuz
N01072,F00109,2024-01-07,Sözcü,"Rüzgar Grup A.Ş., Antalya'deki üretim kapasitesini artırmak için genişleme planlarını duyurdu.",olumlu
N01073,F00109,2026-05-29,Sözcü,"Rüzgar Grup A.Ş., Antalya'deki üretim kapasitesini artırmak için genişleme planlarını duyurdu.",olumlu
N01074,F00849,2023-04-29,Dünya Gazetesi,"Çınar Otomotiv A.Ş., 2023 yılında Gıda ve İçecek sektöründe 51 milyon TL'lik yeni yatırım kararı aldığını açıkladı.",olumlu
N01075,F00569,2024-06-26,Hürriyet Ekonomi,"Damla Kimya Ltd. Şti., 2024 yılı genel kurul toplantısını Kayseri'de gerçekleştirdi.",notr
N01076,F00569,2026-06-03,Ekonomim,"Damla Kimya Ltd. Şti., yönetim kurulu üyeliklerinde değişikliğe gitti.",notr
N01077,F00651,2025-06-26,Dünya Gazetesi,"Rüzgar Holding Ltd. Şti., sektör raporlarında Kimya alanındaki oyunculardan biri olarak yer aldı.",notr
N01078,F00651,2024-08-06,Hürriyet Ekonomi,"Rüzgar Holding Ltd. Şti., 2024 yılında Kimya sektöründe 402 milyon TL'lik yeni yatırım kararı aldığını açıkladı.",olumlu
N01079,F01001,2023-11-17,Hürriyet Ekonomi,Bumerang Sistem Ltd. Şti. hakkında Ankara Ticaret Mahkemesi'nde alacaklılarla ilgili dava açıldığı öğrenildi.,olumsuz
N01080,F01166,2022-04-21,Ekonomim,"Deniz Makine Ltd. Şti., Ankara'deki üretim kapasitesini artırmak için genişleme planlarını duyurdu.",olumlu
N01081,F01166,2025-03-16,Ekonomim,"Deniz Makine Ltd. Şti., 2025 yılı genel kurul toplantısını Ankara'de gerçekleştirdi.",notr
N01082,F00484,2022-06-18,Hürriyet Ekonomi,"Doğuş Lojistik Ltd. Şti., İstanbul'deki üretim kapasitesini artırmak için genişleme planlarını duyurdu.",olumlu
N01083,F00484,2024-02-14,Ekonomim,"Doğuş Lojistik Ltd. Şti. yönetimi, sektördeki daralma nedeniyle küçülme kararı aldığını duyurdu.",olumsuz
N01084,F00484,2024-12-24,Dünya Gazetesi,"Doğuş Lojistik Ltd. Şti., 2024 yılında İnşaat sektöründe 102 milyon TL'lik yeni yatırım kararı aldığını açıkladı.",olumlu
N01085,F00469,2026-07-25,Dünya Gazetesi,"Deniz Enerji A.Ş., yönetim kurulu üyeliklerinde değişikliğe gitti.",notr
N01086,F00025,2022-03-21,Sözcü,"Çınar Otomotiv A.Ş., yeni ihracat pazarlarına açılarak uluslararası büyüme hedeflerini yükseltti.",olumlu
N01087,F00025,2022-09-10,Sözcü,"Çınar Otomotiv A.Ş. yönetimi, 2022 yılı ilk yarısında cironun beklentilerin üzerinde arttığını bildirdi.",olumlu
N01088,F00661,2024-03-25,Bloomberg HT,"Berrak Sistem A.Ş., sektör raporlarında Sağlık alanındaki oyunculardan biri olarak yer aldı.",notr
N01089,F00661,2023-09-20,Ekonomim,"Berrak Sistem A.Ş., yeni ihracat pazarlarına açılarak uluslararası büyüme hedeflerini yükseltti.",olumlu
N01090,F00661,2024-05-07,Bloomberg HT,"Berrak Sistem A.Ş., yeni ihracat pazarlarına açılarak uluslararası büyüme hedeflerini yükseltti.",olumlu
N01091,F00680,2026-01-24,Bloomberg HT,Meridyen Endüstri Ltd. Şti. hakkında konkordato talebiyle ilgili haberler gündeme geldi.,olumsuz
N01092,F00680,2022-11-21,Bloomberg HT,"Meridyen Endüstri Ltd. Şti., 2022 yılı genel kurul toplantısını İstanbul'de gerçekleştirdi.",notr
N01093,F00753,2025-05-04,Dünya Gazetesi,"Doruk Kimya A.Ş., 2025 yılı genel kurul toplantısını Samsun'de gerçekleştirdi.",notr
N01094,F00753,2026-03-30,Sözcü,"Doruk Kimya A.Ş., yönetim kurulu üyeliklerinde değişikliğe gitti.",notr
N01095,F00994,2023-03-16,Dünya Gazetesi,Doğuş Turizm Ltd. Şti. hakkında konkordato talebiyle ilgili haberler gündeme geldi.,olumsuz
N01096,F00367,2025-11-22,Sözcü,"Pusula Makine Ltd. Şti., 2025 yılında Tekstil sektöründe 320 milyon TL'lik yeni yatırım kararı aldığını açıkladı.",olumlu
N01097,F00840,2024-03-26,Hürriyet Ekonomi,"Çınar Grup A.Ş., 2024 yılı genel kurul toplantısını İstanbul'de gerçekleştirdi.",notr
N01098,F00840,2023-03-14,Bloomberg HT,"Çınar Grup A.Ş. yönetimi, sektördeki daralma nedeniyle küçülme kararı aldığını duyurdu.",olumsuz
N01099,F01053,2025-11-03,Hürriyet Ekonomi,Pusula Yapı Ltd. Şti. hakkında İstanbul Ticaret Mahkemesi'nde alacaklılarla ilgili dava açıldığı öğrenildi.,olumsuz
N01100,F00384,2022-08-12,Sözcü,"Ege Tekstil Ltd. Şti., 2022 yılında Gıda ve İçecek sektöründe 321 milyon TL'lik yeni yatırım kararı aldığını açıkladı.",olumlu
N01101,F00384,2024-05-24,Dünya Gazetesi,"Ege Tekstil Ltd. Şti., yönetim kurulu üyeliklerinde değişikliğe gitti.",notr
N01102,F00384,2025-12-18,Hürriyet Ekonomi,"Ege Tekstil Ltd. Şti., yönetim kurulu üyeliklerinde değişikliğe gitti.",notr
N01103,F00455,2025-02-12,Bloomberg HT,"Toprak Yapı Ltd. Şti. yönetimi, 2025 yılı ilk yarısında cironun beklentilerin üzerinde arttığını bildirdi.",olumlu
N01104,F00455,2025-05-19,Hürriyet Ekonomi,"Toprak Yapı Ltd. Şti., 2025 yılında Kimya sektöründe 145 milyon TL'lik yeni yatırım kararı aldığını açıkladı.",olumlu
N01105,F00265,2025-09-28,Hürriyet Ekonomi,"Nokta Kimya Ltd. Şti., sektör raporlarında Lojistik alanındaki oyunculardan biri olarak yer aldı.",notr
N01106,F00761,2026-07-01,Hürriyet Ekonomi,"Zirve Metal Ltd. Şti., Eskişehir'deki üretim kapasitesini artırmak için genişleme planlarını duyurdu.",olumlu
N01107,F00980,2026-04-16,Ekonomim,"Pusula Otomotiv A.Ş., yönetim kurulu üyeliklerinde değişikliğe gitti.",notr
N01108,F00445,2025-01-14,Dünya Gazetesi,"Zirve Tarım Ltd. Şti., 2025 yılı genel kurul toplantısını Denizli'de gerçekleştirdi.",notr
N01109,F00445,2022-07-05,Bloomberg HT,"Zirve Tarım Ltd. Şti., 2022 yılında Tarım sektöründe 389 milyon TL'lik yeni yatırım kararı aldığını açıkladı.",olumlu
N01110,F00396,2023-01-20,Sözcü,"Sahil Gıda Ltd. Şti., yeni ihracat pazarlarına açılarak uluslararası büyüme hedeflerini yükseltti.",olumlu
N01111,F00742,2023-10-27,Dünya Gazetesi,"Cevher Metal Ltd. Şti., 2023 yılında nakit akışı sorunları nedeniyle bazı ödemelerini erteledi.",olumsuz
N01112,F00177,2022-09-16,Sözcü,"Deniz İnşaat A.Ş. yönetimi, sektördeki daralma nedeniyle küçülme kararı aldığını duyurdu.",olumsuz
N01113,F00177,2022-08-15,Sözcü,"Deniz İnşaat A.Ş., yeni ihracat pazarlarına açılarak uluslararası büyüme hedeflerini yükseltti.",olumlu
N01114,F00019,2023-01-10,Hürriyet Ekonomi,"Toros Tarım A.Ş., 2023 yılında Bilişim ve Yazılım sektöründe 223 milyon TL'lik yeni yatırım kararı aldığını açıkladı.",olumlu
N01115,F00949,2026-01-23,Ekonomim,"Berrak Metal A.Ş., 2026 yılında nakit akışı sorunları nedeniyle bazı ödemelerini erteledi.",olumsuz
N01116,F00949,2025-06-02,Ekonomim,"Berrak Metal A.Ş., yönetim kurulu üyeliklerinde değişikliğe gitti.",notr
N01117,F00815,2024-08-29,Ekonomim,"Doruk Turizm Ltd. Şti. yönetimi, 2024 yılı ilk yarısında cironun beklentilerin üzerinde arttığını bildirdi.",olumlu
N01118,F00596,2023-11-23,Dünya Gazetesi,Toprak Grup A.Ş. hakkında konkordato talebiyle ilgili haberler gündeme geldi.,olumsuz
N01119,F00596,2026-07-29,Bloomberg HT,Toprak Grup A.Ş. hakkında Gaziantep Ticaret Mahkemesi'nde alacaklılarla ilgili dava açıldığı öğrenildi.,olumsuz
N01120,F00596,2025-03-06,Hürriyet Ekonomi,"Toprak Grup A.Ş., 2025 yılı genel kurul toplantısını Gaziantep'de gerçekleştirdi.",notr
N01121,F00062,2024-02-09,Ekonomim,"Cevher Teknoloji Ltd. Şti., 2024 yılı genel kurul toplantısını Gaziantep'de gerçekleştirdi.",notr
N01122,F00273,2025-07-04,Sözcü,"Sahil Tekstil Ltd. Şti., 2025 yılında Tekstil sektöründe 138 milyon TL'lik yeni yatırım kararı aldığını açıkladı.",olumlu
N01123,F01126,2024-11-13,Bloomberg HT,"Pusula Makine A.Ş., Gaziantep'deki üretim kapasitesini artırmak için genişleme planlarını duyurdu.",olumlu
N01124,F01126,2023-04-27,Hürriyet Ekonomi,"Pusula Makine A.Ş., 2023 yılında nakit akışı sorunları nedeniyle bazı ödemelerini erteledi.",olumsuz
N01125,F00279,2026-07-14,Bloomberg HT,"Berrak Tarım Ltd. Şti., Ankara'deki üretim kapasitesini artırmak için genişleme planlarını duyurdu.",olumlu
N01126,F00842,2024-12-26,Ekonomim,"Berrak Teknoloji Ltd. Şti., yeni ihracat pazarlarına açılarak uluslararası büyüme hedeflerini yükseltti.",olumlu
N01127,F00369,2022-09-10,Hürriyet Ekonomi,"Bumerang Turizm Ltd. Şti. yönetimi, sektördeki daralma nedeniyle küçülme kararı aldığını duyurdu.",olumsuz
N01128,F00369,2022-04-08,Dünya Gazetesi,"Bumerang Turizm Ltd. Şti. yönetimi, 2022 yılı ilk yarısında cironun beklentilerin üzerinde arttığını bildirdi.",olumlu
N01129,F00887,2022-07-12,Hürriyet Ekonomi,"Aydın Endüstri Ltd. Şti., İzmir'deki üretim kapasitesini artırmak için genişleme planlarını duyurdu.",olumlu
N01130,F01015,2024-08-23,Sözcü,"Mavera Lojistik A.Ş., 2024 yılında Lojistik sektöründe 164 milyon TL'lik yeni yatırım kararı aldığını açıkladı.",olumlu
N01131,F00860,2023-01-14,Hürriyet Ekonomi,"Çınar Endüstri Ltd. Şti. yönetimi, sektördeki daralma nedeniyle küçülme kararı aldığını duyurdu.",olumsuz
N01132,F00721,2022-01-11,Hürriyet Ekonomi,"Nokta Holding Ltd. Şti., sektör raporlarında Finans ve Sigorta alanındaki oyunculardan biri olarak yer aldı.",notr
N01133,F00826,2023-03-23,Hürriyet Ekonomi,Umut Metal A.Ş. hakkında İzmir Ticaret Mahkemesi'nde alacaklılarla ilgili dava açıldığı öğrenildi.,olumsuz
N01134,F00826,2022-10-20,Dünya Gazetesi,"Umut Metal A.Ş. yönetimi, sektördeki daralma nedeniyle küçülme kararı aldığını duyurdu.",olumsuz
N01135,F00548,2023-05-31,Bloomberg HT,"Yörünge Turizm Ltd. Şti. yönetimi, 2023 yılı ilk yarısında cironun beklentilerin üzerinde arttığını bildirdi.",olumlu
N01136,F00880,2026-08-26,Bloomberg HT,"Kervan Otomotiv A.Ş. yönetimi, 2026 yılı ilk yarısında cironun beklentilerin üzerinde arttığını bildirdi.",olumlu
N01137,F00900,2024-06-21,Hürriyet Ekonomi,"Bereket Endüstri Ltd. Şti., 2024 yılında Perakende Ticaret sektöründe 120 milyon TL'lik yeni yatırım kararı aldığını açıkladı.",olumlu
N01138,F00457,2024-08-30,Hürriyet Ekonomi,"Toprak Danışmanlık Ltd. Şti., 2024 yılında Perakende Ticaret sektöründe 396 milyon TL'lik yeni yatırım kararı aldığını açıkladı.",olumlu
N01139,F00394,2025-11-09,Hürriyet Ekonomi,"Kıvılcım İnşaat A.Ş., yönetim kurulu üyeliklerinde değişikliğe gitti.",notr
N01140,F00676,2023-10-23,Ekonomim,"Bereket Yapı A.Ş., İstanbul'deki üretim kapasitesini artırmak için genişleme planlarını duyurdu.",olumlu
N01141,F00912,2026-02-10,Dünya Gazetesi,"Vadi Tekstil Ltd. Şti. yönetimi, 2026 yılı ilk yarısında cironun beklentilerin üzerinde arttığını bildirdi.",olumlu
N01142,F00965,2026-07-14,Sözcü,"Sahil Turizm A.Ş., yönetim kurulu üyeliklerinde değişikliğe gitti.",notr
N01143,F00376,2025-10-16,Sözcü,"Kaptan Holding A.Ş., yönetim kurulu üyeliklerinde değişikliğe gitti.",notr
N01144,F00376,2026-03-29,Bloomberg HT,"Kaptan Holding A.Ş., yeni ihracat pazarlarına açılarak uluslararası büyüme hedeflerini yükseltti.",olumlu
N01145,F00413,2025-05-12,Hürriyet Ekonomi,"Toros Lojistik Ltd. Şti., Ankara'deki üretim kapasitesini artırmak için genişleme planlarını duyurdu.",olumlu
N01146,F00413,2024-11-12,Sözcü,"Toros Lojistik Ltd. Şti., 2024 yılı genel kurul toplantısını Ankara'de gerçekleştirdi.",notr
N01147,F00413,2024-03-18,Sözcü,"Toros Lojistik Ltd. Şti., 2024 yılı genel kurul toplantısını Ankara'de gerçekleştirdi.",notr
N01148,F00075,2022-11-23,Dünya Gazetesi,"Erguvan Kimya A.Ş., 2022 yılında nakit akışı sorunları nedeniyle bazı ödemelerini erteledi.",olumsuz
N01149,F00075,2025-03-21,Bloomberg HT,"Erguvan Kimya A.Ş. yönetimi, sektördeki daralma nedeniyle küçülme kararı aldığını duyurdu.",olumsuz
N01150,F00075,2022-04-29,Dünya Gazetesi,"Erguvan Kimya A.Ş., 2022 yılı genel kurul toplantısını Ankara'de gerçekleştirdi.",notr
N01151,F01122,2022-03-01,Hürriyet Ekonomi,"Zirve Grup Ltd. Şti. yönetimi, 2022 yılı ilk yarısında cironun beklentilerin üzerinde arttığını bildirdi.",olumlu
N01152,F00863,2023-01-16,Sözcü,"Bumerang Teknoloji Ltd. Şti., 2023 yılında Metal ve Makine sektöründe 167 milyon TL'lik yeni yatırım kararı aldığını açıkladı.",olumlu
N01153,F00501,2022-05-08,Hürriyet Ekonomi,"Umut Grup Ltd. Şti., yönetim kurulu üyeliklerinde değişikliğe gitti.",notr
N01154,F00942,2025-11-16,Hürriyet Ekonomi,"Rüzgar Tekstil A.Ş., yeni ihracat pazarlarına açılarak uluslararası büyüme hedeflerini yükseltti.",olumlu
N01155,F00617,2026-08-22,Hürriyet Ekonomi,"Vadi Turizm A.Ş., sektör raporlarında Gıda ve İçecek alanındaki oyunculardan biri olarak yer aldı.",notr
N01156,F00617,2023-03-10,Sözcü,"Vadi Turizm A.Ş., sektör raporlarında Gıda ve İçecek alanındaki oyunculardan biri olarak yer aldı.",notr
N01157,F00115,2026-02-10,Ekonomim,"Vadi Teknoloji A.Ş. yönetimi, 2026 yılı ilk yarısında cironun beklentilerin üzerinde arttığını bildirdi.",olumlu
N01158,F00115,2022-03-22,Bloomberg HT,"Vadi Teknoloji A.Ş., yönetim kurulu üyeliklerinde değişikliğe gitti.",notr
N01159,F00115,2025-04-03,Sözcü,"Vadi Teknoloji A.Ş., 2025 yılında Lojistik sektöründe 298 milyon TL'lik yeni yatırım kararı aldığını açıkladı.",olumlu
N01160,F00418,2024-07-27,Dünya Gazetesi,"Nokta Metal A.Ş., Bursa'deki üretim kapasitesini artırmak için genişleme planlarını duyurdu.",olumlu
N01161,F00418,2026-07-19,Dünya Gazetesi,"Nokta Metal A.Ş., 2026 yılı genel kurul toplantısını Bursa'de gerçekleştirdi.",notr
N01162,F00418,2024-12-04,Hürriyet Ekonomi,Nokta Metal A.Ş. hakkında konkordato talebiyle ilgili haberler gündeme geldi.,olumsuz
N01163,F00602,2026-06-06,Bloomberg HT,"Kaptan Teknoloji Ltd. Şti. yönetimi, 2026 yılı ilk yarısında cironun beklentilerin üzerinde arttığını bildirdi.",olumlu
N01164,F00602,2022-09-17,Ekonomim,"Kaptan Teknoloji Ltd. Şti., 2022 yılında Enerji sektöründe 75 milyon TL'lik yeni yatırım kararı aldığını açıkladı.",olumlu
N01165,F00605,2025-03-10,Hürriyet Ekonomi,"Umut Lojistik A.Ş., Ankara'deki üretim kapasitesini artırmak için genişleme planlarını duyurdu.",olumlu
N01166,F00090,2025-01-10,Bloomberg HT,"Deniz Otomotiv A.Ş., sektör raporlarında Turizm ve Konaklama alanındaki oyunculardan biri olarak yer aldı.",notr
N01167,F01149,2025-03-15,Bloomberg HT,"Cevher Otomotiv A.Ş., 2025 yılı genel kurul toplantısını Trabzon'de gerçekleştirdi.",notr
N01168,F00499,2022-02-01,Sözcü,"Umut Gıda Ltd. Şti., 2022 yılı genel kurul toplantısını İstanbul'de gerçekleştirdi.",notr
N01169,F00499,2023-04-05,Ekonomim,"Umut Gıda Ltd. Şti., yeni ihracat pazarlarına açılarak uluslararası büyüme hedeflerini yükseltti.",olumlu
N01170,F00876,2024-01-07,Sözcü,"Umut Lojistik Ltd. Şti., 2024 yılı genel kurul toplantısını Mersin'de gerçekleştirdi.",notr
N01171,F00876,2024-03-17,Hürriyet Ekonomi,"Umut Lojistik Ltd. Şti., 2024 yılı genel kurul toplantısını Mersin'de gerçekleştirdi.",notr
N01172,F00927,2025-10-29,Sözcü,"Mavera Enerji A.Ş., 2025 yılı genel kurul toplantısını İstanbul'de gerçekleştirdi.",notr
N01173,F00927,2022-12-26,Sözcü,"Mavera Enerji A.Ş., 2022 yılında Metal ve Makine sektöründe 350 milyon TL'lik yeni yatırım kararı aldığını açıkladı.",olumlu
N01174,F00999,2025-12-23,Ekonomim,"Bahar Otomotiv Ltd. Şti., sektör raporlarında Gıda ve İçecek alanındaki oyunculardan biri olarak yer aldı.",notr
N01175,F00999,2023-03-16,Bloomberg HT,"Bahar Otomotiv Ltd. Şti., yönetim kurulu üyeliklerinde değişikliğe gitti.",notr
N01176,F00012,2024-08-18,Hürriyet Ekonomi,"Aydın Endüstri A.Ş., 2024 yılında Otomotiv sektöründe 324 milyon TL'lik yeni yatırım kararı aldığını açıkladı.",olumlu
N01177,F00012,2022-04-07,Bloomberg HT,"Aydın Endüstri A.Ş., yönetim kurulu üyeliklerinde değişikliğe gitti.",notr
N01178,F00397,2026-08-24,Sözcü,"Deniz Lojistik A.Ş., İstanbul'deki üretim kapasitesini artırmak için genişleme planlarını duyurdu.",olumlu
N01179,F00755,2025-06-12,Sözcü,"Çınar Gıda Ltd. Şti., 2025 yılı genel kurul toplantısını Antalya'de gerçekleştirdi.",notr
N01180,F00556,2023-05-25,Ekonomim,Ege Tarım A.Ş. hakkında konkordato talebiyle ilgili haberler gündeme geldi.,olumsuz
N01181,F00043,2026-07-31,Dünya Gazetesi,"Doruk Gıda A.Ş., 2026 yılında Perakende Ticaret sektöründe 35 milyon TL'lik yeni yatırım kararı aldığını açıkladı.",olumlu
N01182,F00168,2022-10-28,Sözcü,"Anka Turizm Ltd. Şti., 2022 yılında Tekstil sektöründe 418 milyon TL'lik yeni yatırım kararı aldığını açıkladı.",olumlu
N01183,F00417,2025-04-06,Bloomberg HT,Pusula Makine A.Ş. hakkında İstanbul Ticaret Mahkemesi'nde alacaklılarla ilgili dava açıldığı öğrenildi.,olumsuz
N01184,F00417,2023-04-17,Bloomberg HT,"Pusula Makine A.Ş., sektör raporlarında Kimya alanındaki oyunculardan biri olarak yer aldı.",notr
N01185,F00577,2024-12-30,Bloomberg HT,"Kaptan Otomotiv A.Ş., 2024 yılında nakit akışı sorunları nedeniyle bazı ödemelerini erteledi.",olumsuz
N01186,F00577,2023-03-07,Ekonomim,"Kaptan Otomotiv A.Ş. yönetimi, 2023 yılı ilk yarısında cironun beklentilerin üzerinde arttığını bildirdi.",olumlu
N01187,F00268,2023-01-30,Bloomberg HT,"Deniz Yapı A.Ş., sektör raporlarında Kimya alanındaki oyunculardan biri olarak yer aldı.",notr
N01188,F00268,2024-03-05,Sözcü,Deniz Yapı A.Ş. hakkında konkordato talebiyle ilgili haberler gündeme geldi.,olumsuz
N01189,F00808,2023-01-21,Sözcü,"Umut Kimya Ltd. Şti., 2023 yılı genel kurul toplantısını Mersin'de gerçekleştirdi.",notr
N01190,F00808,2026-05-26,Sözcü,"Umut Kimya Ltd. Şti., yeni ihracat pazarlarına açılarak uluslararası büyüme hedeflerini yükseltti.",olumlu
N01191,F00427,2026-04-06,Bloomberg HT,"Vadi Makine Ltd. Şti. yönetimi, 2026 yılı ilk yarısında cironun beklentilerin üzerinde arttığını bildirdi.",olumlu
N01192,F00691,2022-07-18,Hürriyet Ekonomi,"Mavera Metal A.Ş., sektör raporlarında Eğitim alanındaki oyunculardan biri olarak yer aldı.",notr
N01193,F00691,2024-04-01,Bloomberg HT,"Mavera Metal A.Ş. yönetimi, 2024 yılı ilk yarısında cironun beklentilerin üzerinde arttığını bildirdi.",olumlu
N01194,F00545,2025-07-24,Dünya Gazetesi,"Aydın Lojistik A.Ş., sektör raporlarında Lojistik alanındaki oyunculardan biri olarak yer aldı.",notr
N01195,F00545,2024-10-12,Dünya Gazetesi,"Aydın Lojistik A.Ş., Ankara'deki üretim kapasitesini artırmak için genişleme planlarını duyurdu.",olumlu
N01196,F01123,2024-11-17,Ekonomim,"Bahar Yapı Ltd. Şti. yönetimi, 2024 yılı ilk yarısında cironun beklentilerin üzerinde arttığını bildirdi.",olumlu
N01197,F00675,2023-09-23,Bloomberg HT,Ege Tekstil A.Ş. hakkında konkordato talebiyle ilgili haberler gündeme geldi.,olumsuz
N01198,F00690,2026-03-31,Dünya Gazetesi,"Berrak Turizm Ltd. Şti., yeni ihracat pazarlarına açılarak uluslararası büyüme hedeflerini yükseltti.",olumlu
N01199,F00690,2022-07-08,Ekonomim,"Berrak Turizm Ltd. Şti., 2022 yılı genel kurul toplantısını İstanbul'de gerçekleştirdi.",notr
N01200,F01055,2023-10-16,Ekonomim,"Umut Yazılım Ltd. Şti. yönetimi, sektördeki daralma nedeniyle küçülme kararı aldığını duyurdu.",olumsuz
N01201,F01055,2026-01-09,Hürriyet Ekonomi,Umut Yazılım Ltd. Şti. hakkında konkordato talebiyle ilgili haberler gündeme geldi.,olumsuz
N01202,F01055,2024-06-28,Hürriyet Ekonomi,"Umut Yazılım Ltd. Şti., Mersin'deki üretim kapasitesini artırmak için genişleme planlarını duyurdu.",olumlu
N01203,F01177,2023-05-12,Ekonomim,"Deniz Tarım A.Ş. yönetimi, 2023 yılı ilk yarısında cironun beklentilerin üzerinde arttığını bildirdi.",olumlu
N01204,F01033,2024-08-29,Bloomberg HT,"Mavera Danışmanlık Ltd. Şti., 2024 yılı genel kurul toplantısını İstanbul'de gerçekleştirdi.",notr
N01205,F01033,2025-11-09,Dünya Gazetesi,"Mavera Danışmanlık Ltd. Şti., İstanbul'deki üretim kapasitesini artırmak için genişleme planlarını duyurdu.",olumlu
N01206,F01033,2023-10-08,Sözcü,"Mavera Danışmanlık Ltd. Şti., sektör raporlarında Metal ve Makine alanındaki oyunculardan biri olarak yer aldı.",notr
N01207,F01035,2025-07-10,Hürriyet Ekonomi,Çınar Grup Ltd. Şti. hakkında konkordato talebiyle ilgili haberler gündeme geldi.,olumsuz
N01208,F00258,2025-07-07,Sözcü,"Umut Yazılım Ltd. Şti., yeni ihracat pazarlarına açılarak uluslararası büyüme hedeflerini yükseltti.",olumlu
N01209,F00258,2025-06-27,Sözcü,"Umut Yazılım Ltd. Şti., 2025 yılında Tekstil sektöründe 165 milyon TL'lik yeni yatırım kararı aldığını açıkladı.",olumlu
N01210,F00336,2023-01-04,Ekonomim,"Yörünge Ticaret Ltd. Şti., yeni ihracat pazarlarına açılarak uluslararası büyüme hedeflerini yükseltti.",olumlu
N01211,F00336,2025-08-05,Ekonomim,Yörünge Ticaret Ltd. Şti. hakkında Gaziantep Ticaret Mahkemesi'nde alacaklılarla ilgili dava açıldığı öğrenildi.,olumsuz
N01212,F00016,2022-07-11,Hürriyet Ekonomi,"Pusula Enerji Ltd. Şti. yönetimi, 2022 yılı ilk yarısında cironun beklentilerin üzerinde arttığını bildirdi.",olumlu
N01213,F00902,2023-12-18,Sözcü,"Bereket Holding Ltd. Şti., yeni ihracat pazarlarına açılarak uluslararası büyüme hedeflerini yükseltti.",olumlu
N01214,F00325,2026-08-10,Dünya Gazetesi,"Kıvılcım Grup A.Ş., yeni ihracat pazarlarına açılarak uluslararası büyüme hedeflerini yükseltti.",olumlu
N01215,F00608,2026-04-06,Hürriyet Ekonomi,Çınar Turizm A.Ş. hakkında konkordato talebiyle ilgili haberler gündeme geldi.,olumsuz
N01216,F01054,2022-06-29,Dünya Gazetesi,"Damla İnşaat Ltd. Şti. yönetimi, 2022 yılı ilk yarısında cironun beklentilerin üzerinde arttığını bildirdi.",olumlu
N01217,F01054,2024-06-22,Bloomberg HT,"Damla İnşaat Ltd. Şti., 2024 yılında Tekstil sektöründe 266 milyon TL'lik yeni yatırım kararı aldığını açıkladı.",olumlu
N01218,F01054,2023-03-24,Dünya Gazetesi,"Damla İnşaat Ltd. Şti., yeni ihracat pazarlarına açılarak uluslararası büyüme hedeflerini yükseltti.",olumlu
N01219,F00791,2026-02-21,Dünya Gazetesi,Nokta Otomotiv Ltd. Şti. hakkında konkordato talebiyle ilgili haberler gündeme geldi.,olumsuz
N01220,F00223,2022-10-10,Sözcü,"Berrak Metal A.Ş., 2022 yılı genel kurul toplantısını Ankara'de gerçekleştirdi.",notr
N01221,F00223,2022-11-27,Sözcü,"Berrak Metal A.Ş., 2022 yılında Perakende Ticaret sektöründe 33 milyon TL'lik yeni yatırım kararı aldığını açıkladı.",olumlu
N01222,F00223,2022-03-24,Hürriyet Ekonomi,"Berrak Metal A.Ş., yeni ihracat pazarlarına açılarak uluslararası büyüme hedeflerini yükseltti.",olumlu
N01223,F00180,2026-05-04,Hürriyet Ekonomi,"Pusula Ticaret A.Ş., yeni ihracat pazarlarına açılarak uluslararası büyüme hedeflerini yükseltti.",olumlu
N01224,F00180,2026-08-01,Dünya Gazetesi,"Pusula Ticaret A.Ş., yeni ihracat pazarlarına açılarak uluslararası büyüme hedeflerini yükseltti.",olumlu
N01225,F00100,2024-03-14,Bloomberg HT,"Ege Yapı Ltd. Şti., Mersin'deki üretim kapasitesini artırmak için genişleme planlarını duyurdu.",olumlu
N01226,F00522,2025-08-08,Sözcü,"Anka Ticaret Ltd. Şti. yönetimi, 2025 yılı ilk yarısında cironun beklentilerin üzerinde arttığını bildirdi.",olumlu
N01227,F00023,2024-07-21,Sözcü,"Berrak Metal Ltd. Şti., yönetim kurulu üyeliklerinde değişikliğe gitti.",notr
N01228,F00023,2024-11-27,Sözcü,"Berrak Metal Ltd. Şti., yeni ihracat pazarlarına açılarak uluslararası büyüme hedeflerini yükseltti.",olumlu
N01229,F00357,2022-05-28,Sözcü,"Kıvılcım Endüstri Ltd. Şti., 2022 yılında Otomotiv sektöründe 371 milyon TL'lik yeni yatırım kararı aldığını açıkladı.",olumlu
N01230,F00357,2025-11-27,Dünya Gazetesi,"Kıvılcım Endüstri Ltd. Şti., 2025 yılında nakit akışı sorunları nedeniyle bazı ödemelerini erteledi.",olumsuz
N01231,F00734,2025-11-21,Dünya Gazetesi,"Kaptan Yazılım A.Ş. yönetimi, 2025 yılı ilk yarısında cironun beklentilerin üzerinde arttığını bildirdi.",olumlu
N01232,F01094,2025-06-30,Sözcü,Bereket Enerji Ltd. Şti. hakkında Ankara Ticaret Mahkemesi'nde alacaklılarla ilgili dava açıldığı öğrenildi.,olumsuz
N01233,F01094,2026-06-23,Sözcü,"Bereket Enerji Ltd. Şti., 2026 yılı genel kurul toplantısını Ankara'de gerçekleştirdi.",notr
N01234,F01094,2023-07-16,Dünya Gazetesi,"Bereket Enerji Ltd. Şti., yönetim kurulu üyeliklerinde değişikliğe gitti.",notr
N01235,F01112,2025-08-09,Bloomberg HT,"Bahar Ticaret A.Ş. yönetimi, 2025 yılı ilk yarısında cironun beklentilerin üzerinde arttığını bildirdi.",olumlu
N01236,F00612,2024-02-29,Ekonomim,"Umut Enerji Ltd. Şti., Adana'deki üretim kapasitesini artırmak için genişleme planlarını duyurdu.",olumlu
N01237,F00612,2026-05-18,Sözcü,"Umut Enerji Ltd. Şti., 2026 yılında Perakende Ticaret sektöründe 170 milyon TL'lik yeni yatırım kararı aldığını açıkladı.",olumlu
N01238,F01010,2025-11-28,Ekonomim,"Vadi Danışmanlık A.Ş., 2025 yılında Eğitim sektöründe 424 milyon TL'lik yeni yatırım kararı aldığını açıkladı.",olumlu
N01239,F01010,2025-04-21,Dünya Gazetesi,"Vadi Danışmanlık A.Ş. yönetimi, sektördeki daralma nedeniyle küçülme kararı aldığını duyurdu.",olumsuz
N01240,F00341,2024-10-21,Sözcü,Sahil Enerji Ltd. Şti. hakkında Adana Ticaret Mahkemesi'nde alacaklılarla ilgili dava açıldığı öğrenildi.,olumsuz
N01241,F00341,2022-05-24,Hürriyet Ekonomi,"Sahil Enerji Ltd. Şti., 2022 yılı genel kurul toplantısını Adana'de gerçekleştirdi.",notr
N01242,F00341,2024-07-07,Sözcü,"Sahil Enerji Ltd. Şti., Adana'deki üretim kapasitesini artırmak için genişleme planlarını duyurdu.",olumlu
N01243,F00432,2023-08-14,Sözcü,"Rüzgar İnşaat A.Ş., 2023 yılında Turizm ve Konaklama sektöründe 305 milyon TL'lik yeni yatırım kararı aldığını açıkladı.",olumlu
N01244,F00962,2022-11-26,Sözcü,"Aydın Sistem A.Ş., yeni ihracat pazarlarına açılarak uluslararası büyüme hedeflerini yükseltti.",olumlu
N01245,F00218,2024-05-06,Bloomberg HT,"Vadi Tarım A.Ş. yönetimi, 2024 yılı ilk yarısında cironun beklentilerin üzerinde arttığını bildirdi.",olumlu
N01246,F00204,2026-05-26,Sözcü,"Erguvan Holding Ltd. Şti. yönetimi, 2026 yılı ilk yarısında cironun beklentilerin üzerinde arttığını bildirdi.",olumlu
N01247,F00906,2024-09-15,Dünya Gazetesi,"Aydın Holding A.Ş., 2024 yılında Gıda ve İçecek sektöründe 70 milyon TL'lik yeni yatırım kararı aldığını açıkladı.",olumlu
N01248,F00906,2023-04-21,Bloomberg HT,"Aydın Holding A.Ş. yönetimi, sektördeki daralma nedeniyle küçülme kararı aldığını duyurdu.",olumsuz
N01249,F00923,2026-04-12,Hürriyet Ekonomi,"Sahil Grup Ltd. Şti., yeni ihracat pazarlarına açılarak uluslararası büyüme hedeflerini yükseltti.",olumlu
N01250,F00094,2026-04-14,Dünya Gazetesi,"Aydın İnşaat Ltd. Şti., 2026 yılı genel kurul toplantısını Adana'de gerçekleştirdi.",notr
N01251,F00094,2025-02-27,Ekonomim,"Aydın İnşaat Ltd. Şti. yönetimi, 2025 yılı ilk yarısında cironun beklentilerin üzerinde arttığını bildirdi.",olumlu
N01252,F00911,2024-03-19,Dünya Gazetesi,Toros Yazılım A.Ş. hakkında Samsun Ticaret Mahkemesi'nde alacaklılarla ilgili dava açıldığı öğrenildi.,olumsuz
N01253,F00911,2022-08-12,Dünya Gazetesi,"Toros Yazılım A.Ş., 2022 yılında nakit akışı sorunları nedeniyle bazı ödemelerini erteledi.",olumsuz
N01254,F00069,2024-11-22,Bloomberg HT,"Damla Otomotiv Ltd. Şti. yönetimi, sektördeki daralma nedeniyle küçülme kararı aldığını duyurdu.",olumsuz
N01255,F00895,2025-10-09,Bloomberg HT,"Bereket Endüstri Ltd. Şti. yönetimi, 2025 yılı ilk yarısında cironun beklentilerin üzerinde arttığını bildirdi.",olumlu
N01256,F00895,2026-02-21,Ekonomim,"Bereket Endüstri Ltd. Şti., sektör raporlarında Tarım alanındaki oyunculardan biri olarak yer aldı.",notr
N01257,F00285,2023-01-22,Bloomberg HT,"Vadi Enerji Ltd. Şti., yeni ihracat pazarlarına açılarak uluslararası büyüme hedeflerini yükseltti.",olumlu
N01258,F00285,2026-07-30,Hürriyet Ekonomi,Vadi Enerji Ltd. Şti. hakkında İstanbul Ticaret Mahkemesi'nde alacaklılarla ilgili dava açıldığı öğrenildi.,olumsuz
N01259,F00697,2024-10-28,Sözcü,"Kervan Otomotiv Ltd. Şti., 2024 yılında Tarım sektöründe 40 milyon TL'lik yeni yatırım kararı aldığını açıkladı.",olumlu
N01260,F00086,2023-09-16,Sözcü,Erguvan Ticaret A.Ş. hakkında İzmir Ticaret Mahkemesi'nde alacaklılarla ilgili dava açıldığı öğrenildi.,olumsuz
N01261,F00435,2025-12-07,Bloomberg HT,"Aydın Metal Ltd. Şti. yönetimi, 2025 yılı ilk yarısında cironun beklentilerin üzerinde arttığını bildirdi.",olumlu
N01262,F00797,2023-02-06,Dünya Gazetesi,"Kıvılcım Tekstil A.Ş., 2023 yılı genel kurul toplantısını Eskişehir'de gerçekleştirdi.",notr
N01263,F00797,2024-02-18,Dünya Gazetesi,"Kıvılcım Tekstil A.Ş., sektör raporlarında Sağlık alanındaki oyunculardan biri olarak yer aldı.",notr
N01264,F00154,2025-04-13,Dünya Gazetesi,Aydın Enerji Ltd. Şti. hakkında Ankara Ticaret Mahkemesi'nde alacaklılarla ilgili dava açıldığı öğrenildi.,olumsuz
N01265,F00076,2025-03-04,Ekonomim,"Damla Kimya Ltd. Şti., yeni ihracat pazarlarına açılarak uluslararası büyüme hedeflerini yükseltti.",olumlu
N01266,F00076,2023-02-22,Ekonomim,"Damla Kimya Ltd. Şti., İzmir'deki üretim kapasitesini artırmak için genişleme planlarını duyurdu.",olumlu
N01267,F01043,2026-06-24,Dünya Gazetesi,"Anka Metal A.Ş., Gaziantep'deki üretim kapasitesini artırmak için genişleme planlarını duyurdu.",olumlu
N01268,F01043,2022-06-09,Hürriyet Ekonomi,"Anka Metal A.Ş., 2022 yılında nakit akışı sorunları nedeniyle bazı ödemelerini erteledi.",olumsuz
N01269,F00581,2023-10-18,Hürriyet Ekonomi,"Deniz Gıda A.Ş., yeni ihracat pazarlarına açılarak uluslararası büyüme hedeflerini yükseltti.",olumlu
N01270,F00447,2023-11-12,Dünya Gazetesi,"Kaptan Teknoloji Ltd. Şti., Ankara'deki üretim kapasitesini artırmak için genişleme planlarını duyurdu.",olumlu
N01271,F00447,2026-01-09,Bloomberg HT,"Kaptan Teknoloji Ltd. Şti., yeni ihracat pazarlarına açılarak uluslararası büyüme hedeflerini yükseltti.",olumlu
N01272,F00704,2025-04-12,Bloomberg HT,"Sahil Ticaret Ltd. Şti. yönetimi, sektördeki daralma nedeniyle küçülme kararı aldığını duyurdu.",olumsuz
N01273,F00704,2022-02-25,Bloomberg HT,"Sahil Ticaret Ltd. Şti., sektör raporlarında Eğitim alanındaki oyunculardan biri olarak yer aldı.",notr
N01274,F00189,2023-09-03,Hürriyet Ekonomi,Bereket Yazılım A.Ş. hakkında konkordato talebiyle ilgili haberler gündeme geldi.,olumsuz
N01275,F00272,2025-11-24,Bloomberg HT,"Ege Yapı A.Ş., 2025 yılında nakit akışı sorunları nedeniyle bazı ödemelerini erteledi.",olumsuz
N01276,F00237,2026-05-07,Sözcü,"Toros Makine Ltd. Şti., 2026 yılında nakit akışı sorunları nedeniyle bazı ödemelerini erteledi.",olumsuz
N01277,F00488,2025-06-13,Sözcü,"Toprak Danışmanlık A.Ş., 2025 yılında Tekstil sektöründe 348 milyon TL'lik yeni yatırım kararı aldığını açıkladı.",olumlu
N01278,F01160,2026-02-16,Ekonomim,"Yıldız Metal A.Ş., 2026 yılı genel kurul toplantısını Denizli'de gerçekleştirdi.",notr
N01279,F01160,2025-12-23,Ekonomim,"Yıldız Metal A.Ş., yeni ihracat pazarlarına açılarak uluslararası büyüme hedeflerini yükseltti.",olumlu
N01280,F00560,2025-04-12,Ekonomim,"Doruk Teknoloji A.Ş., 2025 yılında Enerji sektöründe 210 milyon TL'lik yeni yatırım kararı aldığını açıkladı.",olumlu
N01281,F00560,2026-02-01,Hürriyet Ekonomi,"Doruk Teknoloji A.Ş. yönetimi, 2026 yılı ilk yarısında cironun beklentilerin üzerinde arttığını bildirdi.",olumlu
N01282,F00118,2022-11-29,Sözcü,"Yıldız Danışmanlık Ltd. Şti., sektör raporlarında Gıda ve İçecek alanındaki oyunculardan biri olarak yer aldı.",notr
N01283,F00118,2026-04-07,Ekonomim,"Yıldız Danışmanlık Ltd. Şti. yönetimi, 2026 yılı ilk yarısında cironun beklentilerin üzerinde arttığını bildirdi.",olumlu
N01284,F00638,2026-05-01,Dünya Gazetesi,"Meridyen Sistem Ltd. Şti., sektör raporlarında Tekstil alanındaki oyunculardan biri olarak yer aldı.",notr
N01285,F01128,2023-02-22,Bloomberg HT,"Damla Kimya Ltd. Şti., yönetim kurulu üyeliklerinde değişikliğe gitti.",notr
N01286,F00751,2025-08-14,Sözcü,"Mavera Yazılım Ltd. Şti. yönetimi, 2025 yılı ilk yarısında cironun beklentilerin üzerinde arttığını bildirdi.",olumlu
N01287,F00751,2023-12-19,Dünya Gazetesi,Mavera Yazılım Ltd. Şti. hakkında Bursa Ticaret Mahkemesi'nde alacaklılarla ilgili dava açıldığı öğrenildi.,olumsuz
N01288,F00513,2025-09-27,Sözcü,"Nokta Turizm Ltd. Şti. yönetimi, sektördeki daralma nedeniyle küçülme kararı aldığını duyurdu.",olumsuz
N01289,F00513,2022-01-27,Sözcü,"Nokta Turizm Ltd. Şti. yönetimi, sektördeki daralma nedeniyle küçülme kararı aldığını duyurdu.",olumsuz
N01290,F00634,2023-04-01,Bloomberg HT,"Umut Grup Ltd. Şti., sektör raporlarında Perakende Ticaret alanındaki oyunculardan biri olarak yer aldı.",notr
N01291,F00634,2022-09-30,Dünya Gazetesi,"Umut Grup Ltd. Şti. yönetimi, sektördeki daralma nedeniyle küçülme kararı aldığını duyurdu.",olumsuz
N01292,F00786,2024-03-11,Ekonomim,Kaptan Sistem A.Ş. hakkında Mersin Ticaret Mahkemesi'nde alacaklılarla ilgili dava açıldığı öğrenildi.,olumsuz
N01293,F01007,2022-06-22,Bloomberg HT,"Rüzgar Makine A.Ş., sektör raporlarında Otomotiv alanındaki oyunculardan biri olarak yer aldı.",notr
N01294,F00853,2025-09-02,Dünya Gazetesi,"Vadi Enerji Ltd. Şti. yönetimi, 2025 yılı ilk yarısında cironun beklentilerin üzerinde arttığını bildirdi.",olumlu
N01295,F00127,2025-12-10,Dünya Gazetesi,"Bahar Endüstri A.Ş., yeni ihracat pazarlarına açılarak uluslararası büyüme hedeflerini yükseltti.",olumlu
N01296,F00117,2023-01-11,Ekonomim,"Mavera Lojistik A.Ş., yeni ihracat pazarlarına açılarak uluslararası büyüme hedeflerini yükseltti.",olumlu
N01297,F00117,2022-01-25,Hürriyet Ekonomi,"Mavera Lojistik A.Ş., 2022 yılında Eğitim sektöründe 91 milyon TL'lik yeni yatırım kararı aldığını açıkladı.",olumlu
N01298,F00117,2026-04-26,Sözcü,"Mavera Lojistik A.Ş. yönetimi, 2026 yılı ilk yarısında cironun beklentilerin üzerinde arttığını bildirdi.",olumlu
N01299,F00474,2023-08-24,Bloomberg HT,"Ege Kimya Ltd. Şti., yönetim kurulu üyeliklerinde değişikliğe gitti.",notr
N01300,F00741,2022-04-09,Sözcü,"Deniz Makine Ltd. Şti., 2022 yılı genel kurul toplantısını İzmir'de gerçekleştirdi.",notr
N01301,F00741,2024-05-15,Hürriyet Ekonomi,Deniz Makine Ltd. Şti. hakkında konkordato talebiyle ilgili haberler gündeme geldi.,olumsuz
N01302,F00993,2024-04-24,Bloomberg HT,"Yıldız Sistem A.Ş., 2024 yılında nakit akışı sorunları nedeniyle bazı ödemelerini erteledi.",olumsuz
N01303,F00993,2024-04-12,Ekonomim,"Yıldız Sistem A.Ş., yönetim kurulu üyeliklerinde değişikliğe gitti.",notr
N01304,F00058,2026-04-19,Sözcü,"Vadi Enerji Ltd. Şti. yönetimi, sektördeki daralma nedeniyle küçülme kararı aldığını duyurdu.",olumsuz
N01305,F00604,2024-03-18,Bloomberg HT,"Mavera Yapı Ltd. Şti. yönetimi, 2024 yılı ilk yarısında cironun beklentilerin üzerinde arttığını bildirdi.",olumlu
N01306,F00787,2022-02-28,Hürriyet Ekonomi,"Yörünge Makine A.Ş. yönetimi, sektördeki daralma nedeniyle küçülme kararı aldığını duyurdu.",olumsuz
N01307,F00787,2025-05-26,Ekonomim,"Yörünge Makine A.Ş., sektör raporlarında Finans ve Sigorta alanındaki oyunculardan biri olarak yer aldı.",notr
N01308,F00971,2025-01-07,Sözcü,"Kervan Tarım A.Ş., İzmir'deki üretim kapasitesini artırmak için genişleme planlarını duyurdu.",olumlu
N01309,F00657,2025-12-01,Ekonomim,Rüzgar Metal Ltd. Şti. hakkında Ankara Ticaret Mahkemesi'nde alacaklılarla ilgili dava açıldığı öğrenildi.,olumsuz
N01310,F00903,2025-02-16,Sözcü,"Aydın Metal A.Ş., 2025 yılında Perakende Ticaret sektöründe 72 milyon TL'lik yeni yatırım kararı aldığını açıkladı.",olumlu
N01311,F00922,2022-05-15,Ekonomim,"Kaptan Teknoloji A.Ş., 2022 yılında nakit akışı sorunları nedeniyle bazı ödemelerini erteledi.",olumsuz
N01312,F00922,2022-12-03,Dünya Gazetesi,"Kaptan Teknoloji A.Ş., sektör raporlarında Otomotiv alanındaki oyunculardan biri olarak yer aldı.",notr
N01313,F00106,2024-10-15,Dünya Gazetesi,"Toros Ticaret Ltd. Şti. yönetimi, 2024 yılı ilk yarısında cironun beklentilerin üzerinde arttığını bildirdi.",olumlu
N01314,F00106,2023-10-18,Hürriyet Ekonomi,"Toros Ticaret Ltd. Şti., yeni ihracat pazarlarına açılarak uluslararası büyüme hedeflerini yükseltti.",olumlu
N01315,F00636,2026-08-14,Sözcü,"Yörünge Makine A.Ş., 2026 yılında Bilişim ve Yazılım sektöründe 367 milyon TL'lik yeni yatırım kararı aldığını açıkladı.",olumlu
N01316,F00370,2023-01-08,Bloomberg HT,"Bumerang Yazılım A.Ş., 2023 yılı genel kurul toplantısını Bursa'de gerçekleştirdi.",notr
N01317,F00370,2024-12-08,Sözcü,"Bumerang Yazılım A.Ş., yönetim kurulu üyeliklerinde değişikliğe gitti.",notr
N01318,F00370,2026-08-09,Sözcü,"Bumerang Yazılım A.Ş., yönetim kurulu üyeliklerinde değişikliğe gitti.",notr
N01319,F00269,2022-05-01,Ekonomim,"Doğuş Grup A.Ş., Ankara'deki üretim kapasitesini artırmak için genişleme planlarını duyurdu.",olumlu
N01320,F00269,2026-03-04,Dünya Gazetesi,"Doğuş Grup A.Ş., yeni ihracat pazarlarına açılarak uluslararası büyüme hedeflerini yükseltti.",olumlu
N01321,F00656,2026-05-31,Bloomberg HT,"Damla Lojistik A.Ş., 2026 yılı genel kurul toplantısını İstanbul'de gerçekleştirdi.",notr
N01322,F00656,2022-09-29,Sözcü,"Damla Lojistik A.Ş., 2022 yılında nakit akışı sorunları nedeniyle bazı ödemelerini erteledi.",olumsuz
N01323,F00656,2022-04-11,Sözcü,"Damla Lojistik A.Ş., yeni ihracat pazarlarına açılarak uluslararası büyüme hedeflerini yükseltti.",olumlu
N01324,F00047,2026-04-19,Hürriyet Ekonomi,"Bahar Grup Ltd. Şti., 2026 yılında Enerji sektöründe 143 milyon TL'lik yeni yatırım kararı aldığını açıkladı.",olumlu
N01325,F00350,2025-04-24,Dünya Gazetesi,"Çınar Lojistik Ltd. Şti., yönetim kurulu üyeliklerinde değişikliğe gitti.",notr
N01326,F00774,2023-12-07,Hürriyet Ekonomi,Doruk Yazılım Ltd. Şti. hakkında Antalya Ticaret Mahkemesi'nde alacaklılarla ilgili dava açıldığı öğrenildi.,olumsuz
N01327,F00774,2023-08-21,Sözcü,"Doruk Yazılım Ltd. Şti., sektör raporlarında Kimya alanındaki oyunculardan biri olarak yer aldı.",notr
N01328,F00196,2022-05-01,Bloomberg HT,"Ege Turizm Ltd. Şti., 2022 yılı genel kurul toplantısını Mersin'de gerçekleştirdi.",notr
N01329,F00196,2026-05-28,Hürriyet Ekonomi,"Ege Turizm Ltd. Şti., 2026 yılı genel kurul toplantısını Mersin'de gerçekleştirdi.",notr
N01330,F00103,2026-07-26,Dünya Gazetesi,"Toros Tarım A.Ş., yönetim kurulu üyeliklerinde değişikliğe gitti.",notr
N01331,F00103,2026-01-16,Hürriyet Ekonomi,"Toros Tarım A.Ş., 2026 yılında nakit akışı sorunları nedeniyle bazı ödemelerini erteledi.",olumsuz
N01332,F00005,2023-01-15,Sözcü,"Toros Makine A.Ş., yönetim kurulu üyeliklerinde değişikliğe gitti.",notr
N01333,F00005,2026-06-23,Ekonomim,"Toros Makine A.Ş., İstanbul'deki üretim kapasitesini artırmak için genişleme planlarını duyurdu.",olumlu
N01334,F00620,2026-01-22,Dünya Gazetesi,Kervan Endüstri Ltd. Şti. hakkında konkordato talebiyle ilgili haberler gündeme geldi.,olumsuz
N01335,F00620,2022-06-03,Bloomberg HT,Kervan Endüstri Ltd. Şti. hakkında konkordato talebiyle ilgili haberler gündeme geldi.,olumsuz
N01336,F00620,2024-09-05,Ekonomim,"Kervan Endüstri Ltd. Şti., yeni ihracat pazarlarına açılarak uluslararası büyüme hedeflerini yükseltti.",olumlu
N01337,F00991,2025-03-10,Dünya Gazetesi,"Yıldız Endüstri A.Ş., 2025 yılında nakit akışı sorunları nedeniyle bazı ödemelerini erteledi.",olumsuz
N01338,F00053,2022-02-08,Dünya Gazetesi,"Bereket Holding A.Ş., 2022 yılı genel kurul toplantısını Adana'de gerçekleştirdi.",notr
N01339,F00053,2024-10-16,Dünya Gazetesi,"Bereket Holding A.Ş., sektör raporlarında İnşaat alanındaki oyunculardan biri olarak yer aldı.",notr
N01340,F00264,2022-06-04,Hürriyet Ekonomi,Aydın Enerji A.Ş. hakkında İstanbul Ticaret Mahkemesi'nde alacaklılarla ilgili dava açıldığı öğrenildi.,olumsuz
N01341,F00264,2022-09-05,Dünya Gazetesi,"Aydın Enerji A.Ş. yönetimi, 2022 yılı ilk yarısında cironun beklentilerin üzerinde arttığını bildirdi.",olumlu
N01342,F01093,2022-10-30,Ekonomim,"Kaptan Tekstil A.Ş., yönetim kurulu üyeliklerinde değişikliğe gitti.",notr
N01343,F00444,2024-02-27,Sözcü,"Kıvılcım Makine A.Ş., sektör raporlarında Enerji alanındaki oyunculardan biri olarak yer aldı.",notr
N01344,F00972,2025-07-11,Hürriyet Ekonomi,"Yörünge Gıda A.Ş., sektör raporlarında İnşaat alanındaki oyunculardan biri olarak yer aldı.",notr
N01345,F00972,2022-09-28,Sözcü,Yörünge Gıda A.Ş. hakkında Samsun Ticaret Mahkemesi'nde alacaklılarla ilgili dava açıldığı öğrenildi.,olumsuz
N01346,F00783,2022-04-26,Sözcü,Doruk Tekstil Ltd. Şti. hakkında konkordato talebiyle ilgili haberler gündeme geldi.,olumsuz
N01347,F00783,2025-11-14,Ekonomim,"Doruk Tekstil Ltd. Şti., sektör raporlarında İnşaat alanındaki oyunculardan biri olarak yer aldı.",notr
N01348,F00847,2026-03-04,Bloomberg HT,"Bumerang Lojistik A.Ş., 2026 yılında Finans ve Sigorta sektöründe 494 milyon TL'lik yeni yatırım kararı aldığını açıkladı.",olumlu
N01349,F00692,2024-08-01,Bloomberg HT,"Nokta Ticaret Ltd. Şti., yeni ihracat pazarlarına açılarak uluslararası büyüme hedeflerini yükseltti.",olumlu
N01350,F00692,2024-09-07,Bloomberg HT,"Nokta Ticaret Ltd. Şti. yönetimi, 2024 yılı ilk yarısında cironun beklentilerin üzerinde arttığını bildirdi.",olumlu
N01351,F00305,2026-06-16,Bloomberg HT,"Aydın Turizm Ltd. Şti. yönetimi, 2026 yılı ilk yarısında cironun beklentilerin üzerinde arttığını bildirdi.",olumlu
N01352,F00305,2023-12-26,Bloomberg HT,"Aydın Turizm Ltd. Şti. yönetimi, 2023 yılı ilk yarısında cironun beklentilerin üzerinde arttığını bildirdi.",olumlu
N01353,F00342,2025-04-07,Ekonomim,"Anka İnşaat A.Ş., yönetim kurulu üyeliklerinde değişikliğe gitti.",notr
N01354,F00867,2025-04-01,Sözcü,"Mavera Enerji A.Ş., 2025 yılında nakit akışı sorunları nedeniyle bazı ödemelerini erteledi.",olumsuz
N01355,F00867,2024-01-16,Dünya Gazetesi,"Mavera Enerji A.Ş., İzmir'deki üretim kapasitesini artırmak için genişleme planlarını duyurdu.",olumlu
N01356,F00867,2024-01-14,Dünya Gazetesi,"Mavera Enerji A.Ş., yönetim kurulu üyeliklerinde değişikliğe gitti.",notr
N01357,F00314,2023-01-18,Bloomberg HT,"Deniz Tekstil Ltd. Şti., yönetim kurulu üyeliklerinde değişikliğe gitti.",notr
N01358,F00314,2022-05-29,Bloomberg HT,"Deniz Tekstil Ltd. Şti. yönetimi, 2022 yılı ilk yarısında cironun beklentilerin üzerinde arttığını bildirdi.",olumlu
N01359,F00150,2022-10-09,Bloomberg HT,"Çınar Yazılım Ltd. Şti. yönetimi, 2022 yılı ilk yarısında cironun beklentilerin üzerinde arttığını bildirdi.",olumlu
N01360,F00150,2022-11-03,Hürriyet Ekonomi,"Çınar Yazılım Ltd. Şti., yeni ihracat pazarlarına açılarak uluslararası büyüme hedeflerini yükseltti.",olumlu
N01361,F00150,2025-06-11,Hürriyet Ekonomi,"Çınar Yazılım Ltd. Şti., 2025 yılında Lojistik sektöründe 82 milyon TL'lik yeni yatırım kararı aldığını açıkladı.",olumlu
N01362,F00125,2023-01-12,Dünya Gazetesi,"Çınar Lojistik A.Ş., Gaziantep'deki üretim kapasitesini artırmak için genişleme planlarını duyurdu.",olumlu
N01363,F01063,2023-01-08,Ekonomim,"Sahil Yapı Ltd. Şti., 2023 yılında Eğitim sektöründe 115 milyon TL'lik yeni yatırım kararı aldığını açıkladı.",olumlu
N01364,F01063,2022-03-06,Hürriyet Ekonomi,"Sahil Yapı Ltd. Şti. yönetimi, 2022 yılı ilk yarısında cironun beklentilerin üzerinde arttığını bildirdi.",olumlu
N01365,F01063,2023-09-06,Bloomberg HT,"Sahil Yapı Ltd. Şti., sektör raporlarında Eğitim alanındaki oyunculardan biri olarak yer aldı.",notr
N01366,F00575,2025-09-04,Bloomberg HT,"Kıvılcım Endüstri Ltd. Şti., yeni ihracat pazarlarına açılarak uluslararası büyüme hedeflerini yükseltti.",olumlu
N01367,F00698,2026-03-11,Sözcü,"Yörünge Otomotiv Ltd. Şti. yönetimi, 2026 yılı ilk yarısında cironun beklentilerin üzerinde arttığını bildirdi.",olumlu
N01368,F00665,2024-05-14,Sözcü,"Bereket Turizm Ltd. Şti., 2024 yılında Perakende Ticaret sektöründe 311 milyon TL'lik yeni yatırım kararı aldığını açıkladı.",olumlu
N01369,F00051,2024-10-01,Bloomberg HT,"Yörünge Yazılım Ltd. Şti. yönetimi, 2024 yılı ilk yarısında cironun beklentilerin üzerinde arttığını bildirdi.",olumlu
N01370,F00727,2024-11-28,Sözcü,"Bumerang Tekstil Ltd. Şti., sektör raporlarında Eğitim alanındaki oyunculardan biri olarak yer aldı.",notr
N01371,F00800,2026-04-17,Dünya Gazetesi,"Aydın Gıda A.Ş., Adana'deki üretim kapasitesini artırmak için genişleme planlarını duyurdu.",olumlu
N01372,F00354,2024-12-16,Sözcü,"Çınar Lojistik A.Ş. yönetimi, sektördeki daralma nedeniyle küçülme kararı aldığını duyurdu.",olumsuz
N01373,F01153,2026-06-15,Ekonomim,"Berrak Gıda Ltd. Şti., sektör raporlarında Finans ve Sigorta alanındaki oyunculardan biri olarak yer aldı.",notr
N01374,F01153,2025-04-26,Sözcü,"Berrak Gıda Ltd. Şti., Konya'deki üretim kapasitesini artırmak için genişleme planlarını duyurdu.",olumlu
N01375,F01153,2024-05-09,Hürriyet Ekonomi,Berrak Gıda Ltd. Şti. hakkında Konya Ticaret Mahkemesi'nde alacaklılarla ilgili dava açıldığı öğrenildi.,olumsuz
N01376,F00143,2022-09-14,Sözcü,"Rüzgar Metal A.Ş., sektör raporlarında Sağlık alanındaki oyunculardan biri olarak yer aldı.",notr
N01377,F00143,2024-07-07,Dünya Gazetesi,"Rüzgar Metal A.Ş., İstanbul'deki üretim kapasitesini artırmak için genişleme planlarını duyurdu.",olumlu
N01378,F00471,2022-06-29,Sözcü,"Damla Tarım A.Ş., 2022 yılında nakit akışı sorunları nedeniyle bazı ödemelerini erteledi.",olumsuz
N01379,F00471,2026-07-25,Bloomberg HT,"Damla Tarım A.Ş. yönetimi, 2026 yılı ilk yarısında cironun beklentilerin üzerinde arttığını bildirdi.",olumlu
N01380,F00654,2026-06-09,Bloomberg HT,Çınar İnşaat Ltd. Şti. hakkında İstanbul Ticaret Mahkemesi'nde alacaklılarla ilgili dava açıldığı öğrenildi.,olumsuz
N01381,F00400,2025-05-29,Hürriyet Ekonomi,"Umut Otomotiv A.Ş. yönetimi, 2025 yılı ilk yarısında cironun beklentilerin üzerinde arttığını bildirdi.",olumlu
N01382,F01154,2022-12-16,Ekonomim,"Zirve Makine Ltd. Şti. yönetimi, 2022 yılı ilk yarısında cironun beklentilerin üzerinde arttığını bildirdi.",olumlu
N01383,F00938,2026-03-07,Hürriyet Ekonomi,"Anka Otomotiv A.Ş., 2026 yılında Finans ve Sigorta sektöründe 55 milyon TL'lik yeni yatırım kararı aldığını açıkladı.",olumlu
N01384,F00321,2023-08-09,Sözcü,"Kervan Kimya Ltd. Şti., sektör raporlarında Kimya alanındaki oyunculardan biri olarak yer aldı.",notr
N01385,F00321,2022-05-08,Bloomberg HT,"Kervan Kimya Ltd. Şti., yeni ihracat pazarlarına açılarak uluslararası büyüme hedeflerini yükseltti.",olumlu
N01386,F00020,2023-10-15,Dünya Gazetesi,Kıvılcım Holding Ltd. Şti. hakkında İstanbul Ticaret Mahkemesi'nde alacaklılarla ilgili dava açıldığı öğrenildi.,olumsuz
N01387,F00685,2026-05-26,Bloomberg HT,Kaptan Danışmanlık Ltd. Şti. hakkında konkordato talebiyle ilgili haberler gündeme geldi.,olumsuz
N01388,F00685,2022-08-11,Ekonomim,"Kaptan Danışmanlık Ltd. Şti., 2022 yılında Enerji sektöründe 227 milyon TL'lik yeni yatırım kararı aldığını açıkladı.",olumlu
N01389,F00036,2026-04-27,Bloomberg HT,"Doğuş İnşaat Ltd. Şti., 2026 yılı genel kurul toplantısını Eskişehir'de gerçekleştirdi.",notr
N01390,F00036,2022-03-09,Bloomberg HT,Doğuş İnşaat Ltd. Şti. hakkında Eskişehir Ticaret Mahkemesi'nde alacaklılarla ilgili dava açıldığı öğrenildi.,olumsuz
N01391,F00825,2022-12-06,Hürriyet Ekonomi,"Toros Gıda Ltd. Şti., 2022 yılında Kimya sektöründe 13 milyon TL'lik yeni yatırım kararı aldığını açıkladı.",olumlu
N01392,F00825,2025-09-21,Bloomberg HT,"Toros Gıda Ltd. Şti., yeni ihracat pazarlarına açılarak uluslararası büyüme hedeflerini yükseltti.",olumlu
N01393,F00506,2025-09-12,Sözcü,"Umut Sistem Ltd. Şti., 2025 yılında Metal ve Makine sektöründe 465 milyon TL'lik yeni yatırım kararı aldığını açıkladı.",olumlu
N01394,F00506,2024-09-20,Ekonomim,"Umut Sistem Ltd. Şti., 2024 yılı genel kurul toplantısını Adana'de gerçekleştirdi.",notr
N01395,F00506,2026-05-22,Dünya Gazetesi,"Umut Sistem Ltd. Şti., sektör raporlarında Metal ve Makine alanındaki oyunculardan biri olarak yer aldı.",notr
N01396,F00828,2022-11-16,Sözcü,"Sahil Sistem Ltd. Şti., yeni ihracat pazarlarına açılarak uluslararası büyüme hedeflerini yükseltti.",olumlu
N01397,F00828,2026-05-23,Hürriyet Ekonomi,"Sahil Sistem Ltd. Şti., 2026 yılında Turizm ve Konaklama sektöründe 226 milyon TL'lik yeni yatırım kararı aldığını açıkladı.",olumlu
N01398,F00828,2023-11-11,Ekonomim,"Sahil Sistem Ltd. Şti., 2023 yılında Turizm ve Konaklama sektöründe 192 milyon TL'lik yeni yatırım kararı aldığını açıkladı.",olumlu
N01399,F01071,2022-06-28,Bloomberg HT,"Rüzgar Teknoloji Ltd. Şti., 2022 yılı genel kurul toplantısını İstanbul'de gerçekleştirdi.",notr
N01400,F01071,2025-06-17,Ekonomim,"Rüzgar Teknoloji Ltd. Şti., yeni ihracat pazarlarına açılarak uluslararası büyüme hedeflerini yükseltti.",olumlu
N01401,F00408,2022-11-18,Dünya Gazetesi,Yörünge Yazılım A.Ş. hakkında İstanbul Ticaret Mahkemesi'nde alacaklılarla ilgili dava açıldığı öğrenildi.,olumsuz
N01402,F00818,2025-01-25,Sözcü,"Cevher Enerji Ltd. Şti., Bursa'deki üretim kapasitesini artırmak için genişleme planlarını duyurdu.",olumlu
N01403,F00538,2022-11-10,Sözcü,"Yıldız Enerji Ltd. Şti. yönetimi, sektördeki daralma nedeniyle küçülme kararı aldığını duyurdu.",olumsuz
N01404,F00538,2026-04-16,Hürriyet Ekonomi,Yıldız Enerji Ltd. Şti. hakkında konkordato talebiyle ilgili haberler gündeme geldi.,olumsuz
N01405,F00759,2026-07-17,Hürriyet Ekonomi,"Berrak Otomotiv A.Ş., 2026 yılında nakit akışı sorunları nedeniyle bazı ödemelerini erteledi.",olumsuz
N01406,F01069,2026-06-24,Dünya Gazetesi,"Bereket Sistem A.Ş., Mersin'deki üretim kapasitesini artırmak için genişleme planlarını duyurdu.",olumlu
N01407,F00893,2024-05-25,Bloomberg HT,"Yıldız Yapı Ltd. Şti. yönetimi, 2024 yılı ilk yarısında cironun beklentilerin üzerinde arttığını bildirdi.",olumlu
N01408,F00893,2024-03-21,Dünya Gazetesi,"Yıldız Yapı Ltd. Şti., 2024 yılı genel kurul toplantısını Eskişehir'de gerçekleştirdi.",notr
N01409,F00039,2025-02-07,Dünya Gazetesi,"Aydın Endüstri Ltd. Şti., sektör raporlarında Bilişim ve Yazılım alanındaki oyunculardan biri olarak yer aldı.",notr
N01410,F00176,2024-04-29,Hürriyet Ekonomi,"Deniz Grup Ltd. Şti. yönetimi, 2024 yılı ilk yarısında cironun beklentilerin üzerinde arttığını bildirdi.",olumlu
N01411,F00176,2022-08-13,Bloomberg HT,"Deniz Grup Ltd. Şti., sektör raporlarında Lojistik alanındaki oyunculardan biri olarak yer aldı.",notr
N01412,F00176,2024-03-11,Dünya Gazetesi,"Deniz Grup Ltd. Şti. yönetimi, 2024 yılı ilk yarısında cironun beklentilerin üzerinde arttığını bildirdi.",olumlu
N01413,F00246,2023-02-01,Ekonomim,"Kervan Holding A.Ş., İzmir'deki üretim kapasitesini artırmak için genişleme planlarını duyurdu.",olumlu
N01414,F00246,2025-08-26,Ekonomim,"Kervan Holding A.Ş., yeni ihracat pazarlarına açılarak uluslararası büyüme hedeflerini yükseltti.",olumlu
N01415,F00811,2023-01-09,Dünya Gazetesi,"Toprak Turizm A.Ş., 2023 yılı genel kurul toplantısını İstanbul'de gerçekleştirdi.",notr
N01416,F00811,2025-10-20,Ekonomim,"Toprak Turizm A.Ş., yeni ihracat pazarlarına açılarak uluslararası büyüme hedeflerini yükseltti.",olumlu
N01417,F01085,2022-06-04,Dünya Gazetesi,"Cevher Holding A.Ş., sektör raporlarında Tarım alanındaki oyunculardan biri olarak yer aldı.",notr
N01418,F01085,2026-07-06,Sözcü,"Cevher Holding A.Ş., 2026 yılı genel kurul toplantısını İzmir'de gerçekleştirdi.",notr
N01419,F01078,2024-03-26,Ekonomim,"Yörünge Ticaret A.Ş., yeni ihracat pazarlarına açılarak uluslararası büyüme hedeflerini yükseltti.",olumlu
N01420,F00785,2024-11-04,Ekonomim,"Mavera Otomotiv Ltd. Şti., yeni ihracat pazarlarına açılarak uluslararası büyüme hedeflerini yükseltti.",olumlu
N01421,F00785,2025-10-25,Hürriyet Ekonomi,"Mavera Otomotiv Ltd. Şti. yönetimi, 2025 yılı ilk yarısında cironun beklentilerin üzerinde arttığını bildirdi.",olumlu
N01422,F00785,2022-08-15,Bloomberg HT,"Mavera Otomotiv Ltd. Şti., Samsun'deki üretim kapasitesini artırmak için genişleme planlarını duyurdu.",olumlu
N01423,F01185,2023-06-08,Ekonomim,"Kıvılcım Sistem Ltd. Şti., yönetim kurulu üyeliklerinde değişikliğe gitti.",notr
N01424,F00490,2025-01-08,Sözcü,"Pusula Turizm A.Ş., sektör raporlarında Perakende Ticaret alanındaki oyunculardan biri olarak yer aldı.",notr
N01425,F00490,2026-07-02,Ekonomim,"Pusula Turizm A.Ş., 2026 yılında nakit akışı sorunları nedeniyle bazı ödemelerini erteledi.",olumsuz
N01426,F00490,2023-12-07,Hürriyet Ekonomi,"Pusula Turizm A.Ş., 2023 yılı genel kurul toplantısını Gaziantep'de gerçekleştirdi.",notr
N01427,F00155,2024-07-17,Hürriyet Ekonomi,Yıldız Lojistik A.Ş. hakkında konkordato talebiyle ilgili haberler gündeme geldi.,olumsuz
N01428,F00155,2022-09-15,Dünya Gazetesi,"Yıldız Lojistik A.Ş., sektör raporlarında Turizm ve Konaklama alanındaki oyunculardan biri olarak yer aldı.",notr
N01429,F00155,2022-07-11,Hürriyet Ekonomi,"Yıldız Lojistik A.Ş., 2022 yılında Turizm ve Konaklama sektöründe 488 milyon TL'lik yeni yatırım kararı aldığını açıkladı.",olumlu
N01430,F00639,2023-11-14,Bloomberg HT,"Kervan Teknoloji Ltd. Şti., 2023 yılında Lojistik sektöründe 479 milyon TL'lik yeni yatırım kararı aldığını açıkladı.",olumlu
N01431,F00663,2022-03-11,Sözcü,Toprak Lojistik Ltd. Şti. hakkında Adana Ticaret Mahkemesi'nde alacaklılarla ilgili dava açıldığı öğrenildi.,olumsuz
N01432,F00663,2022-01-08,Dünya Gazetesi,Toprak Lojistik Ltd. Şti. hakkında Adana Ticaret Mahkemesi'nde alacaklılarla ilgili dava açıldığı öğrenildi.,olumsuz
N01433,F00854,2024-05-11,Ekonomim,"Mavera Yazılım Ltd. Şti., 2024 yılında nakit akışı sorunları nedeniyle bazı ödemelerini erteledi.",olumsuz
N01434,F00854,2022-04-20,Hürriyet Ekonomi,Mavera Yazılım Ltd. Şti. hakkında Antalya Ticaret Mahkemesi'nde alacaklılarla ilgili dava açıldığı öğrenildi.,olumsuz
N01435,F00288,2025-02-14,Sözcü,Meridyen Holding Ltd. Şti. hakkında konkordato talebiyle ilgili haberler gündeme geldi.,olumsuz
N01436,F00288,2026-04-05,Bloomberg HT,"Meridyen Holding Ltd. Şti., yeni ihracat pazarlarına açılarak uluslararası büyüme hedeflerini yükseltti.",olumlu
N01437,F00288,2026-02-24,Bloomberg HT,"Meridyen Holding Ltd. Şti., 2026 yılında Bilişim ve Yazılım sektöründe 405 milyon TL'lik yeni yatırım kararı aldığını açıkladı.",olumlu
N01438,F00626,2024-08-27,Dünya Gazetesi,"Damla Holding A.Ş., 2024 yılı genel kurul toplantısını İstanbul'de gerçekleştirdi.",notr
N01439,F01200,2022-10-07,Dünya Gazetesi,"Kıvılcım Ticaret A.Ş., yönetim kurulu üyeliklerinde değişikliğe gitti.",notr
N01440,F01200,2022-03-20,Bloomberg HT,"Kıvılcım Ticaret A.Ş., yeni ihracat pazarlarına açılarak uluslararası büyüme hedeflerini yükseltti.",olumlu
N01441,F00686,2023-06-28,Bloomberg HT,"Doruk Tekstil Ltd. Şti., 2023 yılı genel kurul toplantısını İstanbul'de gerçekleştirdi.",notr
N01442,F00686,2023-09-26,Bloomberg HT,"Doruk Tekstil Ltd. Şti., yönetim kurulu üyeliklerinde değişikliğe gitti.",notr
N01443,F00873,2025-08-05,Dünya Gazetesi,"Yıldız Sistem Ltd. Şti., sektör raporlarında Perakende Ticaret alanındaki oyunculardan biri olarak yer aldı.",notr
N01444,F00570,2024-05-18,Dünya Gazetesi,"Çınar Sistem A.Ş., sektör raporlarında Metal ve Makine alanındaki oyunculardan biri olarak yer aldı.",notr
N01445,F00570,2024-09-08,Hürriyet Ekonomi,"Çınar Sistem A.Ş., 2024 yılında Metal ve Makine sektöründe 356 milyon TL'lik yeni yatırım kararı aldığını açıkladı.",olumlu
N01446,F00570,2022-10-09,Sözcü,Çınar Sistem A.Ş. hakkında konkordato talebiyle ilgili haberler gündeme geldi.,olumsuz
N01447,F01144,2024-02-29,Dünya Gazetesi,"Umut Otomotiv A.Ş. yönetimi, 2024 yılı ilk yarısında cironun beklentilerin üzerinde arttığını bildirdi.",olumlu
N01448,F00735,2026-01-02,Bloomberg HT,"Deniz Makine A.Ş., yeni ihracat pazarlarına açılarak uluslararası büyüme hedeflerini yükseltti.",olumlu
N01449,F00735,2024-05-02,Hürriyet Ekonomi,"Deniz Makine A.Ş., Ankara'deki üretim kapasitesini artırmak için genişleme planlarını duyurdu.",olumlu
N01450,F00793,2022-05-28,Sözcü,"Yörünge Holding Ltd. Şti., yönetim kurulu üyeliklerinde değişikliğe gitti.",notr
N01451,F00018,2026-07-02,Bloomberg HT,"Doğuş Endüstri A.Ş. yönetimi, sektördeki daralma nedeniyle küçülme kararı aldığını duyurdu.",olumsuz
N01452,F00128,2024-05-29,Hürriyet Ekonomi,"Rüzgar Ticaret Ltd. Şti., sektör raporlarında Tekstil alanındaki oyunculardan biri olarak yer aldı.",notr
N01453,F00323,2024-05-08,Bloomberg HT,"Pusula Yapı A.Ş., 2024 yılı genel kurul toplantısını İzmir'de gerçekleştirdi.",notr
N01454,F00256,2026-01-12,Ekonomim,"Toros Grup Ltd. Şti. yönetimi, sektördeki daralma nedeniyle küçülme kararı aldığını duyurdu.",olumsuz
N01455,F00256,2022-09-28,Sözcü,"Toros Grup Ltd. Şti., 2022 yılında Otomotiv sektöründe 472 milyon TL'lik yeni yatırım kararı aldığını açıkladı.",olumlu
N01456,F00256,2026-01-02,Sözcü,"Toros Grup Ltd. Şti., 2026 yılı genel kurul toplantısını Antalya'de gerçekleştirdi.",notr
N01457,F00944,2023-05-11,Sözcü,"Zirve Tarım Ltd. Şti. yönetimi, sektördeki daralma nedeniyle küçülme kararı aldığını duyurdu.",olumsuz
N01458,F00944,2023-11-19,Bloomberg HT,"Zirve Tarım Ltd. Şti. yönetimi, 2023 yılı ilk yarısında cironun beklentilerin üzerinde arttığını bildirdi.",olumlu
N01459,F01180,2026-03-25,Sözcü,"Cevher Gıda A.Ş., sektör raporlarında Tarım alanındaki oyunculardan biri olarak yer aldı.",notr
N01460,F01180,2022-03-03,Dünya Gazetesi,"Cevher Gıda A.Ş., İstanbul'deki üretim kapasitesini artırmak için genişleme planlarını duyurdu.",olumlu
N01461,F01180,2025-06-27,Bloomberg HT,"Cevher Gıda A.Ş., 2025 yılında Tarım sektöründe 96 milyon TL'lik yeni yatırım kararı aldığını açıkladı.",olumlu
N01462,F00191,2023-03-29,Sözcü,"Rüzgar Makine A.Ş., 2023 yılında Finans ve Sigorta sektöründe 124 milyon TL'lik yeni yatırım kararı aldığını açıkladı.",olumlu
N01463,F00116,2024-02-23,Ekonomim,"Kaptan Kimya A.Ş. yönetimi, 2024 yılı ilk yarısında cironun beklentilerin üzerinde arttığını bildirdi.",olumlu
N01464,F01174,2025-07-28,Ekonomim,"Nokta Turizm A.Ş. yönetimi, sektördeki daralma nedeniyle küçülme kararı aldığını duyurdu.",olumsuz
N01465,F01174,2023-07-12,Bloomberg HT,"Nokta Turizm A.Ş., yeni ihracat pazarlarına açılarak uluslararası büyüme hedeflerini yükseltti.",olumlu
N01466,F00889,2026-06-21,Bloomberg HT,"Kıvılcım Makine Ltd. Şti., 2026 yılında Kimya sektöründe 357 milyon TL'lik yeni yatırım kararı aldığını açıkladı.",olumlu
N01467,F00607,2025-03-07,Hürriyet Ekonomi,"Anka Metal Ltd. Şti., 2025 yılı genel kurul toplantısını Antalya'de gerçekleştirdi.",notr
N01468,F00181,2022-02-21,Dünya Gazetesi,"Doğuş Danışmanlık Ltd. Şti. yönetimi, 2022 yılı ilk yarısında cironun beklentilerin üzerinde arttığını bildirdi.",olumlu
N01469,F00181,2022-12-29,Bloomberg HT,"Doğuş Danışmanlık Ltd. Şti., yönetim kurulu üyeliklerinde değişikliğe gitti.",notr
N01470,F00302,2025-05-18,Hürriyet Ekonomi,"Kıvılcım Lojistik A.Ş., 2025 yılında nakit akışı sorunları nedeniyle bazı ödemelerini erteledi.",olumsuz
N01471,F00302,2023-09-25,Ekonomim,"Kıvılcım Lojistik A.Ş., yönetim kurulu üyeliklerinde değişikliğe gitti.",notr
N01472,F00497,2025-11-07,Ekonomim,Umut Teknoloji Ltd. Şti. hakkında Samsun Ticaret Mahkemesi'nde alacaklılarla ilgili dava açıldığı öğrenildi.,olumsuz
N01473,F00497,2024-08-15,Hürriyet Ekonomi,"Umut Teknoloji Ltd. Şti., yeni ihracat pazarlarına açılarak uluslararası büyüme hedeflerini yükseltti.",olumlu
N01474,F00349,2024-08-22,Hürriyet Ekonomi,"Toros Metal Ltd. Şti., 2024 yılında nakit akışı sorunları nedeniyle bazı ödemelerini erteledi.",olumsuz
N01475,F00349,2026-05-31,Sözcü,"Toros Metal Ltd. Şti., yeni ihracat pazarlarına açılarak uluslararası büyüme hedeflerini yükseltti.",olumlu
N01476,F01036,2023-07-09,Hürriyet Ekonomi,"Zirve Enerji A.Ş., yeni ihracat pazarlarına açılarak uluslararası büyüme hedeflerini yükseltti.",olumlu
N01477,F00983,2022-05-16,Hürriyet Ekonomi,"Rüzgar Ticaret A.Ş. yönetimi, 2022 yılı ilk yarısında cironun beklentilerin üzerinde arttığını bildirdi.",olumlu
N01478,F00745,2025-08-26,Hürriyet Ekonomi,"Çınar Otomotiv Ltd. Şti., sektör raporlarında Turizm ve Konaklama alanındaki oyunculardan biri olarak yer aldı.",notr
N01479,F00745,2026-04-04,Hürriyet Ekonomi,"Çınar Otomotiv Ltd. Şti., sektör raporlarında Turizm ve Konaklama alanındaki oyunculardan biri olarak yer aldı.",notr
N01480,F00745,2023-04-21,Hürriyet Ekonomi,"Çınar Otomotiv Ltd. Şti. yönetimi, 2023 yılı ilk yarısında cironun beklentilerin üzerinde arttığını bildirdi.",olumlu
N01481,F01152,2026-01-24,Hürriyet Ekonomi,"Nokta Teknoloji Ltd. Şti., Ankara'deki üretim kapasitesini artırmak için genişleme planlarını duyurdu.",olumlu
N01482,F01152,2024-01-26,Dünya Gazetesi,"Nokta Teknoloji Ltd. Şti., sektör raporlarında Turizm ve Konaklama alanındaki oyunculardan biri olarak yer aldı.",notr
N01483,F00518,2024-06-19,Ekonomim,"Mavera Sistem Ltd. Şti., 2024 yılında Otomotiv sektöründe 30 milyon TL'lik yeni yatırım kararı aldığını açıkladı.",olumlu
N01484,F00373,2026-07-14,Hürriyet Ekonomi,"Umut Gıda A.Ş., yönetim kurulu üyeliklerinde değişikliğe gitti.",notr
N01485,F00373,2024-11-27,Dünya Gazetesi,"Umut Gıda A.Ş., sektör raporlarında Gıda ve İçecek alanındaki oyunculardan biri olarak yer aldı.",notr
N01486,F00046,2025-09-23,Bloomberg HT,"Toprak Turizm A.Ş., 2025 yılında nakit akışı sorunları nedeniyle bazı ödemelerini erteledi.",olumsuz
N01487,F00477,2022-05-07,Bloomberg HT,"Doğuş Yapı Ltd. Şti., yeni ihracat pazarlarına açılarak uluslararası büyüme hedeflerini yükseltti.",olumlu
N01488,F00477,2026-08-23,Ekonomim,"Doğuş Yapı Ltd. Şti. yönetimi, 2026 yılı ilk yarısında cironun beklentilerin üzerinde arttığını bildirdi.",olumlu
N01489,F00158,2025-09-28,Ekonomim,"Umut Yazılım A.Ş., yeni ihracat pazarlarına açılarak uluslararası büyüme hedeflerini yükseltti.",olumlu
N01490,F00158,2024-07-30,Dünya Gazetesi,"Umut Yazılım A.Ş., Denizli'deki üretim kapasitesini artırmak için genişleme planlarını duyurdu.",olumlu
N01491,F01047,2024-12-24,Dünya Gazetesi,"Doğuş Lojistik A.Ş., yönetim kurulu üyeliklerinde değişikliğe gitti.",notr
N01492,F00172,2023-03-31,Ekonomim,Damla Makine Ltd. Şti. hakkında Eskişehir Ticaret Mahkemesi'nde alacaklılarla ilgili dava açıldığı öğrenildi.,olumsuz
N01493,F00172,2022-05-08,Bloomberg HT,"Damla Makine Ltd. Şti., 2022 yılında Otomotiv sektöründe 414 milyon TL'lik yeni yatırım kararı aldığını açıkladı.",olumlu
N01494,F00017,2025-04-13,Ekonomim,"Zirve Ticaret A.Ş., İzmir'deki üretim kapasitesini artırmak için genişleme planlarını duyurdu.",olumlu
N01495,F00512,2024-01-12,Hürriyet Ekonomi,"Berrak Turizm A.Ş. yönetimi, 2024 yılı ilk yarısında cironun beklentilerin üzerinde arttığını bildirdi.",olumlu
N01496,F00049,2022-09-19,Hürriyet Ekonomi,"Cevher Tarım Ltd. Şti. yönetimi, 2022 yılı ilk yarısında cironun beklentilerin üzerinde arttığını bildirdi.",olumlu
N01497,F00192,2023-04-10,Ekonomim,"Erguvan Teknoloji Ltd. Şti., 2023 yılında nakit akışı sorunları nedeniyle bazı ödemelerini erteledi.",olumsuz
N01498,F00192,2022-03-11,Ekonomim,"Erguvan Teknoloji Ltd. Şti. yönetimi, 2022 yılı ilk yarısında cironun beklentilerin üzerinde arttığını bildirdi.",olumlu
N01499,F00547,2022-03-01,Bloomberg HT,"Rüzgar Yazılım Ltd. Şti., 2022 yılında Finans ve Sigorta sektöründe 433 milyon TL'lik yeni yatırım kararı aldığını açıkladı.",olumlu
N01500,F00547,2024-09-02,Dünya Gazetesi,Rüzgar Yazılım Ltd. Şti. hakkında İzmir Ticaret Mahkemesi'nde alacaklılarla ilgili dava açıldığı öğrenildi.,olumsuz
N01501,F00516,2024-05-12,Dünya Gazetesi,"Ege İnşaat Ltd. Şti. yönetimi, sektördeki daralma nedeniyle küçülme kararı aldığını duyurdu.",olumsuz
N01502,F00978,2023-10-20,Sözcü,"Kaptan Grup A.Ş., 2023 yılında nakit akışı sorunları nedeniyle bazı ödemelerini erteledi.",olumsuz
N01503,F00978,2024-03-24,Hürriyet Ekonomi,"Kaptan Grup A.Ş., yönetim kurulu üyeliklerinde değişikliğe gitti.",notr
N01504,F00939,2023-10-16,Dünya Gazetesi,"Kervan Yazılım Ltd. Şti., yönetim kurulu üyeliklerinde değişikliğe gitti.",notr
N01505,F00829,2026-04-11,Hürriyet Ekonomi,"Ege Gıda Ltd. Şti., sektör raporlarında Sağlık alanındaki oyunculardan biri olarak yer aldı.",notr
N01506,F00829,2022-08-03,Sözcü,"Ege Gıda Ltd. Şti., yeni ihracat pazarlarına açılarak uluslararası büyüme hedeflerini yükseltti.",olumlu
N01507,F00984,2025-07-20,Hürriyet Ekonomi,"Rüzgar Yapı Ltd. Şti., yönetim kurulu üyeliklerinde değişikliğe gitti.",notr
N01508,F00481,2024-11-28,Ekonomim,"Nokta Holding Ltd. Şti., 2024 yılı genel kurul toplantısını İzmir'de gerçekleştirdi.",notr
N01509,F01129,2026-06-03,Dünya Gazetesi,"Zirve Sistem Ltd. Şti., 2026 yılında Perakende Ticaret sektöründe 308 milyon TL'lik yeni yatırım kararı aldığını açıkladı.",olumlu
N01510,F01129,2022-06-26,Ekonomim,"Zirve Sistem Ltd. Şti., sektör raporlarında Perakende Ticaret alanındaki oyunculardan biri olarak yer aldı.",notr
N01511,F00284,2022-09-23,Ekonomim,"Erguvan Holding A.Ş., İstanbul'deki üretim kapasitesini artırmak için genişleme planlarını duyurdu.",olumlu
N01512,F01030,2023-05-25,Dünya Gazetesi,"Toprak Tekstil A.Ş., yönetim kurulu üyeliklerinde değişikliğe gitti.",notr
N01513,F01030,2022-02-15,Ekonomim,"Toprak Tekstil A.Ş., yönetim kurulu üyeliklerinde değişikliğe gitti.",notr
N01514,F00798,2022-10-12,Dünya Gazetesi,"Erguvan Turizm Ltd. Şti., 2022 yılı genel kurul toplantısını Samsun'de gerçekleştirdi.",notr
N01515,F00940,2022-09-17,Sözcü,"Kervan Sistem A.Ş. yönetimi, sektördeki daralma nedeniyle küçülme kararı aldığını duyurdu.",olumsuz
N01516,F00226,2025-07-27,Sözcü,"Mavera Sistem A.Ş., yeni ihracat pazarlarına açılarak uluslararası büyüme hedeflerini yükseltti.",olumlu
N01517,F00226,2024-10-15,Dünya Gazetesi,"Mavera Sistem A.Ş., yeni ihracat pazarlarına açılarak uluslararası büyüme hedeflerini yükseltti.",olumlu
N01518,F00027,2022-04-19,Ekonomim,"Doğuş Teknoloji A.Ş., 2022 yılı genel kurul toplantısını Eskişehir'de gerçekleştirdi.",notr
N01519,F00283,2026-04-07,Ekonomim,"Aydın Enerji A.Ş., 2026 yılında nakit akışı sorunları nedeniyle bazı ödemelerini erteledi.",olumsuz
N01520,F00283,2025-03-05,Ekonomim,"Aydın Enerji A.Ş., 2025 yılı genel kurul toplantısını Samsun'de gerçekleştirdi.",notr
N01521,F01150,2025-10-03,Sözcü,"Vadi Turizm Ltd. Şti. yönetimi, 2025 yılı ilk yarısında cironun beklentilerin üzerinde arttığını bildirdi.",olumlu
N01522,F00438,2025-02-21,Hürriyet Ekonomi,"Aydın İnşaat Ltd. Şti., 2025 yılında Eğitim sektöründe 456 milyon TL'lik yeni yatırım kararı aldığını açıkladı.",olumlu
N01523,F00438,2023-02-21,Ekonomim,"Aydın İnşaat Ltd. Şti., 2023 yılında Eğitim sektöründe 97 milyon TL'lik yeni yatırım kararı aldığını açıkladı.",olumlu
N01524,F01168,2024-10-18,Bloomberg HT,"Erguvan Sistem Ltd. Şti. yönetimi, 2024 yılı ilk yarısında cironun beklentilerin üzerinde arttığını bildirdi.",olumlu
N01525,F00365,2023-06-16,Hürriyet Ekonomi,"Sahil Grup A.Ş., 2023 yılında nakit akışı sorunları nedeniyle bazı ödemelerini erteledi.",olumsuz
N01526,F00230,2022-06-28,Sözcü,"Aydın Makine A.Ş., sektör raporlarında Enerji alanındaki oyunculardan biri olarak yer aldı.",notr
N01527,F00038,2025-08-23,Dünya Gazetesi,"Mavera Yapı A.Ş., 2025 yılı genel kurul toplantısını Kayseri'de gerçekleştirdi.",notr
N01528,F00670,2026-05-22,Bloomberg HT,"Mavera Lojistik Ltd. Şti., yeni ihracat pazarlarına açılarak uluslararası büyüme hedeflerini yükseltti.",olumlu
N01529,F00670,2025-03-25,Dünya Gazetesi,"Mavera Lojistik Ltd. Şti., 2025 yılı genel kurul toplantısını Mersin'de gerçekleştirdi.",notr
N01530,F00670,2025-09-28,Sözcü,"Mavera Lojistik Ltd. Şti. yönetimi, 2025 yılı ilk yarısında cironun beklentilerin üzerinde arttığını bildirdi.",olumlu
N01531,F00750,2026-02-15,Bloomberg HT,"Aydın Makine Ltd. Şti. yönetimi, 2026 yılı ilk yarısında cironun beklentilerin üzerinde arttığını bildirdi.",olumlu
N01532,F00750,2026-04-07,Hürriyet Ekonomi,"Aydın Makine Ltd. Şti., Trabzon'deki üretim kapasitesini artırmak için genişleme planlarını duyurdu.",olumlu
N01533,F01181,2022-05-26,Dünya Gazetesi,"Berrak Yapı Ltd. Şti., sektör raporlarında Tarım alanındaki oyunculardan biri olarak yer aldı.",notr
N01534,F00375,2023-05-12,Bloomberg HT,"Anka Lojistik A.Ş. yönetimi, sektördeki daralma nedeniyle küçülme kararı aldığını duyurdu.",olumsuz
N01535,F00470,2026-06-13,Sözcü,"Vadi Teknoloji Ltd. Şti. yönetimi, sektördeki daralma nedeniyle küçülme kararı aldığını duyurdu.",olumsuz
N01536,F00883,2024-04-20,Sözcü,"Meridyen Lojistik A.Ş. yönetimi, 2024 yılı ilk yarısında cironun beklentilerin üzerinde arttığını bildirdi.",olumlu
N01537,F01182,2023-01-31,Bloomberg HT,Toprak Enerji A.Ş. hakkında Ankara Ticaret Mahkemesi'nde alacaklılarla ilgili dava açıldığı öğrenildi.,olumsuz
N01538,F00688,2025-01-16,Dünya Gazetesi,"Cevher Metal Ltd. Şti., Adana'deki üretim kapasitesini artırmak için genişleme planlarını duyurdu.",olumlu
N01539,F00033,2024-08-21,Hürriyet Ekonomi,"Cevher Yazılım A.Ş., 2024 yılında Eğitim sektöründe 34 milyon TL'lik yeni yatırım kararı aldığını açıkladı.",olumlu
N01540,F00033,2023-02-14,Hürriyet Ekonomi,"Cevher Yazılım A.Ş., Konya'deki üretim kapasitesini artırmak için genişleme planlarını duyurdu.",olumlu
N01541,F01011,2023-10-24,Ekonomim,"Yıldız Gıda Ltd. Şti. yönetimi, sektördeki daralma nedeniyle küçülme kararı aldığını duyurdu.",olumsuz
N01542,F01011,2023-08-11,Dünya Gazetesi,"Yıldız Gıda Ltd. Şti., sektör raporlarında Lojistik alanındaki oyunculardan biri olarak yer aldı.",notr
N01543,F01176,2022-02-13,Bloomberg HT,"Deniz Sistem Ltd. Şti. yönetimi, 2022 yılı ilk yarısında cironun beklentilerin üzerinde arttığını bildirdi.",olumlu
N01544,F01176,2024-01-05,Hürriyet Ekonomi,"Deniz Sistem Ltd. Şti., 2024 yılı genel kurul toplantısını Denizli'de gerçekleştirdi.",notr
N01545,F00195,2026-03-02,Ekonomim,Yıldız Yazılım Ltd. Şti. hakkında İzmir Ticaret Mahkemesi'nde alacaklılarla ilgili dava açıldığı öğrenildi.,olumsuz
N01546,F00195,2023-08-27,Hürriyet Ekonomi,"Yıldız Yazılım Ltd. Şti., 2023 yılı genel kurul toplantısını İzmir'de gerçekleştirdi.",notr
N01547,F01106,2024-01-29,Dünya Gazetesi,Doruk Kimya Ltd. Şti. hakkında konkordato talebiyle ilgili haberler gündeme geldi.,olumsuz
N01548,F01114,2025-12-24,Ekonomim,"Doğuş Gıda A.Ş., sektör raporlarında Metal ve Makine alanındaki oyunculardan biri olarak yer aldı.",notr
N01549,F01064,2023-12-02,Hürriyet Ekonomi,"Pusula Gıda Ltd. Şti., 2023 yılı genel kurul toplantısını İstanbul'de gerçekleştirdi.",notr
N01550,F00504,2022-05-01,Sözcü,"Damla Danışmanlık Ltd. Şti., 2022 yılı genel kurul toplantısını İzmir'de gerçekleştirdi.",notr
N01551,F00504,2025-06-30,Dünya Gazetesi,"Damla Danışmanlık Ltd. Şti. yönetimi, 2025 yılı ilk yarısında cironun beklentilerin üzerinde arttığını bildirdi.",olumlu
N01552,F00916,2026-08-27,Bloomberg HT,"Sahil Enerji Ltd. Şti. yönetimi, 2026 yılı ilk yarısında cironun beklentilerin üzerinde arttığını bildirdi.",olumlu
N01553,F00916,2023-01-26,Dünya Gazetesi,"Sahil Enerji Ltd. Şti. yönetimi, 2023 yılı ilk yarısında cironun beklentilerin üzerinde arttığını bildirdi.",olumlu
N01554,F00916,2025-01-05,Bloomberg HT,"Sahil Enerji Ltd. Şti., Konya'deki üretim kapasitesini artırmak için genişleme planlarını duyurdu.",olumlu
N01555,F00977,2026-08-12,Ekonomim,"Bahar İnşaat A.Ş., 2026 yılında Lojistik sektöründe 13 milyon TL'lik yeni yatırım kararı aldığını açıkladı.",olumlu
N01556,F00977,2025-08-15,Ekonomim,"Bahar İnşaat A.Ş. yönetimi, sektördeki daralma nedeniyle küçülme kararı aldığını duyurdu.",olumsuz
N01557,F00977,2022-07-30,Hürriyet Ekonomi,Bahar İnşaat A.Ş. hakkında İstanbul Ticaret Mahkemesi'nde alacaklılarla ilgili dava açıldığı öğrenildi.,olumsuz
N01558,F01183,2023-11-01,Hürriyet Ekonomi,"Yörünge Makine A.Ş., sektör raporlarında Enerji alanındaki oyunculardan biri olarak yer aldı.",notr
N01559,F01183,2024-01-23,Bloomberg HT,"Yörünge Makine A.Ş., 2024 yılı genel kurul toplantısını İzmir'de gerçekleştirdi.",notr
N01560,F01088,2025-05-22,Bloomberg HT,"Toprak Otomotiv Ltd. Şti., yönetim kurulu üyeliklerinde değişikliğe gitti.",notr
N01561,F01088,2026-02-15,Dünya Gazetesi,Toprak Otomotiv Ltd. Şti. hakkında konkordato talebiyle ilgili haberler gündeme geldi.,olumsuz
N01562,F00801,2025-06-23,Hürriyet Ekonomi,Rüzgar İnşaat Ltd. Şti. hakkında konkordato talebiyle ilgili haberler gündeme geldi.,olumsuz
N01563,F00801,2024-04-30,Bloomberg HT,"Rüzgar İnşaat Ltd. Şti. yönetimi, 2024 yılı ilk yarısında cironun beklentilerin üzerinde arttığını bildirdi.",olumlu
N01564,F00801,2022-10-31,Bloomberg HT,"Rüzgar İnşaat Ltd. Şti., 2022 yılı genel kurul toplantısını İstanbul'de gerçekleştirdi.",notr
N01565,F00580,2024-05-25,Ekonomim,"Kaptan Grup Ltd. Şti., yeni ihracat pazarlarına açılarak uluslararası büyüme hedeflerini yükseltti.",olumlu
N01566,F00580,2023-04-30,Ekonomim,"Kaptan Grup Ltd. Şti. yönetimi, sektördeki daralma nedeniyle küçülme kararı aldığını duyurdu.",olumsuz
N01567,F00161,2023-12-13,Sözcü,"Meridyen Ticaret Ltd. Şti., 2023 yılında nakit akışı sorunları nedeniyle bazı ödemelerini erteledi.",olumsuz
N01568,F00161,2024-10-15,Bloomberg HT,"Meridyen Ticaret Ltd. Şti., 2024 yılında nakit akışı sorunları nedeniyle bazı ödemelerini erteledi.",olumsuz
N01569,F00161,2024-02-19,Dünya Gazetesi,"Meridyen Ticaret Ltd. Şti., İzmir'deki üretim kapasitesini artırmak için genişleme planlarını duyurdu.",olumlu
N01570,F00681,2025-03-12,Dünya Gazetesi,"Nokta Tarım A.Ş., 2025 yılı genel kurul toplantısını Adana'de gerçekleştirdi.",notr
N01571,F00681,2024-10-30,Ekonomim,"Nokta Tarım A.Ş., 2024 yılında Otomotiv sektöründe 46 milyon TL'lik yeni yatırım kararı aldığını açıkladı.",olumlu
N01572,F01198,2024-08-04,Ekonomim,"Damla Yapı A.Ş., yönetim kurulu üyeliklerinde değişikliğe gitti.",notr
N01573,F00163,2022-11-16,Dünya Gazetesi,"Sahil Yazılım A.Ş., yeni ihracat pazarlarına açılarak uluslararası büyüme hedeflerini yükseltti.",olumlu
N01574,F00163,2023-10-30,Ekonomim,"Sahil Yazılım A.Ş., İzmir'deki üretim kapasitesini artırmak için genişleme planlarını duyurdu.",olumlu
N01575,F00163,2022-04-16,Bloomberg HT,"Sahil Yazılım A.Ş., İzmir'deki üretim kapasitesini artırmak için genişleme planlarını duyurdu.",olumlu
N01576,F00822,2022-05-21,Bloomberg HT,"Erguvan Teknoloji A.Ş., yönetim kurulu üyeliklerinde değişikliğe gitti.",notr
N01577,F00706,2023-08-29,Hürriyet Ekonomi,"Doğuş Grup Ltd. Şti., yeni ihracat pazarlarına açılarak uluslararası büyüme hedeflerini yükseltti.",olumlu
N01578,F00706,2024-11-08,Ekonomim,Doğuş Grup Ltd. Şti. hakkında konkordato talebiyle ilgili haberler gündeme geldi.,olumsuz
N01579,F01009,2023-09-23,Hürriyet Ekonomi,"Toros Sistem A.Ş., 2023 yılında nakit akışı sorunları nedeniyle bazı ödemelerini erteledi.",olumsuz
N01580,F00878,2024-08-05,Dünya Gazetesi,Kervan Grup Ltd. Şti. hakkında konkordato talebiyle ilgili haberler gündeme geldi.,olumsuz
N01581,F00878,2022-11-04,Bloomberg HT,"Kervan Grup Ltd. Şti., 2022 yılı genel kurul toplantısını İstanbul'de gerçekleştirdi.",notr
N01582,F00878,2024-01-18,Ekonomim,"Kervan Grup Ltd. Şti., yeni ihracat pazarlarına açılarak uluslararası büyüme hedeflerini yükseltti.",olumlu
N01583,F00896,2026-02-20,Sözcü,"Çınar Ticaret Ltd. Şti., sektör raporlarında Gıda ve İçecek alanındaki oyunculardan biri olarak yer aldı.",notr
N01584,F00914,2024-04-13,Sözcü,Kıvılcım İnşaat A.Ş. hakkında konkordato talebiyle ilgili haberler gündeme geldi.,olumsuz
N01585,F01199,2024-11-26,Bloomberg HT,"Çınar İnşaat Ltd. Şti., yeni ihracat pazarlarına açılarak uluslararası büyüme hedeflerini yükseltti.",olumlu
N01586,F00153,2026-03-02,Bloomberg HT,"Vadi Makine A.Ş., yeni ihracat pazarlarına açılarak uluslararası büyüme hedeflerini yükseltti.",olumlu
N01587,F00979,2024-11-28,Ekonomim,"Damla Turizm Ltd. Şti., 2024 yılı genel kurul toplantısını Antalya'de gerçekleştirdi.",notr
N01588,F00979,2023-07-22,Hürriyet Ekonomi,"Damla Turizm Ltd. Şti., 2023 yılında Otomotiv sektöründe 375 milyon TL'lik yeni yatırım kararı aldığını açıkladı.",olumlu
N01589,F01003,2024-05-08,Dünya Gazetesi,"Bereket Ticaret Ltd. Şti., 2024 yılında nakit akışı sorunları nedeniyle bazı ödemelerini erteledi.",olumsuz
N01590,F01003,2025-02-07,Dünya Gazetesi,"Bereket Ticaret Ltd. Şti., 2025 yılında Sağlık sektöründe 468 milyon TL'lik yeni yatırım kararı aldığını açıkladı.",olumlu
N01591,F00510,2026-06-03,Hürriyet Ekonomi,"Çınar Turizm A.Ş. yönetimi, 2026 yılı ilk yarısında cironun beklentilerin üzerinde arttığını bildirdi.",olumlu
N01592,F00112,2024-04-21,Bloomberg HT,Bumerang Metal Ltd. Şti. hakkında Kayseri Ticaret Mahkemesi'nde alacaklılarla ilgili dava açıldığı öğrenildi.,olumsuz
N01593,F00227,2023-03-27,Hürriyet Ekonomi,"Bereket Enerji Ltd. Şti. yönetimi, 2023 yılı ilk yarısında cironun beklentilerin üzerinde arttığını bildirdi.",olumlu
N01594,F00227,2024-12-07,Ekonomim,"Bereket Enerji Ltd. Şti., 2024 yılında Enerji sektöründe 146 milyon TL'lik yeni yatırım kararı aldığını açıkladı.",olumlu
N01595,F00986,2026-05-15,Dünya Gazetesi,"Bumerang Turizm A.Ş., 2026 yılı genel kurul toplantısını Mersin'de gerçekleştirdi.",notr
N01596,F00986,2026-03-28,Sözcü,"Bumerang Turizm A.Ş., Mersin'deki üretim kapasitesini artırmak için genişleme planlarını duyurdu.",olumlu
N01597,F00852,2022-11-10,Ekonomim,"Ege Kimya Ltd. Şti., sektör raporlarında Turizm ve Konaklama alanındaki oyunculardan biri olarak yer aldı.",notr
N01598,F00852,2023-08-17,Sözcü,"Ege Kimya Ltd. Şti., 2023 yılı genel kurul toplantısını İzmir'de gerçekleştirdi.",notr
N01599,F00852,2026-05-05,Dünya Gazetesi,"Ege Kimya Ltd. Şti., yönetim kurulu üyeliklerinde değişikliğe gitti.",notr
N01600,F00104,2024-10-15,Ekonomim,"Toprak Teknoloji A.Ş., 2024 yılı genel kurul toplantısını İstanbul'de gerçekleştirdi.",notr
N01601,F00422,2025-02-12,Bloomberg HT,"Cevher Enerji A.Ş., yönetim kurulu üyeliklerinde değişikliğe gitti.",notr
N01602,F00422,2026-05-30,Sözcü,"Cevher Enerji A.Ş., 2026 yılı genel kurul toplantısını İstanbul'de gerçekleştirdi.",notr
N01603,F00422,2025-06-29,Bloomberg HT,"Cevher Enerji A.Ş. yönetimi, 2025 yılı ilk yarısında cironun beklentilerin üzerinde arttığını bildirdi.",olumlu
N01604,F00420,2026-04-13,Hürriyet Ekonomi,"Rüzgar Yazılım A.Ş., yeni ihracat pazarlarına açılarak uluslararası büyüme hedeflerini yükseltti.",olumlu
N01605,F00625,2023-11-11,Hürriyet Ekonomi,"Yörünge Lojistik Ltd. Şti., 2023 yılında nakit akışı sorunları nedeniyle bazı ödemelerini erteledi.",olumsuz
N01606,F00625,2024-08-28,Dünya Gazetesi,Yörünge Lojistik Ltd. Şti. hakkında konkordato talebiyle ilgili haberler gündeme geldi.,olumsuz
N01607,F00625,2026-01-10,Hürriyet Ekonomi,"Yörünge Lojistik Ltd. Şti., 2026 yılı genel kurul toplantısını İstanbul'de gerçekleştirdi.",notr
N01608,F00587,2024-03-03,Hürriyet Ekonomi,"Toprak Yapı Ltd. Şti., 2024 yılı genel kurul toplantısını Ankara'de gerçekleştirdi.",notr
N01609,F01061,2022-04-22,Ekonomim,"Anka Danışmanlık A.Ş., İstanbul'deki üretim kapasitesini artırmak için genişleme planlarını duyurdu.",olumlu
N01610,F01061,2022-04-15,Dünya Gazetesi,"Anka Danışmanlık A.Ş. yönetimi, sektördeki daralma nedeniyle küçülme kararı aldığını duyurdu.",olumsuz
N01611,F00920,2026-03-07,Sözcü,Kervan Makine Ltd. Şti. hakkında İzmir Ticaret Mahkemesi'nde alacaklılarla ilgili dava açıldığı öğrenildi.,olumsuz
N01612,F00920,2023-08-12,Sözcü,"Kervan Makine Ltd. Şti., İzmir'deki üretim kapasitesini artırmak için genişleme planlarını duyurdu.",olumlu
N01613,F00673,2023-12-26,Sözcü,"Vadi İnşaat A.Ş., 2023 yılında Tekstil sektöründe 278 milyon TL'lik yeni yatırım kararı aldığını açıkladı.",olumlu
N01614,F00673,2022-09-13,Hürriyet Ekonomi,"Vadi İnşaat A.Ş., yeni ihracat pazarlarına açılarak uluslararası büyüme hedeflerini yükseltti.",olumlu
N01615,F00673,2026-01-05,Ekonomim,Vadi İnşaat A.Ş. hakkında Eskişehir Ticaret Mahkemesi'nde alacaklılarla ilgili dava açıldığı öğrenildi.,olumsuz
N01616,F00120,2022-10-15,Hürriyet Ekonomi,"Bereket Lojistik A.Ş. yönetimi, 2022 yılı ilk yarısında cironun beklentilerin üzerinde arttığını bildirdi.",olumlu
N01617,F00054,2025-10-26,Bloomberg HT,"Doğuş Gıda Ltd. Şti., 2025 yılı genel kurul toplantısını Mersin'de gerçekleştirdi.",notr
N01618,F00054,2026-03-10,Ekonomim,"Doğuş Gıda Ltd. Şti. yönetimi, 2026 yılı ilk yarısında cironun beklentilerin üzerinde arttığını bildirdi.",olumlu
N01619,F00152,2026-01-13,Sözcü,Mavera Ticaret A.Ş. hakkında konkordato talebiyle ilgili haberler gündeme geldi.,olumsuz
N01620,F00152,2022-02-10,Ekonomim,"Mavera Ticaret A.Ş., 2022 yılı genel kurul toplantısını Konya'de gerçekleştirdi.",notr
N01621,F00404,2024-06-30,Sözcü,"Nokta İnşaat A.Ş., sektör raporlarında Bilişim ve Yazılım alanındaki oyunculardan biri olarak yer aldı.",notr
N01622,F00404,2023-03-04,Sözcü,"Nokta İnşaat A.Ş., yönetim kurulu üyeliklerinde değişikliğe gitti.",notr
N01623,F01189,2025-03-17,Dünya Gazetesi,"Doruk Yazılım A.Ş., 2025 yılı genel kurul toplantısını Gaziantep'de gerçekleştirdi.",notr
N01624,F01189,2025-08-19,Sözcü,"Doruk Yazılım A.Ş., 2025 yılı genel kurul toplantısını Gaziantep'de gerçekleştirdi.",notr
N01625,F00208,2022-09-17,Bloomberg HT,"Cevher Danışmanlık A.Ş., Konya'deki üretim kapasitesini artırmak için genişleme planlarını duyurdu.",olumlu
N01626,F00208,2026-01-16,Hürriyet Ekonomi,"Cevher Danışmanlık A.Ş., sektör raporlarında Sağlık alanındaki oyunculardan biri olarak yer aldı.",notr
N01627,F01135,2023-09-07,Sözcü,"Çınar İnşaat Ltd. Şti., Adana'deki üretim kapasitesini artırmak için genişleme planlarını duyurdu.",olumlu
N01628,F00659,2023-06-26,Bloomberg HT,"Yörünge Danışmanlık A.Ş., 2023 yılında Sağlık sektöründe 207 milyon TL'lik yeni yatırım kararı aldığını açıkladı.",olumlu
N01629,F01097,2022-11-13,Ekonomim,"Bahar Tekstil A.Ş., sektör raporlarında Tarım alanındaki oyunculardan biri olarak yer aldı.",notr
N01630,F00233,2026-03-26,Bloomberg HT,"Kervan Danışmanlık A.Ş., sektör raporlarında Turizm ve Konaklama alanındaki oyunculardan biri olarak yer aldı.",notr
N01631,F00233,2023-09-26,Ekonomim,"Kervan Danışmanlık A.Ş., 2023 yılında nakit akışı sorunları nedeniyle bazı ödemelerini erteledi.",olumsuz
N01632,F00009,2023-08-30,Ekonomim,"Berrak Gıda A.Ş., yönetim kurulu üyeliklerinde değişikliğe gitti.",notr
N01633,F00160,2023-07-05,Dünya Gazetesi,"Aydın Yazılım Ltd. Şti. yönetimi, sektördeki daralma nedeniyle küçülme kararı aldığını duyurdu.",olumsuz
N01634,F00037,2022-02-14,Ekonomim,"Mavera Sistem Ltd. Şti., yeni ihracat pazarlarına açılarak uluslararası büyüme hedeflerini yükseltti.",olumlu
N01635,F00037,2023-09-21,Bloomberg HT,"Mavera Sistem Ltd. Şti. yönetimi, 2023 yılı ilk yarısında cironun beklentilerin üzerinde arttığını bildirdi.",olumlu
N01636,F00037,2023-06-24,Dünya Gazetesi,"Mavera Sistem Ltd. Şti., 2023 yılında Eğitim sektöründe 459 milyon TL'lik yeni yatırım kararı aldığını açıkladı.",olumlu
N01637,F00453,2022-03-09,Dünya Gazetesi,"Deniz Holding A.Ş. yönetimi, 2022 yılı ilk yarısında cironun beklentilerin üzerinde arttığını bildirdi.",olumlu
N01638,F00453,2022-02-10,Sözcü,"Deniz Holding A.Ş., 2022 yılında Enerji sektöründe 188 milyon TL'lik yeni yatırım kararı aldığını açıkladı.",olumlu
N01639,F00652,2024-05-17,Ekonomim,"Umut Tarım Ltd. Şti., yönetim kurulu üyeliklerinde değişikliğe gitti.",notr
N01640,F00652,2026-08-06,Sözcü,"Umut Tarım Ltd. Şti., 2026 yılında Otomotiv sektöründe 86 milyon TL'lik yeni yatırım kararı aldığını açıkladı.",olumlu
N01641,F00254,2025-05-12,Hürriyet Ekonomi,"Mavera Ticaret A.Ş. yönetimi, 2025 yılı ilk yarısında cironun beklentilerin üzerinde arttığını bildirdi.",olumlu
N01642,F00304,2024-12-05,Dünya Gazetesi,"Doğuş Endüstri Ltd. Şti. yönetimi, sektördeki daralma nedeniyle küçülme kararı aldığını duyurdu.",olumsuz
N01643,F00304,2026-04-03,Ekonomim,"Doğuş Endüstri Ltd. Şti., 2026 yılı genel kurul toplantısını Bursa'de gerçekleştirdi.",notr
N01644,F00897,2025-03-09,Sözcü,Yıldız Endüstri A.Ş. hakkında konkordato talebiyle ilgili haberler gündeme geldi.,olumsuz
N01645,F00897,2023-02-26,Hürriyet Ekonomi,Yıldız Endüstri A.Ş. hakkında İstanbul Ticaret Mahkemesi'nde alacaklılarla ilgili dava açıldığı öğrenildi.,olumsuz
N01646,F01049,2022-01-09,Sözcü,"Yıldız Ticaret A.Ş., sektör raporlarında Kimya alanındaki oyunculardan biri olarak yer aldı.",notr
N01647,F00881,2025-08-30,Dünya Gazetesi,Yıldız Ticaret A.Ş. hakkında konkordato talebiyle ilgili haberler gündeme geldi.,olumsuz
N01648,F00881,2023-04-04,Bloomberg HT,"Yıldız Ticaret A.Ş. yönetimi, 2023 yılı ilk yarısında cironun beklentilerin üzerinde arttığını bildirdi.",olumlu
N01649,F00572,2022-10-27,Sözcü,"Nokta Makine Ltd. Şti., İzmir'deki üretim kapasitesini artırmak için genişleme planlarını duyurdu.",olumlu
N01650,F00624,2022-09-08,Dünya Gazetesi,"Cevher Endüstri Ltd. Şti., Mersin'deki üretim kapasitesini artırmak için genişleme planlarını duyurdu.",olumlu
N01651,F01145,2024-05-20,Ekonomim,Kıvılcım Otomotiv Ltd. Şti. hakkında Bursa Ticaret Mahkemesi'nde alacaklılarla ilgili dava açıldığı öğrenildi.,olumsuz
N01652,F01031,2025-12-21,Ekonomim,"Deniz Holding A.Ş., sektör raporlarında Metal ve Makine alanındaki oyunculardan biri olarak yer aldı.",notr
N01653,F01031,2024-12-23,Dünya Gazetesi,"Deniz Holding A.Ş., 2024 yılında nakit akışı sorunları nedeniyle bazı ödemelerini erteledi.",olumsuz
N01654,F01031,2022-10-27,Hürriyet Ekonomi,"Deniz Holding A.Ş. yönetimi, 2022 yılı ilk yarısında cironun beklentilerin üzerinde arttığını bildirdi.",olumlu
N01655,F01146,2026-01-17,Dünya Gazetesi,"Nokta Kimya A.Ş., sektör raporlarında Tekstil alanındaki oyunculardan biri olarak yer aldı.",notr
N01656,F01146,2026-07-19,Bloomberg HT,"Nokta Kimya A.Ş., 2026 yılında Tekstil sektöründe 405 milyon TL'lik yeni yatırım kararı aldığını açıkladı.",olumlu
N01657,F00263,2025-07-03,Sözcü,"Bereket Gıda Ltd. Şti., yeni ihracat pazarlarına açılarak uluslararası büyüme hedeflerini yükseltti.",olumlu
N01658,F00263,2022-03-21,Hürriyet Ekonomi,"Bereket Gıda Ltd. Şti., sektör raporlarında Metal ve Makine alanındaki oyunculardan biri olarak yer aldı.",notr
N01659,F00263,2025-12-10,Hürriyet Ekonomi,Bereket Gıda Ltd. Şti. hakkında konkordato talebiyle ilgili haberler gündeme geldi.,olumsuz
N01660,F00611,2022-04-22,Dünya Gazetesi,"Bahar Lojistik A.Ş., İzmir'deki üretim kapasitesini artırmak için genişleme planlarını duyurdu.",olumlu
N01661,F00611,2025-07-19,Ekonomim,"Bahar Lojistik A.Ş. yönetimi, sektördeki daralma nedeniyle küçülme kararı aldığını duyurdu.",olumsuz
N01662,F00298,2022-01-15,Dünya Gazetesi,"Ege Tarım A.Ş. yönetimi, sektördeki daralma nedeniyle küçülme kararı aldığını duyurdu.",olumsuz
N01663,F00298,2022-11-05,Dünya Gazetesi,"Ege Tarım A.Ş. yönetimi, 2022 yılı ilk yarısında cironun beklentilerin üzerinde arttığını bildirdi.",olumlu
N01664,F00990,2025-06-22,Dünya Gazetesi,"Vadi Danışmanlık Ltd. Şti., İstanbul'deki üretim kapasitesini artırmak için genişleme planlarını duyurdu.",olumlu
N01665,F00415,2024-02-26,Hürriyet Ekonomi,"Vadi Yapı A.Ş. yönetimi, 2024 yılı ilk yarısında cironun beklentilerin üzerinde arttığını bildirdi.",olumlu
N01666,F00151,2024-09-29,Dünya Gazetesi,"Çınar Yapı A.Ş., İstanbul'deki üretim kapasitesini artırmak için genişleme planlarını duyurdu.",olumlu
N01667,F00946,2026-02-16,Bloomberg HT,"Bereket Endüstri A.Ş., yeni ihracat pazarlarına açılarak uluslararası büyüme hedeflerini yükseltti.",olumlu
N01668,F00473,2022-12-07,Sözcü,"Aydın Gıda A.Ş., sektör raporlarında Gıda ve İçecek alanındaki oyunculardan biri olarak yer aldı.",notr
N01669,F00473,2024-09-28,Bloomberg HT,Aydın Gıda A.Ş. hakkında Adana Ticaret Mahkemesi'nde alacaklılarla ilgili dava açıldığı öğrenildi.,olumsuz
N01670,F00953,2025-09-10,Dünya Gazetesi,"Yıldız Yazılım Ltd. Şti., 2025 yılında nakit akışı sorunları nedeniyle bazı ödemelerini erteledi.",olumsuz
N01671,F00953,2026-05-20,Ekonomim,"Yıldız Yazılım Ltd. Şti., İstanbul'deki üretim kapasitesini artırmak için genişleme planlarını duyurdu.",olumlu
N01672,F00953,2024-07-12,Dünya Gazetesi,Yıldız Yazılım Ltd. Şti. hakkında İstanbul Ticaret Mahkemesi'nde alacaklılarla ilgili dava açıldığı öğrenildi.,olumsuz
N01673,F00988,2025-07-25,Hürriyet Ekonomi,"Çınar Lojistik A.Ş., sektör raporlarında Tarım alanındaki oyunculardan biri olarak yer aldı.",notr
N01674,F00988,2025-05-05,Ekonomim,"Çınar Lojistik A.Ş. yönetimi, sektördeki daralma nedeniyle küçülme kararı aldığını duyurdu.",olumsuz
N01675,F00988,2026-03-30,Sözcü,"Çınar Lojistik A.Ş., 2026 yılında nakit akışı sorunları nedeniyle bazı ödemelerini erteledi.",olumsuz
N01676,F00779,2024-01-28,Hürriyet Ekonomi,"Mavera Yazılım Ltd. Şti., 2024 yılında Bilişim ve Yazılım sektöründe 435 milyon TL'lik yeni yatırım kararı aldığını açıkladı.",olumlu
N01677,F00779,2024-09-04,Bloomberg HT,"Mavera Yazılım Ltd. Şti. yönetimi, 2024 yılı ilk yarısında cironun beklentilerin üzerinde arttığını bildirdi.",olumlu
N01678,F00641,2025-08-29,Hürriyet Ekonomi,"Ege Metal A.Ş., İstanbul'deki üretim kapasitesini artırmak için genişleme planlarını duyurdu.",olumlu
N01679,F00641,2023-12-25,Dünya Gazetesi,"Ege Metal A.Ş., yeni ihracat pazarlarına açılarak uluslararası büyüme hedeflerini yükseltti.",olumlu
N01680,F01190,2024-12-30,Hürriyet Ekonomi,"Anka Holding A.Ş. yönetimi, 2024 yılı ilk yarısında cironun beklentilerin üzerinde arttığını bildirdi.",olumlu
N01681,F01143,2024-11-13,Dünya Gazetesi,"Yıldız Enerji Ltd. Şti. yönetimi, 2024 yılı ilk yarısında cironun beklentilerin üzerinde arttığını bildirdi.",olumlu
N01682,F01143,2024-02-11,Sözcü,"Yıldız Enerji Ltd. Şti. yönetimi, sektördeki daralma nedeniyle küçülme kararı aldığını duyurdu.",olumsuz
N01683,F01143,2022-04-26,Hürriyet Ekonomi,"Yıldız Enerji Ltd. Şti. yönetimi, 2022 yılı ilk yarısında cironun beklentilerin üzerinde arttığını bildirdi.",olumlu
N01684,F00551,2026-03-07,Ekonomim,"Bahar Gıda A.Ş., yeni ihracat pazarlarına açılarak uluslararası büyüme hedeflerini yükseltti.",olumlu
N01685,F00551,2024-01-03,Hürriyet Ekonomi,"Bahar Gıda A.Ş., 2024 yılında nakit akışı sorunları nedeniyle bazı ödemelerini erteledi.",olumsuz
N01686,F00640,2022-07-28,Bloomberg HT,"Doruk Gıda Ltd. Şti., 2022 yılında nakit akışı sorunları nedeniyle bazı ödemelerini erteledi.",olumsuz
N01687,F00640,2022-12-19,Ekonomim,"Doruk Gıda Ltd. Şti., 2022 yılında Otomotiv sektöründe 280 milyon TL'lik yeni yatırım kararı aldığını açıkladı.",olumlu
N01688,F00936,2024-01-13,Dünya Gazetesi,"Kervan Tarım Ltd. Şti. yönetimi, 2024 yılı ilk yarısında cironun beklentilerin üzerinde arttığını bildirdi.",olumlu
N01689,F00929,2025-11-26,Sözcü,"Sahil Turizm Ltd. Şti., Adana'deki üretim kapasitesini artırmak için genişleme planlarını duyurdu.",olumlu
N01690,F00929,2026-08-26,Bloomberg HT,"Sahil Turizm Ltd. Şti. yönetimi, 2026 yılı ilk yarısında cironun beklentilerin üzerinde arttığını bildirdi.",olumlu
N01691,F00489,2022-12-11,Ekonomim,"Cevher İnşaat Ltd. Şti., yönetim kurulu üyeliklerinde değişikliğe gitti.",notr
N01692,F00820,2023-04-27,Ekonomim,"Damla Holding A.Ş. yönetimi, sektördeki daralma nedeniyle küçülme kararı aldığını duyurdu.",olumsuz
N01693,F00820,2024-10-13,Sözcü,"Damla Holding A.Ş., 2024 yılında Eğitim sektöründe 23 milyon TL'lik yeni yatırım kararı aldığını açıkladı.",olumlu
N01694,F00820,2023-03-05,Sözcü,"Damla Holding A.Ş., 2023 yılında Eğitim sektöründe 300 milyon TL'lik yeni yatırım kararı aldığını açıkladı.",olumlu
N01695,F00711,2022-10-18,Bloomberg HT,"Meridyen Kimya Ltd. Şti., yeni ihracat pazarlarına açılarak uluslararası büyüme hedeflerini yükseltti.",olumlu
N01696,F01081,2024-07-02,Sözcü,"Umut Kimya A.Ş., sektör raporlarında Tarım alanındaki oyunculardan biri olarak yer aldı.",notr
N01697,F00148,2022-03-04,Ekonomim,"Doruk Otomotiv A.Ş. yönetimi, 2022 yılı ilk yarısında cironun beklentilerin üzerinde arttığını bildirdi.",olumlu
N01698,F00147,2023-07-22,Hürriyet Ekonomi,"Sahil Turizm A.Ş., yeni ihracat pazarlarına açılarak uluslararası büyüme hedeflerini yükseltti.",olumlu
N01699,F01175,2025-09-12,Hürriyet Ekonomi,"Deniz Sistem Ltd. Şti. yönetimi, sektördeki daralma nedeniyle küçülme kararı aldığını duyurdu.",olumsuz
N01700,F00963,2024-12-12,Dünya Gazetesi,"Vadi Endüstri A.Ş., Antalya'deki üretim kapasitesini artırmak için genişleme planlarını duyurdu.",olumlu
N01701,F00963,2024-02-27,Dünya Gazetesi,"Vadi Endüstri A.Ş., yönetim kurulu üyeliklerinde değişikliğe gitti.",notr
N01702,F00346,2022-12-23,Ekonomim,Ege Ticaret Ltd. Şti. hakkında İstanbul Ticaret Mahkemesi'nde alacaklılarla ilgili dava açıldığı öğrenildi.,olumsuz
N01703,F00403,2026-05-14,Hürriyet Ekonomi,"Toprak Holding Ltd. Şti., sektör raporlarında Tekstil alanındaki oyunculardan biri olarak yer aldı.",notr
N01704,F00403,2025-06-09,Ekonomim,"Toprak Holding Ltd. Şti., yeni ihracat pazarlarına açılarak uluslararası büyüme hedeflerini yükseltti.",olumlu
N01705,F00932,2026-05-10,Hürriyet Ekonomi,"Meridyen Grup A.Ş., 2026 yılı genel kurul toplantısını Antalya'de gerçekleştirdi.",notr
N01706,F00932,2025-05-09,Hürriyet Ekonomi,"Meridyen Grup A.Ş., yeni ihracat pazarlarına açılarak uluslararası büyüme hedeflerini yükseltti.",olumlu
N01707,F00955,2024-07-16,Hürriyet Ekonomi,"Meridyen Enerji A.Ş., Antalya'deki üretim kapasitesini artırmak için genişleme planlarını duyurdu.",olumlu
N01708,F01125,2023-11-12,Ekonomim,"Anka Metal A.Ş., 2023 yılında Turizm ve Konaklama sektöründe 12 milyon TL'lik yeni yatırım kararı aldığını açıkladı.",olumlu
N01709,F00660,2024-06-20,Sözcü,"Ege Metal Ltd. Şti., Bursa'deki üretim kapasitesini artırmak için genişleme planlarını duyurdu.",olumlu
N01710,F00464,2022-12-10,Sözcü,Deniz Teknoloji A.Ş. hakkında Bursa Ticaret Mahkemesi'nde alacaklılarla ilgili dava açıldığı öğrenildi.,olumsuz
N01711,F00187,2024-09-15,Ekonomim,"Yörünge Kimya Ltd. Şti., İstanbul'deki üretim kapasitesini artırmak için genişleme planlarını duyurdu.",olumlu
N01712,F00609,2026-01-15,Sözcü,"Yıldız Teknoloji A.Ş., İstanbul'deki üretim kapasitesini artırmak için genişleme planlarını duyurdu.",olumlu
N01713,F00144,2024-10-30,Sözcü,"Kıvılcım Gıda A.Ş., 2024 yılı genel kurul toplantısını Ankara'de gerçekleştirdi.",notr
N01714,F00752,2025-02-04,Bloomberg HT,"Aydın Turizm A.Ş., 2025 yılında Metal ve Makine sektöründe 109 milyon TL'lik yeni yatırım kararı aldığını açıkladı.",olumlu
N01715,F00982,2023-01-30,Hürriyet Ekonomi,"Pusula Yazılım A.Ş. yönetimi, 2023 yılı ilk yarısında cironun beklentilerin üzerinde arttığını bildirdi.",olumlu
N01716,F00982,2024-12-17,Hürriyet Ekonomi,"Pusula Yazılım A.Ş. yönetimi, 2024 yılı ilk yarısında cironun beklentilerin üzerinde arttığını bildirdi.",olumlu
N01717,F00198,2025-02-12,Ekonomim,"Bahar Enerji Ltd. Şti., sektör raporlarında Kimya alanındaki oyunculardan biri olarak yer aldı.",notr
N01718,F00884,2025-07-07,Dünya Gazetesi,"Erguvan Tarım A.Ş., 2025 yılında Bilişim ve Yazılım sektöründe 424 milyon TL'lik yeni yatırım kararı aldığını açıkladı.",olumlu
N01719,F00884,2025-12-14,Dünya Gazetesi,"Erguvan Tarım A.Ş. yönetimi, 2025 yılı ilk yarısında cironun beklentilerin üzerinde arttığını bildirdi.",olumlu
N01720,F00280,2024-04-02,Dünya Gazetesi,"Zirve Turizm Ltd. Şti., 2024 yılında nakit akışı sorunları nedeniyle bazı ödemelerini erteledi.",olumsuz
N01721,F00280,2025-03-17,Dünya Gazetesi,"Zirve Turizm Ltd. Şti., İstanbul'deki üretim kapasitesini artırmak için genişleme planlarını duyurdu.",olumlu
N01722,F00294,2024-10-10,Sözcü,"Yıldız Teknoloji Ltd. Şti. yönetimi, 2024 yılı ilk yarısında cironun beklentilerin üzerinde arttığını bildirdi.",olumlu
N01723,F00294,2023-09-14,Hürriyet Ekonomi,"Yıldız Teknoloji Ltd. Şti., yeni ihracat pazarlarına açılarak uluslararası büyüme hedeflerini yükseltti.",olumlu
N01724,F00294,2022-08-09,Sözcü,"Yıldız Teknoloji Ltd. Şti. yönetimi, 2022 yılı ilk yarısında cironun beklentilerin üzerinde arttığını bildirdi.",olumlu
N01725,F01089,2024-10-29,Sözcü,"Kıvılcım Otomotiv A.Ş. yönetimi, 2024 yılı ilk yarısında cironun beklentilerin üzerinde arttığını bildirdi.",olumlu
N01726,F01089,2025-07-22,Ekonomim,"Kıvılcım Otomotiv A.Ş. yönetimi, 2025 yılı ilk yarısında cironun beklentilerin üzerinde arttığını bildirdi.",olumlu
N01727,F00401,2026-04-23,Sözcü,"Nokta Endüstri A.Ş., yönetim kurulu üyeliklerinde değişikliğe gitti.",notr
N01728,F00401,2025-10-16,Dünya Gazetesi,"Nokta Endüstri A.Ş., sektör raporlarında İnşaat alanındaki oyunculardan biri olarak yer aldı.",notr
N01729,F00123,2026-07-14,Hürriyet Ekonomi,"Erguvan Lojistik Ltd. Şti., yeni ihracat pazarlarına açılarak uluslararası büyüme hedeflerini yükseltti.",olumlu
N01730,F00203,2026-01-29,Bloomberg HT,"Yörünge Metal A.Ş., yönetim kurulu üyeliklerinde değişikliğe gitti.",notr
N01731,F00836,2024-12-25,Bloomberg HT,"Deniz Gıda Ltd. Şti., yönetim kurulu üyeliklerinde değişikliğe gitti.",notr
N01732,F00836,2023-11-30,Sözcü,"Deniz Gıda Ltd. Şti., sektör raporlarında Enerji alanındaki oyunculardan biri olarak yer aldı.",notr
N01733,F00247,2023-03-11,Sözcü,"Erguvan Enerji Ltd. Şti., 2023 yılında Finans ve Sigorta sektöründe 212 milyon TL'lik yeni yatırım kararı aldığını açıkladı.",olumlu
N01734,F00247,2023-06-03,Bloomberg HT,"Erguvan Enerji Ltd. Şti., yönetim kurulu üyeliklerinde değişikliğe gitti.",notr
N01735,F01140,2023-08-14,Ekonomim,"Rüzgar Gıda A.Ş., İstanbul'deki üretim kapasitesini artırmak için genişleme planlarını duyurdu.",olumlu
N01736,F01140,2025-10-23,Hürriyet Ekonomi,"Rüzgar Gıda A.Ş., 2025 yılında İnşaat sektöründe 134 milyon TL'lik yeni yatırım kararı aldığını açıkladı.",olumlu
N01737,F00385,2025-04-03,Bloomberg HT,"Berrak Kimya A.Ş., 2025 yılı genel kurul toplantısını Konya'de gerçekleştirdi.",notr
N01738,F00385,2024-09-26,Sözcü,"Berrak Kimya A.Ş., Konya'deki üretim kapasitesini artırmak için genişleme planlarını duyurdu.",olumlu
N01739,F00855,2026-07-14,Ekonomim,"Kervan Metal A.Ş., 2026 yılında nakit akışı sorunları nedeniyle bazı ödemelerini erteledi.",olumsuz
N01740,F00855,2024-02-11,Dünya Gazetesi,Kervan Metal A.Ş. hakkında konkordato talebiyle ilgili haberler gündeme geldi.,olumsuz
N01741,F00220,2026-01-17,Hürriyet Ekonomi,"Erguvan Yapı Ltd. Şti., sektör raporlarında Bilişim ve Yazılım alanındaki oyunculardan biri olarak yer aldı.",notr
N01742,F00220,2025-08-03,Sözcü,"Erguvan Yapı Ltd. Şti., 2025 yılı genel kurul toplantısını Eskişehir'de gerçekleştirdi.",notr
N01743,F00220,2025-01-15,Ekonomim,Erguvan Yapı Ltd. Şti. hakkında konkordato talebiyle ilgili haberler gündeme geldi.,olumsuz
N01744,F00642,2024-01-02,Ekonomim,"Anka Endüstri Ltd. Şti. yönetimi, 2024 yılı ilk yarısında cironun beklentilerin üzerinde arttığını bildirdi.",olumlu
N01745,F00642,2022-05-11,Ekonomim,"Anka Endüstri Ltd. Şti., yönetim kurulu üyeliklerinde değişikliğe gitti.",notr
N01746,F00002,2024-07-02,Dünya Gazetesi,Anka Yazılım A.Ş. hakkında konkordato talebiyle ilgili haberler gündeme geldi.,olumsuz
N01747,F00002,2026-01-03,Bloomberg HT,"Anka Yazılım A.Ş. yönetimi, 2026 yılı ilk yarısında cironun beklentilerin üzerinde arttığını bildirdi.",olumlu
N01748,F00002,2025-06-13,Ekonomim,"Anka Yazılım A.Ş., 2025 yılında Sağlık sektöründe 277 milyon TL'lik yeni yatırım kararı aldığını açıkladı.",olumlu
N01749,F00113,2022-09-14,Ekonomim,"Sahil Turizm Ltd. Şti., sektör raporlarında Sağlık alanındaki oyunculardan biri olarak yer aldı.",notr
N01750,F00113,2026-01-27,Sözcü,"Sahil Turizm Ltd. Şti., sektör raporlarında Sağlık alanındaki oyunculardan biri olarak yer aldı.",notr
N01751,F00699,2025-10-18,Hürriyet Ekonomi,"Toprak İnşaat Ltd. Şti., yeni ihracat pazarlarına açılarak uluslararası büyüme hedeflerini yükseltti.",olumlu
N01752,F00699,2022-09-25,Dünya Gazetesi,"Toprak İnşaat Ltd. Şti. yönetimi, 2022 yılı ilk yarısında cironun beklentilerin üzerinde arttığını bildirdi.",olumlu
N01753,F00952,2024-06-05,Dünya Gazetesi,Vadi Lojistik A.Ş. hakkında konkordato talebiyle ilgili haberler gündeme geldi.,olumsuz
N01754,F00952,2026-03-26,Dünya Gazetesi,"Vadi Lojistik A.Ş., Antalya'deki üretim kapasitesini artırmak için genişleme planlarını duyurdu.",olumlu
N01755,F00952,2026-01-13,Bloomberg HT,Vadi Lojistik A.Ş. hakkında Antalya Ticaret Mahkemesi'nde alacaklılarla ilgili dava açıldığı öğrenildi.,olumsuz
N01756,F01079,2025-05-13,Hürriyet Ekonomi,"Umut Danışmanlık A.Ş., 2025 yılında nakit akışı sorunları nedeniyle bazı ödemelerini erteledi.",olumsuz
N01757,F01079,2023-11-28,Ekonomim,"Umut Danışmanlık A.Ş., yönetim kurulu üyeliklerinde değişikliğe gitti.",notr
N01758,F00442,2025-09-12,Bloomberg HT,"Berrak Metal Ltd. Şti., 2025 yılı genel kurul toplantısını İzmir'de gerçekleştirdi.",notr
N01759,F00664,2022-04-05,Bloomberg HT,Mavera Enerji Ltd. Şti. hakkında konkordato talebiyle ilgili haberler gündeme geldi.,olumsuz
N01760,F01197,2024-03-08,Sözcü,"Erguvan Holding Ltd. Şti., 2024 yılında nakit akışı sorunları nedeniyle bazı ödemelerini erteledi.",olumsuz
N01761,F00318,2026-02-11,Hürriyet Ekonomi,"Doruk Ticaret Ltd. Şti., yönetim kurulu üyeliklerinde değişikliğe gitti.",notr
N01762,F00318,2023-08-05,Sözcü,"Doruk Ticaret Ltd. Şti., 2023 yılında nakit akışı sorunları nedeniyle bazı ödemelerini erteledi.",olumsuz
N01763,F00649,2022-07-03,Ekonomim,"Zirve Holding A.Ş., 2022 yılında Metal ve Makine sektöründe 351 milyon TL'lik yeni yatırım kararı aldığını açıkladı.",olumlu
N01764,F00710,2025-06-09,Ekonomim,"Deniz Makine A.Ş., sektör raporlarında Enerji alanındaki oyunculardan biri olarak yer aldı.",notr
N01765,F00973,2022-02-18,Ekonomim,Vadi Enerji Ltd. Şti. hakkında konkordato talebiyle ilgili haberler gündeme geldi.,olumsuz
N01766,F00628,2023-02-06,Ekonomim,"Toprak Turizm A.Ş., sektör raporlarında Lojistik alanındaki oyunculardan biri olarak yer aldı.",notr
N01767,F00633,2022-10-15,Sözcü,Doruk Kimya A.Ş. hakkında İstanbul Ticaret Mahkemesi'nde alacaklılarla ilgili dava açıldığı öğrenildi.,olumsuz
N01768,F00633,2023-05-11,Dünya Gazetesi,"Doruk Kimya A.Ş., yönetim kurulu üyeliklerinde değişikliğe gitti.",notr
N01769,F01172,2022-12-04,Sözcü,"Pusula Tekstil A.Ş., 2022 yılında nakit akışı sorunları nedeniyle bazı ödemelerini erteledi.",olumsuz
N01770,F01107,2026-07-31,Dünya Gazetesi,"Doğuş Otomotiv Ltd. Şti. yönetimi, 2026 yılı ilk yarısında cironun beklentilerin üzerinde arttığını bildirdi.",olumlu
N01771,F01107,2024-05-23,Bloomberg HT,Doğuş Otomotiv Ltd. Şti. hakkında Gaziantep Ticaret Mahkemesi'nde alacaklılarla ilgili dava açıldığı öğrenildi.,olumsuz
N01772,F00796,2026-06-20,Ekonomim,Toprak Danışmanlık A.Ş. hakkında İstanbul Ticaret Mahkemesi'nde alacaklılarla ilgili dava açıldığı öğrenildi.,olumsuz
N01773,F00646,2023-08-12,Sözcü,"Ege Sistem A.Ş., 2023 yılı genel kurul toplantısını İstanbul'de gerçekleştirdi.",notr
N01774,F01013,2023-10-18,Sözcü,"Toprak Grup Ltd. Şti. yönetimi, 2023 yılı ilk yarısında cironun beklentilerin üzerinde arttığını bildirdi.",olumlu
N01775,F00557,2025-10-13,Bloomberg HT,"Erguvan Sistem Ltd. Şti., sektör raporlarında Tarım alanındaki oyunculardan biri olarak yer aldı.",notr
N01776,F00682,2026-04-24,Sözcü,"Bahar Danışmanlık A.Ş. yönetimi, sektördeki daralma nedeniyle küçülme kararı aldığını duyurdu.",olumsuz
N01777,F00682,2022-03-07,Sözcü,"Bahar Danışmanlık A.Ş., sektör raporlarında Bilişim ve Yazılım alanındaki oyunculardan biri olarak yer aldı.",notr
N01778,F00578,2025-03-24,Ekonomim,"Yörünge Otomotiv A.Ş. yönetimi, sektördeki daralma nedeniyle küçülme kararı aldığını duyurdu.",olumsuz
N01779,F00525,2023-10-27,Sözcü,"Doğuş Sistem Ltd. Şti. yönetimi, sektördeki daralma nedeniyle küçülme kararı aldığını duyurdu.",olumsuz
N01780,F01060,2026-02-20,Hürriyet Ekonomi,"Rüzgar Sistem A.Ş., yeni ihracat pazarlarına açılarak uluslararası büyüme hedeflerini yükseltti.",olumlu
N01781,F00541,2023-10-27,Dünya Gazetesi,Bereket Kimya Ltd. Şti. hakkında İzmir Ticaret Mahkemesi'nde alacaklılarla ilgili dava açıldığı öğrenildi.,olumsuz
N01782,F00541,2025-12-04,Dünya Gazetesi,"Bereket Kimya Ltd. Şti., 2025 yılında nakit akışı sorunları nedeniyle bazı ödemelerini erteledi.",olumsuz
N01783,F00749,2025-10-18,Hürriyet Ekonomi,"Kaptan Yapı Ltd. Şti., yeni ihracat pazarlarına açılarak uluslararası büyüme hedeflerini yükseltti.",olumlu
N01784,F00749,2026-03-09,Bloomberg HT,"Kaptan Yapı Ltd. Şti. yönetimi, sektördeki daralma nedeniyle küçülme kararı aldığını duyurdu.",olumsuz
N01785,F01110,2022-09-17,Sözcü,"Vadi Yapı Ltd. Şti. yönetimi, sektördeki daralma nedeniyle küçülme kararı aldığını duyurdu.",olumsuz
N01786,F00485,2022-02-28,Hürriyet Ekonomi,"Toros Yazılım Ltd. Şti., yönetim kurulu üyeliklerinde değişikliğe gitti.",notr
N01787,F00096,2023-10-27,Bloomberg HT,"Kıvılcım Gıda A.Ş. yönetimi, sektördeki daralma nedeniyle küçülme kararı aldığını duyurdu.",olumsuz
N01788,F01021,2022-01-30,Ekonomim,"Mavera Ticaret A.Ş., yeni ihracat pazarlarına açılarak uluslararası büyüme hedeflerini yükseltti.",olumlu
N01789,F01021,2025-01-09,Ekonomim,"Mavera Ticaret A.Ş. yönetimi, 2025 yılı ilk yarısında cironun beklentilerin üzerinde arttığını bildirdi.",olumlu
N01790,F01021,2025-06-24,Bloomberg HT,"Mavera Ticaret A.Ş. yönetimi, sektördeki daralma nedeniyle küçülme kararı aldığını duyurdu.",olumsuz
N01791,F00564,2025-01-11,Bloomberg HT,"Vadi Turizm Ltd. Şti., sektör raporlarında Enerji alanındaki oyunculardan biri olarak yer aldı.",notr
N01792,F00743,2024-10-27,Ekonomim,"Umut Holding A.Ş., Ankara'deki üretim kapasitesini artırmak için genişleme planlarını duyurdu.",olumlu
N01793,F00743,2022-12-04,Hürriyet Ekonomi,"Umut Holding A.Ş. yönetimi, sektördeki daralma nedeniyle küçülme kararı aldığını duyurdu.",olumsuz
N01794,F00743,2025-10-17,Sözcü,"Umut Holding A.Ş., sektör raporlarında Kimya alanındaki oyunculardan biri olarak yer aldı.",notr
N01795,F00864,2024-11-21,Sözcü,"Kaptan Danışmanlık Ltd. Şti., 2024 yılında Tarım sektöründe 225 milyon TL'lik yeni yatırım kararı aldığını açıkladı.",olumlu
N01796,F00864,2022-06-13,Bloomberg HT,"Kaptan Danışmanlık Ltd. Şti., İstanbul'deki üretim kapasitesini artırmak için genişleme planlarını duyurdu.",olumlu
N01797,F00892,2024-09-02,Bloomberg HT,"Berrak Yapı Ltd. Şti., 2024 yılında nakit akışı sorunları nedeniyle bazı ödemelerini erteledi.",olumsuz
N01798,F01039,2022-05-03,Bloomberg HT,"Toros Danışmanlık Ltd. Şti. yönetimi, 2022 yılı ilk yarısında cironun beklentilerin üzerinde arttığını bildirdi.",olumlu
N01799,F00207,2026-01-05,Bloomberg HT,"Bahar Endüstri Ltd. Şti., 2026 yılında Metal ve Makine sektöründe 465 milyon TL'lik yeni yatırım kararı aldığını açıkladı.",olumlu
N01800,F00207,2023-12-24,Dünya Gazetesi,"Bahar Endüstri Ltd. Şti. yönetimi, 2023 yılı ilk yarısında cironun beklentilerin üzerinde arttığını bildirdi.",olumlu
N01801,F00393,2025-12-02,Bloomberg HT,"Nokta Holding A.Ş., Samsun'deki üretim kapasitesini artırmak için genişleme planlarını duyurdu.",olumlu
N01802,F00393,2022-11-22,Sözcü,Nokta Holding A.Ş. hakkında Samsun Ticaret Mahkemesi'nde alacaklılarla ilgili dava açıldığı öğrenildi.,olumsuz
N01803,F00795,2023-11-21,Hürriyet Ekonomi,"Pusula Danışmanlık A.Ş., İzmir'deki üretim kapasitesini artırmak için genişleme planlarını duyurdu.",olumlu
N01804,F00795,2024-05-27,Hürriyet Ekonomi,"Pusula Danışmanlık A.Ş., İzmir'deki üretim kapasitesini artırmak için genişleme planlarını duyurdu.",olumlu
N01805,F00871,2022-07-01,Bloomberg HT,Deniz Turizm Ltd. Şti. hakkında Ankara Ticaret Mahkemesi'nde alacaklılarla ilgili dava açıldığı öğrenildi.,olumsuz
N01806,F00398,2022-05-15,Sözcü,"Zirve İnşaat A.Ş. yönetimi, 2022 yılı ilk yarısında cironun beklentilerin üzerinde arttığını bildirdi.",olumlu
N01807,F00398,2022-12-07,Bloomberg HT,"Zirve İnşaat A.Ş., 2022 yılı genel kurul toplantısını Adana'de gerçekleştirdi.",notr
N01808,F00398,2022-11-26,Sözcü,"Zirve İnşaat A.Ş. yönetimi, 2022 yılı ilk yarısında cironun beklentilerin üzerinde arttığını bildirdi.",olumlu
N01809,F00767,2023-06-28,Hürriyet Ekonomi,"Bereket Yazılım A.Ş., yönetim kurulu üyeliklerinde değişikliğe gitti.",notr
N01810,F01100,2023-03-30,Dünya Gazetesi,Anka Endüstri Ltd. Şti. hakkında İstanbul Ticaret Mahkemesi'nde alacaklılarla ilgili dava açıldığı öğrenildi.,olumsuz
N01811,F01029,2025-02-28,Sözcü,"Anka Lojistik A.Ş., yönetim kurulu üyeliklerinde değişikliğe gitti.",notr
N01812,F01029,2026-02-06,Bloomberg HT,"Anka Lojistik A.Ş., Samsun'deki üretim kapasitesini artırmak için genişleme planlarını duyurdu.",olumlu
N01813,F01029,2022-09-01,Bloomberg HT,"Anka Lojistik A.Ş., sektör raporlarında Finans ve Sigorta alanındaki oyunculardan biri olarak yer aldı.",notr
N01814,F00643,2022-05-27,Bloomberg HT,"Berrak Endüstri Ltd. Şti. yönetimi, 2022 yılı ilk yarısında cironun beklentilerin üzerinde arttığını bildirdi.",olumlu
N01815,F00643,2023-06-30,Dünya Gazetesi,Berrak Endüstri Ltd. Şti. hakkında konkordato talebiyle ilgili haberler gündeme geldi.,olumsuz
N01816,F00613,2025-10-08,Bloomberg HT,"Sahil Tekstil Ltd. Şti., 2025 yılında nakit akışı sorunları nedeniyle bazı ödemelerini erteledi.",olumsuz
N01817,F00613,2023-01-16,Hürriyet Ekonomi,"Sahil Tekstil Ltd. Şti., 2023 yılı genel kurul toplantısını İstanbul'de gerçekleştirdi.",notr
N01818,F00961,2025-10-16,Bloomberg HT,"Umut Gıda Ltd. Şti., yönetim kurulu üyeliklerinde değişikliğe gitti.",notr
N01819,F00961,2024-12-06,Bloomberg HT,"Umut Gıda Ltd. Şti., sektör raporlarında Tekstil alanındaki oyunculardan biri olarak yer aldı.",notr
N01820,F00726,2026-07-10,Hürriyet Ekonomi,"Bahar Sistem Ltd. Şti., yönetim kurulu üyeliklerinde değişikliğe gitti.",notr
N01821,F00684,2024-09-13,Hürriyet Ekonomi,"Mavera Metal Ltd. Şti., sektör raporlarında Finans ve Sigorta alanındaki oyunculardan biri olarak yer aldı.",notr
N01822,F00099,2026-02-15,Dünya Gazetesi,"Kervan Gıda A.Ş., Mersin'deki üretim kapasitesini artırmak için genişleme planlarını duyurdu.",olumlu
N01823,F00099,2024-07-17,Dünya Gazetesi,"Kervan Gıda A.Ş., yeni ihracat pazarlarına açılarak uluslararası büyüme hedeflerini yükseltti.",olumlu
N01824,F00099,2026-01-24,Hürriyet Ekonomi,"Kervan Gıda A.Ş., sektör raporlarında Eğitim alanındaki oyunculardan biri olarak yer aldı.",notr
N01825,F00805,2022-11-29,Bloomberg HT,"Doruk Tekstil Ltd. Şti., 2022 yılında Perakende Ticaret sektöründe 36 milyon TL'lik yeni yatırım kararı aldığını açıkladı.",olumlu
N01826,F00407,2023-07-16,Bloomberg HT,"Ege Yapı Ltd. Şti. yönetimi, 2023 yılı ilk yarısında cironun beklentilerin üzerinde arttığını bildirdi.",olumlu
N01827,F00503,2024-12-10,Hürriyet Ekonomi,"Ege Yazılım A.Ş., yeni ihracat pazarlarına açılarak uluslararası büyüme hedeflerini yükseltti.",olumlu
N01828,F01072,2023-03-16,Ekonomim,Yıldız Turizm Ltd. Şti. hakkında Kayseri Ticaret Mahkemesi'nde alacaklılarla ilgili dava açıldığı öğrenildi.,olumsuz
N01829,F01072,2023-01-08,Bloomberg HT,"Yıldız Turizm Ltd. Şti. yönetimi, 2023 yılı ilk yarısında cironun beklentilerin üzerinde arttığını bildirdi.",olumlu
N01830,F01072,2022-07-12,Dünya Gazetesi,"Yıldız Turizm Ltd. Şti., sektör raporlarında Otomotiv alanındaki oyunculardan biri olarak yer aldı.",notr
N01831,F01057,2023-09-05,Bloomberg HT,"Vadi Makine Ltd. Şti., yeni ihracat pazarlarına açılarak uluslararası büyüme hedeflerini yükseltti.",olumlu
N01832,F00930,2026-01-12,Ekonomim,"Toprak Holding Ltd. Şti., Ankara'deki üretim kapasitesini artırmak için genişleme planlarını duyurdu.",olumlu
N01833,F00930,2026-05-14,Hürriyet Ekonomi,"Toprak Holding Ltd. Şti., Ankara'deki üretim kapasitesini artırmak için genişleme planlarını duyurdu.",olumlu
N01834,F00780,2024-08-19,Bloomberg HT,"Aydın Kimya A.Ş., yönetim kurulu üyeliklerinde değişikliğe gitti.",notr
N01835,F00201,2024-08-09,Sözcü,"Kıvılcım Grup Ltd. Şti., yönetim kurulu üyeliklerinde değişikliğe gitti.",notr
N01836,F00201,2025-08-06,Ekonomim,"Kıvılcım Grup Ltd. Şti., sektör raporlarında Bilişim ve Yazılım alanındaki oyunculardan biri olarak yer aldı.",notr
N01837,F00135,2024-08-29,Bloomberg HT,"Deniz Grup A.Ş., 2024 yılında nakit akışı sorunları nedeniyle bazı ödemelerini erteledi.",olumsuz
N01838,F00135,2025-08-28,Hürriyet Ekonomi,"Deniz Grup A.Ş., yönetim kurulu üyeliklerinde değişikliğe gitti.",notr
N01839,F01052,2025-01-17,Bloomberg HT,"Mavera İnşaat Ltd. Şti., 2025 yılında nakit akışı sorunları nedeniyle bazı ödemelerini erteledi.",olumsuz
N01840,F01052,2024-08-31,Hürriyet Ekonomi,"Mavera İnşaat Ltd. Şti., yönetim kurulu üyeliklerinde değişikliğe gitti.",notr
N01841,F00041,2023-04-07,Sözcü,"Erguvan Gıda Ltd. Şti., yönetim kurulu üyeliklerinde değişikliğe gitti.",notr
N01842,F01018,2024-07-17,Bloomberg HT,"Bumerang Makine A.Ş., 2024 yılında nakit akışı sorunları nedeniyle bazı ödemelerini erteledi.",olumsuz
N01843,F00231,2024-06-14,Hürriyet Ekonomi,"Yıldız Teknoloji Ltd. Şti., yönetim kurulu üyeliklerinde değişikliğe gitti.",notr
N01844,F00379,2023-11-25,Dünya Gazetesi,"Sahil Kimya Ltd. Şti., 2023 yılı genel kurul toplantısını Samsun'de gerçekleştirdi.",notr
N01845,F00379,2026-01-21,Sözcü,"Sahil Kimya Ltd. Şti., yeni ihracat pazarlarına açılarak uluslararası büyüme hedeflerini yükseltti.",olumlu
N01846,F00289,2024-03-27,Hürriyet Ekonomi,"Damla Kimya Ltd. Şti. yönetimi, 2024 yılı ilk yarısında cironun beklentilerin üzerinde arttığını bildirdi.",olumlu
N01847,F00289,2024-04-16,Dünya Gazetesi,"Damla Kimya Ltd. Şti., Samsun'deki üretim kapasitesini artırmak için genişleme planlarını duyurdu.",olumlu
N01848,F00419,2025-10-22,Bloomberg HT,"Zirve Turizm Ltd. Şti., sektör raporlarında Finans ve Sigorta alanındaki oyunculardan biri olarak yer aldı.",notr
N01849,F00392,2025-10-02,Dünya Gazetesi,"Anka Endüstri A.Ş., sektör raporlarında Perakende Ticaret alanındaki oyunculardan biri olarak yer aldı.",notr
N01850,F00392,2023-12-31,Sözcü,Anka Endüstri A.Ş. hakkında Ankara Ticaret Mahkemesi'nde alacaklılarla ilgili dava açıldığı öğrenildi.,olumsuz
N01851,F00593,2022-07-27,Sözcü,"Kervan Yapı Ltd. Şti. yönetimi, sektördeki daralma nedeniyle küçülme kararı aldığını duyurdu.",olumsuz
N01852,F00593,2023-02-17,Bloomberg HT,"Kervan Yapı Ltd. Şti. yönetimi, 2023 yılı ilk yarısında cironun beklentilerin üzerinde arttığını bildirdi.",olumlu
N01853,F01087,2022-03-26,Dünya Gazetesi,"Deniz Danışmanlık A.Ş., 2022 yılında Tekstil sektöründe 300 milyon TL'lik yeni yatırım kararı aldığını açıkladı.",olumlu
N01854,F00648,2024-12-06,Sözcü,"Bumerang Endüstri Ltd. Şti., İstanbul'deki üretim kapasitesini artırmak için genişleme planlarını duyurdu.",olumlu
N01855,F00648,2024-04-30,Hürriyet Ekonomi,"Bumerang Endüstri Ltd. Şti. yönetimi, 2024 yılı ilk yarısında cironun beklentilerin üzerinde arttığını bildirdi.",olumlu
N01856,F00521,2024-05-27,Ekonomim,"Anka Lojistik Ltd. Şti., sektör raporlarında Perakende Ticaret alanındaki oyunculardan biri olarak yer aldı.",notr
N01857,F00065,2022-09-10,Ekonomim,"Umut Endüstri Ltd. Şti., 2022 yılı genel kurul toplantısını Ankara'de gerçekleştirdi.",notr
N01858,F00015,2024-02-26,Dünya Gazetesi,"Toros Holding Ltd. Şti., 2024 yılında Tekstil sektöründe 351 milyon TL'lik yeni yatırım kararı aldığını açıkladı.",olumlu
N01859,F01065,2022-10-29,Sözcü,"Bahar Metal A.Ş., sektör raporlarında Enerji alanındaki oyunculardan biri olarak yer aldı.",notr
N01860,F01065,2026-07-08,Bloomberg HT,"Bahar Metal A.Ş., Konya'deki üretim kapasitesini artırmak için genişleme planlarını duyurdu.",olumlu
N01861,F00493,2024-01-22,Bloomberg HT,"Bumerang Makine Ltd. Şti., Adana'deki üretim kapasitesini artırmak için genişleme planlarını duyurdu.",olumlu
N01862,F00380,2023-03-06,Bloomberg HT,"Mavera Lojistik Ltd. Şti., 2023 yılı genel kurul toplantısını İzmir'de gerçekleştirdi.",notr
N01863,F00188,2025-09-15,Ekonomim,"Bumerang Tekstil Ltd. Şti., 2025 yılında Tekstil sektöründe 456 milyon TL'lik yeni yatırım kararı aldığını açıkladı.",olumlu
N01864,F00188,2023-11-15,Bloomberg HT,"Bumerang Tekstil Ltd. Şti., 2023 yılında Tekstil sektöründe 446 milyon TL'lik yeni yatırım kararı aldığını açıkladı.",olumlu
N01865,F00764,2023-06-23,Ekonomim,"Doğuş Sistem A.Ş. yönetimi, 2023 yılı ilk yarısında cironun beklentilerin üzerinde arttığını bildirdi.",olumlu
N01866,F00764,2026-06-20,Hürriyet Ekonomi,"Doğuş Sistem A.Ş. yönetimi, 2026 yılı ilk yarısında cironun beklentilerin üzerinde arttığını bildirdi.",olumlu
N01867,F00764,2023-07-26,Dünya Gazetesi,"Doğuş Sistem A.Ş., İstanbul'deki üretim kapasitesini artırmak için genişleme planlarını duyurdu.",olumlu
N01868,F00217,2023-03-13,Hürriyet Ekonomi,"Berrak Yazılım Ltd. Şti., yeni ihracat pazarlarına açılarak uluslararası büyüme hedeflerini yükseltti.",olumlu
N01869,F00217,2023-08-01,Hürriyet Ekonomi,Berrak Yazılım Ltd. Şti. hakkında İstanbul Ticaret Mahkemesi'nde alacaklılarla ilgili dava açıldığı öğrenildi.,olumsuz
N01870,F00792,2025-02-21,Ekonomim,"Berrak Metal A.Ş. yönetimi, 2025 yılı ilk yarısında cironun beklentilerin üzerinde arttığını bildirdi.",olumlu
N01871,F00792,2026-06-28,Bloomberg HT,"Berrak Metal A.Ş., yeni ihracat pazarlarına açılarak uluslararası büyüme hedeflerini yükseltti.",olumlu
N01872,F01077,2024-06-19,Dünya Gazetesi,"Anka Holding A.Ş., yeni ihracat pazarlarına açılarak uluslararası büyüme hedeflerini yükseltti.",olumlu
N01873,F00879,2024-02-15,Hürriyet Ekonomi,"Ege Enerji Ltd. Şti. yönetimi, sektördeki daralma nedeniyle küçülme kararı aldığını duyurdu.",olumsuz
N01874,F00879,2025-02-02,Hürriyet Ekonomi,Ege Enerji Ltd. Şti. hakkında konkordato talebiyle ilgili haberler gündeme geldi.,olumsuz
N01875,F00338,2026-06-06,Ekonomim,"Aydın Ticaret A.Ş. yönetimi, 2026 yılı ilk yarısında cironun beklentilerin üzerinde arttığını bildirdi.",olumlu
N01876,F00338,2025-05-31,Bloomberg HT,"Aydın Ticaret A.Ş., sektör raporlarında Otomotiv alanındaki oyunculardan biri olarak yer aldı.",notr
N01877,F00720,2022-04-10,Dünya Gazetesi,"Berrak Ticaret Ltd. Şti. yönetimi, 2022 yılı ilk yarısında cironun beklentilerin üzerinde arttığını bildirdi.",olumlu
N01878,F00720,2026-07-25,Bloomberg HT,"Berrak Ticaret Ltd. Şti., 2026 yılı genel kurul toplantısını İzmir'de gerçekleştirdi.",notr
N01879,F00296,2024-12-04,Bloomberg HT,"Çınar Sistem Ltd. Şti., yönetim kurulu üyeliklerinde değişikliğe gitti.",notr
N01880,F00296,2026-01-01,Hürriyet Ekonomi,"Çınar Sistem Ltd. Şti., Bursa'deki üretim kapasitesini artırmak için genişleme planlarını duyurdu.",olumlu
N01881,F00296,2025-06-25,Ekonomim,"Çınar Sistem Ltd. Şti. yönetimi, sektördeki daralma nedeniyle küçülme kararı aldığını duyurdu.",olumsuz
N01882,F01017,2026-06-27,Bloomberg HT,"Mavera Lojistik A.Ş., sektör raporlarında Lojistik alanındaki oyunculardan biri olarak yer aldı.",notr
N01883,F01017,2025-04-23,Hürriyet Ekonomi,"Mavera Lojistik A.Ş., 2025 yılı genel kurul toplantısını Eskişehir'de gerçekleştirdi.",notr
N01884,F00456,2022-01-08,Hürriyet Ekonomi,"Aydın Holding A.Ş., yeni ihracat pazarlarına açılarak uluslararası büyüme hedeflerini yükseltti.",olumlu
N01885,F00456,2025-04-23,Dünya Gazetesi,Aydın Holding A.Ş. hakkında konkordato talebiyle ilgili haberler gündeme geldi.,olumsuz
N01886,F00816,2024-07-23,Ekonomim,"Ege Grup A.Ş., yeni ihracat pazarlarına açılarak uluslararası büyüme hedeflerini yükseltti.",olumlu
N01887,F00270,2022-11-25,Hürriyet Ekonomi,"Bumerang Turizm Ltd. Şti., 2022 yılı genel kurul toplantısını Konya'de gerçekleştirdi.",notr
N01888,F00996,2022-04-04,Ekonomim,"Vadi Kimya Ltd. Şti., Antalya'deki üretim kapasitesini artırmak için genişleme planlarını duyurdu.",olumlu
N01889,F00202,2025-11-06,Ekonomim,"Bumerang Endüstri Ltd. Şti., 2025 yılında Bilişim ve Yazılım sektöründe 170 milyon TL'lik yeni yatırım kararı aldığını açıkladı.",olumlu
N01890,F00202,2026-04-01,Bloomberg HT,"Bumerang Endüstri Ltd. Şti., yeni ihracat pazarlarına açılarak uluslararası büyüme hedeflerini yükseltti.",olumlu
N01891,F00162,2024-01-09,Ekonomim,"Zirve Turizm A.Ş. yönetimi, 2024 yılı ilk yarısında cironun beklentilerin üzerinde arttığını bildirdi.",olumlu
N01892,F00162,2025-12-11,Hürriyet Ekonomi,"Zirve Turizm A.Ş., 2025 yılında nakit akışı sorunları nedeniyle bazı ödemelerini erteledi.",olumsuz
N01893,F00730,2024-03-13,Ekonomim,"Doğuş Kimya A.Ş., 2024 yılı genel kurul toplantısını Antalya'de gerçekleştirdi.",notr
N01894,F00402,2025-12-25,Dünya Gazetesi,"Aydın Tarım Ltd. Şti. yönetimi, sektördeki daralma nedeniyle küçülme kararı aldığını duyurdu.",olumsuz
N01895,F00703,2022-11-29,Dünya Gazetesi,"Bereket Makine Ltd. Şti., yönetim kurulu üyeliklerinde değişikliğe gitti.",notr
N01896,F00703,2026-07-03,Hürriyet Ekonomi,"Bereket Makine Ltd. Şti., 2026 yılı genel kurul toplantısını Denizli'de gerçekleştirdi.",notr
N01897,F01130,2025-03-23,Sözcü,"Doruk Ticaret A.Ş. yönetimi, 2025 yılı ilk yarısında cironun beklentilerin üzerinde arttığını bildirdi.",olumlu
N01898,F00566,2022-09-27,Sözcü,"Umut Yapı Ltd. Şti., 2022 yılı genel kurul toplantısını İstanbul'de gerçekleştirdi.",notr
N01899,F01022,2025-05-06,Hürriyet Ekonomi,"Ege Makine A.Ş., 2025 yılı genel kurul toplantısını İstanbul'de gerçekleştirdi.",notr
N01900,F01026,2022-10-26,Dünya Gazetesi,"Toprak Kimya A.Ş., 2022 yılında nakit akışı sorunları nedeniyle bazı ödemelerini erteledi.",olumsuz
N01901,F01026,2026-04-03,Bloomberg HT,"Toprak Kimya A.Ş., yeni ihracat pazarlarına açılarak uluslararası büyüme hedeflerini yükseltti.",olumlu
N01902,F01026,2023-12-16,Sözcü,"Toprak Kimya A.Ş., sektör raporlarında Lojistik alanındaki oyunculardan biri olarak yer aldı.",notr
N01903,F01105,2026-08-17,Ekonomim,"Umut Ticaret A.Ş., İstanbul'deki üretim kapasitesini artırmak için genişleme planlarını duyurdu.",olumlu
N01904,F00206,2026-08-14,Bloomberg HT,"Pusula Kimya A.Ş., İstanbul'deki üretim kapasitesini artırmak için genişleme planlarını duyurdu.",olumlu
N01905,F00035,2023-02-28,Ekonomim,"Ege Gıda A.Ş., yönetim kurulu üyeliklerinde değişikliğe gitti.",notr
N01906,F00035,2023-01-08,Hürriyet Ekonomi,Ege Gıda A.Ş. hakkında konkordato talebiyle ilgili haberler gündeme geldi.,olumsuz
N01907,F00776,2025-09-17,Bloomberg HT,"Yıldız Enerji Ltd. Şti., Adana'deki üretim kapasitesini artırmak için genişleme planlarını duyurdu.",olumlu
N01908,F00509,2024-01-04,Dünya Gazetesi,"Ege Tekstil A.Ş., 2024 yılı genel kurul toplantısını İstanbul'de gerçekleştirdi.",notr
N01909,F01184,2024-03-12,Dünya Gazetesi,"Cevher Gıda A.Ş., 2024 yılı genel kurul toplantısını İstanbul'de gerçekleştirdi.",notr
N01910,F01184,2023-08-19,Bloomberg HT,"Cevher Gıda A.Ş., 2023 yılı genel kurul toplantısını İstanbul'de gerçekleştirdi.",notr
N01911,F00092,2025-02-01,Sözcü,"Bahar Metal A.Ş., 2025 yılı genel kurul toplantısını İstanbul'de gerçekleştirdi.",notr
N01912,F00092,2024-09-26,Ekonomim,"Bahar Metal A.Ş., sektör raporlarında Lojistik alanındaki oyunculardan biri olarak yer aldı.",notr
N01913,F00092,2024-02-16,Hürriyet Ekonomi,"Bahar Metal A.Ş. yönetimi, 2024 yılı ilk yarısında cironun beklentilerin üzerinde arttığını bildirdi.",olumlu
N01914,F00898,2026-07-27,Sözcü,"Deniz Tarım Ltd. Şti., 2026 yılında Perakende Ticaret sektöründe 158 milyon TL'lik yeni yatırım kararı aldığını açıkladı.",olumlu
N01915,F00565,2022-05-27,Dünya Gazetesi,"Doruk Yazılım A.Ş., sektör raporlarında Perakende Ticaret alanındaki oyunculardan biri olarak yer aldı.",notr
N01916,F00777,2024-02-09,Ekonomim,"Mavera Grup Ltd. Şti., İstanbul'deki üretim kapasitesini artırmak için genişleme planlarını duyurdu.",olumlu
N01917,F00242,2024-02-02,Ekonomim,"Anka Teknoloji A.Ş., yönetim kurulu üyeliklerinde değişikliğe gitti.",notr
N01918,F00014,2025-02-13,Ekonomim,Kıvılcım Tekstil Ltd. Şti. hakkında Adana Ticaret Mahkemesi'nde alacaklılarla ilgili dava açıldığı öğrenildi.,olumsuz
N01919,F00316,2025-12-29,Sözcü,"Berrak Holding Ltd. Şti., 2025 yılı genel kurul toplantısını İzmir'de gerçekleştirdi.",notr
N01920,F00601,2022-05-09,Sözcü,"Çınar Turizm A.Ş., yönetim kurulu üyeliklerinde değişikliğe gitti.",notr
N01921,F00388,2024-08-04,Sözcü,"Doruk Gıda Ltd. Şti., İstanbul'deki üretim kapasitesini artırmak için genişleme planlarını duyurdu.",olumlu
N01922,F00388,2022-02-17,Ekonomim,Doruk Gıda Ltd. Şti. hakkında İstanbul Ticaret Mahkemesi'nde alacaklılarla ilgili dava açıldığı öğrenildi.,olumsuz
N01923,F00388,2022-03-25,Sözcü,"Doruk Gıda Ltd. Şti. yönetimi, 2022 yılı ilk yarısında cironun beklentilerin üzerinde arttığını bildirdi.",olumlu
N01924,F00167,2022-09-01,Bloomberg HT,Damla Gıda Ltd. Şti. hakkında İzmir Ticaret Mahkemesi'nde alacaklılarla ilgili dava açıldığı öğrenildi.,olumsuz
N01925,F00841,2022-07-18,Sözcü,"Kaptan Kimya A.Ş., yönetim kurulu üyeliklerinde değişikliğe gitti.",notr
N01926,F00841,2026-08-08,Ekonomim,"Kaptan Kimya A.Ş., sektör raporlarında Bilişim ve Yazılım alanındaki oyunculardan biri olarak yer aldı.",notr
N01927,F00021,2026-08-10,Ekonomim,"Ege Holding A.Ş. yönetimi, sektördeki daralma nedeniyle küçülme kararı aldığını duyurdu.",olumsuz
N01928,F00647,2025-06-01,Sözcü,"Bahar Tarım Ltd. Şti., 2025 yılı genel kurul toplantısını Bursa'de gerçekleştirdi.",notr
N01929,F00647,2024-06-18,Bloomberg HT,"Bahar Tarım Ltd. Şti., yeni ihracat pazarlarına açılarak uluslararası büyüme hedeflerini yükseltti.",olumlu
N01930,F01155,2025-10-04,Hürriyet Ekonomi,Bereket Endüstri A.Ş. hakkında konkordato talebiyle ilgili haberler gündeme geldi.,olumsuz
N01931,F00832,2026-08-19,Hürriyet Ekonomi,"Yıldız Endüstri Ltd. Şti., 2026 yılında Otomotiv sektöründe 360 milyon TL'lik yeni yatırım kararı aldığını açıkladı.",olumlu
N01932,F00563,2026-04-07,Dünya Gazetesi,"Deniz Tarım A.Ş., yeni ihracat pazarlarına açılarak uluslararası büyüme hedeflerini yükseltti.",olumlu
N01933,F00563,2024-04-15,Dünya Gazetesi,"Deniz Tarım A.Ş., yönetim kurulu üyeliklerinde değişikliğe gitti.",notr
N01934,F00563,2026-02-10,Bloomberg HT,"Deniz Tarım A.Ş., İstanbul'deki üretim kapasitesini artırmak için genişleme planlarını duyurdu.",olumlu
N01935,F01171,2026-05-13,Bloomberg HT,"Rüzgar Otomotiv A.Ş., 2026 yılı genel kurul toplantısını Ankara'de gerçekleştirdi.",notr
N01936,F01171,2022-11-07,Bloomberg HT,"Rüzgar Otomotiv A.Ş., sektör raporlarında Finans ve Sigorta alanındaki oyunculardan biri olarak yer aldı.",notr
N01937,F00687,2025-07-06,Ekonomim,"Bumerang Holding A.Ş., 2025 yılında Enerji sektöründe 266 milyon TL'lik yeni yatırım kararı aldığını açıkladı.",olumlu
N01938,F00687,2026-07-22,Hürriyet Ekonomi,"Bumerang Holding A.Ş. yönetimi, 2026 yılı ilk yarısında cironun beklentilerin üzerinde arttığını bildirdi.",olumlu
N01939,F00958,2022-07-30,Bloomberg HT,"Rüzgar Sistem A.Ş., yönetim kurulu üyeliklerinde değişikliğe gitti.",notr
N01940,F00958,2026-01-10,Sözcü,"Rüzgar Sistem A.Ş., yeni ihracat pazarlarına açılarak uluslararası büyüme hedeflerini yükseltti.",olumlu
N01941,F00190,2026-03-15,Dünya Gazetesi,"Kıvılcım Enerji A.Ş., 2026 yılı genel kurul toplantısını Konya'de gerçekleştirdi.",notr
N01942,F00190,2023-03-19,Hürriyet Ekonomi,"Kıvılcım Enerji A.Ş., yönetim kurulu üyeliklerinde değişikliğe gitti.",notr
N01943,F00190,2026-06-10,Dünya Gazetesi,Kıvılcım Enerji A.Ş. hakkında konkordato talebiyle ilgili haberler gündeme geldi.,olumsuz
N01944,F00976,2023-08-17,Hürriyet Ekonomi,"Erguvan İnşaat Ltd. Şti., Bursa'deki üretim kapasitesini artırmak için genişleme planlarını duyurdu.",olumlu
N01945,F00700,2025-06-05,Sözcü,"Kervan Metal Ltd. Şti., yönetim kurulu üyeliklerinde değişikliğe gitti.",notr
N01946,F00511,2022-12-03,Dünya Gazetesi,"Bereket İnşaat Ltd. Şti., 2022 yılı genel kurul toplantısını Konya'de gerçekleştirdi.",notr
N01947,F00511,2025-03-04,Ekonomim,"Bereket İnşaat Ltd. Şti. yönetimi, 2025 yılı ilk yarısında cironun beklentilerin üzerinde arttığını bildirdi.",olumlu
N01948,F01083,2024-08-25,Dünya Gazetesi,"Çınar Metal A.Ş., 2024 yılında Finans ve Sigorta sektöründe 319 milyon TL'lik yeni yatırım kararı aldığını açıkladı.",olumlu
N01949,F00475,2022-12-23,Dünya Gazetesi,"Bereket Sistem A.Ş., 2022 yılında Kimya sektöründe 82 milyon TL'lik yeni yatırım kararı aldığını açıkladı.",olumlu
N01950,F00857,2024-11-11,Ekonomim,"Aydın Enerji Ltd. Şti., 2024 yılında İnşaat sektöründe 229 milyon TL'lik yeni yatırım kararı aldığını açıkladı.",olumlu
N01951,F00748,2023-01-03,Ekonomim,"Doruk Endüstri Ltd. Şti., sektör raporlarında Bilişim ve Yazılım alanındaki oyunculardan biri olarak yer aldı.",notr
N01952,F00748,2022-05-28,Dünya Gazetesi,"Doruk Endüstri Ltd. Şti., 2022 yılında Bilişim ve Yazılım sektöründe 36 milyon TL'lik yeni yatırım kararı aldığını açıkladı.",olumlu
N01953,F00253,2024-12-22,Hürriyet Ekonomi,"Bereket Yapı A.Ş., 2024 yılı genel kurul toplantısını Antalya'de gerçekleştirdi.",notr
N01954,F00253,2024-01-31,Bloomberg HT,"Bereket Yapı A.Ş., yönetim kurulu üyeliklerinde değişikliğe gitti.",notr
N01955,F00022,2023-01-11,Sözcü,"Cevher Metal Ltd. Şti., 2023 yılında İnşaat sektöründe 386 milyon TL'lik yeni yatırım kararı aldığını açıkladı.",olumlu
N01956,F00022,2024-01-28,Dünya Gazetesi,"Cevher Metal Ltd. Şti. yönetimi, sektördeki daralma nedeniyle küçülme kararı aldığını duyurdu.",olumsuz
N01957,F00022,2022-04-13,Hürriyet Ekonomi,"Cevher Metal Ltd. Şti., yönetim kurulu üyeliklerinde değişikliğe gitti.",notr
N01958,F00460,2022-04-30,Ekonomim,"Bereket Sistem Ltd. Şti., yeni ihracat pazarlarına açılarak uluslararası büyüme hedeflerini yükseltti.",olumlu
N01959,F00277,2024-12-17,Ekonomim,"Yörünge Danışmanlık Ltd. Şti., yeni ihracat pazarlarına açılarak uluslararası büyüme hedeflerini yükseltti.",olumlu
N01960,F00956,2023-09-20,Sözcü,"Sahil Endüstri A.Ş. yönetimi, 2023 yılı ilk yarısında cironun beklentilerin üzerinde arttığını bildirdi.",olumlu
N01961,F00386,2023-06-10,Sözcü,"Deniz Metal A.Ş., yeni ihracat pazarlarına açılarak uluslararası büyüme hedeflerini yükseltti.",olumlu
N01962,F00386,2026-06-05,Sözcü,"Deniz Metal A.Ş., 2026 yılı genel kurul toplantısını İzmir'de gerçekleştirdi.",notr
N01963,F00386,2023-08-10,Hürriyet Ekonomi,"Deniz Metal A.Ş., yeni ihracat pazarlarına açılarak uluslararası büyüme hedeflerini yükseltti.",olumlu
N01964,F00806,2024-09-20,Ekonomim,Çınar Kimya A.Ş. hakkında Kayseri Ticaret Mahkemesi'nde alacaklılarla ilgili dava açıldığı öğrenildi.,olumsuz
N01965,F00344,2026-05-18,Dünya Gazetesi,"Bumerang Tarım Ltd. Şti., Samsun'deki üretim kapasitesini artırmak için genişleme planlarını duyurdu.",olumlu
N01966,F00344,2023-02-14,Hürriyet Ekonomi,"Bumerang Tarım Ltd. Şti., sektör raporlarında Finans ve Sigorta alanındaki oyunculardan biri olarak yer aldı.",notr
N01967,F00770,2024-06-29,Sözcü,"Aydın Makine Ltd. Şti., yönetim kurulu üyeliklerinde değişikliğe gitti.",notr
N01968,F00770,2022-06-08,Hürriyet Ekonomi,"Aydın Makine Ltd. Şti., 2022 yılında nakit akışı sorunları nedeniyle bazı ödemelerini erteledi.",olumsuz
N01969,F00131,2022-03-01,Ekonomim,"Aydın Metal Ltd. Şti., yeni ihracat pazarlarına açılarak uluslararası büyüme hedeflerini yükseltti.",olumlu
N01970,F00131,2022-07-03,Bloomberg HT,"Aydın Metal Ltd. Şti. yönetimi, sektördeki daralma nedeniyle küçülme kararı aldığını duyurdu.",olumsuz
N01971,F00872,2026-02-11,Dünya Gazetesi,Kervan Kimya A.Ş. hakkında Kayseri Ticaret Mahkemesi'nde alacaklılarla ilgili dava açıldığı öğrenildi.,olumsuz
N01972,F00872,2026-01-03,Dünya Gazetesi,"Kervan Kimya A.Ş., yeni ihracat pazarlarına açılarak uluslararası büyüme hedeflerini yükseltti.",olumlu
N01973,F01124,2025-03-20,Bloomberg HT,"Çınar Gıda A.Ş., 2025 yılında nakit akışı sorunları nedeniyle bazı ödemelerini erteledi.",olumsuz
N01974,F00088,2024-10-10,Hürriyet Ekonomi,Nokta Endüstri Ltd. Şti. hakkında konkordato talebiyle ilgili haberler gündeme geldi.,olumsuz
N01975,F00331,2026-07-16,Dünya Gazetesi,Kaptan Otomotiv Ltd. Şti. hakkında konkordato talebiyle ilgili haberler gündeme geldi.,olumsuz
N01976,F00331,2022-06-09,Bloomberg HT,"Kaptan Otomotiv Ltd. Şti., 2022 yılında Kimya sektöründe 342 milyon TL'lik yeni yatırım kararı aldığını açıkladı.",olumlu
N01977,F00467,2022-10-13,Ekonomim,"Sahil Makine Ltd. Şti., 2022 yılında Kimya sektöründe 230 milyon TL'lik yeni yatırım kararı aldığını açıkladı.",olumlu
N01978,F00122,2025-12-10,Sözcü,"Anka Yazılım Ltd. Şti., sektör raporlarında Tarım alanındaki oyunculardan biri olarak yer aldı.",notr
N01979,F01045,2026-08-19,Dünya Gazetesi,Rüzgar Otomotiv Ltd. Şti. hakkında Gaziantep Ticaret Mahkemesi'nde alacaklılarla ilgili dava açıldığı öğrenildi.,olumsuz
N01980,F01096,2024-08-17,Dünya Gazetesi,"Ege İnşaat A.Ş., yeni ihracat pazarlarına açılarak uluslararası büyüme hedeflerini yükseltti.",olumlu
N01981,F01131,2025-12-24,Ekonomim,"Nokta Ticaret Ltd. Şti., sektör raporlarında Turizm ve Konaklama alanındaki oyunculardan biri olarak yer aldı.",notr
N01982,F00861,2022-09-06,Bloomberg HT,"Pusula Enerji Ltd. Şti., yeni ihracat pazarlarına açılarak uluslararası büyüme hedeflerini yükseltti.",olumlu
N01983,F00861,2023-07-04,Ekonomim,"Pusula Enerji Ltd. Şti., yönetim kurulu üyeliklerinde değişikliğe gitti.",notr
N01984,F00861,2024-05-28,Bloomberg HT,"Pusula Enerji Ltd. Şti., Eskişehir'deki üretim kapasitesini artırmak için genişleme planlarını duyurdu.",olumlu
N01985,F01127,2025-04-23,Ekonomim,Cevher Endüstri Ltd. Şti. hakkında İzmir Ticaret Mahkemesi'nde alacaklılarla ilgili dava açıldığı öğrenildi.,olumsuz
N01986,F01127,2024-02-09,Dünya Gazetesi,"Cevher Endüstri Ltd. Şti., 2024 yılında Lojistik sektöründe 351 milyon TL'lik yeni yatırım kararı aldığını açıkladı.",olumlu
